review_id,author,rating,text
Ci9DQUlRQUNvZENodHljRjlvT21kZlYwazRNRFY2ZW5sTGVtMUxYMDgwZURWclNYYxAB,Piyawat Jirapatwong,5,ไปทานบุฟซีฟู้ดมื้อเย็น🦞🦐 คิดว่าราคานี้ได้คุณภาพแบบนี้โอเคเลย คนไม่พลุ่งพล่าน ที่นั่งเยอะ มีโซนส่วนตัว อาหารทุกสเตชั่นเต็มตลอดไม่พร่องเลย หลากหลายให้เลือกเยอะ ส่วนตัวชอบกุ้งเผาและปลามาก หวาน ปกติไม่ทานปลาแต่ปลาที่นี่อร่อยดี แต่พวกเนื้อวัวเราเฉยๆออกคาว special menu เนื้อก็เฉยๆมาก ไม่ต่างอะไรกับตรง carving เลย 👎 เนื้อที่นี่ไม่ผ่าน ของหวานมาเป็นตู้ชอบไอติมฮาเก้นดาส ทั้งนี้พนักงานน่ารักเอาใจใส่ คอยเฝ้ามองห่างๆอย่างห่วงๆ 😆💕 พาคุณแม่ไปคุณแม่ชมใหญ่ครับ ส่วนมากคนชอบมาจัดงานวันเกิดที่นี่วันที่พาคุณแม่ไปมีร้องเพลง HBD 2-3 โต๊ะ
ChdDSUhNMG9nS0VJQ0FnSUR2bllhbnRnRRAB,Chic Lerts,4,มาทานมื้อเที่ยงวันอาทิตย์ อาหารหลากหลายมากคุณภาพดี มีกุ้งล็อปเตอร์ให้คนละครึ่งตัว เลือกได้ทั้งแบบอบชีสหรือย่างธรรมดา ซีฟู้ดมีขาปูคิงแคร็ปเติมได้ไม่อั้น เนื้อแกะ วากิว ปลาหิมะนึ่งซี่อิ้วก็อร่อย ถ้าสมัครบัตรสมาชิกจะได้ส่วนลด50% ถือว่าคุ้มค่าจริงๆ
ChdDSUhNMG9nS0VNZW1udTc1MzR5ajZ3RRAB,Ben Tordamrong,5,"บุฟเฟ่ต์ราคาดี บน โรงแรม Eastin Sathon ด้วยตัวอาคาร ทำให้ ห้องอาหาร ดูสว่าง จาก แสงแดด เพดานสูง ไม่อึดอัด

อาหาร มีความหลากหลาย ทั้ง ไทย เทศ อินเดีย ญี่ปุ่น สังเกตได้ว่าจะมี ป้าย Halal วางไว้ชัดเจนสำหรับมุสลิม

รสชาติได้มาตรฐานโรงแรม วัตถุดิบสด

เมนูที่ชอบ กุ้งกับน้ำจิ้มซีฟู้ด ซาชิมิ ปูผัดผงกะหรี่"
ChdDSUhNMG9nS0VJQ0FnSUNfb3VTa3NBRRAB,Daniel L,3,"We came here for a buffet lunch at about 1pm. The spread and variety of food is not a lot with their current weekday buffet lunch, relatively. Given the 900 baths, I would expect more. If U r expecting a better Quality and taste then may disappoint U for sure. If U r just want to fill up your stomach then perhaps there are many other choices with this price point. Service and atmosphere I would grade them as standard when compared with most common restaurants in Thailand. Just don't be misunderstood those photos taken from other reviews as most were from their weekends buffet tat served a better seafood range and having wider variety, of course relatively much higher price."
ChdDSUhNMG9nS0VJQ0FnTURRNy16RGpBRRAB,แม่ก้าว,3,อาหารที่อร่อยสุดจะเป็นก๋วยเตี๋ยวเนื้อวากิว นอกนั้นรสชาติกลางๆค่ะ หอยนางรมรู้สึกจะไม่ค่อยสดสักเท่าไหร่ ปลาดิบสดดีค่ะ ล๊อบสเตอร์แห้งไปค่ะ ข้าวเหนียวมูนควรจะหวานมันเค็ม ราดกะทิตัวข้าวเหนียวถึงมีรสชาติขึ้นมานิดนึง อาหารมีให้เลือกหลายหลายดีค่ะ โดยรวมเกือบดีค่ะแต่ก็ไม่ได้แย่ พนักงานยิ้มแย้มบริการดีทั่วถึงค่ะ
ChZDSUhNMG9nS0VJQ0FnSURIc3NMQ053EAE,JackPawat B,4,"13.10.2024
Sunday bruch อาหารหลากหลายมีปลาหิมะนึ่งซีอิ๊ว อร่อย,  อาหารญี่ปุ่นดูดีเลย ( พอดีไม่ใช่คนกินปลาดิบเลยไม่ได้สนใจมาก)  ,   มีล็อบสเตอร์ให้ครึ่งตัว ( ส่วนตัวคิดว่าเนื้อมันเหมือนกับ on ice  เอามาปรุงร้อน มีความเค็ม ไม่ค่อยอร่อย) , สปาเก็ตตี้เส้นดำนุ่มอน่อยดี,  หอยนางรมไม่กินดิบก็เอาไปให้พ่อครัวลวกให้ได้ :) ,  ปลาทอด ซอสแนวๆน้ำยำ อร่อยดี,  อีกรายการที่ชอบก็กระเพาะปลา,

ไอศครีม วันที่ไปกินมีสามรส ดันเป็นรสธรรมดาอีก ชอคโกแลต กาแฟ โอ่ย...  ( น่าจะมีรสที่มันยากๆหน่อยอย่างรสคุกกี้แอนครีม/ ฮาเซลนัท/รัมเรซิ่น)

เค้กยังประทับใจเหมือนเดิม ได้กินหลายรสชาดสมดังใจ :)

พนักงานหมั่นเดินเก็บจาน รินน้ำให้

เนื่องจากไม่ได้ เป็นคนกินเนื้อวัวเนื้อแกะมากด้วย คิดว่ามื้อกลางวันราคาย่อมเยาเหมาะกับตัวเองแล้ว :)
___
มีความรู้สึกว่า เจอที่กินบุฟเฟ่ต์เค้กใหม่แล้ว :)

บุฟเฟต์มื้อกลางวัน อิ่มอร่อย ในราคาที่ไม่ได้สูงมากนัก/ทำให้เราพอมีเงินเก็บ

มื้อกลางวัน 12-14.30 น.  มาเที่ยงเลย ถ้าเคี้ยวช้ามาบ่ายโมงกินไม่ค่อยทัน :)

วันที่มากิน มีที่วางเค้ก 4 ก้อน ช่วงประมาณ 13.00 น. คนก็จะเริ่มกินขนมหวานบางส่วนละ ปนะมาณว่า 10-15 นาที เค้กชุดแรกหมด ก็เอาชุดสองมาเติม ผ่านไป 10-15 นาที เอาชุดสามมาเติม ได้หลายรสมาก  บานอฟฟี่/ ชีสเค้ก/เค้กมะพร้าว อร่อยดี

ก๋วยเตี๋ยวเส้นเล็กขนาดกลางๆเหนียวนุ่มอร่อยดี กินช่วงแรกๆน้ำซุปกลมกล่อม (หลังๆอาจจะเริ่มออกเค็มนิดนึง)
ไอศครีมเชอร์เบทมะม่วง เหมือนกินมะม่วงสุขปั่นอร่อยดี

ซีฟู้ดออนไอซ์ (ไม่แน่ใจมีที่ลวกน้ำร้อนให้เหมือนสาขาพญาไทหรือเปล่า )
พนักงานหมั่นเดินเก็บจานและรินน้ำดื่มเปล่าให้
แต่ก็มีมุมเครื่องกดกาแฟ มีน้ำอัญชันให้กดเอง

คนมาทานเยอะหน่อย พนักงานดูแม้จะเหนื่อยแต่ก็ทำหน้าที่แบบเต็มที่สู้ตาย (ดูแลสุขภาพกายใจกันด้วยนาคับ)

ห้องน้ำไม่มีสายชำระ"
ChdDSUhNMG9nS0VJQ0FnSUNYcXZuOG1BRRAB,Din Neo,5,Very tasty and delicious food! The buffet spread comes with many varieties of food to choose from. We came a little late but were attended by a very nice gentleman (supervisor or manager) that welcomed us and made us feel really comfortable. I love the ambience. The staff were friendly and helpful. Thanks again to the gentleman with a jacket (supervisor or manager) that takes care of us. Highly recommended!
ChZDSUhNMG9nS0VJQ0FnSUM1c3F5TGFBEAE,Thananont Krittayawiwat,4,"ห้องอาหาร The Glass House ชั้น5 ที่ Eastin Grand Sathorn นับเป็นห้องอาหารที่มาบ่อยมากที่สุดแห่งหนึ่ง (ไม่ต่ำกว่า10ครั้ง) เพราะว่ามีความคุ้มค่า และรสชาติอาหารดี

วันนี้ทานเป็น Weekend Grand Buffet
จุดเด่น
1. มี ปู King crab (แต่ตอนนี้คือ เหมือนจะเป็น Chilean/Russian king crab ไม่ใช่ Alaska/Taraba ซะแล้ว คือ ก้ามจะเล็ก สีส้มแดง หนามแหลม กว่า)
2. สเตชั่นอาหารญี่ปุ่นของที่นี่คือ ยังคงรักษามาตรฐานไว้ได้ดี มีทั้งฮามาจิ มากุโร่ แซลม่อน และข้าวปั้นหน้าต่างๆ หน้าปลาไหลก็มี , ซูชิต่างๆมีให้เลือกเยอะ รสชาติอร่อย
3. ปลาหิมะยังคงอร่อยสุด เนื้อนุ่ม หอม หวาน มาแบบเดิม แบบเดียว คือนึ่งซีอิ๊ว
4. Lamb leg ของที่นี่ นุ่ม อร่อย ย่างมาดี
5. Cold cut และ ชีส หลากหลาย
6. ได้ Lobster อบชีส คนละครึ่งตัวด้วยครับ
7. ชอบตรงมีเครื่องดื่มให้เลือกหลากหลายมาก (บางที่มีแต่น้ำเปล่ากับซอฟท์ดริงค์นิดๆหน่อยๆ)

จุดสังเกต
- เนื้อย่าง ยังติดเหนียวไปหน่อย ถ้าเทียบเกรดราคาเดียวกัน มีบางที่ที่ได้เนื้อคุณภาพที่ดีกว่านี้
- ไม่มี Brown crab, แล้ว มีแต่ปูม้า ปูทะเล
- หอยนางรมมีให้สายพันธุ์เดียว บางที่ราคานี้จะมีหลายสายพันธุ์ให้เลือก (แต่อันนี้ก็สด หวาน อร่อยนะ)
- ไม่มีฟัวกราส์แล้ว แต่ไม่มีอย่างอื่นมาทดแทน (บางที่จะเป็น Seared Hotate มาแทน)
รวมๆคืออร่อย และคุ้มค่าครับ

มาง่าย ลงรถไฟฟ้าสถานีสุรศักดิ์ เชื่อมต่อเข้ามาที่โรงแรมได้เลย
แต่ถ้ามารถยนต์ จะลำบากที่จอดรถหน่อย เพราะคับแคบ และถ้าบางทีมีงานเลี้ยง ต้องระเห็ดไปจอดตึก Thai CC

มากันได้

/ Update 30/12/2566
ครั้งนี้มาทานส่งท้ายปีเก่า
สิ่งที่น่าชื่นชม คือ เนื้อย่างดีขึ้นมากครับ
สมัยก่อนมาทานกี่ครั้งๆก็รู้สึกว่า ยังไม่นุ่มนัก เทียบเรทราคาเดียวกันกับบางร้านที่เป็น Buffet แล้ว อย่าง Goji ยังแตกต่างพอควร ครั้งนี้มาทาน ปลื้มมากครับ ใช้เนื้อดี และย่างดีมากครับ มีความหอม นุ่ม เนื้อมีมันแทรก เห็นได้ชัด อร่อยเลยครับ

ส่วน ล็อบสเตอร์ให้มาตัวใหญ่ สด เนื้อเหนียวหนึบ ของเด็กที่จ่ายครึ่งราคา ก็ให้มาด้วย เยี่ยมมาก

ที่ยังคงมาตรฐานได้ดีเหมือนเดิม คือ ปลาหิมะนึ่งซีอิ๊ว อร่อย สด เนื้อหวาน

ที่ต้องติงหน่อยคือปูม้าที่ไม่สดนัก บางตัวคือ เนื้อไม่หวาน สากๆไปหน่อย บางตัวสดดีครับ

ที่อร่อยไม่เปลี่ยนอีกอย่างคือ มัสมั่นเนื้อ ตุ๋นจนรสเข้าเนื้อ เนื้อนุ่ม ติดมัน อร่อยมาก
ที่นี่เค้าเด่นเมนูอาหารไทยนะครับ มาแล้วต้องลอง พวกยำส้มโอก็อร่อย (ไม่เหมือน Market @5 ที่ไม่ค่อยเด่นเมนูอาหารไทยเท่าไหร่ )
มากันได้ครับ
ที่นี่มีปลาหิมะ ใครชอบ ไม่ผิดหวัง

👍"
ChdDSUhNMG9nS0VJQ0FnSUNfbjRuQ3JBRRAB,AngAng Ang,5,"บุฟเฟ่ต์กลางวัน วันธรรมดา
อาหารมีหลากหลาย seafood on ice ซูชิ ปลาดิบ อาหารเวสเทริน์ อาหารไทย ขนมไทย ไอศกรีม ผลไม้ มีให้กินหลากหลายดีค่ะ บรรยากาศในห้องอากาศโอเคอยู่คะ"
ChdDSUhNMG9nS0VJQ0FnSURyMC1fNXNnRRAB,Jubilee Joob,5,"มากิน 3 รอบแล้ว บุฟเฟต์มื้อกลางวัน มีล้อปสเตอร์ให้ทุกโต๊ะ ชอบปลาหิมะนึ่งซีอิ๊ว กินทุหรอบ อาหารทะเลที่นี่สดมาก ลูกค้าเยอะตลอด ต้องจองล่วงหน้า บางทีเต็ม เคยไปเจอวันที่มีจัดสัมมนา คนลงมาพร้อมกัน ห้องอาหารแทบแตก แต่อาหารไม่ได้ปล่อยให้พร่องเลย เติมตลอดไวมาก อันนี้ต้องชื่นชม มีอีสตินพญาไทด้วย โรงแรมใหม่กว่า ไว้ไปอ่านในอีกรีวิวนะคะ
มีที่จอดรถ สแตมป์ได้ 10 ชั่วโมง กินอิ่มจอดรถไว้ นั่ง bts ไปไหนต่อได้อีกหน่อย แถวนั้นรถติดค่ะ"
ChdDSUhNMG9nS0VJQ0FnSURmeW9xdW13RRAB,Ann P,4,"Weekend Saturday dinner or Sunday lunch, international buffet with seafood. Good test and variety especially cold seafood. Worth your money compared to other big brands.
Häagen-Dazs icecream with cake fulfill your day."
ChdDSUhNMG9nS0VJQ0FnSURYNTl2NjVBRRAB,Nalinee Yeung,5,"All you can eat which the price s not over 2k plus quality stuffs. We re pretty enjoy the freshness of food and the options that we could taste. The seafood s pretty fresh, same to sashimi. And various choices of international foods that you will never regret.

The service s soso as once you got a table you yourself would run the show, the staffs wont be part of this much.

Park lots r part of the hotel so it s easy to find a free parking

Ps. Snow fish ( cod) is the best for this place."
ChdDSUhNMG9nS0VJQ0FnSUNINk1iUG1RRRAB,Nat Lim,4,อาหารโอเค ชอบปลาหิมะนึ่งซีอิ๊ว ซาชิมิ ส่วนล็อบสเตอร์เค็ม ขาปูก็เค็ม นอกนั้นก็รสชาติทั่วๆ ไปครับ
ChdDSUhNMG9nS0VJQ0FnTURncHZxNWtBRRAB,Patpicha Toolsangualsri,5,"สถานที่: ดูดีสวยงาม ติดรถไฟฟ้าสุรวงค์ มีทางเชื่อมเดินเข้าโรงแรมได้เลย
ที่จอดรถ: จอดที่โรงแรมได้เลยค่ะ นำบัตรให้ห้องอาหารแสตมป์ให้ได้ ฟรี 4 ชั่วโมง
อาหาร: มีให้เลือกเยอะเลยค่ะ ที่ชอบและแนะนำให้ทานคือ ซาซิมิ ปลาหิมะนึ่ง ขนมต่าง ๆ
หากมากับเด็ก ๆ มีเก้าอี้สูงบริการได้"
ChdDSUhNMG9nS0VNV01tbzJOcGJEMHJ3RRAB,Khoong Yaowares,4,"Variety of food and desserts. The taste is ok, as you can try lots of things. Streamed snow fish dish is good to try."
ChdDSUhNMG9nS0VJQ0FnSUR4dUlTXzlBRRAB,S K,4,"Today I choose to eat here.  Because I want to eat lobster and giant crab legs, and blue crabs, various seafood, especially if you like crabs. Here the crabs are fresh.  The meat is very bouncy. The food made in the food line tastes quite good. Considered to be very worthwhile. The food is diverse, including sashimi and sushi.  Thai food and Chinese food are also available. Delicious taste.  It is advisable to make a reservation in advance when eating at this restaurant.  because it may be missed  There were quite a lot of people on the day we went to eat.  But there is no shortage of food, constantly being replenished.  The service was considered very good.  The receptionist is friendly, good, polite.  Management in the store is good.  There is a bathroom near  Can walk a short distance.  Parking here can be parked on the ground floor of the building.  Then bring the card to stamp at the shop. You can park for 4 hours. I recommend this shop. I'm impressed."
ChZDSUhNMG9nS0VJQ0FnSUM5eEllUkZBEAE,Anongnad Yukong,5,การบริการดี บรรยากาศดี อาหารหลากหลาย ทั้งสำเร็จรูปและทำสดใหม่ สำหรับคนชอบกินแซลมอนไม่ผิดหวัง ราคาโปรโมชั่นคุ้มค่ามากค่ะ
ChdDSUhNMG9nS0VJQ0FnSUN4eGJ1VmhRRRAB,Rojjana Rungrattwatchai,5,Grand weekend buffet ที่นี่ดี แนะนำเลย มีมื้อเย็น วันเสาร์ กับ อาทิตย์ เที่ยง ซีเลคชั่นเยอะไม่น้อยหน้าใคร แต่ราคาถือว่าดีเลยนะ 1950 เนต รวมน้ำเปล่า น้ำสมุนไพร ชา กาแฟ ชอบที่มีปูทะเล ปูเนื้อด้วย ไม่ค่อยเห็น บุฟเฟต์ โรงแรมไหนมี ส่วนมากมีแต่ปูม้า แต่ที่นี่เพลินมาก มัสมั่นเยื้อน่องลาย และ ปลาหิมะนึ่งซีอิ๊ว ห้ามพลาด ขนมอร่อย โดยรงม อร่อยแทบทุกอย่าง ได้ Lobster คนละนึ่งที่ จะกริลเฉย ๆ หรือ ชีส ก็เลือกได้เลย แนะนำเลย
ChZDSUhNMG9nS0VLX3VfOFB4Nl91ckxnEAE,gpsw tnktwrn,5,ถือว่าคุ้มค่าคุ้มอาหาร เย็นสบาย พนักงานบริการดี ชอบปลาดิบ อาหารถือว่าหลากหลาย คุ้ม ✨
ChZDSUhNMG9nS0VJQ0FnSUQtMnZ1bGF3EAE,zOm aZy,5,ไปกิน Buffet Grand Weekend มีทุกวันเสาร์มื้อเย็น และวันอาทิตย์มื้อกลางวัน อาหารทะเลสด และมีให้เลือกหลากหลายมากๆ อาหารดี โดยรวมอร่อย มีทั้งซีฟู้ด อาหารญี่ปุ่น อาหารไทย ของหวาน Cold cut และ ชีสต่างๆ ติ่มซำ เมนูเยอะมากห้องอาหารอยู่ชั้น 5
ChdDSUhNMG9nS0VJQ0FnTUNZcVl5ODV3RRAB,SMWII,4,"good food, expansive buffet, so much seafood. good not great. came because of half price deal, completely worth it for 997 baht."
ChZDSUhNMG9nS0VJQ0FnSUM5ek9YSkt3EAE,Achi Official,5,"บุฟเฟ่ต์อาหารอร่อย👍🏻👍🏻
ยกทะเลมาไว้ที่นี่เลย 😍
ชอบขนมไทยมากอร่อยทุกอย่างเลย"
ChdDSUhNMG9nS0VJQ0FnSURKek83eHZRRRAB,Pp Jit,4,ของทะเลสดดีแต่ก็คือออนไอซ์ จืดๆชืดๆ มีก้ามปูทะเลอย่างเดียวที่อร่อยเพราะมีรสชาด ไม่ชืดเหมือนอย่างอื่น โดยรวมอาหารไม่ค่อยหลากหลายเท่าไหร่ แต่ชอบยำส้มโอกุ้งสด และเมนูที่มีกุ้ง ของหวานทั่วไป
ChdDSUhNMG9nS0VJQ0FnSURXNkw3V3ZRRRAB,Worawit Laosatirawong,5,"บุฟเฟ่ห์โรงแรมอีสติน สาทร ช่วงวันหยุด ส.อา.
จะพิเศษหน่อย ราคา 1,900 บ/ คน (ราคาเต็ม)
หักส่วนลดสมาชิก 50%  ถ้าคนกินเก่งก็คุ้มหน่อย

เมนูพิเศษ เช่น ฟัวกรา ปลาหิมะนึ่งซีอิ้ว
เมนูปกติที่พอคุ้มค่า เช่น กุ้งอบ ปูอลาสก้า  หอยนางรมตัวโต ซึ่งก็สดกลางๆ พอทานสนุกดี

พวกเค้กก็มีหลายแบบให้ทานให้เลือกกัน
รวมๆเพื่อความบันเทิงใจ อิ่มอ้วนจนจุก"
ChdDSUhNMG9nS0VJQ0FnSURlX3RDS3lRRRAB,Yen Lee,3,ห้องอาหารอยู่ในโรงแรมอีสติน แกรน สาธร ตั้งใจไปทานขาปูอลาสก้า มันจืดๆ หยาบๆ ไม่เหมือนที่เคยสั่งมาทาน หอยนางรมหวานดี เจอบางตัวมีกลิ่น อาหารโดยรวมดี ทุกอย่างเติมตลอดไม่กั๊กของ  พนักงานบริการดีมากๆ ใส่ใจในการบริการ ต้องโทรจองเท่านั้น ที่จอดรถอยู่สูงและทางขึ้นลงค่อนข้างแคบถ้ามีรถสวนกัน
ChdDSUhNMG9nS0VJQ0FnSURoeDctanh3RRAB,Chuck Deck,5,อาหารรสชาตดีมากกกก ไม่มีชิ้นไหนคาวเลย โดยส่วนตัวชอบทุกเมนูอร่อยดีมากๆ แม้กระทั่งชีสก็ไม่คาว ในฐานะกินมาหลายแบรนด์ที่นี่คือรสชาตดีสุด  ถ้าใช้คูปองเขาจะเสริฟล๊อปเตอร์คนละครึ่งตัว  ของหวานที่ดังก็บ้าบิ่น นิ่มละมุมถ้ามะพร้าวมากกว่านี้อีกนิดคือเริศ ไอศครีมโฮมเมสรสชาตอร่อยมากๆ แนะนำเลย
ChZDSUhNMG9nS0VJQ0FnSUNaLXRHb2ZBEAE,Khun Teh,4,อาหารหลากหลายน่ากินทุกเมนู วัตถุดิบสดสะอาด ด้วยราคารวมเครื่องดื่มที่เป็นมิตร ครึ่งแบงก์เทา [Voucher จากงานเที่ยว] คนเลยเยอะสักหน่อย แนะนำควรจองล่วงหน้านะคับ
ChZDSUhNMG9nS0VJQ0FnSUNLLU5QZGNBEAE,Hanspeter Keller,5,"This time I was very pleased with the buffet. I was there once a few years back which I not enjoyed, but this time everything was very good organized and the food was excellent. The meat was from a very good quality and they had a very good selection of deserts as well. The cheese selection was OK. I will go there again. They also have a member card if you want go 2-3 or more per year then this would be a good option, as we enjoys the Blunos restaurant which is in the same hotel."
ChZDSUhNMG9nS0VJQ0FnSUNQcnRydWZnEAE,iamOz Oz,4,"A good place. The staff and services are execllent. The food is good, though the buffet is not as grand as its name."
ChZDSUhNMG9nS0VMYWpncWY2dzhESEJBEAE,Silapop Pilasruksakun,3,"อาหารกลางๆอร่อยดี
แต่พอดีไปสัมมนาหลานวัน
กินจนเลี่ยน"
ChZDSUhNMG9nS0VJQ0FnSUNLN3RPZkVnEAE,George Luechai,4,"บุฟเฟ่ราคา900วัน จ-ส มื้อเที่ยง  เสาร์เย็นกับอาทิตย์ราคา1800 มีปูอาลาสก้ากับอาหารเพิ่มอีกหลายอย่างมาก จองผ่านเนตมีลด 900เหลือ500กว่า 1800เหลือ 1050 ผมมากินไม่ได้จองพนักงานบริการดีมากแนะนำใช้บัตรเครดิต
จาก900เหลือ 630  อาหารพออร่อยมีกุ้งกินด้วย
พอคุ้มขนมหลายอย่างมาก"
ChZDSUhNMG9nS0VJQ0FnSURzeVBEYU5BEAE,Suchita Klaion,4,บุฟเฟต์กลางวันอาหารหลากหลาย กุ้งสด น้ำจิ้มแซบ ก๋วยเตี๋ยวต้มยำทะเล ปลาดิบอร่อย มีซาลาเปาไข่เค็มลาวา คุ๊กกี้ช็อคโกแลตชิพ ชีสเค้ก นมร้อน มีไอศครีมรสชาดไม่ค่อยเข้มข้น ผลไม้หวานน้อย ที่นั่งกว้างขวาง บริการดี
ChZDSUhNMG9nS0VJQ0FnSURDbUx5b1B3EAE,Tann,5,"ช่วงนี้บุฟเฟ่ต์พรีเมี่ยมดินเนอร์มีจัดโปร.1099฿.  คุ้มจนไม่รู้จะคุ้มยังไง
ปูเน้นๆเนื้อแน่นๆ เติมไม่อั้นปูอลาสก้า บลูเครป ปูทะเล สดจริงๆหอยนางรมบ้านนี้ น้ำจิ้มรสชาติกลางๆไม่ขี้เหร่
ออเดอร์ตับห่านเสริฟถึงโต๊ะ นุ่มไม่คาวละลายในปาก  ปลาหิมะนึ่งซีอิ๊วหอมๆไม่เค็มกลมกล่อม
มัสมั่นเนื้อ ที่รสชาติหาตัวจับไม่ได้ง่ายๆ ยังมีขาแกะนิ่มๆจิบกับไวน์แดงฟินสุดๆ กินมาถึงตรงนี้เริ่มมองหาของหวาน เบเกอรี่รสละมุนสวยงามหลากหลายให้เลือกกินอร่อยเกือบทุกอย่าง
อดไม่ได้ขอติขนมจีบ ซาลาเปา กุ้งอบวุ้น โซนนี้ไม่ผ่าน แต่เพราะไม่ใช่ปัญหาที่น่ามอง ยังคงให้เต็ม 5ดาวอยู่ครับ"
ChdDSUhNMG9nS0VJQ0FnSURJenN5M3pRRRAB,Donnaya P,5,"ไปทานอาหารบุปเฟต์ทะเล จุใจดีค่ะ คนเยอะ อาหารหลากหลายมีกุ้ง กั้ง ปู สดอร่อย ปลาแซลม่อนสดอาหารญี่ปุ่นกับปรุงสุก พาสต้า เนื้อวัว ตับห่านแสนอร่อย มีขาแกะด้วย แต่ว่าไม่กล้าทานจ้า
อ้าวมาเมนูของหวาน เค้กทั้งหลายสวยงาม
ฟองดูwhitechocเอามาการอง มาเป็นวัตถุฟองดูด้วยจ้า
มีไอศครีมด้วย ดูสวยน่าหม่ำ แต่ไม่อร่อยสำหรับเรานะ
ตบท้ายด้วยผลไม้ต่างๆ
แน่นพุงมาก"
ChZDSUhNMG9nS0VJQ0FnSURHZ0ppNUZnEAE,sandy,5,พนักงานบริการดีค่ะ สุภาพและช่วยเหลือตลอด อาหารในไลน์น่ากิน ของสดใช้ได้ค่ะ มากินมื้อกลางวัน อาหารหลากหลายอยุ่นะคะ ขนมคือดี และมีให้เลือกเยอะเลย ซาชิมิคือแล่กันตรงนั้นค่ะไม่ได้แล่ทิ้งไว้จะเอากี่ชิ้นก้อบอกพนักงานเลย น้ำจิ้มซีฟู๊ดที่นี่กลางๆแต่มีมะนาวสดบีบเติมได้
ChdDSUhNMG9nS0VJQ0FnSUQzemNibTZRRRAB,Kenny Chu,4,Nice buffet. 20% discount with local bank card.
ChdDSUhNMG9nS0VJQ0FnSUNBajdLbWtBRRAB,Karnjanart C Wattana,3,"ได้มาทานอาหารเย็นที่นี่ เป็นธรรมดาของถ.สาธร รถติดเฉพาะเย็นวันเสาร์ เจอกับงานแต่งงานที่รร.อิสตินที่กลาสเฮ้าส์ตั้งอยู่.
รถติดมากที่จอดรถ น้อย แคบ
เมื่อเข้ามาที่ห้องอาหารอยู่ชั้น5ของตึก
รร.สถานที่ไม่กว้างนัก ดูกะทัดรัด เหมาะกับ  Buffet line อาหารมีทั้งไทย จีน ฝรั่ง ญี่ปุ่น ไฮไลน์คืออาหารทะเล ซึ่งมีกุ้งล็อปเสตอร์ต้มคนละ..ครึ่งตัวเท่านั้น ปลา ปลาหมึก หอย เลือกตามใจชอบจะอุ่น ทำให้ร้อน กริลล์ รสชาติตามสไตล์รร.หวานนำทุกอย่าง แม้แต่น้ำจิ้มทะเล อาหารญี่ปุน:ข้าวปั้นแข็งมาก พล่ากุ้งหวานอย่างเดียว ส้มตำให้ตำเอง อาหารทะเล:วัตถุดิบดีมาก แต่วิธีการปรุง ทำให้อาหาร...ไม่อร่อย..กุ้งเผาไม่มี มีแต่กุ้งต้ม กุ้งเสียบไม้ทำให้สุกจะว่าย่าง ไม่มีกลิ่นของการย่างเหมือนวางบนเพลทร้อนๆ.แล้วเสร็จ ปูต้มไว้แบบเย็น เราหยิบนำไปอุ่นมาเช่นเดียวกับกุ้ง ปลากระพงแดงตัวใหญ่ราว3-4โล ย่างไว้ ตอนไปเหลือแต่หัวแล้ว ไม่เติมอีก (ทานอาหารตอน2ทุ่ม)อาหารในรางbuffet มีผัดน้ำมันหอย ใช้ปลาหมึกแช่แข็ง ลาซานย่า ปลาหิมะนึ่ง ผักน้ำมันหอย ข้าวผัดอยู่ในเข่งอุ่นด้วยไอน้ำทำให้รสชาติชืดไป
ของหวานผลไม้สดฟองดูในช็อคฯขาว และเค็ก กาแฟจากเครื่อง สรุปโดยรวมวัตถุดิบดี แต่วิธีการปรุงไม่ดีพอ ทำให้อาหารเสียรสชาติ ไม่สมราคา
การเดินทางอย่างที่ทราบๆกับ รถนั่งสะดวกทั้งทางขึ้นและห้องน้ำค่ะ"
ChZDSUhNMG9nS0VJQ0FnSUNWa3RUZkVBEAE,kiddy Lamlertpanya,5,"เป็นอีกที่ ที่นัดกันบ่อยๆ
อาหารหลากหลาย เดินทางสะดวก บริการดี"
Ci9DQUlRQUNvZENodHljRjlvT2pWU1pYbHFPSEJ2ZEU0MlVXSk9NMkoyZUc5T00yYxAB,Roch,5,"ห้องอาหาร The Glass House ชั้น5 ที่ Eastin Grand Sathorn
บุฟเฟ่ต์ราคาดี อาหารมีความหลากหลาย ทั้ง ไทย เทศ อินเดีย ญี่ปุ่น สังเกตได้ว่าจะมี ป้าย Halal วางไว้ชัดเจนสำหรับมุสลิม มี 2 เมนูพิเศษสำหรับให้ลูกค้าเลือก 1.สเต็กเนื้อวากิวกับปลาเเซลมอน 2.กุ้งล็อปเตอร์ให้คนละครึ่งตัว เลือกได้ทั้งแบบอบชีสหรือย่างธรรมดา รสชาติได้มาตรฐานโรงแรม วัตถุดิบสด พนักงานบริการดี"
Ci9DQUlRQUNvZENodHljRjlvT21reWNrMTNNek5vVlhsYVZWZzBYMUpIVGxGS1lVRRAB,Izzan Fathurrahman,5,"Buffet lunch in eastin grand sathon hotel. Quite packed during lunch time and quite large selection of food from western, thai, south asian, and japanese. fresh sashimi. attentive and welcoming waitresses, Thai hospitality has always been the best."
ChZDSUhNMG9nS0VPNnJoNzN3MWJ5U0RBEAE,tam tt,5,บุฟเฟ่ในเมืองที่คุ้มค่า แต่คนเยอะมาก
ChZDSUhNMG9nS0VJQ0FnSURVeVlxdGV3EAE,Goog Goog,5,Variety of food / dessert.  Seafood is fresh. Service is excellent. I'll back for sure.
ChdDSUhNMG9nS0VJQ0FnSURDcE5xNXhRRRAB,Kukki C.,5,Sunday Grand Buffet ... Quality food and fresh ingredients .. clean area good manage after Covid situation.. and staff with great service mind ... totally recommended
ChZDSUhNMG9nS0VJQ0FnSUN0bUtTS1ZBEAE,PAIROT PONGSATHAPORN,5,"อร่อย
ของสด
อาหารและของหวานจัดสวย น่าทานมาก
ครั้งหน้าจะมาทานอีก"
ChZDSUhNMG9nS0VJQ0FnSUNBc29iWVdBEAE,pathompong nukhun,5,อาหารอร่อยทุกอย่าง เป็นบุพเฟ่ที่คุ้มราคามาก
ChdDSUhNMG9nS0VJQ0FnSUNDX08zQ3BnRRAB,Krittika Dew,5,"This was the second time we have visited the restaurant. The food was good quality the atmosphere was nice, staffs were attentive. Would love to visit again."
ChdDSUhNMG9nS0VJQ0FnSURvbElqM19BRRAB,Uamporn K,3,อาหารสำหรับมื้อกลางวันวันธรรมดาโดยรวมๆโอเค  ไลน์อาหารไม่ใหญ่แต่มีอาหารให้เลือกทานอยู่พอสมควร ซูชิซาชิมิความสดใช้ได้ น้ำจิ้มซีฟู้ดและขนมหวานอร่อย
ChdDSUhNMG9nS0VJQ0FnSURVbThhMzBBRRAB,เฮียอู๋ อมร,4,มาทานDinner อาหารอร่อย สะอาด สะดวก สบายๆ
ChdDSUhNMG9nS0VJQ0FnSUNRNHJyVGlnRRAB,Job,4,ปู กั้ง คอหมูย่าง อร่อย มาการองชาเขียวอร่อยแม้แต่กับคนไม่ชอบชาเขียว
Ci9DQUlRQUNvZENodHljRjlvT2taWmFVWXROV0Y0U0VobVoyaDBTQzFuZHpZd1YwRRAB,worawut cheawjareon,5,Very good 👍
ChdDSUhNMG9nS0VJQ0FnSUMxZ09YU293RRAB,Farah Sripunyaphikhup,5,เราไปทานบุฟเฟ่ต์ Sunday brunch 12.00-15.00 มีอาหารให้เลือกมากมาย เป็นสไตล์ฟิวชั่น มีล้อฟเตอร์ชีส ปลาหิมะนึ่งซีอิ๊ว ปลาดิบ ขนมนานาชนิด คุ้มค่าเกินราคา สถานที่กว้างขวาง คนเยอะทุกวัน  ควรโทรจองล่วงหน้าคะ
ChdDSUhNMG9nS0VJQ0FnSUNqd002czNnRRAB,Ladda W.,5,ที่ห้องอาหาร the glass house  โรงแรมอีสติน แกรนด์สาทร เวลามีโปรโมชั่น ก็จะซื้อ voucher เก็บไว้  ที่นี่มีอาหารให้เลือกหลากหลายดีค่ะ และของหวานที่นี่ก็มีให้เลือกเยอะมาก มีเค็ก ขนมไทย ไอศครีม ชา กาแฟ
ChZDSUhNMG9nS0VJQ0FnSUMxaW9tYUl3EAE,Anita Maharaj,5,"Came to the restaurant they had only 20 mins till they closed but they extended the buffet at half price and kept it open for another 40 mins - lot of seafood variety even gave lobster, and seafood could be cooked the way you want . Lots of salads and sushi - too much food to describe . Even veges , desserts and soft drinks incl in price ."
ChdDSUhNMG9nS0VJQ0FnSUNVNlpUQmpRRRAB,J J,5,"Saturday international buffet dinner is nice, fresh seafood on ice especially for Alaska King crabs but no grill-station. Not many food selection for international buffet but food is tasty and very fresh. Western food and Thai is good, Chinese and Japanese is okay. The atmosphere is good, and every chef and staff is very friendly working with passion."
ChdDSUhNMG9nS0VJQ0FnSUN4cjRpTm53RRAB,เทวิกา จิรกุลชัยกร,5,อาหารอร่อย บริการดี😊 …
ChZDSUhNMG9nS0VJQ0FnSUNldWNubVpnEAE,Prachai Siriratikul,1,อาหารไม่อร่อยอย่างที่อวยกันเลย  อาหารไม่สด ซาซิมินี่หั่นบางๆ และ เกรดปลาดิบนี่แย่กว่าโออิชิ  อีกนะ  ไม่น่าเชื่อว่าจะทำขาย รร.ห้าดาวได้  ปูอลาสก้านี่  จืดสนิท เหมือนทานทิสชู่  ผิดหวังจริงๆ  ดีที่ห้องพักดีมากๆ พนักงานดี
ChdDSUhNMG9nS0VJQ0FnSUN3NjV1ODJnRRAB,Raphael Bissen,5,"We have been there for the all you can eat buffet. You will get great food, lots of different things to try, from starters to dessert, cold and warm dishes as well as warm and cold drinks. The place seems to be quite popular as the restaurant was completely full. Paying with credit card was worth a 30% discount. Totally worth the money!"
ChdDSUhNMG9nS0VJQ0FnSURXNHFUbG53RRAB,T M,2,"เมื่อก่อนโอเคเลยนะ ครั้งนี้ผิดหวังมาก
ราคาแพงขึ้น แต่คุณภาพลดลง
(ดีนะที่ซื้อ grand weeken voucher แค่ครั้งนี้)
ส่วนที่จอดรถ แย่เหมือนเดิม คือ
ชั้นล่างๆ กันที่ไว้หมด ขึ้นไปจอดสูง
แล้วที่นี่มันสวนกันยากมาก

>> มาตรการป้องกันไม่ดีเลย
โต๊ะข้างๆ เช็ค ลุกไป มีลูกค้าใหม่มา
พนง. ไม่เปลี่ยนที่รองจานให้ เสี่ยงโควิดมากๆ"
ChZDSUhNMG9nS0VJQ0FnSUR5LTU2TkdREAE,Orachorn Orachorn,5,อร่อยคะ วันนี้คนเยอะ
ChZDSUhNMG9nS0VJQ0FnSURrNTZuYUNBEAE,siriwan man,5,น้ำหนักเราคงลดไม่ได้แล้วละ
ChZDSUhNMG9nS0VJQ0FnSUR5bDhETVRREAE,Terry Kisling,4,"Food  4/5
Service  5/5
Ambiance 4/5

Overall  excellent"
ChdDSUhNMG9nS0VJQ0FnSURNaHRfSHN3RRAB,lek darong,4,"สถานที่สวย สอะอาด การต้อนรับดี การบริการดี อาหารรสชาดดี ถูกปากแบบเราๆไม่ถึงขนาด shell ชวนชิม แต่การันต์ตรี ด้วยตัวเองและหมู่คณะ สมกับที่เป็นอาหารนาๆชาติ
จะเป็นอาหารญี่ปุ่น อาหารไทย หรือ seafood ขนมหวาน ผลไม้ หรือกาแฟ ล้วนแล้วน่ากิน และ รวมถึงความอร่อยที่ต้องยกนิ้วให้"
ChZDSUhNMG9nS0VJQ0FnSUNvMWVEY01nEAE,Phuricha Kunanopparat,5,"The soft shelled crab stirred fried with black pepper here is divine. The grilled mantis shrimp is superb. Just these 2 menus alone worth the price. These are exlcusive menus for Sunday. The chocolate fondue are also good. It would be your best interest to IGNORE THOSE COLD SEAFOOD PLATES. Those are in any decent seafood buffet. They also have fish and lamb but those are ordinary.

To come here, take a sky train(BTS) and drop at Surasak station."
ChZDSUhNMG9nS0VJQ0FnSURNdWZQalR3EAE,heyday business,1,"เมื่อวาน4มค63โทรจองตอนประมาณ11:55 ไปกินตอนเที่ยงกว่า โทรถามราคาบอกราคาหัวละมา900บาท เช็คบิลคิด 1,100บาท.  คนรับโทรศัพท์กับคนคิดเงินคุยกันไหมครับ. คนคิดเงินก็พูดแค่ขอโทษ. เสียความรู้สึกมากเหมือนโดนหลอกให้ไปกิน👎👎👎👎👎👎👎
ความรับผิดชอบควรมากกว่านี้ …"
ChZDSUhNMG9nS0VJQ0FnTUNncFlhclRnEAE,สิทธิพร สังข์เสวก,5,สเต็กเนื้อ แซลมอน
ChZDSUhNMG9nS0VJQ0FnSURVd18zVEhnEAE,top econ,5,Nice Buffet for dinner
ChZDSUhNMG9nS0VJQ0FnSUNacHVqZ01REAE,Angkana Sungngern,5,Good location to dinner with friend
ChZDSUhNMG9nS0VJQ0FnSURDenZYZE9BEAE,chalee rattanawangcharoen,4,"พนักงาน บริการดี  ..
อาหาร ในไลน์ เหมือน เดิม ก่อน covid 19
แต่  new normal.พนง. ตักให้  ..ต้อง  request.ว่า  ชอบอะไร  พนง. จะได้ ตัก ให้ ถูกใจ น่ะจ๊ะ"
ChdDSUhNMG9nS0VJQ0FnSUN3MDlMSnJBRRAB,Aey Angel,3,Just only 3 stars for Glass House Lunch Buffet on Monday to Saturday.  I'm not impressed. Price is 535 around this baht incl. Drink. But I don't feel it's  worth for me.
ChZDSUhNMG9nS0VJQ0FnSURva1BIalZBEAE,Anthony Ronald,5,The glass house has an excellent selection of seafood and traditional Thai food. Be sure to get the freshly tasting sashimi too.
ChdDSUhNMG9nS0VJQ0FnSUNLa3F1VG53RRAB,manussutti sripilas,3,I ' m full now kaaa yummy yummy!!
ChZDSUhNMG9nS0VJQ0FnSURDczdHdWZBEAE,arunee chongsawattisa,3,บริการดีค่ะ อาหารก็มีหลากหลาย แต่ไม่มีอะไรเด่นหรือแตกต่างจากบุฟเฟ่ห์ทั่วไป
ChZDSUhNMG9nS0VJQ0FnSUNpczl1NU53EAE,Suchada Saardchit,5,สถานที่สวยหรู เดินทางสะดวกโดย BTS มีทางเชื่อมเดินเข้า รร ได้เลย อาหารมากมายอร่อยสุดๆๆๆ
ChZDSUhNMG9nS0VJQ0FnSUMweS1EdlBREAE,Aashish Sathvik,4,"Mainly a buffet restaurant in a 5 star hotel I went to it every day for breakfast when I stayed in the hotel it many selections of food, juice, fresh fruit, bread and pastry the food was tasty, the juice was delicious and the fruits were fresh and food was also hot."
ChZDSUhNMG9nS0VJQ0FnSUM3a1pXSUhnEAE,Felin,3,"อาหารปลาดิบอร่อย
ที่เหลืองั้นๆ
ของหวานเติมช้า"
ChZDSUhNMG9nS0VJQ0FnSUNncmUzWGZnEAE,S L,4,สถานที่สบายๆ อาหารก้โอเค คุ้มค่าราคา พาเพื่อนๆมาเลี้ยงรุ่น บรรยากาศสบายๆดีค่ะ
ChdDSUhNMG9nS0VJQ0FnSUNwc3RPYTBnRRAB,Anantasorn Kanchanaphakul,4,คุณภาพดี อาหารโอเค มาหลากหลาย บางอย่างต้องสั่งทำสด
ChZDSUhNMG9nS0VJQ0FnSUN6emVDaVRREAE,Somsak Lee,3,เสาร์อาทิยต์จะพรีเมียมหน่อยแต่ราคาจะเกือบ2พันครับ
ChdDSUhNMG9nS0VJQ0FnSUNYMDYybzlBRRAB,Nanth Wannapho,5,คนเยอะอาหารอร่อย
ChdDSUhNMG9nS0VJQ0FnSURZMWRyeTRRRRAB,Adnan Zaman,5,Great place for a buffet breakfast or lunch. Good choice of local and international cuisine. Exceptionally courteous service.
ChZDSUhNMG9nS0VJQ0FnSUN3dDRhX0VnEAE,P’ Ting,3,ถ้าเทียบกับราคาแล้ว ยังไม่คุ้มค่า ความหลากหลายยังไม่เยอะพอ กุ้งที่ย่างแข็ง แล้วเสียบไม้เลยดูไม่น่าทานอีก C---
ChdDSUhNMG9nS0VJQ0FnSUNpN2RhdXd3RRAB,Numfon Journey,5,บุฟเฟ่ต์อาหารหลากหลาย ขนมเค้กมากมาย อร่อยๆทั้งนั้น คุ้มค่ามาก
ChZDSUhNMG9nS0VJQ0FnSUNQc1p2SFV3EAE,Saowaluck Ruendee,4,อาหารหลากหลายดี บริการดีมาก สะอาดมากกก
ChdDSUhNMG9nS0VJQ0FnSUNoZ1lLb3h3RRAB,Kiatkriangkrai Koyratkoson,4,Good
ChZDSUhNMG9nS0VJQ0FnSUNDLWVEWFRBEAE,iam kiki,4,"Lunch @The Glass House, East in Sathorn"
ChdDSUhNMG9nS0VJQ0FnSUNzaF9yUzVnRRAB,phonphit phum,5,ชอบรสจัดแบบใต้ แนะนำร้านนี้ ที่จอดรถกว้างขวาง.สะอาด
ChZDSUhNMG9nS0VJQ0FnSURRdGRlMEZREAE,TONG TONG,3,It was not that good. only half lobster is given to you. sasumi is fine. sushi suck
ChZDSUhNMG9nS0VJQ0FnSUNTeS1ueU1REAE,TiTiPong PienTaNa.,5,บุฟเฟ่ส์กลางวัน คนเยอะมาก อาหารมีหลากหลาย ใครชอบอะไรเลือกได้เลย
ChZDSUhNMG9nS0VJQ0FnSUNLcGZLaUVBEAE,สิทธิชัย เกิดสกุล,4,อาหารอร่อยครับ คุ้มค่ากับราคา พนักงานดูแลดีมาก
ChZDSUhNMG9nS0VJQ0FnSUNwLXJpdWRREAE,Master Kati,5,อาหารอร่อยดี แต่ไม่ค่อยมีเนื้อ
ChdDSUhNMG9nS0VJQ0FnSURrODQya2lRRRAB,จรรยา เพียงพรเพ็ญ,4,โอเค ของคุณภาพ อาหารอร่อย ที่ชอบมากคือของหวาน
ChZDSUhNMG9nS0VJQ0FnSURNdkpEcFlBEAE,สมนิตย์ ตรีจิตต์ธนะชัย,5,สถานที่ดีมาก สอาด สดวก อาหารบุปเฟ่ต์ดีมากค่ะ
ChZDSUhNMG9nS0VJQ0FnSURZcmV6TUdREAE,Patricia Duggan,5,"Brilliant.  We go every day for breakfast.  Great food, efficient and very friendly staff."
ChZDSUhNMG9nS0VJQ0FnSUN3eklDVEN3EAE,dek hotpot,3,ที่ไปกินเป็นบุฟเฟ่ห์ปูม้า ก็โออยู่ สมราคาหัวละ 600
ChdDSUhNMG9nS0VJQ0FnSURrdVBMRnhRRRAB,B Lee,5,Awesome place.  Good service.  Courteous staff...... nice food and value for money
ChdDSUhNMG9nS0VJQ0FnSUNnNWZqMTZnRRAB,William Shore,5,"Our favourite breakfast place, always full but worth the friendly staff service."
ChdDSUhNMG9nS0VJQ0FnSUROd1lqRW1RRRAB,ไวกูณฐ์ โรจน์พชรรังษี,5,"อาหารอร่อยครับ
ราคาตามโปร"
ChdDSUhNMG9nS0VJQ0FnSUMwazRqVmdBRRAB,Paul Ittikorn Banjobdee,5,Nice selection of dishes. Well trained and friendly staffs... 👍👍👍 …
ChdDSUhNMG9nS0VJQ0FnSURpa2FLeXNnRRAB,Nithiwadee H.,3,ไม่ตรงปกเท่าไหร่ค่ะ อ่านรีวิวแล้วหารสองไว้ก่อนนะคะ
ChZDSUhNMG9nS0VJQ0FnSUNoaEl5aUh3EAE,Nattavut Smavatkul,5,Quite popular. Packed with customers. Be sure to make reservation.
Ci9DQUlRQUNvZENodHljRjlvT2pWNmN6TTFSVTlVZUhoZlUyaENUSGs1YW5KM2JWRRAB,A B C Traveller,5,"Very good dining experience. We arrived at 8 PM and there is no queue at all. The food is great. The service is good. Staff helped us to frill the meat all the way, we did not even have to do it ourselves. The condiments are great, they give free flow. We paid about 4000+ for everything, it is a little overpriced. We enjoyed our dinner. This branch is as good as other branches. Recommended for tourists that love korean grill."
Ci9DQUlRQUNvZENodHljRjlvT25GWldtTkdka1ZVTFdWZk5IVmpaV2hsVEZoblJHYxAB,Sira Wongsa,5,"อร่อยสุดๆ ไปเลย พนักงานบริการดี
อย่าลืมมาก่อน 23:00 น นะครับเพราะว่าร้านปิด 5 ทุ่ม"
Ci9DQUlRQUNvZENodHljRjlvT2xoWldsWTNSamxZVjJwRmVqWklaa2hvYUhSMVkwRRAB,Tony Khoo,2,Firstly this place is really expensive. Ordered 2 bbq meat. They don’t even provide lettuce and have to pay for it. The Bachan selection is limited. The sundubu taste really awful. Worst I ever eaten in a Korean restaurant. Steam egg is decent. Paid almost 3k for this. Do not recommend.
ChZDSUhNMG9nS0VJQ0FnTURvczhDMGJnEAE,A* Luo,1,"The food was decent, but the overall experience was disappointing. The music was too loud, the staff rushed us to pay right after ordering, and their attitude was unfriendly. They grilled our meat until it was nearly burnt and even changed the smoke attachment while we were still eating. For the high prices they charge, the service and quality definitely didn’t live up to expectations"
ChdDSUhNMG9nS0VJQ0FnTURvcy0tMXFRRRAB,Baannatthai Garden,5,อาหารเกาหลี รสชาติอร่อย มีน่ำจิ้มหลากหลาย พนักงานบริการปรุงอาหารหรือย่างหมู ให้เสร็จสรรพ พร้อมรับประทานได้ทันที
ChZDSUhNMG9nS0VJQ0FnSUNIajllcEp3EAE,Chadadar R.,5,ชอบกินปูดองมากกแบบมากๆ สาขานี้เพิ่งเคยทานครั้งแรก ปูสดหวานมากๆ บรรยากาศในร้านแออัดไปนิดนึงเพราะเนื้อที่เล็กด้วยเลยดูอึดอัดไปหมด แต่อาหารดี💖💖💖
ChZDSUhNMG9nS0VJQ0FnSUNIcTluN1J3EAE,บ้านลาว By คุณนง,4,"ไปทานมาเมื่อวาน รสชาติอร่อยเหมือนเดิม เหมือนร้านจะปรับปรุงและตกแต่งใหม่หรือเปล่าไม่แน่ใจค่ะ เพราะว่าไม่ได้นานแล้วบรรยากาศดูสดใส ตกแต่งร้านได้ดี

✅การบริการของพนักงานดีเหมือนเดิมใส่ใจลูกค้าที่ตัวเองดูแลดีมากๆ

*แต่ราคาค่อนข้างสูงไปหน่อย*"
Ci9DQUlRQUNvZENodHljRjlvT25oNGJGSm9ORzlxWTIxUVEwY3haVU5DVW5WNWFuYxAB,natthartath thongcharoen,1,เจอยางในอาหาร ส่งให้พนักงานดู พนักงานเป็นต่างด้าวทั้งร้านช่วยอะไรไม่ได้เลย ไม่มีคนเดินมาขอโทษซักคนด้วยซ้ำ ร้านก็หายใจลำบากร้อนไปหมด ที่ดูดควันก็อ่อนแอมากๆ สรุป ค่าอาหาร 2 พันกว่าบาท หายใจไม่ออก ได้กินยาง คุยกับพนักงานไม่รู้เรื่อง
ChZDSUhNMG9nS0VJQ0FnSURoanFfMWZnEAE,Thanon Rujisert,4,"อาหารหลากหลาย รสชาติดี อร่อยตั้งแต่จับแช(ผัดวุ้นเส้นเกาหลี)เลย ปูดองซีอิ๊ว หอยดองซีอิ๊ว ดีงามไปซะทุกอย่าง ข้าวโพดชีสก็อร่อย ซุปกิมจิก็ดีงาม มีจูกุมิด้วย แต่ไม่เต็มรูปแบบเหมือนที่เกาหลี แต่ก็กินแก้คิดถึงจูกุมิที่เกาหลีได้ ส่วนหมูสามชั้นคืออร่อยอยู่แล้ว แต่ที่ให้คะแนนที่สุดคือ เนื้อวากิว ละมุนลิ้นดีงามมาก โดยรวมดีทุกอย่างค่ะ
ปล.หัก 1 ดาว เพราะราคาสูงไปนิด เข้าใจว่ารสชาติอาหารสมราคา แต่มื้อนึงกินทีเกือบ 7พัน มันสูงไปนิด อยากกินบ่อยๆก็กินไม่ได้ เพราะถ้ากินบ่อยๆอาจจนได้ 555+"
ChZDSUhNMG9nS0VJQ0FnSURzb2ZXMGZREAE,Chanya Udomphorn,3,"ร้านนี้ปูดองเด็ดค่ะ ไปกิน ต้องสั่งเลย
ไข่คือดีมากกกกกกก
กระดองนี่เลิฟมาก ไข่เน้นๆ
ซีอิ๊วหวานๆ กำลังดีค่ะ
จิ้มกับน้ำติ้มซีฟู๊ดด โอ้ยเลิศ
ราคา ตามคุณภาพค่ะ
ปูทะเลดอง ซีอิ๊วเกาหลี 1050.-

พวกย่างๆ ก็มี หมู มีเนื้อค่ะ
อร่อยเหมือนกัน
สั่งทั้ง สามชั้น หมูสไลด์ เนื้อ ค่ะ เรียบ
สามชั้น 225
หมูสไลด์ 255
Ribeye สไลด์ 340

รามยอนแห้ง เป็นบะหมี่เกาหลี ซอสเผ็ดๆค่ะ
ส่วนตัวชอบกินเผ็ด ก็ไม่รู้สึกเผ็ดค่ะ
แต่เพื่อนอีกคน กินเผ็ดไม่ได้เลย กินไม่ดเ้ลยค่ะ จานนี้ 555
เส้นจะกรึบๆ เหมือนลวกไม่สุก น่าจะไม่สุกแหละ แข็งด้านใน มันเป็นสไตล์ 555
ส่วนตัวเฉยๆค่ะ เมนูนี้

จับเช อร่อยค่ะ เป็นผัดวุ้นเส้นเกาหลี 220 สั่งมา 2 จาน

ข้าวผัดกิมจิชีส ก็โอเคค่ะ ถ้าคนชอบกินข้าว
ส่วนตัวว่าอรอ่ยดี แต่ไม่ได้เด็ดมาก แต่ถ้าสั่งมากินกับพวกเนื้อย่าง หมูย่าง ก็โอเคค่ะ

ร้านนี้กิมจิเติมได้ไม่อั้นค่ะ
แต่ผักสดต้องสั่ง ผักสด 60 บาทค่ะ

โดยรวมโอเคค่ะ
ราคาแล้วแต่เมนู บางเมนูรู้สึกราคาสูง บางเมนูสมราคาค่ะ"
ChdDSUhNMG9nS0VLbVR0SkNScnF6UzNRRRAB,Shin,1,"I was quite disappointed with the marinated crab. The portions were small, with barely any roe, and it didn’t justify the high price.

It felt like a tourist trap NOT WORTH the money or time."
ChZDSUhNMG9nS0VJQ0FnSURobXZMX1BREAE,NATT SK,4,"ปิ้งย่าง เกาหลี
อร่อยจริง เนื้อหมู เนื้อวัว หมัก มาดีมากกลมกล่อม
ทุกๆเมนู สั่งมาถูกใจดีครับ
น้องพนักงานทำให้หมด
ราคาแรงไปนิด แต่แลกด้วยความอร่อยครับ"
ChZDSUhNMG9nS0VJQ0FnSURTMXZMaWJBEAE,Nopporn M,4,"ปูไข่ดอง Nice to meet you สาขา Central World ร้านนี้เป็นร้านอาหารเกาหลีปิ้งย่างแบบพรีเมียม เหมาะกับมาเป็นหมู่คณะ เพื่อนฝูงเม้ามอยกัน ปิ้งไปคุยไป ย่างเองบ้าง ให้พนักงานย่างบ้าง มีหมู เนื้อ ซีฟู้ด

ปูไข่ดองอร่อยดีงามมาก แต่ตามมาด้วยราคาที่แรงเช่นกัน แต่นานๆกินทีได้อยู่

ร้านตกแต่งได้สวยงามทันสมัยชอบท่อดูดควันที่ทำด้วยทองแดงดูสวยงาม ปิ้งย่างร้านนี้เป็นแบบเกาหลีที่จะมีพนักงานมาคอยบริการปิ้งให้ มีทั้งเมนูหมูและเนื้อรวมทั้งอาหารต่างๆให้เลือกทาน ทางร้านมีเซ็ตหมูที่มีหมูมาให้สามชนิดพร้อมผัก ข้าว รวมถึงซุปเต้าหู้ที่คล้ายกับซุปกิมจิเป็นเมนูที่ประทับใจมากที่สุดในวันนี้ เพราะรสชาติเข้มข้นกลมกล่อมดีมาก กิมจิเครื่องเคียงออกรสเปรี้ยวมาก สามชั้นทางร้านรมควันมาตอนเปิดมีกลอ่นหอมแต่พอย่างไปแล้วไม่หอมขึ้นจมูกเหมือนคอนมาเสริฟ เนื้อหมูนุ่มพอสมควรแต่ไม่มากนัก คอหมูหั่นมาหนาไปหน่อยเลยเหนียวไปนิด"
ChdDSUhNMG9nS0VQYVRxcC1keEtDV3FRRRAB,Kamon.T,5,"The meat quality is good. staff is nice. Would definitely recommend if you are in the Siam area looking for a good Korean restaurant.
The price is quite expensive"
ChZDSUhNMG9nS0VJQ0FnTUNRc3BQUkZnEAE,Lena Stefanov,3,"It was our first experience with this kind of bbq. The food was very delicious and tasty but expensive. It was the most expensive meal we had in Thailand. We are glad we tried it because the taste was amazing but we wouldn’t come back. I found the staff not so kind and a little bit judgy. I was very excited to try this and I felt a strange vibe from them. Also the girl that did our bbq didn’t explain anything even though we clearly didn’t know what to do, what to try and which sauce is which. Overall if you really want to try a bbq I believe there are better places but we didn’t do some research."
ChZDSUhNMG9nS0VJQ0FnSUMtOEkyelNREAE,Kitikan K.,4,เป็นการมากินครั้งแรก เนื้อวัววากิวจิ้มเกลือนิดหน่อยคืออร่อยมาก หมูสามชั้นรมควันกินคู่กับผักอร่อยเช่นกัน ปูดองอร่อยหวานๆ แต่ต้องกินช่วงที่ปูยังเย็นๆกินแล้วจะไม่เลียน ปูสดไม่คาว กิมจิที่นี่จะเปรี้ยวมาก เครื่องเคียงเยอะ มีพนักงานคอยบริการ ราคาค่อนข้างแพง
ChZDSUhNMG9nS0VJQ0FnSUR5LXN1cEtREAE,I'am A,5,"เป็นอาหารสไตส์เกาหลี อร่อยมากค่ะ ชอบ ชอบ
พวกเมนูที่เป็น cooking กับเตา จะมีพนักงานบริการมาทำให้ที่โต๊ะ ถือว่าสะดวกดีค่ะ เรานั่งทานนั่งเม้าท์กันไปสบายเลย ราคาแอบสูงนิดนึง แต่ก็ขึ้นอยู่กับเมนูที่สั่งด้วยนะคะ ถ้ารวมๆแล้วก็ถือว่าฟินเลยค่ะ ราคาสูงหน่อยแต่ไม่ได้มาก แลกกับได้ทานอาหารอร่อยๆก็ดีต่อใจเป็นที่สุด"
ChZDSUhNMG9nS0VJQ0FnSURCNDVYM1dREAE,Denny Koh,4,"A rather efficient korean bbq restaurant, it has a wide variety of meats to choose from ranging from pork belly to beef and all the way up to A5 wagyu.

I ordered the thai wagyu, brisket and A5 japanese wagyu, along with some other korean dishes.

While i enjoyed myself, i find that the beef that came in were of very small portions and also there was no choice of non marinated? Or maybe i could have but didnt opt for it. Either way i think it needs to have a choice given that certain beef cuts are somewhat more tasty as it is rather than heavily marinated.

The samjang, sauce for the meat are quite different from what im used to, it can be good or bad depending on individuals palate. For me, is not the original taste you will expect from authentic korean restaurants.

Overall, great service and rather good food. I spent about 168 usd for 3"
ChdDSUhNMG9nS0VJQ0FnSUMzb1lIeWpRRRAB,Pimlapat Wiwattakulchai,4,ทำเลร้านอยู่ที่สยาม สาขานี้เดินทางสดวกมาก อาหารอร่อยรสชาติดีแต่ราคาแรง พนักงานที่ร้านบริการปิ้ง บริการดีมาก ยกเว้นพนักงานผู้หญิง 1 คน ที่พูดไทยไม่ชัด ที่ยืนต้อนรับหน้าร้าน ไม่สนใจลูกค้า ถามเยอะหน่อยๆ ตอบไม่รู้ ด้วยน้ำเสียงเหวี่ยงๆ และไม่ค่อยสนใจลูกค้า น่าจะพนักงานใหม่ อายุน่าจะไม่เกิน25 เรื่องการบริการหมดดีแต่ยกเว้นคนนี้ค่ะ
Ci9DQUlRQUNvZENodHljRjlvT25sclVtaDFUVlJ1WW14ekxXNUtNVzVNVFRsclpIYxAB,Tom Mance,4,"We only came here as we were in a hurry and dived in the first restaurant we came across. Food and sauces were tasty, we didn't do the BBQ. Fried chicken was delicious and there was a buttery sauce which came with something which was really good. Service and atmosphere was quite unremarkable."
ChdDSUhNMG9nS0VJQ0FnSUNteDVhZi1RRRAB,W Themim,5,"อาหารอร่อย โดยเฉพาะปู(ทะเล)ดอง สดหวาน อร่อยสมราคา เมนูอื่นๆ ไม่ผิดหวัง
พนักงานดูแลเฉพาะโต๊ะ น่ารักใส่ใจดีมาก(เลยทิปหนัก)
ต้องไปอีกค่ะ (คนชอบปู)"
ChZDSUhNMG9nS0VJQ0FnSURQbnJ1Zkt3EAE,Pine,4,อาหารอร่อย คุณภาพดี สะอาด บริการดี  น้ำจิ้มแซ่บ พนักงานย่างให้ทุกโต๊ะ ลูกค้าเข้าร้านตลอด
ChZDSUhNMG9nS0VJQ0FnSUNpZ0k2cklBEAE,Here and There by Cher,5,"Nice to meet you ร้านนี้เป็นร้านอาหารเกาหลีปิ้งย่างแบบพรีเมียม เหมาะกับมาเป็นหมู่คณะ เพื่อนฝูงเม้ามอยกอนกันอย่างเมามัน ปิ้งไปคุยไป ย่างเองบ้าง ให้พนักงานย่างบ้าง มีหมู เนื้อ ซีฟู้ด ครบครันมากค่ะ เมนูแน่น ราคาก็แน่นๆ 555 มาร้ายปิ้งย่างคือ ต้องยอมรับนะคะ หัว ตัวเหม็นแน่นอนค่ะ เมนูเด็ดอีกอย่างคือ ปูจานนี้เลยค่ะ แซ่บมากค่ะ ฟินตอนแบ่งกันสุดๆ 😂 คอเกาหลีปิ้งย่างต้องไม่พลาดนะคะ ร้านอยู่สยามเดินทางสะดวก ร้านเป็นตึกแถวไม่ใหญ่มาก ถ้ามาหลายคน แนะนำโทรจองก่อนจะดีกว่านะคะ เพราะโต๊ะอาจจะเต็มได้ค่ะ ย้ำอีกครั้งนะคะว่าพรีเมี่ยมจริงๆ ถ้ากินเนื้ออย่างดีด้วยก็มีนะคะ กินประมาณ 10 คน ตกมื้อนี้ 15000 ค่ะ

อย่าเพิ่งตกใจนะคะ เพื่อนเรากินจุค่ะบังเอิญว่าราคาคิดเป็นจานๆ ไม่ได้เป็น Buffet น่ะค่ะ เลยแพงหน่อยนะคะ แต่ของคุ้มราคาแน่นอนค่ะ

#yummycheri"
ChZDSUhNMG9nS0VJQ0FnSURrX29Pb1JnEAE,Chinnawat Supak,4,"ถึงจะเป็นร้านปิ้งย่าง แต่เมนูเด็ดที่นี่คือ ""ปูไข่ดอง"" แต่ก่อนอื่นขอพูดถึงเนื้อก่อน คุณภาพเนื้อสดไม่มีกลิ่น เนื้อให้ขนาดพอดีไม่เยอะ มีบริการย่างให้ด้วยไม่ต้องย่างเอง น้ำจิ้มมีทานเยอะแบบ กิจจิเติมได้เรื่อยๆ(แต่ขอบอกเลยว่ากิมจิรสชาติจัดจ้าน ทานเล่นลำบากนะครับ ผมลองมาแล้วเติมไปสามครั้งแสบท้องเลยทีเดียว) มาถึงเมนูเด็ดของเรากัน ปูไข่ดอง จะมีให้เลือกดองน้ำปลากับดองซีอิ้ว ชอบแบบไหนสั่งได้เลยครับ แต่ที่ผมสั่งคือซีอิ้ว จะไม่เค็มโดด และไม่มีกลิ่นมาก ไข่ให้มาคือเยิ้มมากมันมาก คลุกกับข้าวญี่ปุ่นร้อนๆคือฟินมากจริงๆ เนื้อปูหวานมากและเนื้อเยอะมากๆ คือทานง่านด้วย ใครที่ชอบปูดองล่ะก็ที่นี่คือที่สุดของปูดองเลยก็ได้ ส่วนของราคาที่เราสั่ง2ตัวคือ 1050บาท(วันที่27/06/2562) ราคากลางๆค่อนข้างสูง(สำหรับเรา) แต่คุณภาพ สมราคาจริงๆครับ"
Ci9DQUlRQUNvZENodHljRjlvT2toWFVVWlllRGRGVVVGdlJFeEdVV1JRY1ZkM1QwRRAB,Thv Bts,1,พนักงานบริการลุ้นหวย?? มีแมลงสาบ2ตังไต่อยู่บนโต๊ะ ห่วยมากพอเทียบกับราคาที่ต้องจ่าย
Ci9DQUlRQUNvZENodHljRjlvT2xWTFRYWklZbEpuWkRKaVduQlRjVXRqWXpONlFVRRAB,I’m Similan,1,สั่งเมนูกุ้งดองซีอิ๋วเกาหลี ปกติทานที่ไหนก็ไม่เคยได้กลิ่นคาว มาทานของที่นี่ ทานแล้วรู้สึกคาวมากๆค่ะ ทานต่อไม่ไหว เหม็นกลิ่นกุ้งแรงมาก ผิดหวังค่ะ เพราะราคาแอบแรง
ChdDSUhNMG9nS0VJQ0FnSUQtNnVUUGxBRRAB,Rio Wang,5,"nice two Meat u, needs no introduction at all in Bangkok. Everything is good, from service to meat quality, except the price 😅 Never tried Doshirak, in last photo, till that moment. And I really enjoyed it although I almost ate it like a 'Khaw Lad Gang' Cai Peng style, didn't know it was supposed to be mixed and shaked around before eating.

Thailand has no shortage of Korean cuisine these days, there are Korean restaurants all over at every price tier and many Sois, not just within the city center and Korea Town."
ChdDSUhNMG9nS0VJQ0FnSUNPek9mVjh3RRAB,Akat Kittiwarachet,4,ราคาแรงอยู่ รสชาติจัดจ้าน เมนูเนื้อมีพนักงานมาย่างและตัดให้ ปูดูน่ากินดีแต่ไม่ได้กินเพราะส่วนตัวกลัวจะแพ้ให้เพื่อนๆกินไป
ChZDSUhNMG9nS0VJQ0FnSUNweTRyMU9BEAE,อรอนงค์ เกียรติธนานุพงศ์,1,"เตือนภัย❗
เปิดประสบการณ์การกิน Nice two meat u สาขา Emquartier ครั้งแรกก็ประทับใจเลยไม่มีลืม ไม่ว่าจะเป็นไข่แมลงสาบที่นอนอวบอ้วนในน้ำจิ้ม หรือลูกแมลงสาบที่ฟักออกมาแล้ว สะอาดถูกใจอนามัยถูกลืมมากๆ
แจ้งพนักงานพนักงานไม่ขอโทษ หรือไม่พูดอะไรเลย เดินมาหยิบไปทิ้ง แล้วหยิบมาให้ใหม่โดยที่ไม่มีการรีเชคอะไรเลย
จะกินอาหารที่ต้องต้องระวังสังเกตกันดีๆ *รับผิดชอบผู้บริโภคหน่อยนะคะ"
ChZDSUhNMG9nS0VJQ0FnSUQ5NkxQWkZBEAE,Rachit Chairat,5,"Nice too meet you หมูย่างเกาหลี รสชาติดี มีคนมาปิ้งให้ ย่างกำลังดี ซุปกิมจิ จับแชดีมากๆ ราเมนยอน ดีต่อใจ

#Eatanywhere #Nicttomeetyou"
ChdDSUhNMG9nS0VJQ0FnSUNQbk0zQ3VBRRAB,OTIME REViEW,5,รสชาติอร่อย มีน้องพนักงานมาย่างให้กินสบาย
ChdDSUhNMG9nS0VJQ0FnSUN1NWNDX21RRRAB,Jutaporn J.,5,อร่อยค่ะ พนักงานบริการดีมากก ราคาค่อนข้างสูงหน่อยนะคะ เป็น a la carte ต่อจาน มือนี้ทาน 2 คนหมดไป 1400++ มี Vat /service charge
ChdDSUhNMG9nS0VJQ0FnSURQamN5VHRnRRAB,Brian Taylor,5,Very high quality meat.  The staff did all the cooking.  Ordered a meat preset and it was plenty of food. Ordered the Waygu and it was melt in your mouth good.
ChZDSUhNMG9nS0VJQ0FnSUQyeS1XUVpREAE,Elly Ang,4,"Recommended : Kimchi soup, Kimchi fried rice, BBQ pork and beef.
Serve variety of sauce. Especially garlic and chilli with special sauce. 👍
Customer services : 👍
Price: a bit pricy but equal to the service and taste of food. 😋"
ChZDSUhNMG9nS0VJQ0FnSURXX01TSU9BEAE,Nunthaporn K,3,เป็นร้านปิ้งย่างที่อร่อย น้ำจิ้มรสชาติดี แนะนำเมนูหมูสามชั้น แต่ราคาค่อนข้างสูงถึงสูงมาก หลังๆ ไปกินรู้สึกอาหารในเมนูราคาสูงมาก รู้สึกไม่คุ้มราคา
ChZDSUhNMG9nS0VJQ0FnSUN3OHZhSEh3EAE,Yingluck Thongpenyai,3,"I went there on Sunday night ard 7pm and there was no que, the staff is very nice and polite. Choices of meat are limited but tasty. The price is quite high compared to quality of meat but not surprise since its location. The restaurant itself quite small we have to share table with the other two customers (we had 3 people)
Btw it was a pleasant meal for the three of us"
ChdDSUhNMG9nS0VJQ0FnSUNReE95RHp3RRAB,Panghom Jaa,2,ร้านอาหารเกาหลีใจกลางเมือง ภายในร้านค่อนข้างแคบ ส่วนราคานั้นสูงเมื่อเทียบกับปริมาณอาหาร แต่รสชาติดี มีลูกค้าแน่นร้านตลอด ถ้าสั่งเมนูปิ้งย่างจะมีพนักงานมาบริการปิ้งให้ถึงโต๊ะ สำหรับใครที่กลัวหัวเหม็นก็จะมีหมวกคลุมผมให้ใส่ด้วย
ChZDSUhNMG9nS0VJQ0FnSURJajl1OEd3EAE,นายวิชาญ อ่อนช้อยสกุล,3,รสชาติอร่อย ใช้หมูเกรดมาตรฐาน บริการดี เพลงเน้นเหมือนในผับ รีบกินรีบไป ราคาต้องบอกเลยว่า โคตรแพง ไปสามคนหมด 2500 บาท
ChdDSUhNMG9nS0VJQ0FnSUN4bzUtVjNBRRAB,Sarunya Khotchasanee,5,แนะนำปูไข่ดอง ราคาเหมาะสมกับคุณภาพของอาหารที่ได้ กุ้งดองก็คืออร่อยสุดๆ ที่สำคัญสั่ง 3 ชั้นย่างคือที่สุด 🩵
ChZDSUhNMG9nS0VJQ0FnSUNlMDhUN0J3EAE,Kiettisak Sudsawang,4,Located in Siam Square Soi3. 3 mins walk from BTS Siam station. Taste is good but price is high than other Korea restaurant. Service is basic. Staff cannot speak Thai well. Please confirm your order before they leave.
ChZDSUhNMG9nS0VJQ0FnSUNSLWRlRVp3EAE,Phimkae Tulyasita,4,พนักงานดูแลดี ปิ้งย่างให้กำลังดี แต่เหมือนภาษาไทยไม่ค่อยเก่ง คุณภาพเนื้อ หมูดีค่ะ
Ci9DQUlRQUNvZENodHljRjlvT2prdGNWOU1hMFYwUjFkelJVNWhXWFJwWVRKdlpYYxAB,juanxiu xu,1,อาหารไม่อร่อย ไม่อร่อยทุกอย่าง พนักงานส่วนใหญ่ไม่ใช่คนไทย พูดไทยไม่ชัด พนักงานเยอะกว่าลูกค้า แพงโครตไม่คุ้ม
ChdDSUhNMG9nS0VJQ0FnSUNRcGFlZ3lRRRAB,Siamcaffeine company,4,"Nice to meet you
ปิ้งย่างสไตน์เกาหลี

รสชาติ และหน้าตา อยู่ในเกรณ์ดี ควรลอง และไปซ้ำ
ให้คะแนนเรื่องพนักงาน ที่ใส่ใจลูกค้าได้ดีมาก สุภาพ ใช้คำพูดและการกระทำที่สื่อให้เห็นถึงการให้บริการที่เหมาะสม

เมนูข้าวกล่อง จัดออกมาสวยน่าทาน
พนง.ถามก่อนว่าถ่ายรูปไหมคะ เมื่อเราถ่ายรูปเสร็จก็นำไปคลุกให้เรียบร้อย ทำให้ทานได้ง่ายคะ

พนง.สามารถให้คำแนะนำการเลือกหมูและเนื้อได้คะ

ราคาไม่สูงมาก"
ChdDSUhNMG9nS0VJQ0FnSUNwOHE2NGhnRRAB,Ayuth Mangmesap,5,"ร้านอาหารสไตล์ปิ้งย่างเกาหลี มีหลายเมนูให้เลือกแต่หลัก ๆ จะเป็นหมูย่างทานคู่กับผักและเครื่องเคียงต่าง ๆ นอกจากตัวเนื้อย่างยังมีอาหารที่อร่อยไม่แพ้กันพวกซุปกิมจิ มันบดอบชีส หรือซีฟู๊ดดองต่าง ๆ
.
ร้านตั้งอยู่ในสยามสแควร์หรือสามารถเดินลงมาได้ถ้ามาโดยรถโดยสารธารณา"
ChdDSUhNMG9nS0VJQ0FnSURJMTlXUWtBRRAB,SD Surakit,4,Korean BBQ pork. Delicious but high price. Long queue on Fri evening. They will cook for you at table until its ready to eat.
ChdDSUhNMG9nS0VJQ0FnSUNmbzVIcy1nRRAB,Jam Jam,1,ชุด Happy Pork Set สาขาสยามสแควร์ไม่ขายวันหยุดวันนักขัตฤกษ์แล้วมีเมนูไว้ทำไม สาขาอื่นขาย สาขานี้ไม่ขาย ไม่มีคำตอบไม่มีเหตุผล ไม่มีประกาศใดๆ เสียเวลา
ChdDSUhNMG9nS0VJQ0FnSUNvaTkzai13RRAB,Sumol,4,BBQ pork here is similar to the restaurant in Korea. There are three kinds of pork you can grill. The staff serves you for grill service so it is comfortable for you to just eat. Space is limit so you can not relax much.
ChZDSUhNMG9nS0VJQ0FnSUQteWRMRVRBEAE,Nopporn JIRA (Gan),4,แต่งร้านสวยมากๆ ชอบ บริการก็ดี พนักงานย่างให้ทุกโต๊ะ อาหารก็อร่อย หอยแครงดองแซ่บ เผ็ดมากๆ ขอเตือน
ChdDSUhNMG9nS0VJQ0FnSURNbU5MSm1RRRAB,zOm aZy,4,หมูย่างอร่อยมาก โดยเฉพาะสามชั้น ย่างมาแบบกรอบๆ ไม่เลี่ยน น้ำจิ้มก็อร่อย พนักงานบริการดี
ChZDSUhNMG9nS0VJQ0FnSUMxN3NMbGR3EAE,john micklewright,5,The food was amazing with equally great service. They carefully cooked the meat at the table with such care and perfection. Generally I enjoy cooking bbq myself but this was a great experience! I would go back any time and definitely recommend trying it out! It's been my favorite dinning experience during this vacation.
ChZDSUhNMG9nS0VJQ0FnSURpM0xDSEV3EAE,Wattikorn Jira,5,"Really a good place to gather with friends chichatting even its not that private. Having a private room would be better for this restaurant. Foods are great, good service, they refill gimchi for me. Happyyy :)"
ChZDSUhNMG9nS0VJQ0FnSURPd2NIcFNnEAE,Jutamas R,4,ร้านปิ้งย่างสไตล์เกาหลี พนักงานบริการย่างให้ ร้านค่อนข้างเล็ก มี 2 ชั้น อาหารอร่อย ราคาไม่แพงมาก
ChdDSUhNMG9nS0VJQ0FnSURMbEtmMGlBRRAB,Sampa Sampa,5,"On my first visit to Siam Square, I found myself wandering around Soi 3, taking in the sights and sounds of the bustling area. Suddenly, I was stopped in my tracks by the enormous, eye-catching signage of a place called Nice 2 Meat U. It was impossible to miss, and it practically beckoned me to come inside.

The moment I stepped inside, I knew I had made the right choice. The atmosphere was lively and inviting, buzzing with the excitement of diners enjoying their meals. The decor was modern yet cozy, creating the perfect setting for a BBQ feast.

Being a fan of Korean BBQ, I decided to go for the Pork BBQ. The service was impressively quick, and before I knew it, I was grilling juicy, marinated pork slices right at my table. The meat was tender and packed with flavor, each bite better than the last. The whole experience was incredibly refreshing, and to top it all off, I washed it down with some ice-cold sodas. It was the perfect complement to the sizzling, savory BBQ.

If you're ever in Siam Square, especially around Soi 3, you absolutely must check out Nice 2 Meat U. It's not just the massive signage that draws you in, but the fantastic food and quick, friendly service that will keep you coming back. My spontaneous decision to step inside turned out to be one of the best dining experiences I've had in the area. I highly recommend it for anyone craving delicious Korean BBQ. You won't be disappointed!"
Ci9DQUlRQUNvZENodHljRjlvT210WWNWOWpVbGxTYzB4a2NtZGhkakU1Yld0YU4xRRAB,JASON BOURNE CIA,5,อร่อยทุกครั้งที่กิน โอคหมด ทุกอย่างเลย
ChdDSUhNMG9nS0VJQ0FnSUN1bGEtWjBRRRAB,Tann,5,"Charcoal grill pork belly  So good!! All  Staff are great service,too many choices for choosing food.Good quality of ingredients.Kimchi So good tasting."
ChZDSUhNMG9nS0VJQ0FnSURZeTdPZlF3EAE,Kwan,4,The Nice Two Meat U restaurant is located in Siam. A crab meat is fresh and delicious food taste.  The roast beef is the Korean style.  The staff provide good service and they will grill beef for customers.
ChZDSUhNMG9nS0VJQ0FnSUNZd1pHVUpREAE,Arnon Pok,4,น้องบริการดีมาก น้ำพร่องเติมให้ตลอด อาหารรสชาติโอเค ราคาสูงเปนไปตามพิกัด zone แหล่งที่ตั้ง
ChdDSUhNMG9nS0VJQ0FnSUNLdnZmOC1nRRAB,NWD,4,"อร่อยแหละ รสชาติดี
แต่ราคาแรงมากค่าที่แพงแหละ
แลกมาด้วยได้วัตถุดิบดีที่มาพร้อมกับสูตรเฉพาะจากเกาหลี
ร้านเคลมว่าทุกคนจะได้ทานปิ้งย่างแบบต้นตำรับเกาหลีในไทยได้
โดยไม่ต้องบินไปทานที่ต่างประเทศ
กำไรน่าจะเยอะแยะ ปรุงรสชาติได้ถูกปาก
กลมกล่อมไม่หนักไปที่ไหน ร้านคนไม่เยอะตกแต่งน่ารักร้านมีทั้งหมดสองชั้น ตกแต่งโดยยึดตามต้นฉบับแบบเกาหลี แต่จะแตกต่างตรงที่ที่ร้านมีเตาปิ้งย่างและกระทะแยกส่วนกัน ส่วนที่เกาหลีจะมีแค่กระทะอย่างเดียว ส่วนใครที่กลัวว่าเสื้อผ้าจะติดกลิ่นควันก็เบาใจได้เลย เพราะที่นี่มีหมวกให้คลุมพร้อมทั้งเครื่องดูดควันที่ช่วยลดควันจากเตาปิ้งย่าง"
ChZDSUhNMG9nS0VJQ0FnSURJeXRtZkJBEAE,Joicy Couture,3,พนักงานบริการดี เมนูปิ้งย่างที่หมักซอสมาด้วยอร่อย หมูสามชั้นรสชาติธรรมดาค่ะ
ChZDSUhNMG9nS0VJQ0FnSURBZ0xMY1lnEAE,Mam Jittipat,3,Not impressive. Quite high price. Its taste is normal. No free veggie like other Korean restaurant in Sukhumvit area.
ChZDSUhNMG9nS0VJQ0FnSUNzdDZta1JnEAE,"丘秋光, Tavesak, タウィーサク (ทวีศักดิ์)",5,ชอบอาหารแบบเกาหลี เบียร์หลายแบบ  บรรยากาศสบายๆ อยู่ใจกลางเมือง ชั้น 3 มีเปิดห้องรับรองพร้อมคาราโอเกะ 30 คน แบบส่วนตัว
ChZDSUhNMG9nS0VJQ0FnSUN3cS1hWmVBEAE,Orn-usa Chungyingruangroong,4,"I love the smoke bbq pork, the best so far. Crab is very fresh but a little bit pricy. The service is ver good well trained staff."
ChZDSUhNMG9nS0VJQ0FnSURNa2R2RUV3EAE,Dang Hien,5,"It was Sunday and we had to wait, but it’s very organized. I’d better to go 3-4 people and can try BBQ, crab... I was alone and only tried this crab, highly recommends this one 👍 …"
ChdDSUhNMG9nS0VJQ0FnSUNwNjl5ejh3RRAB,Maie Chubbie,4,สุดของที่นี่ยกให้ปูดองค่ะ แต่บรรยากาศร้านสาขานี้ค่อนข้างแออัดหน่อย ใครไม่ชอบความวุ่นวายไป CTW จะสบายกว่าค่ะ
ChdDSUhNMG9nS0VJQ0FnSUN3X3JpVWdnRRAB,Sammy Samita,5,"Thought many claim that this place is pricey, but I do think that its worth it, due to its quality of meat. Personally I loved smoked pork belly wraped in lettuce and special Korean sauces to dip with. Also this place has by far the best Kimchi soup (for me). Very recommended."
ChZDSUhNMG9nS0VJQ0FnSUN1bC1pWGJBEAE,Tarn Pailin,5,"หมูสามชั้นร้านนี้อร่อยมากๆ กินคู่กับโซจูคือดีที่สุด มีบริการย่างและเสริฟหน้าเตาแค่รอกินอย่างเดียว น้ำจิ้มรสกลมกล่อมกินคู่เครื่องเคียง อย่างกิมจู ผักดอกคืออร่อยมากๆ

ข้อแนะนำ
- ควรจองโต๊ะไปก่อน
- วัตถุดิบดีแต่ราคาก็ค่อนข้างสูงเช่นกัน"
ChZDSUhNMG9nS0VJQ0FnSUNDLWJYWUFnEAE,Nichii D,4,ร้านปิ้งย่างสไตล์เกาหลีในซอยสยามสแควร์ 3 ติดกับร้านชานมไข่มุกชื่อดัง ร้านมีขนาดเล็กแค่ 1 ห้องแถว มีโต๊ะนั่งทานจุได้ 4 คน ประมาณ 8-10 โต๊ะ ในร้านอัดแน่นไปด้วยพนักงานเสิร์ฟ แต่ละโต๊ะจะมีพนักงานประจำที่คอยจัดเตรียมปิ้งย่างให้เสร็จสรรพตั้งแต่ต้นจนจบ ส่วนเครื่องคุณภาพของเนื้อดีมาก ไม่เหนียวและตัวเนื้อซึบซับซอสที่หมักเข้าไป สามารถกินเนื้อโดยไม่ต้องจิ้มน้ำซอสใดๆเลย โดยรวมราคาค่อนข้างแพงเมื่อเทียบกับปริมาณที่ได้รับ ผักสดชุดละ 60 บาทโดยมีผักกออแกนิกส์และพริกใหญ่ น้ำเปล่าขวดละ 40 บาท ราคาเนื้อปิ้งจานเล็กๆ ราคาจานละ 200-300 บาท
ChZDSUhNMG9nS0VJQ0FnSUNJemJ1Z0VnEAE,Gumi ho,3,ราคาค่อนข้างแพง เมื่อเทียบปริมาณ แต่น้ำจิ้มอร่อยนะ การบริการดี สถานที่แคบไปหน่อย ปูไข่ดองจะออกแข็งๆ (ฟีตแข็ง) ก็เครนะ
ChdDSUhNMG9nS0VJQ0FnSUNLOTZHd253RRAB,Mirei,4,"ปูดองดีมากค่ะ
แต่เตาสาจานี้ช้ามากกกก
ไปสาขาcentral world เตาจะไวกว่ามากค่ะ
แต่อร่อยเหมือนกัน"
ChdDSUhNMG9nS0VJQ0FnSURJM3A2N3d3RRAB,Nutthida Kiim,4,"- Fresh meats
- Overall foods are tasty, but spicy
- You can order ‘Fire Tiger Bubble Milk Tea’ (next store)
- You should try ‘Pu Dong’ (Pickled crab eggs)"
ChdDSUhNMG9nS0VJQ0FnSUNJN2V5VF93RRAB,jigkee thitinunchayakorn,4,พนง.ใส่ใจและให้บริการดี หมูย่างปลาร้า อร่อย น้ำจิ้มปลาร้าเผ็ดดี ปูดองเฉยๆค่ะ รวมๆแล้วใช้ได้
ChdDSUhNMG9nS0VJQ0FnSURZcXJ2NDh3RRAB,PP,3,"good service, hot tasty kimchi jjigae, yummy beef but too pricey..not worth it especially for the pickled egg crab"
ChdDSUhNMG9nS0VJQ0FnSUNRbGZDNW9RRRAB,George Kafetzis,3,The food was nice. The service was good but having someone to bake and chop your food as he likes is quite stressful. It a nice place if you want a quick Korean bbq in the mall area
ChdDSUhNMG9nS0VKZnZvWnZVanJ5d3NnRRAB,Sirithana K,2,พนักงานปิ้งไม่ดี เหมือนจะให้รีบๆ กินแล้วรีบๆ ออก หมูยังย่างไม่ได้แบบที่ชอบจะยัดเหยียดต้องรีบกิน พอย่างเนื้อก็สุกเกินไปกินแล้วเหนียวไม่ถามว่าชอบแบบไหนแบบนี้ให้ปิ้งย่างเองดีกว่าไม่ต้องให้มาย่างให้หรอกเหมือนจะรีบไล่ให้รีบลุก ผักที่เสียเงินสั่งเพิ่มก็มาแบบเหี่ยวๆ แถมได้น้อย ไม่เหมือนคนดังมากินหรืออินฟลูมารีวิว จะอีกแบบ เอามาวางบนโต๊ะให้ดูเว่อร์วัง ของในเชนเจ้านี้เป็นแบบนี้หมดเน้นการตลาดกับคนดังคนธรรมดามากินก็อีกแบบ
ChdDSUhNMG9nS0VJQ0FnSUNtOGUtcV9nRRAB,Nasha Panyaprasert,4,อาหารอร่อย .. พนักงานบริการดีมากๆค่ะ  แต่ร้านเล็กไปหน่อย
ChdDSUhNMG9nS0VJQ0FnSUNDc3NhRmpBRRAB,vimonsiri janjaem,5,อาหารอร่อย บริการดี ปูดองเกาหลีอร่อย หมูหมักซอสอร่อย เป็นอาหารเกาหลีรสจัดจ้านมาก
ChdDSUhNMG9nS0VJQ0FnSURRbEp5bG13RRAB,ครองเมือง รสชื่น,5,อร่อยมากครับ ถึงราคาจะหนักไปนิด แต่ยังไหวอยู่ พนักงานบริการดีมากๆครับ สุภาพ เป็นกันเอง คุ้มค่ากับราคาครับ
ChdDSUhNMG9nS0VJQ0FnSURVOXEtRXdBRRAB,Para Klongpayabal,4,สามชั้นย่างเกาหลีกูไข่ดองอร่อยมากวัตถุดิบดีบริการดีบรรยากาศดี มีเมนูให้เลือก
ChdDSUhNMG9nS0VJQ0FnSUQwcnBMLV9RRRAB,รติ ว่องชาญกิจ,5,ปูไข่ดองซือิ๊วอร่อยนัวๆ ปิ้งย่างมีพนง.มาทำให้เสร็จ
ChZDSUhNMG9nS0VJQ0FnSUMxeW9YUUhnEAE,Ploypigz Channel,5,ดีครับ เมนูในรูปผมสั่งทุกครั้งเพราะอร่อยจริง
ChdDSUhNMG9nS0VJQ0FnSURMdXQzSHpRRRAB,P. K.,3,Unreasonable price. Salty every plate. Meat quality out of proportion with prices.
ChdDSUhNMG9nS0VJQ0FnSUNZeU5EcHh3RRAB,Milk Station,5,แพงจิง แต่ก้ออร่อยจิงเช่นกันค่ะ มาทุกครั้งก้อสั่งปูดองทุกครั้ง ประทับใจทุกครั้ง 😍😍
ChZDSUhNMG9nS0VJQ0FnSURDNGVmME13EAE,Sha U,4,Food and service was good. Staff was very attentive. Only the seatings were not comfy due to limited space.
ChZDSUhNMG9nS0VJQ0FnSUNzeUpMUkdBEAE,Chubby Sheep,3,Pork grilled Korean style. Almost everything is spicy than usual. Price is quite high. Lots of staffs to service.
ChZDSUhNMG9nS0VJQ0FnSUNZNnJia1FnEAE,Paweena Pemayont Bihari,5,"Have service by table, staff will help you grills and arrange the table for you if you did ordered a lot like us."
ChZDSUhNMG9nS0VJQ0FnSUNPNUtLQ2FnEAE,Kae Ph.,4,Good Korean restaurant 😋 อาหารอร่อย แต่แอบราคาแรงไปนี้ดส์ 😅 …
ChdDSUhNMG9nS0VJQ0FnSURDNEpTNXlRRRAB,Dave Hutmacher,4,New to Korean food; what we picked was very spicy - but nice. Great service too.
ChdDSUhNMG9nS0VJQ0FnSUNBeEphTmxRRRAB,Chutima Tantakasem,5,Korean bbq that reminded me of Seoul. A bit expensive but fulfilling. Good quality pork. The kimchi soup is also nice.
ChZDSUhNMG9nS0VJQ0FnSUNfLWZ6SkxnEAE,Fern S.,3,เราว่าอาหารแพงมากเมื่อเทียบกับราคา สั่งไม่กี่อย่างกินแค่สองคน รามยอนแห้ง 180฿ ใส่ไข่ครึ่งฟอง หมูสไลด์หั่นมาบางๆ 359฿ ซุปกิมจินึกว่าจะได้สามชั้นแบบเปื่อยเต็มคำ แต่ได้สามชั้นบางๆ ลมเป่าก็ปลิวแล้วแถมมันเยอะมาก ทุกอย่างคือแพงและได้น้อย รสชาติและบริการดีมีคนปิ้งให้ ส่วนตัวคืออร่อยแต่ครั้งเดียวพอค่ะ ไม่คุ้ม
ChdDSUhNMG9nS0VJQ0FnSUNRcTlQVy1nRRAB,Krittiyanee Suriyachan,3,"อาหารรสชาติดี น้ำจิ้มดี บริการดี แต่ให้คะแนนสามดาวเพราะราคาแรง หากเทียบกับปริมาณอาหาร ไปกินสองคน สั่งปกติ มีหมู 2 อย่าง เนื้อ 1 อย่าง ซุป 1 อย่าง ข้าว 2 ถ้วย ผัก 1 ที่ น้ำอัดลม 1 น้ำเปล่า 1 ไม่มีปูดอง จ่ายไปตกหัวละ 8xx฿ แต่ถ้าคนชอบกินปูดองเกาหลีก็สามารถสั่งแต่ปูมากินกับข้าวได้ ไม่ต้องเปิดเตาย่าง ปูม้าจานละ 7xx฿ ปูทะเลจานละ 1,0xx฿ ก็สมกับราคา"
ChdDSUhNMG9nS0VJQ0FnSUQtX0tQZTVBRRAB,Tara Chang,5,"The food is good, even it's not that Korea taste, it's still good."
Ci9DQUlRQUNvZENodHljRjlvT21sUU5HMHhhR0p0TTFrMGJraE9WMHhqYlZaMWJVRRAB,JJ,1,มาตรฐานตกลงไปเยอะถ้าเทียบกับแต่ก่อน โดยเฉพาะการบริการ ค่อนไปทางแย่ค่ะ
ChZDSUhNMG9nS0VJQ0FnSUNlN2JMSmVREAE,Darby Mullis,5,"Personal service, high quality cuts, like a Brazilian steakhouse done Gundam Style. Delicious"
ChZDSUhNMG9nS0VJQ0FnSUQwOU1icWZBEAE,Chaiyot Ounsudkrong,3,บรรยากาศร้านอาจจะแน่นหนาไปหน่อยแต่พนักงานใส่ใจดีมาก รสชาติอร่อยแต่ราคาสูงไปหน่อย
ChZDSUhNMG9nS0VJQ0FnSUNLMXVMYUxREAE,Bro !,1,"+ Good Service , Friendly Staff.
-  Price are too Expensive. Photos in Menu are super different from reality.
ex. 1 Can of Coke is THB 55 + Service Charge.   Meat Quality are average but size are small and not big as in photo.  For 3 persons are cost THB 3136 T T"
ChdDSUhNMG9nS0VPX1lndDZHMHZYdHVBRRAB,Michael McEwen,1,The most overpriced Korean bbq I’ve ever had. 3600 baht for a few meats and the egg + 3 rices. So many better options
ChdDSUhNMG9nS0VJQ0FnSURoaS1McWt3RRAB,Marie Patty,4,ปูยังเป็นน้ำแข็งอยู่เลย  แต่รสชาติอร่อย ร้านเล็กไปนิด
ChdDSUhNMG9nS0VJQ0FnSUNta1BpMnJnRRAB,Esmond Tan,2,Food and service is good. Portion is small and price is expensive. I think there are other value for money Korean bbq to visit.
ChRDSUhNMG9nS0VJQ0FnSURZOUxZUxAB,Sirapong MetalcorePro,5,Ganjang gejang (crab preserved in soy sauce) is very yummy! The service is awesome. Highly recommended Korean restaurant.
ChZDSUhNMG9nS0VJQ0FnSURJeElpMFB3EAE,Jitpisut V,2,"-The staff are nice and well trained:) they will grill and cut the meat for you...such a good service
-meat is good but crab was fishy xO
- so expensive..too expensive!"
ChZDSUhNMG9nS0VPWEQxSVNnMHF1OVh3EAE,Varisara S.,4,"📍 ร้าน buffet ที่ตั้งอยู่ในตึก Time square ชั้น 4 สามารถนำรถมาจอดไว้ที่นี่หรือว่านั่ง BTS มาลงที่สถานีอโศกแล้วเดินบน sky walk เข้ามาในตึกก็ได้ค่ะ ร้านเปิดทุกวันตั้งแต่ 11:30-21:30 น.

🍲 เรท buffet มีให้เลือก 2 ราคาค่ะ ทานได้ไม่จำกัดเวลา; ตัว premium buffet มีกุ้งแปซิฟิกตัวใหญ่ที่แกะมาให้แล้วด้วย อร่อยมากค่ะ เนื้อเด้งกรุบมากๆ ชอบมากกกก ส่วนเนื้อสัตว์อื่นๆกับผักก็ดีมากๆเหมือนกัน สดสะอาดแถมให้เยอะด้วย น้ำซุปก็รสชาติดีค่ะ จะติดเรื่องน้ำจิ้มนิดหน่อย ส่วนตัวเราไม่ค่อยชอบรสนี้ค่ะ แต่เพื่อนก็บอกว่าอร่อยนะคะ ต้องมาลองทานเอง แล้วก็เราไปช่วงหัวค่ำ ไม่แน่ใจว่าปกติเวลาสั่งอาหารไปแล้วพนักงานใช้เวลาเสิร์ฟนานแค่ไหนเพราะว่าเราต้องนั่งรออาหารกันซักพัก ประมาณ 10-15 นาทีเลยค่ะ อีกเรื่องนึงคือโต๊ะที่ร้านไม่ได้ใหญ่มาก นั่งได้มากสุดประมาณ 6 คน/โต๊ะค่ะ

🍦 ใน premium buffet จะรวมพวกไอศกรีมด้วย มีให้เลือกทานได้ทั้งแบบแท่งและแบบถ้วย หรือใครอยากทานเป็นพวกขนมหวานที่ร้านก็มีเหมือนกันค่ะ"
Ci9DQUlRQUNvZENodHljRjlvT2xJeWRtZEZiV3RYV1hGRldIQm5jMHMxZDB3MFNYYxAB,N N (Pom),5,เลือกกินเป็นชุด Premium Buffet ไป มีเครื่องดื่มและขนมหวานรวมอยู่แล้ว สามารถเลือกน้ำซุปได้ 2 อย่าง กุ้งขาวตัวใหญ่สดเด้งดี กุ้งแม่น้ำไม่ค่อยสด ลูกชิ้นแมงกะพรุนอร่อย เกี๊ยวปลาอร่อย ข้าวกระเทียมใช้ได้ บริการค่อยข้างดีแต่ช้า แม้นลูกค้ามีแค่ครึ่งร้าน
Ci9DQUlRQUNvZENodHljRjlvT25oUFkwczVZVm96YUZwT2NIUm5iRmd3UzFNd2NsRRAB,Daud,4,"Buffet price is below 500 baht, my opinion is it’s the best choice in that range. You get decent beef, fresh seafood and vegetable that is good condition, more hygiene than others."
ChZDSUhNMG9nS0VJQ0FnTUN3eC03VFJnEAE,Dearz Sinsukpakdi,5,เป็น 1 ใน 2 สาขาที่ดีที่สุด ที่เคยกินมาของชาบูนางในเลย วัตถุดิบดี อร่อย สะอาด ชอบลูกชิ้นกุ้งมากๆๆๆๆๆๆๆ กุ้งแปซิฟิคคือที่!!! ดีมากจริงๆ ราคาไม่แพง ประมาณ 4XX บาท บางคนไม่ชอบน้ำจิ้ม แต่ส่วนตัวไม่ติดอะไร ถ้ากินวันศุกร์แนะนำให้จองมาก่อน ถ้าวันจันทร์-พฤหัสคนไม่เยอะมาก เดินทางเชื่อมจากบีทีเอสอโศกแล้วเข้าตึกไทม์สแควร์ได้เลย สะดวก สบาย หรือขับรถมาจอดฟรี 4 ชั่วโมง น้องๆบริการดี พูดจารู้เรื่อง มากินอีกเรื่อยๆแน่นอน! 😁👍
Ci9DQUlRQUNvZENodHljRjlvT25WNFptRmlRVlk0Y0hWbFkySXllamhaVDIxb2VXYxAB,Kamonrut P,5,ขาบูคอมฟอร์ทโซน ราคาดี คุณภาพดี แม้จะบริการช้าบ้าง งงบ้าง ระบายกาศไม่ดีบ้าง แต่มองข้ามได้ พอนสึคือที่ 1 กุ้งXL คือที่สุดดด อร่อยมาก ไปซ้ำบ่อยๆ ของสดดี ซุปเริ่ดจึ้ง
ChZDSUhNMG9nS0VJQ0FnSURmX3E2NVp3EAE,Pat POP,5,"ชอบร้านนี้ มาประจำครับ ชอบตรงวัตถุดิบ ถ้าเทียบราคาแล้ว รู้สึกว่าคุ้มค่ามาก ชอบทานเนื้อติดมัน กุ้งแกะตัวใหญ่ๆ น้ำจิ้มก็อร่อย น้องพนักงานก็ดูแลดีแค่สบตาก็เดินเข้ามา แต่บางครั้งก็ต้องโบกมือ แต่ไม่แย่ๆครับ
ความสะอาดถ้าปรับปรุงร้านจะดูน่านั่งมากยิ่งขึ้นครับ อยากให้ร้านรีโนเวทสักนิดเพราะเริ่มดูเก่าไปแล้ว จัดแย่งสัดส่วนในร้านใหม่ ให้สะอาดตามากขึ้น ก็น่าจะดีไม่น้อยเลยครับ

วัสถุดิบ ดูสด สะอาด น่าทานมากๆครับ มาแล้วมาอีกบ่อยๆ

ที่ชอบที่สุดที่ทำให้มาร้านนี้คือ ลูกชิ้นกุ้ง 55 (รักส่วนตัว)  ส่วนพวกเกี้ยว ลูกชิ้น ดีทุกอย่างครับ

ดีมากๆอีกอย่างคือกุ้งสดแกะ กับเนื้อติดมัน สุดยอดๆ

แนะนำครับ"
Ci9DQUlRQUNvZENodHljRjlvT2pORlRVZDFPWEZNVFVOR1kzbEZUVE0wWjBkb09VRRAB,Sunee Changjaroen,5,"ลูกชิ้นกุ้งทอด เสิร์ฟ พร้อมน้ำจิ้ม บ๊วยเจี่ย อร่อยมาก
กุ้งสดตัวใหญ่ เต็มคำ"
ChdDSUhNMG9nS0VJQ0FnTURBaDZ1bXdBRRAB,Jiraphat Plongphan,5,อร่อยทุกอย่าง ทั้งเนื้อ หนู โดยเฉพาะกุ้ง มีทั้งกุ้งแกะตัวใหญ่ๆ กุ้งแม่น้ำหัวมีมันกุ้งทุกตัวเนื้อกุ้งเด้งๆ ขนมหวานมีทั้งสละลอยแก้ว ลูกตาลลอยแก้ว ซึ่งไม่ค่อยเห็นมีในบุฟเฟต์ที่ไหน ไอศครีมก็หลากหลาย
ChdDSUhNMG9nS0VJQ0FnSUR2eC1PbTRRRRAB,PK,3,"ชาบูชาบูเจ้าเก่าอยู่ในตึก Timesquare
วันนี้มากินเมนูราคา 389 บาท + น้ำรีฟิล 39 บาท
Net 428 บาท ไม่จำกัดเวลา
ชาบูชาบุรสชาติดี ส่วนตัวชอบเนื้อหมูมากกว่าเนื้อวัว ราคานี้มีกุ้งและปลาหมึกสด เราสั่งกุ้งสดไปกุ้งไม่ได้ตัวใหญ่มากแต่ทางร้านแกะเปลือกให้ทำให้ทานง่าย

ใครแวะผ่านมาสามารถมาทานได้ ชาบูชาบูรสชาติดี ราคาไม่แพง"
ChdDSUhNMG9nS0VJQ0FnSURubnV2czdnRRAB,Lts Spntps,5,"ลง BTS อโศก เดินมาไม่ไกล ร้านอยู่ชั้น 4 ตึก Time Square ขึ้นบันไดเลื่อน เดินเลี้ยวขวาตรงมาเจอเลยค่ะ

ร้านไม่ใหญ่มากไปช่วงเย็นอาจจะรอคิวนิดนึง วันนั้นไปถึงประมาณทุ่มนึงมีสามคิว รอประมาณ 30-40 นาทีค่ะ น่าจะเป็นช่วงคนเลิกงานพอดี

อาหารคือดีมากหลากหลายและสด สะอาด เราค่อนข้างชอบลูกชิ้นและเกี๊ยวปลาของที่นี่มาก กุ้งแกะให้เรียบร้อย และยังมีชีสในบุฟเฟ่ ราคาดี 389 +น้ำรีฟิล"
Ci9DQUlRQUNvZENodHljRjlvT2pOWlVqTktNM05QYTBwMVVGbGZObE5XZDBwaWNHYxAB,Fern Pari,5,ไปกินช่วง4-5โมง เงียบดี มี2-3โต๊ะเอง บริการดี หมูดี น้ำซุปดี มา2คนเสิร์ฟหมูแบบอิ่มพอดีเลยไม่ต้องสั่งเพิ่ม ราคาถูกและดีด้วย อยากให้มากันเยอะๆจะได้อยู่ต่อนานๆ
ChZDSUhNMG9nS0VJQ0FnSURIdGZHQWVREAE,Will PvR,5,"ร้านชาบูนางใน สาขานี้อร่อยมากกุ้งแกะให้แล้ว
ลูกชิ้นกุ้ง หมู เกี๊ยว หมู น้ำจิ้มสุกี้และพอนซึดีอร่อยม๊ากมาลองเถอะคุ้มจริงงงงง ราคา389 บุฟเฟต์"
ChdDSUhNMG9nS0VJQ0FnSUNfM051WGlBRRAB,tnpfar,5,"อาหารอร่อย สะอาด
คุ้มราคา
บุฟเฟ่ต์ 389 น้ำชาฟรี
มีรีฟีลน้ำ 39 บาท
เนื้อใบพายอร่อยคับบ"
Ci9DQUlRQUNvZENodHljRjlvT2s5UGJtTTRkamt0V2s1eFFrWTVhVzFrYjJ0S1YwRRAB,Julian Lundgren,1,they charged my card 10x the amount. 4000+bht. The food was good though. sucks about the mischarge. I disputed with my CC company and have the receipts and everything.
ChdDSUhNMG9nS0VJQ0FnSUN2Z2N1NjNnRRAB,Kulchawakan Summat,5,อร่อย ราคา300กว่าบาทต่อคน ไม่จำกัดเวลา ที่ทำสำคัญกุ้งแกะเปลือกให้แล้ว
ChZDSUhNMG9nS0VJQ0FnSUNIemEyekpnEAE,Thee Theerapat,5,"Quality Shabu with several meats and ingredients to choose. Price is higher than average competitor but overall is quite fair.

Thier pros are service mind, pre-peeled shrimp and quality beef. Their cons might be the so-so atmosphere and diluted mala soup."
ChdDSUhNMG9nS0VJQ0FnSUREdXQ2NmdnRRAB,iirenee,5,มากินครั้งแรกก็ประทับใจเลยค่ะ ร้านสะอาด ผักสด เนื้อ+ของซีฟู้ดก็สด บริการดีค่ะ น้ำจิ้มอร่อย และที่พลาดไม่ได้เลยคือ น้ำใบเตยค่ะ ไว้จะแวะมาใหม่นะคะ
ChdDSUhNMG9nS0VJQ0FnSUMtajhpNnJnRRAB,ROAT,5,มันดีม๊ากกกกกก สาขานี่ไปหลายรอบยังไม่เคยเจอของไม่สด ปลาหมึกดี  กุ้งตัวใหญ่แกะมาให้ด้วย  พนง.น้อย แต่บริการได้รวดเร็ว
ChdDSUhNMG9nS0VJQ0FnSURtMEppdTVnRRAB,myname vk.,4,"Unlimited time Shabu Shabu buffet since 2015, two price plan,almost famous is 349 THB, You can choose 2 soup,2 meat type,3 Pork meat and many toppings,best seller is Shrimp wonton and Tofu chesse ball. About vegetable, you can order All in one set. Beverage: Free Refill Chinese tea or Herbal tea (not included buffet). Fast service,simple but delicious. Accept QR Payment"
ChZDSUhNMG9nS0VJQ0FnSURob01IWldnEAE,Kriangkrai Tangtragoonviwatt,3,ไม่ได้มากินนานจำไม่ได้ว่าเคยกินอะไรบ้าง แต่ผมสั่งเนื้อ ซึ่งทางร้านมีเนื้อริบอายกับใบพาย ซึ่งเป็นเมนูที่ผมไม่ชอบ วันที่ไปทานเนื้อริบอายมีกลิ่น กุ้งปลาหมึกถือว่าสดปกติ ร้านมีชีสให้สั่งแต่ไม่มีถ้วยสำหรับต้มชีส ผมไม่ได้ทานน้ำจิ้มจึงไม่มีความเห็นครับ
ChZDSUhNMG9nS0VJQ0FnSUM5aTRqTkNnEAE,moo view,4,เนื้อหมูนิ่มอร่อยมาก เกี๊ยวปลา เกี๊ยวกุ้งคือเริส คนไม่เยอะดีงาม
ChZDSUhNMG9nS0VJQ0FnSUQtaWNQVlZnEAE,MooJii MissYou (-[ NaM ]-),4,อาหารอร่อย ทุกอย่างโอเค เลิศๆ บริการดีมาก มากเกินไป ไม่ค่อยชอบการนั่งมองลูกค้าระยะประชิด
ChdDSUhNMG9nS0VJQ0FnSUNUcU5hY19BRRAB,ครัวผู้กองหมี #กินกับหมี,5,ชอบในน้ำจิ้มพอนสึ  เนื้อดี กุ้งหมึกสด น้ำจิ้มซีฟู้ดดีมากกกกก  น้ำจิ้มสุกี้กลมกล่อม มาครั้งที่3เเล้ว ซุปหมาล่ารสอ่อนไปนิด
ChZDSUhNMG9nS0VJQ0FnSUQzbE1tZEVnEAE,ph punchy,5,"ร้านอยู่ไทม์แสควร์ชั้น 4 คนไม่ค่อยเยอะ
บริการดี อาหารดีได้มาตรฐานชาบูนางในสาขาออริจิ

หมูดี คุณภาพอาหารโอเคสมราคามากๆค่ะ ไอศครีมฟรี ไม่อั้น เอากำไรจากไหนน🥹"
ChdDSUhNMG9nS0VJQ0FnSUNHbk9qSGdnRRAB,J,5,"The store was clean and the staff were friendly.
Above all, the food was delicious!  The meat seemed fresh and the vegetables and seafood were good too.
There are two soups, both taste so good that you won't get tired of eating them over and over again."
ChZDSUhNMG9nS0VJQ0FnSURNN1pyOUt3EAE,Ojisan “Hiroshi”,4,"Cheap and good!!!
What’s good: Ribeye, fish dumplings( think it’s the signature), cheese.

What’s not good: Aircon and shrimps.

Simple decoration no fuss casual place. Good for groups and couple."
ChdDSUhNMG9nS0VJQ0FnSUNpMW9YQTBBRRAB,Anchna R.,5,เดินทางง่ายด้วยรถไฟฟ้า สถานที่สะอาด พนักงานบริการดี อาหาร สดอร่อย ช่วงวันธรรมดาหลังเลิกงานคนจะเยอะเป็นพิเศษอาจได้รับการบริการไม่ทั่วถึง
ChZDSUhNMG9nS0VJQ0FnSUNoenFueVpBEAE,George,5,"Great food, the beef is nice and soft and the fish wontons are very fresh, much better than more premium places. The vegetables are fresh and nice too. Very cheap price now 389 baht. Drinks are separate."
ChZDSUhNMG9nS0VJQ0FnSUR4NW9xaGR3EAE,George Wei,5,"All you can eat shabu for less than 500b! The star of the menu here is the river prawns, they were super fresh and delicious. They also have beef, pork, vegetables, and more! Everything is pretty decent and the shabu soups are great too! Don't know how they make money at this price but definitely come here to eat!"
ChZDSUhNMG9nS0VJQ0FnSUNkcEpESERBEAE,คงจะมีซักวัน,1,"วันนี้เจ้านายฯเลี้ยง ชาบู ชาบู
โอ๊ยอิ่มจัง อาหารใช้ได้ สะอาด สด,ใหม่ ทานจนเต็มอิ่ม"
ChdDSUhNMG9nS0VJQ0FnSUR1XzREV213RRAB,Pornsarun Sinthawashewa (Mew),5,อร่อยมาก ของคุณภาพดี รสชาติถูกปาก เริ่ดๆๆๆๆ
ChdDSUhNMG9nS0VJQ0FnSURHaUxfMF9nRRAB,Chollada Longchol,4,อาหารรสชาติกลางๆๆ พนักงานบริการดีมาก รู้สึกว่าเป็นการบริการที่ออกมาจากใจ
ChdDSUhNMG9nS0VJQ0FnSURMbFpuUDFnRRAB,Papitchaya Lertwassana,5,"คนน้อยดี ไม่ต้องรอคิวค่ะ
ราคาอาหารไม่แพงมาก เหมาะสมกับคุณภาพอหารค่ะ"
ChZDSUhNMG9nS0VJQ0FnSUNGNF92UWJREAE,Ilan Asher,5,"The premium menu is worth it.  The beef brisket was excellent, and the pork kurobuta was amazing!"
ChZDSUhNMG9nS0VJQ0FnSURtOTlqMFRnEAE,Jeeraphan,5,"Food was good, clean and delicious. If you are buffet lover you might try it you can at as much as you can. Also staff are very friendly and polite."
ChZDSUhNMG9nS0VJQ0FnSURWOTlPQ0J3EAE,Angella Hurt,5,"เป็นร้านชาบูที่อยู่ในอาคาร timesquare ชั้น 4 น้ำซุปเลือกได้ 2 ซุป ซุปดำค่อนข้างดี ส่วนซุปหม่าล่า ไม่ได้ลอง น้ำจิ้มมีให้เลือก 2 แบบคือพอนซึกับน้ำจิ้มสุกี้ รสชาติกลางๆทั่วไป ไม่ได้ว้าวมาก ส่วนน้ำรีฟิล แนะนำน้ำใบเตยกับตะไคร้ อร่อย ชื่นใจสุดๆ คุณภาพของหมูสไลด์,เนื้อสไลด์ดี ปลาหมึกสด มีกุ้งแกะเปลือกบริการ ชีสนัวๆเค็มๆ เอามาห่อเนื้อคือดี คำเตือนคือ การเสิร์ฟแต่ละ portion จะเยอะมาก 1 ถาด เท่ากับ 10 ชิ้น ดีที่ไม่ได้สั่งเยอะ เลยทานจนหมด ไปกิน 2 ชั่วโมง สั่งแค่รอบเดียว อิ่มเลย สั่งชีสกี่ถ้วย ก็ได้ตามที่สั่ง ไม่งกชีส สั่งชีส 3 ถ้วย ได้ชีสมา 3 ถ้วยเบิ้มๆ แต่เสียดายที่ไม่มีถ้วยต้มชีส ผักบุ้ง 1 ที่คือมาเป็นกำ เห็ดเข็มทอง 1 ที่ มาเป็นกำ สามารถทานได้ไม่จำกัดเวลา
การเดินทาง สามารถเดินทางโดย bts ลงสถานีอโศก หรือ mrt ลงสถานีสุขุมวิท เดินมาร้านไม่ไกล ไม่เกิน 10 นาที"
ChZDSUhNMG9nS0VJQ0FnSUNNZ2JydU9nEAE,Panee Somjeed,4,Good shabu with various selection and some ribeye meat also free drinks. There is no time limited here which is an advantage.
ChdDSUhNMG9nS0VJQ0FnSUNnc3NqWXdRRRAB,Athikan Khunkamut,4,วันนี้พาแฟนมากินชาบูนางในที่นี่ครับ นั่งไปยาว ๆ
ChdDSUhNMG9nS0VJQ0FnSUNYMU9qNV9RRRAB,P S,5,น้องๆที่ร้านบริการดีมากก
ChdDSUhNMG9nS0VJQ0FnSURldzczS3JBRRAB,Wissawa Suwannasom,5,อร่อยดีครับ วัตถุดิบสดใหม่ น้องๆพนักงานบริการดี น่ารัก
ChdDSUhNMG9nS0VJQ0FnSURDNk5mbzZ3RRAB,Sirintar Joy,4,พนักงานดู งง ตลอด แต่ก็พยายามบริการนะคะ อาหารสด ราคาไม่แพงในย่านนี้
ChdDSUhNMG9nS0VJQ0FnSUNYaXBfTjZBRRAB,SaturNight,5,สาขานี้ดีมาก มีกุ้งแกะตัวใหญ่ๆ กินง่าย ร้านนั่งสบาย รอคิวไม่นาน มากินแค่กุ้งก็คุ้มแล้ว
ChZDSUhNMG9nS0VJQ0FnSURtMVlQZVF3EAE,NY,1,"บริการห่วยแตก ยับเยิน
เข้ามาโต๊ะว่าง2โต๊ะ แต่ยังไม่เก็บ ก็ยืนรอที่โต๊ะ พนักงานสามคนเห็นทุกคนว่าลูกค้าเข้า พนักงานคนนึงบอกว่ายังไม่ได้เก็บโต๊ะ รอสักครู่
เดินไปเข้าห้องน้ำ 5นาที กลับมายังไม่เก็บโต๊ะให้
ก็ยืนรอ มองหน้าพนักงาน พรักงานก็พยักหน้าหงึกๆ แต่ไม่มาเก็บ หลบ เดินไปที่อื่น เดินไปบริการโต๊ะอื่น เสิร์ฟอาหาร เติมน้ำ เติมซุป รับออเดอร์ปกติ แต่กลับไม่มาเก็บโต๊ะ จนเดินไปถามว่าจะมีใครเก็บโต๊ะมั้ย
พนักงานคนนึงบอกออเดอร์ข้างในเยอะมาก ทำไม่ทัน ก็ถามอีกว่าจะเก็บโต๊ะให้มั้ย ก็บอกไม่ได้ เลยถามอีกว่าไม่ขายใช่มั้ย ตอบครับ ถามซ้ำอีกว่าจะไม่รับลูกค้าแล้วใช่มั้ย ก็ตอบอีกว่าครับ
ไม่เคยเจอการบริการที่ทุเรศแบบนี้มาก่อน
ถ้าไม่รับแขกก็ปิดประตูร้าน แปะป้ายปิดไป
เจ้าของร้านเคยมารับรู้ว่าห่วยแตกของการบริการร้านตัวเองบ้างมั้ย ถ้ารู้แต่ไม่ทำอะไรก็ขอให้ร้านปิดตัวลงเร็ววัน ขายของขายบริการห่วยๆ ไม่ได้มาขอกินฟรี

ถ้าใครมาร้านนี้แนะนำให้คิดใหม่
มีร้านบุฟเฟต์ต๊อกเกาหลีอยู่ชั้นล่างหนึ่งชั้นฝั่งทางออกที่จอดรถ ถูกกว่า ของดีกว่า มีคุณภาพทั้งอาหารและการบริการ ใช้ของเกาหลีจริงๆ พนักงานบริการดี พูดจาดี แนะนำดี

หรือถ้ายังชอบชาบูนางใน ไปสาขาอื่นเถอะ

Poor services, staff are suck, uneducated.
We came in and found 2 tables are available but dirty, not clean up yet so we stood and waited. 3 staff were acknowledged of customer entrance, said of one staff that ‘hold on the table did not cleanup yet’ so I went to the toilet for 5 mins, the table still the same dirty no movement..Then look to staff who walked pass they all acknowledged but no action on the table. But service beside tables, and avoid looking at us.
Finally, I walked to service station and asked whether they are going to setup the table..
We are busy, one of them said..(so what)
I asked again if he can cleanup the table, he said ‘No’. Again, I asked last question if they don’t want to welcome guests and he said ‘Yes’.

So I’m DONE with them and this outlet no more again for visiting and not recommend anyone to go there.
You’d better go other branches if you still prefer to have Shabu Nangnai.
But if you just would like to have buffet or hotpot, you can go another floor below, beside car park exit; the Korean dokki buffet with amazing staff and service, very good quality of foods, and importantly cheaper price. You will get a lot of better experiences.

AVOID SHABU NANGNAI TIMESQUARE!"
ChZDSUhNMG9nS0VJQ0FnSURMcl92MFBnEAE,อังคณา บุญเชิด,5,"มาทานบ่อยค่ะอร่อย
พริกแกงใต้ชอบค่ะ"
ChdDSUhNMG9nS0VJQ0FnSUNZakp2d2tRRRAB,คลีโอพัตรา กับสฟิงซ์ผู้ภักดี,4,วัตถุดิบสด... น้ำจิ้มหลากหลาย แต่แอร์ไม่ค่อยเย็น
ChZDSUhNMG9nS0VJQ0FnTURnZ3V1YVFREAE,Kannatee Sarakun,5,อาหารดีมาก กุ้งแกะให้ด้วยค่ะ น้ำจิ้มเริ่ด คุ้มค่า พนักงานเติมเก่ง 🤗🙂
ChdDSUhNMG9nS0VJQ0FnSURPakxtQTRnRRAB,เทพสุริยะ จําปา,5,อร่อยครับ คุ้มราคาอยู่ 349 ชอบมากคือเกี๊ยวปลานางใน กุ้งแกะเปลือกกินง่ายมากตัวใหญ่ๆเลย  แล้วก็เนื้อริปอายคือนุ่ม อย่างอื่นก็ทั่วไปครับ เสียดายลืมถ่ายรูปมา หิวจนลืม 55
ChdDSUhNMG9nS0VJQ0FnSUNPOTcyTm9nRRAB,Natnapak Paethong,5,"not too busy
taste good, especially black soup
fresh meat, vegetables"
ChZDSUhNMG9nS0VJQ0FnSURlcWJ1R0xBEAE,Panggg S.,4,"สาขาใจกลางสุขุมวิท ร้านกว้าง มีหลายโต๊ะ ราคาดี เนื้อ/หมูคุณภาพตามราคา ไอติมมีรวมในบุฟเฟ่ด้วย
ปล. ไม่ค่อยชอบตรงบางโต๊ะเป็นมุมอับ เรียกพนักงานยาก"
ChZDSUhNMG9nS0VJQ0FnSUNocklxSWZREAE,bigchu Nachi,5,อยู่ใจกลางเมือง สะดวกสบายในการเดินทาง ติดบีทีเอสสถานีอโศกและMRTสุขุมวิท  ราคาไม่แพง อาหารมีคุณภาพ เหมาะสำหรับเลี้ยงเป็นหมู่คณะและแบบครอบครัว
ChZDSUhNMG9nS0VJQ0FnSUMteC1YdlNBEAE,Chanthira Poom,1,ไม่มีพนักงานหน้าร้าน ยืนคอยเรียกอยู่นานพนักงานบริการแย่ห่วย เรียกรับบิลไม่สนใจเถียง ไม่ได้ระบุตัวเลขในใบสั่งต้อนส่งให้แต่ของมาเยอะแล้วเอาบิลมาบอกว่ามีตัวเลข😡รวมๆแย่
ChdDSUhNMG9nS0VJQ0FnSURzd1pIZW1BRRAB,Matt G,4,"The place is tucked away in the north east corner of the 4th floor. They have 2 buffet options. The 349 baht has a decent selection but for 50 baht more you get a much better selection of ""premium"" meats. The place was kept very clean and the service was good although their level of English is poor. There are 3 broths to choose from. Ordering is easily done via the order pamphlet. Only 4 stars because they do not have a dipping sauce selection (although that seems to be more for Chinese hotpot versus shabu). FYI - I'm not sure if it is enforced but there is a 30 baht fine per 100 grams of food ordered but not consumed."
ChZDSUhNMG9nS0VJQ0FnSUR4djlULWJnEAE,ถนอมวรรณ ด่านพิบูลย์,5,หมูนุ่ม ไม่เหนียว อาหารอร่อย พนักงานน้อย แต่บริการดีมาก การบริหารจัดการคิวต้อนรับลูกค้าหน้าร้าน ต้องปรับปรุง รอคิวนาน
ChdDSUhNMG9nS0VJQ0FnSUNVbnBMTXZBRRAB,Nissara Nampook,5,บรรยากาศดี วัตถุดิบสดและดีกว่าบางสาขาที่เคยไปกิน
ChZDSUhNMG9nS0VJQ0FnSUNGeTZ5M1lBEAE,Peach N,4,กุ้งดีมาก พนักงานบริการดี
ChZDSUhNMG9nS0VJQ0FnSUNXaS1taVRREAE,Ketsinee T,5,ชาบู ชาบู นางใน ไม่ใช่ชาบู นางใน อย่าเข้าใจผิด รสชาติใช้ได้ นั่งได้นานไม่จำกัดเวลา
ChZDSUhNMG9nS0VJQ0FnSUNBMDZfTmNREAE,J KKYT,4,บริการค่อนข้างดี ส่วนอาหารก็รสชาติแบบนางในทั่วไป ราคาแพงกว่าที่อื่นนิดหน่อย ปล. ตอนผมไปทานเจอแมลงสาบ ๒ ตัวด้วยครับ
ChZDSUhNMG9nS0VJQ0FnSURCd05EdkVnEAE,Pichayut Tananchayakul,4,"4th floor of time square building. Free parking for 4 hrs. (Need stamp from restaurant).
I called to book in advance.
2 types of price. 389 THB net and 469 THB net and also +39 THB for refilled beveraged.

No limited time for eating.
Good place and easy to transport by BTS Asoke station."
ChZDSUhNMG9nS0VJQ0FnSURXOHFYdVF3EAE,Wayu Vu,5,"High quality, various kinds of food (beef, black pork, seafood).. Fresh and delicious
Cozy and comfortable atmosphere, no time limit
Reasonable price
Must try once
Buffet in a rainy day is more than enough for me ..."
ChdDSUhNMG9nS0VJQ0FnSURneThLQ3h3RRAB,Phensri Cherdchoolao,4,มาทานหลายครั้งอร่อยใช้ได้แต่วันหยุดสำคัญเช่นปีใหม่แคชเชียร์ไม่อยู่ปล่อยให้เด็กที่ร้านเก็บเงินแทนเลยออกใบเสร็จเพื่อหักลดหย่อนไม่ได้ ภาพรวมดีค่ะ
ChZDSUhNMG9nS0VJQ0FnSURHM292T1lBEAE,Thanyatorn chatngoen,1,"รออยู่หน้าร้านไม่มีคนต้อนรับสักคน
ไม่บอกอะไรสักคำ เดินผ่านไปมา ให้รอก็บอกกันสักหน่อยก็ได้  แต่โต๊ะก็ว่างเยอะเลยนะ งงใจ
.. เสียความรู้สึกอุส่าตั้งใจมา"
ChZDSUhNMG9nS0VJQ0FnSUM0enM3eEp3EAE,Amnuaymek Chom,4,Price performance is ok. Overall settings can be better than this guess that it was modified from other restaurants. Anyway beef is good especially cheese is included.
ChZDSUhNMG9nS0VJQ0FnSURnN3ZEU0VnEAE,Nopanan Kwankla,4,"Best place that you can walk from BTS-Asok,
All you can eat with no limit time.
Very nice service, Shrimp dumpling and shrimp ball is so yummy,
Ponzu sauce is good but sukiyaki sauce is so-so."
ChZDSUhNMG9nS0VJQ0FnSURnek9DR013EAE,Phunthakit Kampa,3,ก็ดี แต่พอเวลาสั่งมาเยอะๆ ทำไมชอบทำใบสั่งหายทุกทีด้วย กลัวผมกินไม่หมดหรอ กินไม่หมดก็ปรับสิ ปล่อยให้รออาหารไม่บอกไม่กล่าว ต้องทวงถามเอง พนักงานไม่โอเคอะ
ChdDSUhNMG9nS0VJQ0FnSURndnV5WWlBRRAB,Kennii71,5,"อาหารคุณภาพดีทีเดียว
บริการก็ต้องตั่งใจฟังหน่อย เพราะเป็นคนต่างชาติบริการ โดยรวมดีครับ
28/10/17  วันนี้มาแบบหิวมาก อร่อยดีเหมือนเดิม"
ChZDSUhNMG9nS0VJQ0FnSURDNTViQ0N3EAE,chu chu,1,"ร้านนางในอื่น ไม่คิดค่าPepsi ร้านนี้ได้จ่าย 39 บาท 👎
ร้านอื่นpepsiก็ free ice cream ก็ free …"
ChZDSUhNMG9nS0VJQ0FnSUNLeHZ1Qkl3EAE,สมศรี ว่องเวศน์,5,เด็กที่เคยอยู่ด้วยพาไปกินบุฟเฟ่พร้อมแม่เด็กรวม ๓ คน คนไม่มาก อาหารอร่อย จัดร้านตามทางการกำหนดทุกอย่าง
ChZDSUhNMG9nS0VJQ0FnSURCN28tOUR3EAE,Skill Matic,5,"So good. Fresh food, excellent service. I used to go here all the time, but it made me a little bit fat from eating so much everyday."
ChdDSUhNMG9nS0VJQ0FnSUNHNzliUjZBRRAB,Keng Jang,4,"Hotpot dish of thinly sliced meat especially sliced pork, fresh shrimp,  shrimp ball, and vegetables boiled in water and served with dipping sauce. Tried buffet hear with both Shabu/Sukiyaki soup."
ChdDSUhNMG9nS0VJQ0FnSUNBOGVLWXV3RRAB,Orn Chuaykhao,4,อาหารรสชาติดี สั่งมาไวมากแต่ไม่ค่อยตรงเมนูที่สั่งไป น้ำจิ้มอร่อย ของหวานไม่ค่อยประทับใจ
ChdDSUhNMG9nS0VJQ0FnSUMxanFHQWxnRRAB,Leekung Lee,4,ต้องรอร้านปรับปรุงคงได้ทานอีกครี้งน่าจะหลังกลางเดือน มค.67
ChdDSUhNMG9nS0VJQ0FnSUNXa2ZDWDVBRRAB,BOZZ. PCH,2,ไม่จำกัดเวลาทาน คุณภาพอาหารไม่ค่อยดี บรรยากาศค่อยข้างเป็นส่วนตัว พนักงานบริการไม่ค่อยทั่วถึง
ChZDSUhNMG9nS0VJQ0FnSUN3X19palZBEAE,Benz,4,อร่อย มีเมนูให้เลือกเยอะ ราคาไม่แพง แต่ร้านหายากหน่อยถ้าไปครั้งแรก
ChZDSUhNMG9nS0VJQ0FnSUNKOE91WlRBEAE,C-ann chanvicha,4,พนง.บริการเร็วดีคะ ของดีสด กุ้งแกะเปลือกผ่าหลังให้ด้วย ดีงามคะ😍
ChZDSUhNMG9nS0VJQ0FnSUN5eW83SFNnEAE,Wiriya Phongchittham,5,ลูกค้าไม่เยอะ ไม่ต้องรอคิว พนักงานบริการดี อาหาร ok เครื่องดื่มหวานไปหน่อย ไอติมเยี่ยมมาก
ChdDSUhNMG9nS0VJQ0FnSUQwM3FtLXVnRRAB,Tippanath Sudjit,5,อร่อยด้วยน้ำซุปมีเอกลักษณ์ ราคาหัวละ 300 กว่า ๆ เกือบ 400 คุ้มค่ะ วัตถุดิบดี
ChZDSUhNMG9nS0VJQ0FnSUNILTdpeEZBEAE,Flobby Disk,5,แซ่ม
ChZDSUhNMG9nS0VJQ0FnSURnNzc3dUJ3EAE,Praseart Jong,3,ราคาถือว่าโอมาก เทียบกับคุณภาพของวัตถุดิบที่ทาน อย่าเทียบกับการตกแต่ง ความสะอาดและบริการ
ChdDSUhNMG9nS0VJQ0FnSUN1NGR1Uy13RRAB,วริษา ภูชาดา,5,"อาหารสด ,ชอบมากกุ้งแกะให้,ไข่ก็ตอกมาให้,พนักงานใส่ใจ ดูแลดีค่ะ"
ChZDSUhNMG9nS0VJQ0FnSURvcVBIVEl3EAE,Reggie Zane,5,ได้ยินชื่อมานาน เพิ่งกินครั้งอร่อยถูกใจมาก ๆ ลืมแบนด์อื่นหรือสูกี้ยี่ห้อดังไปเลย
ChZDSUhNMG9nS0VJQ0FnSUNTeTV1S053EAE,Phatra Banditwaytikul,5,"Fresh Shrimp , can walk from BTS Asoke and Good Service.
Recommend Keaw-Pla, Fried shrimp dumpling"
ChdDSUhNMG9nS0VJQ0FnSURTMVlUbTJBRRAB,Streetnight Channel,1,แย่มาก เวลาจัดส่งของ กรุณาเตรียมถุงบรรจุเพื่อรับออเดอร์ใหญ่ด้วยครับ
ChdDSUhNMG9nS0VJQ0FnSUNubUpfNzJnRRAB,Thanunya (ボール),4,อาหารสด น้ำจิ้มดี
ChdDSUhNMG9nS0VJQ0FnSUN1dm91djdRRRAB,Pankaew Jaitham,5,พี่พนักงานบริการดีครับ แอร์เย็นดี โชคดีที่ไปกินตอนไม่มีคน ส่วนตัวดี 555
ChZDSUhNMG9nS0VJQ0FnSUNtaEtHX1JnEAE,Shaun Botham,2,Not great for the price. Meat seemed below quality but the cheese tofu and shrimp sides were okay
ChdDSUhNMG9nS0VJQ0FnSURBMHRHem1RRRAB,TH Republic,4,น่าจะรวมไอติมกับของหวานในบุฟเฟ แต่ถือว่าอร่อยคุ้มค่าอยู่ครับ
ChdDSUhNMG9nS0VJQ0FnSUQwN055WHdRRRAB,ปิยะโชตน์ งามวิมลรัตน์,4,อร่อยคุ้มค้ากับราคา บริการดี
ChdDSUhNMG9nS0VJQ0FnSUNVLUxYY2x3RRAB,CHOM,5,Good food and reasonable price.
ChdDSUhNMG9nS0VJQ0FnSURHcm9Qem1RRRAB,Panita Chanachote,5,พนักงานอาจจะเรียกยากหน่อย แต่อาหารสด สะอาด น้ำจิ้มอร่อย
ChdDSUhNMG9nS0VJQ0FnSURDOGZTc3hRRRAB,Duanghatai Lertwattanasin,5,ของสด สะอาด อร่อย กว่าทุกสาขาที่เคยกินมา
ChdDSUhNMG9nS0VJQ0FnSUMybk16Y2lBRRAB,Naratip Thongsang,5,ร้านโอเคร อาหารดีมีคุณภาพ ไม่ค่อยวุ่นวาย
ChdDSUhNMG9nS0VJQ0FnSURBajhDWjV3RRAB,Sameh Sharaf,5,My coworkers and I are usual customers to this place. A buffet which you can eat whatever you want for a reasonable fixed price.
ChZDSUhNMG9nS0VJQ0FnSUNDbk03SUt3EAE,Wirun Sasinukul,5,อร่อย คุณภาพอาหารดี เดินทางสะดวก คุ้นเคย ทานบ่อย
ChZDSUhNMG9nS0VJQ0FnSURPcUpXbWRREAE,สไมลี่ย์ สมาร์ตี้ The Family,5,"Fresh and quality food with fair price
Recommend: Fish dumpling, Shrimp ball and Shrimp dumpling"
ChZDSUhNMG9nS0VJQ0FnSURBbFpURE9REAE,Pongsatorn swc,5,ร้านนี้ อาหารสดมากเลยย กว่าที่สาขาอื่นๆ
ChZDSUhNMG9nS0VJQ0FnSUM4bVAzT0NREAE,ao channel,1,ไม่สะดวกในการจอดรถ จักยานยนต์ ต้องเสียค่าจอด
ChdDSUhNMG9nS0VJQ0FnSUNnN19ianJBRRAB,Panupong Yokyongsakul,4,I and my colleagues mostly have dinner here. Another great place for Shabu-Shabu buffet.
ChdDSUhNMG9nS0VJQ0FnSURnb0lYd19BRRAB,supargon sujaritpinij,5,อร่อย พนักงานโอเค คนเยอะ แนะนำให้จองก่อนมา
ChZDSUhNMG9nS0VJQ0FnSUNpaXFfeVNREAE,Peeraya Bowonnatthasakul,5,อร่อยมากเลยคร่า โดยเฉพาะไอติมสัปปะรด
ChdDSUhNMG9nS0VJQ0FnSURCMlBIXzNBRRAB,Rattana Dangbu-nga,4,กว่าจะได้กินน้ำ บางจังหวะต้องไปหยิบเอง
Ci9DQUlRQUNvZENodHljRjlvT2t4bk5sRllaMkl0YmtOV1FUWm1kVGhsY2tWVkxWRRAB,Mimi Wuthiputhanan,5,ซูรุสาขาแรก อร่อยเหมือนเดิม ทานมาตั้งแต่ร้านเปิด  เมนูที่ชอบ คือ แซลม่อนซาซิมิ และอุด้งกุ้งเทมปุระ  ที่ร้านใช้กุ้งลายเสือตัวใหญ่ ทอดกรอบนอกนุ่มใน อร่อยมาก
Ci9DQUlRQUNvZENodHljRjlvT2xVd05teHNVV3gzVVhsRFExaG9UMjFPZGpWb1FsRRAB,Earthy Life,5,"เส้นอุด้งให้รสชาติมหัศจรรย์มาก อุดุ้งนุ่มขั้นเทพ ส่วนเส้นเล็กก็เริศรสมาก ปลาดิบสดใหม่ ข้าวปั้นกำลังดี จานใหญ่มากด้วย
แล้วเมนูอุด้งอร่อยจนลืมถ่ายรูปไว้ 555+
คออาหารญี่ปุ่นห้ามพลาดเลยนะคะ"
Ci9DQUlRQUNvZENodHljRjlvT201dlJXZFJiMmRYTFVGbFpuVnJXV3RpV0ZWWmJIYxAB,Err OR,3,"ร้านอาหารหน้า รพ.
อย่างแรกเลยนะครับ เซ็งที่เข้าใช้บริการพร้อมลูกค้าคนจีน คุยเสียงดัง เดินถือเมนูไปมาคุยกับเชฟหน้าเคาเตอร์เสียงดัง เสียบรรยากาศเงียบๆหมด

อาหารค่อนข้างจะเค็มนำครับ พอกินหลายๆชิ้นอย่างพวกโรล คำท้ายๆมันแบบเค็มอะ

กุ้งเทมปุระ แป้งค่อนข้างแข็งและเหนียว ทรงแป้งมาเป็นแพเลย"
Ci9DQUlRQUNvZENodHljRjlvT205d1VWRktaVTFNUWpSalFqUk1lVlJmVlVsRU1WRRAB,P Rawlins,4,"Food was good and fresh with nice clean restaurant. Staff was lovely and helpful. The price was reasonable. A little bit that I gave only 4stars was the waiting for food for so long  even when the shop was quiet, only 2-3 tables in there."
Ci9DQUlRQUNvZENodHljRjlvT2s1eFozaGpOQzFyV0doR2VHeFBjWEpwWkVKRE4xRRAB,นางพัชรินทร์ พิชิตปรีชา,5,หมดทุกจาน เป็นหนึ่งร้านโปรดของครอบครัวที่ต้องหาเวลากลับมาทาน เมื่อยุกันครบ  ไม่เคยผิดหวังซักครั้ง เพิ่มรูปภาพแล้ว
Ci9DQUlRQUNvZENodHljRjlvT2tSMFNUUnpRbUkxUVdGbWNGSnBhVVJVY1VvNFQxRRAB,Monica Yvonet,5,อาหารอร่อยมาก ราคาไม่แรงเกิน วัตถุดิบคุณภาพทุกอย่าง 10/10
Ci9DQUlRQUNvZENodHljRjlvT21GeVNYSldSMk00YzJOUVpVTm9aVkJwZUdaMVoxRRAB,ศศิมา สวนแก้ว,5,อาหารสด อร่อย พนักงานบริหารดี มาทานบ่อยมาก ไอติมอร่อยสุดๆ
ChZDSUhNMG9nS0VJQ0FnTUNnNHVtWVVnEAE,Pimkamon Kiatpanon,1,"อาหารอร่อย เนื้อปลาสด
มา 7 คน สั่งอาหาร 5-6พัน มีออร์เดิฟเป็นถั่วแระ จานเล้กๆ 2 จาน เด็กๆชอบกิน ขอพนักงานเพิ่มบอกว่า จำกัดโต๊ะละ 1  ถ้าจะสั่งต้องเสียเงินเพิ่ม เสียความรู้สึกมาก

โต๊ะอื่นมา2 คนก็ได้ออร์เดิฟ 1 จานแล้ว นี่มาตั้ง 7 คน ขอเพิ่มไม่ให้"
ChdDSUhNMG9nS0VJQ0FnSUNmb283RHVnRRAB,Paul Prakongsunt,5,"One of the best Japanese restaurants in the area. The ingredients are fresh. Unagi don is delicious. Edamame is fun to chew. In addition, the service is incredible. Staffs and the head chef are very nice and friendly. The price is on medium to high side but it’s all worth it. Highly recommended 👍"
Ci9DQUlRQUNvZENodHljRjlvT2pGYWFUZFBWWFl0Vm5ocVgxSkJiSEpKYURneFptYxAB,Naphaphach Kanchanawong,5,แค่เริ่ม5นาทีแรก soupอร่อยมาก refill ได้อีก
Ci9DQUlRQUNvZENodHljRjlvT2pOelRDMWlkbXRPUjJkWmEydG9OM0ExTVVoSlFVRRAB,kotcharat theppunkulngam,5,ข้าวแซลมอนกับฮามาจิสดมาก เนื้อเด้งอร่อย รสชาติดี
ChdDSUhNMG9nS0VJQ0FnSUNpOU5ueDFnRRAB,Fankuroll,5,เป็นร้านประจำส่วนตัว ถ้าอยากทานอาหารญี่ปุ่นคุณภาพกับรสชาติดีๆก็มักจะมาทานที่นี่ แม้ราคาจะสูงในระดับหนึ่ง แต่คุณภาพอาหารกับรสชาติและราคามันสมเหตุสมผลอยู่ ข้าวหน้าปลาไหลกลิ่นหอมร่อยมาก แต่อาจจะหวานหน่อยสำหรับคนไม่ชอบหวาน ส่วนปลาดิบถือว่าสดและคุณภาพปลาคือทานแล้วรู้สึกว่าเนื้อปลามีคุณภาพกว่าร้านทั่วไป อาหารจำพวกปรุงที่นี่รสมือทำออกมาดี ส่วนวัตถุดิบโดยรวมมีความสดดี และมีคุณภาพ ถ้าอยากลองอาหารญี่ปุ่นอร่อยๆก็แนะนำร้านนี้ ราคาอาจจะสูงหน่อย แต่เทียบกับร้านที่เรทราคาเดียวกัน ถือว่าคุณภาพกับรสชาติร้านนี้จะดีกว่า เวลาพาครอบครัวมากินทุกคนก็บอกว่าอร่อย แต่ราคาสูงไปนิด จัดว่าเหมาะกับครอบครัวหรือมากันกลุ่มเล็กๆหามุมนั่งสงบๆคุยกันได้ดี
Ci9DQUlRQUNvZENodHljRjlvT25oQmNTMUlSVmhwVnpOV01sUnZjRmxrZVVremJXYxAB,waraluck amornpong,5,ร้านประจำเวลามาพาพบแพทย์ อร่อยเหมือนเดิม😋
Ci9DQUlRQUNvZENodHljRjlvT25sSVJGYzBXRXc0TXpKUlpVVmxlbWQ0VWtWT1YyYxAB,NOTEMAEMOD,5,"พนักงานบริการดี
มีซุปกับถั่วแระ มาเสิร์ฟ ระหว่างรออาหารที่สั่ง
อาหารสด"
ChdDSUhNMG9nS0VJQ0FnSURwdGZtbzZBRRAB,zxtremedemon,5,"Food: 56.5/60
The food is very good, especially because I like Japanese food. The salmon and sushi is very high quality. It is all very good.

Service: 16/20
The service is ok and the staff are nice, but they forgot 3 orders. 3!!! They claimed that something is wrong with the machine, which may or may not be true. Everything else is good.

Atmosphere: 19/20
The place is Ok decorated and is clean, so the atmosphere is considered Good.

Total: 91.5/100, it would have been 95 if there were no service problems but very good"
Ci9DQUlRQUNvZENodHljRjlvT2xwdFNUQTNlRnAzY0dkYWJtbEtWbVIwWWxkQ1RXYxAB,Pimchaya Atipongnitit,5,อร่อยสด บริการดีมีคุณภาพ
ChZDSUhNMG9nS0VJQ0FnSUM5dEppTlpnEAE,Suppasa Aimsaard,5,ร้านอยู่ในเวิ้งของโรงพยาบาลศิครินทร์ มีที่จอดรถร่วมกับโรงพยาบาลเลย จอด outdoor เดินใกล้ๆ ถือเป็นร้านอาหารญี่ปุ่นคุณภาพสูงร้านนึงในละแวกศรีลาซาลเลย ร้านไม่ได้ใหญ่มาก ตอนไปถึงเย็นๆวันเสาร์เกือบเต็มเหมือนกัน สลัดอโวคาโดให้อโวคาโดฉ่ำ ไม่ได้มาแบบเศษ วัตถุดิบอาหารคุณภาพดี ที่สั่งไปยังไม่เจอของไม่สด หรือ เหม็น ราคาค่อนไปทางสูง แต่ก็ถือว่าสมกับคุณภาพ
Ci9DQUlRQUNvZENodHljRjlvT2sxWlRIaHBjVkZUWDFsRGJEUjZTRTVtTnpreVRIYxAB,Revoltz Moku,4,อยู่ข้างๆ โรงพยาบาล เดินมาได้เลย อาหารอร่อย ราคาคุ้มกับปริมาณ คุณภาพ
ChZDSUhNMG9nS0VJQ0FnSUQza0lERUdnEAE,Akapatr Chiraarreebutr,4,"ร้านอาหารญี่ปุ่นที่คุณภาพดีแห่งหนึ่งย่านบางนา คุณภาพอาหารดี สด สะอาด อร่อยถูกปาก พนักงานบริการดี บรรยากาศการตกแต่งร้านดี ติดตรงที่อาหารเสิร์ฟช้าไปหน่อย ราคาแอบแรงแต่คุ้มกับคุณภาพ สามารถจอดรถได้ที่โรงพยาบาล

ราคา : 3/5
คุณภาพ : 5/5
ความอร่อย : 5/5
ความสะอาด : 5/5
ความเร็ว :3/5
บริการ : 4/5
สถานที่ : 4/5
ความคุ้มค่า : 3/5"
ChdDSUhNMG9nS0VJQ0FnSUMxMW9ieXp3RRAB,Bim Bim S.,4,ปลาสด อุด้งอร่อย ไอติมนมก็อร่อย บรรยากาศดี สบายๆ แต่ข้าวผัดเนื้อไม่ค่อยโอเค โดยรวมแล้วคุ้มค่า
ChdDSUhNMG9nS0VJQ0FnSURZN2FhVndnRRAB,Jira Tong,5,"ร้านอาหารญี่ปุ่นที่พึ่งพิงแห่งย่านบางนา รสชาตอาหารใช้ได้ คุณภาพอาหารดี พนักงานบริการดี ราคาเหมาะสม สมกับที่ได้รับรางวัลการันตี

บรรยากาศภายในร้านตกแต่งสไตล์ญี่ปุ่น มี Appitizer เป็นถั่วแระญี่ปุ่น กับน้ำซุปมิโซะ (รีฟิล)

ปลาของที่นี่ค่อนข้างสด เมนูเส้นก็ค่อนข้างดี Texture จะไม่เหมือนร้านทั่วๆ ไป จะหนึบๆ เด้งๆ เล็กน้อย ถ้าสั่งเมนูเส้นต้องรอนานนิดนึง

สามารถจอดรถได้ตรงที่จอดรถ รพ. ศิครินทร์

* มี VAT 7% Service Charge 3%"
ChZDSUhNMG9nS0VJQ0FnSUQ3OTRhaVFnEAE,Bella S,5,"During a recent trip to the hospital, I had the chance to visit the second branch of Zuru restaurant, and it certainly left a positive impression. The meal consisted of a crunchy roll, cold udon, and stir-fried pork, each dish highlighting the restaurant's commitment to quality ingredients and expert preparation.

Starting with the seafood, the freshness was top-notch. The ika and white fish were especially remarkable, melting softly in the mouth. The chef’s precision in cutting the ika made it easy to chew and enhanced the overall dining experience.

The cold udon was a comforting dish, they were tender with just the right amount of seasoning to bring the dish together. It provided a subtle yet satisfying contrast to the more robust flavours of the other dishes.

The crunchy roll was a standout. The tempura flakes were fluffy and crispy on the outside, while the inside was packed with flavourful meat and perfectly seasoned rice. This dish was a great example of how texture and flavour can harmonise in a simple yet delicious way.

Lastly, the stir-fried pork with vegetables was well-executed. The pork was tender and well-marinated, though it leaned a bit on the sweeter side for my taste. Nonetheless, the chef’s selection of meat was excellent, ensuring that the pork remained juicy and not too dry even on the barbecue plate.

Overall, I was quite impressed with the quality and freshness of the ingredients at Zuru. This second branch continues to uphold the standards set by the original, making it a worthy destination for anyone seeking authentic Japanese flavours."
ChZDSUhNMG9nS0VJQ0FnSUNKMzV5WlhnEAE,Suebphong Rattanasathittham,5,"ร้าน Zuru ขึ้นชื่อเรื่องความสด และปลาตามฤดูกาลของญี่ปุ่น มีโอกาสได้ไปทาน
ที่สั่งมาก็ตามนี้เลยครับ

Sashimi ทางร้านแนะนำ Kinmedai พอดีปลาเพิ่งเข้าเลย สดๆเนื้อเด้งเลยครับ แซลมอน เนื้อนุ่มดีมาก สดเช่นกัน

Uni Sushi ทางร้านแนะนำเช่นกันว่าสดมาก
อันนี้ดีครับสดจริงๆ เนื้อเนียนมาก

Negitaro Don ดีมากครับ สดมากเนื้อเนียน
ละมุนทุกคำ

ร้านนี้มาทานคนเดียว มาเป็นคู่ หรือมากับครอบครัวได้หมดเลยครับ
เรื่องความสดต้องยกให้เลยครับผม"
ChdDSUhNMG9nS0VJQ0FnSUR1Z3AtbHRRRRAB,Apichit Yutithammanurak,5,ได้มีโอกาสทานที่ร้าน ในวันที่ฝนตกหนัก สั่งแฮมเบิร์กหมู กับข้าวญี่ปุ่นเสิร์ฟร้อนๆ และ Spicy Salmon Shushi Roll สดใหม่ อร่อยมากครับ พนักงานให้บริการดีมาก ประทับใจ อีกร้านอาหารญี่ปุ่น ย่านบางนา แนะนำให้มาลองทานครับ
Ci9DQUlRQUNvZENodHljRjlvT2xsWk1WSm5hbVJTVnpseE1IUjNaM013VVY5TWQwRRAB,BlackRabbit,5,อาหารสดอร่อย ไอศกรีมก็ดี 😋
ChZDSUhNMG9nS0VJQ0FnSUQ3N0lldUJ3EAE,Polli Kissa,4,รสชาติโอเค ชอบที่มีถั่วแระกับน้ำซุปเสิร์ฟฟรีให้ก่อนเลย พนักงานดูแลคอยเติมน้ำชาให้ตลอด ด้งถ้วยไม่ใหญ่มาก กินกำลังอิ่มพอดี
ChdDSUhNMG9nS0VJQ0FnSURGaWJuTDBnRRAB,Esther Hannah,5,"ข้าวหน้าปลา สด และอร่อยมาก
ปลาหวาน สด กินแล้วฟินมาก ไม่มีกลิ่นคาวเลย
ชูชิ อร่อย ปั้นมาดีมากๆ
วาซาบิหอม ขึ้นจมูก ถูกใจคนชอบกินวาซาบิ
เชฟฝีมือดี วัตถุดินดี
พรักงานแนะนำดี
บรรยากาศร้านดีมาก
มากินครั้งแรก ประทับใจ มากคะ
มีครั้งต่อไปแน่นอน"
ChZDSUhNMG9nS0VJQ0FnSURENnFhSWVnEAE,Woottisak Simhong,4,This little gem is hiding in the bangna neighborhood. Good quality sashimi and highly skilled chef with good execution. The chef really understands the flavor and makes the dishes stand out from others
ChdDSUhNMG9nS0VJQ0FnSURSdWViN3pRRRAB,Aey-Hathaichana Sirikat (ooAeYoo),4,"แซลม่อน 2 แม่น้ำคือดีมากค่ะ
ส่วนตัวชอบ Tasmanian Salmon มากกว่า Norway Salmon ค่ะ
สลัดปลาเงินเป็นเมนูโปรดของเรา
สำหรับร้านนี้แอบแปลกใจที่ผักสลัดไม่กรอบเหมือนร้านประจำเรา
น้ำราดเป็นน้ำสลัดครีมงาญี่ปุ่น
ส่วนตัวขอน้ำสลัดโชยุงาญี่ปุ่นเพิ่มเพราะครีมเลี่ยนมาก
ราคาค่อนข้างสูงค่ะ
มี VAT 7% และ Service charge 7% ค่ะ
วันนี้ทานคนเดียว 2 เมนู
ค่าเสียหาย 912 บาทค่ะ

พนักงานบริการดีมากค่ะน่ารัก ❤️"
Ci9DQUlRQUNvZENodHljRjlvT21VMkxVc3lMVUpzZW05WExXVlZkVTQyUTI5NWNGRRAB,worawut wright,5,กินครบ1000 ได้ซื้อเมนูพิเศษราคา69 คุ้มมมมม
ChdDSUhNMG9nS0VJQ0FnSUNaaXFiazdBRRAB,ME ME,4,"ร้านอาหารญี่ปุ่น แถวหน้าโรงพยาบาล
จอดรถลานจอดด้านหลังร้านได้เลยจะเป็นที่เดียวกันกับที่จอดโรงพยาบาล

เมนูเยอะมาก ชอบที่สามารถเลือกซาซิมิเเยกได้เฉพาะที่อยากกิน

จ่ายเงินสดหรือโอนจะมีส่วนลดให้สมาชิก 10%

รูปใบเสร็จแนบอยุ่ท้ายๆ"
Ci9DQUlRQUNvZENodHljRjlvT21WMmNXaEVTRjl0ZFhKemJtdFBkbU13YXkxbE5sRRAB,angel sakdibhornssup,4,อาหารรสชาติดี ราคาสูง บริการเนือยมาก วาซาบิเผ็ดวาบมาก
ChZDSUhNMG9nS0VJQ0FnSUQ2MEoyU1RBEAE,amnat jet,3,Zuru Contemporary Japanese Flavors   สาขานี้อยู่ติดกับร้านสตาร์บั๊ค หน้าโรงพยาบาลศิศรินทร์ ปลาดิบที่นี่สดมาก อาหารอร่อย ชอบเมนูปลาไหลย่างซีอิ๊ว อร่อยมาก เนื้อปลาไหลหนานุ่ม หวานฉ่ำ ราคาแอบสูงนิดตามคุณภาพของวัตถุดิบ จอดรถที่โรงพยาบาล เดินมานิดเดียวก็ถึงร้านแล้วครับ
ChdDSUhNMG9nS0VJQ0FnSUNMaTh6bXl3RRAB,Wenisa T,4,อาหารสด อร่อย ซาซิมิปลาที่มีในแต่ละวันของร้านหอมยูสุ เมนูเนื้อก็ดี ไปกัน6คน ราคาประมาณ17xx ต่อหัวรวมเครื่องดื่ม
ChZDSUhNMG9nS0VJQ0FnSURBOW9pVmZBEAE,Bussakorn L.,4,รสชาติอาหารใช้ได้ ความสดของของดิบดี หอยเชลล์หวานหนึบ ไข่ปลาแซลมอนสดไม่คาวเลย Negitoro Don อร่อยมาก ชอบตรงที่ขิงซอยเล็กๆกรอบกรึ๊บเคี้ยวกับปลาดิบนิ่มๆแล้วทานหมดชามได้ไม่เลี่ยน หอมอร่อย สเต๊กเนื้อวากิวหน้าตาน่าทานแต่รสชาติน่าจะอร่อยได้มากกว่านี้ บริการดีมาก
ChZDSUhNMG9nS0VJQ0FnSUNxdUktdFR3EAE,Ry Orraphan,4,Zuru Contemporary Japanese Flavors   สาขานี้อยู่หน้าโรงพยาบาลศิศรินทร์ เลยค่ะ ชอบที่ร้านนี้ปลาดิบสดมาก อาหารอร่อย บรรยากาศโอเค ดูสะอาดสะอ้าน ชอบเมนูปลาไหลย่างซีอิ๊ว อร่อยมาก เนื้อปลาไหลหนานุ่ม เคี้ยวแล้วฟินมาก อีกเมนูที่ชอบคือ หม้อไฟนาเบะหมู มาเป็นหม้อไฟ หมูนุ่มอร่อยดีค่ะ
ChZDSUhNMG9nS0VJQ0FnSUNZdE9yQ0JnEAE,Worawit Laosatirawong,4,"ร้านอาหารญี่ปุ่นเจ้าดังย่านบางนา ศรีนครินทร์ มีรีวิวเกิน 100  แล้ว
สาขานี้ที่จอดรถสบาย ใช้ร่วมกับของ รพ.
เข้าเรื่องเลยดีกว่า พอดีว่างๆเลยไปวันธรรมดาๆ คนไม่เยอะเลย ดูเงียบ
พนง.ทุกคนหน้านิ่งมาก เหมือนเพิ่งโดนเพื่อน โดนสามีด่ามา นิ่งแบบอมทุกข์ ตูดๆตลอด  คือบริการดีนะ แต่สีหน้าไม่ไหวจริงๆ  ทางเราเลยต้องกระตุ้นกดปุ่มเรียกบ่อยๆ

ส่วนอาหารจัดว่าแพงพอควร  แต่ก็คุณภาพดีกว่าร้านถูกๆที่ชอบมีโปร สดกว่าดีกว่าแบบค่อนข้างชัดเจน
ไม่มีเมนูที่ชอบพิเศษ เพราะมาตรฐานดี

กิน 3 คน ไม่ได้สั่งของแพงๆ  รวม 2,300 บาท
ถ้าไม่ดีจริง  คงหนีไปกินบุฟเฟ่ห์หัวละ 7xx  บาท จะดีกว่า

ทำบัตรสมาชิก 500 บ  ลดได้ 10%  ทันที (ลดจริงประมาณ 6-7%  ของราคาสุทธิ)

ก็คงต้องไปอีกเพราะทำบัตรสมาชิกแล้ว และหวังว่าจะเจอพนักงานตอนที่อารมณ์ดี"
Ci9DQUlRQUNvZENodHljRjlvT25SS2RHWjRVRGRZUlRsc1QxUjJTbXhOUjNkTlpHYxAB,Mind L.,5,อร่อยทุกครั้งที่มา 🥰 …
ChZDSUhNMG9nS0VJQ0FnSUNtdjdxUU53EAE,Supanuch Sapruenruay,4,"I'm very impressed the taste of their food. Every menu that I had eaten is very good in quality and taste, but the staffs were not active as much. One of them fill my green tea a half of glass then a jar was empty and she did not comeback to fill fully."
Ci9DQUlRQUNvZENodHljRjlvT210dVdGbE9ORmRvV1c1eFdEbExkazVXU2s5NVNsRRAB,patumtip Lert,4,Fresh and reasonable price for people who live nearby or visit the restaurant
ChdDSUhNMG9nS0VJQ0FnSURJdWRiVWlRRRAB,Adisak Korporn,4,ร้านตั้งอยู่ในบริเวณโรงพยาบาลศิครินทร์สามารถจองรถในโรงพยาบาลหรือหน้าร้านได้เลย(ถ้ามีที่จอด) คนใช้บริการไม่เยอะมากทำให้พนักงานบริการได้ถ้วนถึง อาหารสด อร่อย คุ้มค่ากับเงินที่เสียไป มีอาหารให้เลือกค่อนข้างหลากหลาย ส่วนตัวชอบ Kaizen Don เพราะมีปลาให้มาหลากหลาย กินได้สนุก และอร่อยเพราะปลาสด ส่วนอาหารอื่นๆมาลองกันดูซักครั้ง
ChdDSUhNMG9nS0VJQ0FnSUR3cE02dzdnRRAB,auttapong maesincee,5,สดอร่อยเสมอ แต่ เสียดายไปตอนจะปิดร้าน ลืมทำเนื้อย่างมาให้ และก็ปิดครัว โดยไม่รับผิดชอบอะไรเลย แอบเซ็ง #อุส่าขับจากเยาวราชไปกินที่ศิครินทร์
ChdDSUhNMG9nS0VJQ0FnSURCaXJEWXdnRRAB,Chiratchaya Harikulrak,5,"ของดีใกล้บ้าน ไม่ต้องเข้าห้าง
ปลาสดไม่ต้องกังขา มากี่ครั้งคุณภาพประทับใจเสมอ
การจัดจานถือว่าจัดจ่านในย่านบางนา
รสชาติดี นุ่มนวลไม่จืดไป ไม่เค็มไป
อาหารจานค่อนข้างใหญ่ เวลาสั่งค่อยๆใจเย็นๆ อย่าโมโหหิว

เมนูโปรด
ข้าวหน้าปลาไหลที่ห่อใบไผ่(มั้ง) อันนี้ดี เราชอบ แม่ชอบ ยายรักเลย
ซูรุสลัด เป็นสลัดที่แบบ กินจานเดียวก็อิ่มได้อะ

ที่จอดรถ สามารถจอดในที่จอดของโรงพยาบาลศิครินทร์ได้ สะดวก ปลอดภัย แต่บางทีก็เต็ม เผื่อเวลานิดนึง อย่ามาตอนหิวจัด"
Ci9DQUlRQUNvZENodHljRjlvT2xNeGRUSTBkSFo2YUdaMU9VRkdibFkwZWxoRGFVRRAB,Nattaya Pornthanasawat,4,"The food was pretty good, however, personally I think a little pricy. But overall, not bad. The staff and service are nice. And convenient location."
ChdDSUhNMG9nS0VJQ0FnSURBeFo2ZnhnRRAB,Nitchanan Kangwolkij,4,"The food is pretty good, but not impressive. It's also quite pricey in my opinion given the taste, quality of food and location. But, if you live in the area and are craving Japanese food, this place should be one of the best options for you."
Ci9DQUlRQUNvZENodHljRjlvT25KYVYxbE5hRTVVZWxCNlREbFhTRXRsUjBGM1JHYxAB,ant wari,5,อาหารอร่อยมากๆค่ะ
Ci9DQUlRQUNvZENodHljRjlvT2tSTkxUVmhiRU51TTNaZmFuUXRiR3RVU1ROUVlWRRAB,Chonnipa Charoonsri,5,ซาชิมิสด อาหารอร่อย บรรยากาศดี พนักงานให้บริการอย่างดี
ChdDSUhNMG9nS0VJQ0FnSURrMk9uenVnRRAB,Kittitat Sudprasert,5,ร้านสาขาบางนา ตกแต่งใหม่สวยมากๆ ชอบ mood and tone ของร้าน ดูแบ่งเป็นสัดส่วนดี รสชาติอาหารอร่อย คุ้มกับเงินที่จ่ายไปมากก
Ci9DQUlRQUNvZENodHljRjlvT201NFIwTkpSazFPTUZwcWVsZDFkemR5YVdGYWJsRRAB,Nichamon Vasinsakul,5,กินมาตั้งแต่ร้านเปิดแรกๆจนตอนนี้เปิดหลายสาขาแล้ว ยังอร่อยเหมือนเดิมไม่เปลี่ยนค่ะ
Ci9DQUlRQUNvZENodHljRjlvT2tWRGVuVnliVXh2UTNsUExVeHlkMnhGYTJwM1ZsRRAB,Parada Meewattha,5,ร้านดีมาก ตกแต่งสวยงาม บริการเต็มที่ พนักงานสุภาพมาก แถมซูชิให้ตั้งสองชิ้นด้วยครับ
Ci9DQUlRQUNvZENodHljRjlvT21kMVdFWjJlSEp2ZEdod1NIWllSRFJYTWt4eFIwRRAB,Doracool,2,อาหารไม่อร่อยสุดๆ ได้รางวัลมายังไง งงมากเลย ปลาไหลห่อใบไผ่ บอกเลย หวานเบาหวานถามหา นอกนะนไม่มีไรเด่นเลย รสชาติแย่ ไม่ได้กลับไปอีกแล้วละ
ChZDSUhNMG9nS0VJQ0FnSURBcE1mOGRnEAE,Kaew Homemy,5,อร่อยค่ะ...ชอบมาก ช่วงนี้มีการป้องกันโรคโควิค ก็จะดูเงียบๆนิดนึ่ง แต่ร้านบริการดีค่ะ สะอาด
ChdDSUhNMG9nS0VJQ0FnSUNNemZhbHJRRRAB,Vanda Zaap,5,ร้านนี้แม่ชอบมาบ่อย อร่อยสด บริการดี ไปมาอีก 30ธันวาคม2562 ไปอีกทีหลังปีใหม่เห็นร้าน ปิดปรับปรุงถึง สิ้นเดือนมค63
ChZDSUhNMG9nS0VJQ0FnSUNIXzdHLUN3EAE,Kathy A,5,My favorite premium japanese food in Srinakarin road. My top choice of japanese food around here. A lots of parking.
ChdDSUhNMG9nS0VJQ0FnSURJMVllRHZnRRAB,Many Happy,4,"อาหารสด สะอาด ราคาสูง เพราะถือว่าใช้วัตถุดิบที่ดีมาก..
มาทานที่สาขานี้ มากกว่า 5 ครั้ง
ร้านนี้ ซุปเติมฟรีตลอดด..
จอดรถที่ด้านหลัง ลานจอดรถโรงพยาบาล ศิครินทร์ได้
ห้องน้ำสะอาด"
ChZDSUhNMG9nS0VJQ0FnSURRN0tfUFJREAE,Saengsaeng,5,ร้านโปรดที่กินประจำ อร่อยทุกเมนู โดยเฉพาะแซลมอนสามน่านน้ำ เนื้อแซลมอนดีมากก สด
ChdDSUhNMG9nS0VJQ0FnSURxaE9hemhnRRAB,hiso party,5,อาหารรสชาติดี จัดจานสวยงาม ทุกอย่างดีหมด ใช้วัตถุดิบชั้นดี ที่จอดรถก็มีเพียงพอ ราคาเเรงตามคุณภาพ
Ci9DQUlRQUNvZENodHljRjlvT21OeVoweFFUVGxOVjFadVdHTmFUbEJuYWs1d2FuYxAB,Tanayut Chaimanus,5,ร้านอาหารญี่ปุ่นที่ชอบที่สุด อยู่ติดรพ.ศิครินทร์ มีที่จอดรถสะดวกสบาย
ChZDSUhNMG9nS0VJQ0FnSUR3eDVXLUFnEAE,tawan udompla,4,อาหารอร่อย คุณภาพดี บริการดี ติดที่เช็คบิลช้าหน่อย แล้วก็รูดบัตรเครดิตสลับกะโต๊ะอื่นเท่านั้นเอง แห่ๆๆๆ 😅 …
ChZDSUhNMG9nS0VJQ0FnSURWazZpa1d3EAE,Farng M Wong,5,"Japanese restaurant in front of the hospital. Good quality, fresh and tasty. A place for family, friends, and guests. Parking in hospital area (behide the restaurant)."
ChZDSUhNMG9nS0VJQ0FnSURacUozd2RBEAE,naraporn chainvirattanapit,5,อาหารญี่ปุ่น สด อร่อย แซลมอนโรลอร่อยมาก อยู่ข้างหน้า รพ ศิครินทร์ ร้านตกแต่งสวยงามเปิดเพลงเพราะ บริการดี ซุปเติมฟรี
ChZDSUhNMG9nS0VJQ0FnSUN3amNUbmRBEAE,bignhumnoi,5,อาหารอร่อย ใช้วัสดุคุณภาพดี จัดหน้าตาอาหารได้น่ารับประทาน อาหารเสริฟเร็วไม่ต้องคอยนาน น้ำซุปรสชาตถูกปากคนไทยไม่จืดจนเกินไป ราคาค่อนข้างสูง หากจะรับประทานเป็นมื้อพิเศษก็พอรับได้ ที่จอดรถสะดวก พนักงานบริการดี ยิ้มแย้มแจ่มใสอัธยาศัยดี ใส่ใจการบริการ ต้องปรับปรุงเรื่องห้องน้ำ เนื่องจากจุดบริการห้องน้ำมีจุดเดียว พนักงานทำความสะอาดใช้เวลาทำความสะอาดนานมาก และน่าจะจัดโปรโมชั่นร่วมกับบัตรอื่นๆเยอะหน่อยเพื่อจะได้เป็นทางเลือกในการใช่บริการมื้อปรกติ
Ci9DQUlRQUNvZENodHljRjlvT2xKcVdIbERVRFpSVjFOQ1VURmpTRk5NT1hWT1oxRRAB,PM-Veerayut Leelabundith,5,อร่อยมากๆ
Ci9DQUlRQUNvZENodHljRjlvT2pkc1NWUnZVR0k0YmpGamFtSlBYMHBGVVZkSFUyYxAB,Ging Nattree,5,ที่แรกที่นึกถึง/อร่อยไม่เปลี่ยน
ChdDSUhNMG9nS0VJQ0FnSUNndTg3dHZRRRAB,Trirat Keadsuk,5,ร้านอาหารเรียบหรู เรียบง่าย แต่อาหารและความสดเหนือความคาดหมาย สดเหมือนไปกินที่ญี่ปุ่น บอกเลยใครไม่เคยไปญี่ปุ่น ต้องไปกินที่นี่
Ci9DQUlRQUNvZENodHljRjlvT2tZNGFpMXZUSFEwVUhCUWJXaE5VbTFJVjNkVk9WRRAB,Phetto N,4,อาหารสด อร่อย สะอาด
ChZDSUhNMG9nS0VJQ0FnSURneVliZUt3EAE,Nalinporn Pingkarawat,5,Good restaurant พนักงานบริการดีมาก ให้คำแนะนำที่ดี บรรยากาศร้านน่านั่งสะอาด เปิดเพลงญี่ปุ่นจังหวะพอดี ไม่เร่งเร้าและเสียงเพลงไม่ดังหนวกหูพาน่ารำคาญ ทุกอย่างปราณีตลงตัว แม้กระทั่งอาหารที่เซิร์ฟ ทุกจานตกแต่งน่ารัก แต่ละเมนูรังสรรค์มาอย่างดี คิดไว้แล้ว ว่าตักเข้าไปเจออะไรบ้าง ทานแล้วรสชาดจะออกมาแบบไหน กลมกล่อม ทุกอย่างลงตัว ประทับใจ
ChZDSUhNMG9nS0VJQ0FnSURJMjl2bmFBEAE,Chotiwat Hardware,5,ดีงาม อร่อยมาก พิถีพิถันในการทำ ใส่ใจรายละเอียด ซุชิอร่อย ข้าวเป็นเม็ด ปลาสดใหม่
ChdDSUhNMG9nS0VJQ0FnSUQwdmRhNnVRRRAB,Wattikorn Jira,5,"Wow! Big portion of foods, we have 2 members ordering 3 dishes, more than enough. Taste is fine, fresh fish."
ChZDSUhNMG9nS0VJQ0FnSUNRcW9MTGZ3EAE,Oum Peenita,4,"อาหารอร่อยมาก คุณภาพดี พนักงานบริการเป็นกันเอง
ราคาสูงตามคุณภาพของอาหารค่ะ"
ChZDSUhNMG9nS0VJQ0FnSUQwMEotNlR3EAE,Kukki C.,3,อาหารรสชาติดีนะ คุ้มค่าคุ้มราคา คุณภาพอาหาร และวัตถุดิบดี รสชาติดี
ChdDSUhNMG9nS0VJQ0FnSUNndl9LanBRRRAB,saruda Mekaroon,4,อาหารปริมาณเหมาะสม คุณภาพดี รสชาติดี ติดที่เสียงก้องมาก(ไปทานวันเสาร์เย็น คนเต็มร้าน) และเช็คบิลช้ามาก
Ci9DQUlRQUNvZENodHljRjlvT25wUFYyRmZlREp5WXpBMlYzVjNZa1pSVUZjeGJGRRAB,Tanasan Sirirat,5,อาหารอร่อย มาครั้งแรกลูก ๆ ชอบมาก
ChRDSUhNMG9nS0VJQ0FnSUNnXzVsTRAB,Andrew Chin,4,Great place to enjoy Japanese food although prices are relatively pricey. Green tea and miso soup is refillable without extra charge. Service is very friendly and polite. Location is near a hospital with outdoor parking. There will be people driving golf carts picking you up after parking since it's a bit of a walk. Recommended for a nice meal with friends and family but probably not for a professional setting.
ChZDSUhNMG9nS0VJQ0FnSUQtcUxQOFRBEAE,Kanoon 66,5,Impressive food and service. Quality fresh food. You can park at sikarin hospital.
ChdDSUhNMG9nS0VJQ0FnSURoX29HYW5BRRAB,NoongNing NaJa,5,"There are a variety of Japanese menus such as Salad, Steak, Sushi, Sashimi, Ramen, etc. Premium quality, delicious food."
ChdDSUhNMG9nS0VJQ0FnSUNXbzc2ZGx3RRAB,Prathan Trichakraphop,4,Great Japanese good. Many types of dishes to select. Wide range of food options.
ChdDSUhNMG9nS0VJQ0FnSUN2cGIzNzdRRRAB,Arisara Saeheng,5,อาหารอร่อยและให้เยอะมากคุ้มค่ากับราคาค่ะ
ChZDSUhNMG9nS0VJQ0FnSUR0MFliOVdREAE,Auu PK,5,ชอบเมนูร้านนี้มากค่ะ แวะมาแถวนี้ทีไรไม่พลาดที่จะอุดหนุน
ChZDSUhNMG9nS0VJQ0FnSUNzbmYyZVZnEAE,Chittapon Wongviriyasit,4,ร้านดังย้านนี้ ของสด รสชาติดี ราคาสูงหน่อยนะครับ คุณภาพตามราคาครับ
ChZDSUhNMG9nS0VJQ0FnSUNRNjhuaVVREAE,วนิดา เอง,4,"อาหารอร่อย พนักงานสุภาพบริการดี
ราคาโอเค จอดรถได้ที่โรงพยาบาล"
Ci9DQUlRQUNvZENodHljRjlvT2psUlFrbHFRVVo0YURCU2QyWkpkR05mVTB0NGVtYxAB,skaorat11,5,พนักงานให้บริการอย่างดี อาหารอร่อย ราคาสมเหตุผล
ChZDSUhNMG9nS0VJQ0FnSUNLbGZ2QkZnEAE,Varat Jan,4,"Excellent foods good taste, one star is redacted due to no taste and aroma of green tea."
Ci9DQUlRQUNvZENodHljRjlvT2s5SmIzTk9SM2RyV0hadmRsTnliRkUwUmtaU1dGRRAB,Sarawoot Chatreechawalkorn,5,ร้านสะอาด บรรยากาศดี รสชาติ เหมือนทานที่ญี่ปุ่นครับ
ChZDSUhNMG9nS0VJQ0FnSURZazU2cUJ3EAE,Wirut P.T,3,คุณภาพอาหารกับราคาไปด้วยกันได้ แต่การบริการและระยะเวลาตั้งแต่สั่งจนเสิร์ฟน่าจะทำได้ดีกว่านี้ครับ
Ci9DQUlRQUNvZENodHljRjlvT25GNldXOVVaRkJEU1V4U2RIVlhiMmh0TFdFMWJFRRAB,ศศิอัมพร กิติเจริญวัฒน์,5,อาหารอร่อยมาก สดมาก
ChZDSUhNMG9nS0VJQ0FnSUNBcWJyS2RBEAE,T R,5,Great quality sushi with wide variety of choices in the menu and reasonable price. Highly recommended
ChdDSUhNMG9nS0VJQ0FnSUNBMDdLSWdRRRAB,Pacharapong Suntanaphan,4,Great food. Great service. Maybe the other lady the complaint about the service  just caught them on a bad day. Highly recommend it.
ChdDSUhNMG9nS0VJQ0FnSUNScHA3cGtnRRAB,Nayos Sartjinpong,5,very impressive menu. Good taste. fresh ingredients 👍👍👍 …
ChdDSUhNMG9nS0VJQ0FnSURndGV5cDdnRRAB,Bangkok Wheels,5,อาหารอร่อย มีไอเดียดีมาก ของสด และคุ้มค่าราคา
ChdDSUhNMG9nS0VJQ0FnSUNzcDhIQ2dRRRAB,Bell Belle,4,Great place for Japanese food. Cozy and quite privacy after renovation. Would recommend for this restaurant
ChZDSUhNMG9nS0VJQ0FnSUR1M2JuZVZBEAE,Kannika Wittaya,5,อร่อย แต่ราคาจะมีบวกเพิ่ม service charge 8% และ Vat 7%
ChdDSUhNMG9nS0VJQ0FnTURJb01HanFBRRAB,Pakanan Trongchitkarun,2,"อาหารรสชาติทานได้
ซุปมิสโสะอร่อย"
ChdDSUhNMG9nS0VJQ0FnSURRNE9QMmpnRRAB,Pop JC,4,"Good quality, Fresh ,Delicious

Wasabi is grade A
Good soy sauce
Sushi is fantastic
but quite expensive"
ChZDSUhNMG9nS0VJQ0FnSUQ2eHVEcUhnEAE,มรุตเทพ วงษ์วาโย,5,ปลาดิบดีงามมาก อาหารอร่อยเกือบทุกเมนูที่สั่งยกเว้นคาราอาเกะ ราคาก็ค่อนข้างแรงเช่นกัน
ChdDSUhNMG9nS0VJQ0FnSUNtZ09qRXNRRRAB,worrawut mkc,4,"อาหารรสชาติดี วัตถุดิบสด
ราคาตามคุณภาพครับ"
ChZDSUhNMG9nS0VJQ0FnSUNBOExPSmNnEAE,Kittipetch Pingkarawat,5,friendly japanese modern designed restaurant! highly recommended! Food preparation is amazing!
ChZDSUhNMG9nS0VJQ0FnSURiMTR6VmZ3EAE,DontraVS Dontri,5,"เป็นร้านที่ไม่มีร้านไหนมาล้มได้ในเชิงที่ว่าอาหารญี่ปุ่นที่ใช้ของดี presentจานดี บริการดี รสชาติดี ความคิดสร้างสรรค์ดี ราคาค่อนข้างเเพงเเต่สมเหตุสมผลแบบพอทานเเล้วเข้าใจราคาได้ ไปร้านอื่นต้องกลับมาตายรังตลอดเพราะบางร้านอร่อยเหมือนกันเเต่เเพงกว่า บางร้านถูกกว่า สวยเเต่ไม่อร่อยเท่าอีก zuruคือพอดีในทุกๆด้านเเล้ว
สิ่งที่ต้องลองสั่งคือsalmon unagi roll คนคิดเมนูคือสร้างสรรค์มาก อโวคาโด้กับครีมชีสเเละแป้งเทมปุระกรอบๆกับซอสของเค้ามันทำให้salmon rollมีtextureที่พิเศษมากๆ สมเป็นร้านอาหารญี่ปุ่นfusion ถ้าที่ร้านทำโปรนั่นนี่บ่อยๆจะดีมากค่ะ"
ChdDSUhNMG9nS0VJQ0FnSUNnblo3dHN3RRAB,NT Agricultural,4,บรรยากาศดี สดอร่อย ราคาแรงนิดๆ
Ci9DQUlRQUNvZENodHljRjlvT2tKcVJrWnZlWGt6VTFabWEycGlaVTFVWDNsVVpsRRAB,Primprapas T,5,Delicious food with good quality.
Ci9DQUlRQUNvZENodHljRjlvT2pSVk5VVk5WVEJUT1d0Uk5URjRWVEZHY0RsaWNIYxAB,Anirut Pattaragarn,5,"ซื้อแบบ platinum สเต็กเนื้อดีครับหอม เลือกสุก medium เนื้อไม่ได้เหนียว โรยเกลือหน่อยอร่อยเลย , สปาเกตตีหอมทรัฟเฟิลแต่อยากกินแบบครีมเปียกกว่านี้, หอยเชลล์อบชีส หอยใหญ่เต็มปากมาก, ซุปข้นเห็ดทรัฟเฟิลหอมๆ ชอบ แต่มีคนบอกเค็ม ผมว่ากำลังดี, แซลมอนชิ้นใหญ่สดดีไม่เหนียวติดเส้นเอน, ซูชิเนื้อวากิวทำไมแอบเหนียวยังไม่เข้าใจ เลยกินชิ้นเดียว ชูชิฟัวกราส์นุ่มมันละลายในปากอย่างมาก กลัวเลยกินชิ้นเดียว ชูชิไม่กล้ากินมากกลัวอิ่มข้าว, หมูกรอบสามชั้น ชั้นหนังน้อยจัง เลยไม่รู้สึกกรอบ, เป็ดปักกิ่ง ต่อชิ้นหนังชิ้นเล็กไป โดยเฉพาะเมื่อเทียบกับเเผ่นเเป้ง, ปลาทอดในเมนูอาหารไทยก็ดีแต่อยากกินคู่กับมะม่วง, ข้าวมันปูนา ก็ได้นะ แต่ควรกินกับอะไรบ้างอย่าง, ขนมหวานสั่งข้าวเหนียวมะม่วง ข้าวเหนียวยังเป็นเม็ดค่อนแข็งไป เค้กมะพร้าวตัวแป้งค่อนแข็งไป, เครื่องดื่มมีหลากหลายอยู่ แต่ตัวเองกินเป็น sugar free"
Ci9DQUlRQUNvZENodHljRjlvT2sxMVlTMDNVemx4VFhWcmVXMTNUbGhTVkRKWU5GRRAB,Montree Tripetpisai,5,"ร้านอยู่ที่ชั้น 3

ได้ไปทาน Wisdom สาขา The Mall บางแค
ช่วงที่มีโปรโมชั่น 499++
เช็คบิลแล้วหัวละไม่ถึง 600 บาท

ถือว่าเป็นมื้ออาหารที่คุ้มค่ามาก
เพราะได้ทานอาหารรสชาติหลากหลาย
ทั้งเมนู ไทย ฝรั่ง ญี่ปุ่น จีน เครื่องดื่มและของหวาน

เวลาที่เข้าใช้บริการประมาณ 17:00 น.
ไม่ต้องต่อคิว
ไม่ต้องลุกไปตัก เพียงแค่สั่งจากจอแท็ปเล็ทบนโต๊ะ
แล้วอีกไม่นาน พนง. ก็จะมาเสิร์ฟถึงที่
มีเพียงเครื่องดื่ม ที่ต้องลุกไปเอาแก้วให้พนักงานที่บาร์เท่านั้น

รวมๆ แล้วถือว่าเป็นร้านอาหาร International Buffet ที่รสชาติอาหาร การบริการ บรรยากาศโดยรวม คุ้มค่ากับราคาที่จ่ายไปครับ

อยากให้ลองมาทานกันนะครับ"
Ci9DQUlRQUNvZENodHljRjlvT25FNFZHbDBSVmhKTFRSb1NVTkRaR1pGT0U5TVEzYxAB,Pariyakorn R.,4,"มาฉลองวันเกิด เลือกราคา 1,149 บาท อาหารมีให้เลือกเยอะ อร่อยดี แต่ตอนสั่งชอบเสิร์ฟกั๊กอะ เช่น กุ้งเผา เทมปุระ สั่งเยอะแต่เอาให้นิดเดียว แล้วสั่งรอบหลังๆก็ออกช้ามากกก"
Ci9DQUlRQUNvZENodHljRjlvT2pjMFVrcDZSWEl0ZG5rdGJXdEVSM1kxVmtzNWVtYxAB,วิริทธิพล ทรัพย์ศุทรากุล,5,"วันนี้ได้มาลองทานสาขา เดอะมอลล์บางแค
ทานโปรแพลตตินั่ม ลดเหลือ999++
รู้สึกคุ้มมากๆ
ถ้าเทียบกับการทานบุฟเฟต์หลักพันที่อื่นๆ
ที่นี่มีอาหารให้เลือกหลากหลายมากๆ
และคุณภาพ+รสชาติต้องบอกเลยว่าพรีเมี่ยมมากๆ
สถานที่ ที่นั่ง การให้บริการ ต้องบอกเลยว่าไม่มีที่ติ
มาทานตอนนี้มีโปรฟรีฟัวกราส์ไม่อั้นอีกนะครับ
คุ้มสุดๆ"
Ci9DQUlRQUNvZENodHljRjlvT25wS2QyMW1hVWhaTkhsTE1VWlJObUp6VFMxV1ZrRRAB,Preeyanat Arunrattanakit,5,"✨บุฟเฟ่ต์อินเตอร์ฯ ครั้งที่สอง🤤ครั้งนี้เลือกสาขาใกล้บ้าน สะดวกขึ้นเยอะ ร้านใหญ่ เมนูคือแน่น ของคาว ของหวานเยอะพอกัน อร่อยทุกเมนูจริงๆ 🍣🍰  การได้พาตัวเองมากินอาหารอร่อยๆ เดือนละครั้ง(รึเปล่านะ..) มันคือของขวัญเล็กๆ ที่เติมเต็มความสุขทางใจมากๆ 🥰 ถึงรู้แหละว่ากินแล้วต้อง💩แน่นอน🤪 แต่มันอร่อย  ทุกคำคือฟินจริงๆ 🍲🍱🍤🍳🍝
พนักงานก็บริการดีมาก ประทับใจสุดๆ"
Ci9DQUlRQUNvZENodHljRjlvT21oRU9YQlBlVloyTldsRWNFRXpXRloyWDA1c2JFRRAB,Satherich Heghburgt,5,พนักงานบริการดีมาก อาหารหลากหลาย เมนูนานาชาติ คุณภาพอาหารกลางๆ ไม่รู้สึกว้าวเหมือนราคา รสชาติไม่โดดเด่น อาหารบางอย่างควรเสิร์ฟร้อน ก็ไม่ร้อน เช่นหอยแมลงภู่อบชีสเย็นสนิท ผัดไทยกุ้ง ดีที่กุ้งมันอร่อย ตัวผัดไทยไม่ได้ผัดใหม่เย็นชืด ซูชิก็ไม่ว้าว วาซาบิแทบไม่ขึ้นจมูกเลย เมนูน้ำมีให้เลือกเยอะ ชาไทยดี หอมชา ไม่หวานมาก  โดยรวมเมื่อเทียบกับราคาที่จ่ายรู้สึกไม่คุ้มค่าเท่าไหร่นัก
Ci9DQUlRQUNvZENodHljRjlvT2s1RWNHbFZWbDk0U0c1Wk9XeDRRa2x6YVhkcmRHYxAB,Pirada R.,5,สาขาเดอะมอลล์เป็นสาขาที่ประทับใจที่สุด อาหารหลากหลาย รสชาติโอเคนะสำหรับเรา มีโปรโมชั่นบ่อย พนง บริการดี รออาหารไม่นาน
Ci9DQUlRQUNvZENodHljRjlvT2tsUmVVTjNXVmhYVDA5VGVIbGxTa1JMVUdWTlJYYxAB,jppp,1,"ไม่ประทับใจ**อย่างมาก** ค่ะ

เรามาทานวันแม่ 12 สิงหาคม เห็นทางร้านมีโปร มา 4 จ่าย 3 (ราคา 1149++ ต่อคน)

ซึ่งก่อนหน้านี้ เรามีการโทรไปสอบถามกับทางสาขาแล้ว (อยากจะทราบว่าคนเยอะไหม เพื่อจะได้ตัดสินใจก่อนจะขับมาที่ร้าน)
แต่ ไม่มีคนรับสายค่ะ*** แล้วไม่ใช่แค่สาขาเดียว ลองโทรถามทั้งสาขา central westgate และ siam paragon แล้ว ไม่มีคนรับสายทั้งหมดค่ะ เลยแอดไลน์ official ของร้านมา เลยทราบว่า แต่ละสาขาจะมีอีกเบอร์ ที่เป็นเบอร์โทรศัพท์ด้วย เลยลองโทร แต่ก็ไม่มีใครรับสายเลย

สุดท้ายตัดสินใจขับมา เพราะที่บ้านอยากจะทาน ถึงร้านก็เจอว่า คนเยอะเต็มร้าน (เข้าใจค่ะ วันหยุดนักขัต คนคงเยอะเป็นธรรมดา) เลยกดจองคิวหน้าร้าน ซึ่งในบัตรคิว แจ้งว่า รอ 17 คิว
**** 17 คิวนี้ เรารอนานถึง 1 ชั่วโมง 45 นาทีค่ะ

แต่ที่ไม่เข้าใจเลยคือ
1. คนรอหน้าร้านเยอะมากๆ แต่ในร้านกลับมีโต๊ะว่างเยอะมากๆ ประมาณ 40-50% ของร้าน
2. เหมือนพนักงานไม่พอ คนเรียกคิว เรียกคิวเสร็จ ต้องไปเปิดโต๊ะ พนักงานคิดเงินต้องไปเสิร์ฟ ดู งงๆ ทั้งหมด
3. โต๊ะบางโต๊ะ คือลูกค้าทานเสร็จแล้ว แต่ไม่มีใครเก็บโต๊ะ ถามพนักงาน พนักงานแจ้งว่า จะรีบเคลียร์โต๊ะให้ เพื่อเรียกคิวเพิ่ม แต่สุดท้ายก็ไม่เคลียร์ ไม่เรียกคิวเพิ่ม
3. สุดท้ายตัดสินใจรอ (ซึ่งคิดผิดมาก) แล้วอาหารคือถือว่าเฉยๆ ยอมรับว่าบางเมนูอร่อยเลย แต่บางเมนูก็เหมือนทอดทิ้งไว้นานแล้ว เนื้อหมูก็เหนียว
4. แรกๆ ได้อาหารไวพอสมควร แต่หลังๆได้อาหารช้า มีการข้ามเมนู เสิร์ฟผิด ไม่ตรงตามที่สั่ง
5. มีเวลาสั่งอาหารก่อนหมดเวลาทาน 20 นาที ซึ่งสุดท้ายพอใกล้หมดเวลา ยังได้อาหารไม่ครบเลย

ไม่ค่อยเข้าใจกับอะไรหลายๆอย่าง ทางร้านควรมีการเตรียมตัวที่ดีกว่านี้ สำหรับช่วงวันหยุดนักขัต และมีการจัดโปรโมชั่น แต่กลับปล่อยให้โต๊ะว่างหลายโต๊ะ แล้วไม่รับคิวเพิ่ม ทำให้คนรอหน้าร้านเยอะมาก

บอกตรงๆ ว่าเราผิดหวังมากๆ กับร้านนี้ คงเป็นครั้งสุดท้ายที่จะทานละค่ะ การจัดการแย่มากๆ ไม่สมกับราคาเลย ให้หนึ่งดาวยังรู้สึกว่ามากไปด้วยซ้ำกับประสบการณ์ที่ได้รับ
ใครจะทานช่วงวันหยุดแบบนี้ แนะนำจองล่วงหน้าเท่านั้นค่ะ"
Ci9DQUlRQUNvZENodHljRjlvT214MlZFVTBjVk5hU1VaaFptbFJTRVptZDB0U1gyYxAB,Our Memories,5,"อาหารหลากหลาย ไทย-จีน-ญี่ปุ่น-ตะวันตก-อินเดีย อาหารมาไม่ช้าไม่เร็ว ทยอยมาเรื่อยๆ
แต่ทานอย่างละนิดหน่อย เฉพาะเมนูที่อยากทานก็อิ่มแล้วค่ะ แอร์ห้างหนาวมากค่ะ"
Ci9DQUlRQUNvZENodHljRjlvT2xaV2VrMUlaamMxVkdKNmVFcEtUR2d4ZEhNeWNGRRAB,K. Vijit.,5,ตอนไปทานยังไม่เที่ยง เลยไม่มีคิว ร้านโล่งๆนั่งสบาย พนง.บริการดี สั่งอาหารจากแท็บเล็ต ส่วนน้ำเดินไปที่บาร์มีให้เลือกหลายเมนู ภาพรวมอาหารอร่อย หลากหลาย คุณภาพดี อาจมีช้าไปบ้างแต่พนง.มาถามและติดตามให้
Ci9DQUlRQUNvZENodHljRjlvT2xkclZHNXZXRkpOUkRSdE9HbG9VRk5RWkc0eVNIYxAB,Hong Ninnate,3,รสชาติเฉยๆ ธรรมดามาก แต่เสิร์ฟไว บริการดีมาก มากินตอนโปร 599 บาท มากินวันธรรมดา คนน้อย ทำให้รู้สึกส่วนตัวมากๆ และทำให้พนักงานบริการดี
Ci9DQUlRQUNvZENodHljRjlvT2pWbGVXSllVVEEyVUZWSVRIVnZjRVkxZVVOcVptYxAB,Luv TXT,2,"พนักงานงง ๆ แจ้งของหมดแค่ 1 อย่าง พอไปดูในลิตส์กระดาษแล้วถามก็หมดเพิ่ม แจ้งไม่ครบ บริการช้าทั้ง ๆ ที่ตอนเข้าไปทานมีแค่ 3โต๊ะ ไม่มีการเซ็ตโต๊ะให้เรียบร้อย ถ้วยน้ำจิ้มต้องขอ ช้อนต้องขอ มีดต้องขอ รอของนาน แค่มันกุ้ง30นาที สาหร่ายตัด20นาที มาจัดลงพร้อมกันตอนจะหมดเวลา จะบร้า บางทีได้อะไรมาไม่รู้ไม่ได้สั่ง โปรโมชั่นมีแต่ไม่มีการประชาสัมพันธ์ งง ๆๆๆๆ

ไอติมนมชีสอร่อย
ซุปเห็ดอร่อย"
ChdDSUhNMG9nS0VJQ0FnSUNmeHNQU193RRAB,Yada Bukkavesa,3,"ปีนี้ทานมา3รอบต้นปีกลางปีปลายปี ไม่มีซักจานที่ได้แซลมอนชาชิมิส่วนดีๆเหมือนคนอื่นเลย🥲 ไม่รู้เพราะแพคเกจถูกสุดด้วยมั้ย เคยกินtenjoยังดีกว่านี้มาก ชอบที่ทำราคาได้ถูกแต่ไลน์อาหารหลากหลายครอบคลุม

-คนเกินครึ่งร้าน อาหารออกกลางๆ บางจานรอ20-30นาทีตามไปถึงจะมา ไม่ตามไม่รู้จะมามั้ย แต่พนักงานยิ้มแย้มบริการดี
-คุณภาพอาหารไม่ค่อยสม่ำเสมอ อยู่จานเดียวกันซอสเยอะน้อยไม่เท่ากัน ชิ้นใหญ่ไม่เท่ากัน จริงๆจากที่ดูรีวิวแต่ละคนบางจาน(เช่นบริยอชเบคอนเมนูใหม่)ยังหน้าตาไม่เหมือนกันซักสาขาเลย
-เป็ดกับเบคอนแข็ง เป็ดแอบเหนียว
-ช็อคโกแลตร้อนจางและจืด
-โฟกัสแค่รสชาติอาหาร ดี อร่อย แต่ไม่ได้ว้าว เข้มข้นแบบกินเปล่าๆพอดี ร้อน เมนูเนื้อกับทูน่าดี เกาเหลาดีเป็นแบบไม่ข้นมาก ยำอร่อย
-portionมาคำเล็กๆดี"
ChZDSUhNMG9nS0VJQ0FnTUNJaEl5aFZREAE,June ratree,5,ชอบค่ะ อาหารมีเมนูให้เลือกหลากหลาย  หอยเชลล์อบชีสตัวใหญ่มากๆค่ะ สดอร่อย กุ้งเผาตัวกลางๆ เผาได้ดีค่ะ สปาเก็ตตี้ทรัฟเฟิ้ลอร่อยมาก ลูกชายชอบ ทานไปหลายจานเลยค่ะ เมนูอาหารจีน หมูจะเนื้อแน่น แข็งไปหน่อย แต่เมนูอื่นๆอร่อยดีค่ะ
ChdDSUhNMG9nS0VJQ0FnTURJNHFHcnRnRRAB,Thanaphum Phrombun,5,เป็นร้านบุฟเฟต์ที่คุ้มมาก คุ้มตั้งแต่ราคาเริ่มต้น แค่เริ่มต้นเขาก็มีเป็ดย่างแล้ว แล้วเป็ดย่างก็ไม่ใช่เล่นๆ เนื้อเป็ดไม่เหนียว หนังเป็ดหอม ซอสอร่อย พวกแซลมอนเนื้อก็สดดีนะ อาหารไทยของเค้าก็ทำดี เมนูผัดไทยถึงจะเป็นเมนูที่ดูธรรมดา แต่รสชาติไม่ธรรมดานะครับ เข้มข้นจัดจ้าน โดยรวมให้คุ้มค่ากับราคา
ChdDSUhNMG9nS0VJQ0FnSUNYdXV6NzJRRRAB,Wanvi K,5,"เป็นอาหารบุฟเฟต์นานาชาติ มาทานกับเพื่อน 4คน  อาหารรสชาติบางอย่างถูกปากบ้าง ไม่ถูกปากบ้างค่ะ แต่โดยรวมดี คุณภาพดี อาหารออกไว อาจจะเพราะวันที่มาคนไม่เยอะ พนักงานบริการดี ชอบอีกอย่างคืออาหารแต่ละจานไม่เยอะมาก ทำให้สามารถทานได้หลากหลายเมนู ไม่เหลือทิ้งค่ะ

🍄‍🟫 ครีมทราฟเฟิลกับขนมปังอร่อยค่ะ กินไปคนละ 2ถ้วยเลย

🐟 ปลาแซลมอน สดดีค่ะ

🍝 พวกสปาเก็ตตี้ ส่วนตัวเค็มไปหน่อย

🦆 เป็ดปักกิ่ง กับหมูแดง ก็อร่อยดีค่ะ

🍜 ก๋วยเตี๋ยวทั้งเนื้อวากิวและหมูคุโรบูตะดี

🍨 ของหวานอร่อยทุกจานที่สั่งค่ะ

สั่งอาหารผ่านหน้าจอที่โต๊ะ ลำบากต้องเข้าไปใกล้ ตัวอักษรเล็กไปหน่อยค่ะ หน้าจอน่าจะเลื่อนออกมาได้ เพื่อสะดวกในการสั่งอาหารค่ะ"
ChZDSUhNMG9nS0VJQ0FnTURncThmV1BBEAE,Black Cat,5,"✨ ถึงเวลาฮีโร่…มาทานบุฟเฟต์กันค่ะวันนี้ ร้านที่เราเลือกครานี้ขอเป็นร้านใกล้บ้าน อันได้แก่ร้าน…”Wisdom” สิ่งที่ชอบร้านนี้คือสามารถกดสั่งอาหารที่อยากกินได้ที่โต๊ะเลย แล้วพนักงานจะมาเสิร์ฟถึงที่ เรียกได้ว่าโคตรจะแสนสบาย 555 😄😆

✨ เซตที่เลือกวันนี้เป็นเซต Black Premium โดยส่วนตัวอาหารรสชาติดี สด สะอาด อร่อย เหมาะสมกับราคาดีค่ะ ☺️"
ChdDSUhNMG9nS0VJQ0FnSURQOGE3X3R3RRAB,Buffbearz S.,5,"เป็นบุฟเฟต์นานาชาติที่ชอบมากๆ มีอาหารหลากหลาย รสชาติอร่อย สดใหม่ พนักงานบริการดี ประทับใจมากๆ ค่ะ
เมนูที่อยากแนะนำคือพวกหอยนางรม บริยอช และเมนูที่มีทรัฟเฟิล เช่น ซุป หรือสปาเกตตี้ อร่อยม้ากก"
ChZDSUhNMG9nS0VLSEZqNW1IdWJIbWFnEAE,Meany Seeda,5,"ไปทาน โปร 799 net ค่ะ...
อาหารสดใหม่ทุกเมนู...อร่อยมากค่ะ...
เวลาทาน 2 ชั่วโมง...
ไว้คราวหน้าชิม ราคาอื่นๆ ค่ะ..."
ChZDSUhNMG9nS0VJQ0FnSURiZ3BIWVhREAE,Benz Pongsakorn,4,"ติ่มซำอร่อย อาหารญี่ปุ่นใช้ได้ อาหารไทยพรีเมียมดี อาหารฝรั่งโอเค ทรัฟเฟิลหอมดี
อาหารรอค่อนข้างนาน บางเมนูมาเสริฟก็เย็นชืดแล้ว พนักงานต่างด้าวเยอะ พูดไม่รู้เรื่องเท่าไร สั่งไปไม่เข้าใจ เค้ามาเสริฟ พูดฟังยาก ฟังไม่เข้าใจซะส่วนใหญ่"
ChZDSUhNMG9nS0VJQ0FnSURkbFlhN0hBEAE,Tingrebellion Kang,5,"มีอาหารหลากหลายมากๆ รสชาติดี อร่อย วัตถุดิบดี พนักงานบริการค่อนข้างทั่วถึง ส่วนตัวไปกินแล้วชอบ เหมาะสำหรับการไปสัก 3-4 คน จะได้ลองหลายๆเมนูค่ะ

ชอบเมนูที่เป็นกุ้งแม่น้ำ ไซส์กำลังดีมากๆ"
Ci9DQUlRQUNvZENodHljRjlvT2pWNlowOWtSamxMTkU1NVNXd3dUSHBpZDFwTmVrRRAB,Bell,4,อาหารอร่อยค่ะ แต่เสิร์ฟช้ามาก เหมือนถ่วงเวลาเลย 555 แล้วก็มาไม่ครบนะ
ChZDSUhNMG9nS0VJQ0FnSUQ3Z2F1X0tnEAE,Nuttakul T,5,อร่อยทุกอย่าง คุณภาพดีมาก สดจริงทั้งปลาดิบ (ชอบโฮตาเตะกับเอนกาวะ แซลมอนหั่นหนาสะใจ) หอยนางรมก็สดไม่ทำให้ปวดท้อง กุ้งแม่น้ำเผาคือทำได้ดีเลย วากิวกับลิ้นวัวก็นุ่มมาก อาจมีบางเมนูมาเสิร์ฟช้า แต่โดยรวมประทับใจค่ะ ส่วนตัวชอบมากกว่าคป ไม่ต้องไปเดินตักอาหารเบียดกับคนเยอะๆด้วย intervertถูกใจสิ่งนี้
ChZDSUhNMG9nS0VJQ0FnSURuOTdiUWN3EAE,Teera B,5,"อาหารโดยรวม คุณภาพดี อาหารออกไวไม่ช้า
แซลม่อนสด ซูชิดี
ติ่มซำดี
ซุปทรัฟเฟิลดี
สเต็กดี
กุ้งย่างดี เนื้อเละและแห้งไปหน่อย
ขนมดี
แต่
สปา จืดทุกจาน
ไข่ตุ๋น ไม่อร่อย
น้ำตกน้ำไม่ร้อน
กระเพราไม่อร่อย
ภาพรวมดีครับ"
ChZDSUhNMG9nS0VJQ0FnSUR0bFllT0tnEAE,Narumon Intaraprom,4,ไปใช้บริการวันที่1/2/67 รอบแรก10โมงเช้า อยู่ในโปรคนที่2 ลด50% ได้เข้าทันทีตอน10โมง โดยแจ้งชื่อที่ทำการจองไว้ล่วงหน้า  อาหารสั่งผ่านแทบเลต หลังจากสั่งอาหารเสร็จ ไม่ถึง10นาทีอาหารเริ่มทยอยมา และมาต่อเนื่องจนโต้ะแทบไม่มีที่วางเพราะเคยอ่านรีวิวว่าอาหารเสริฟช้า เลยคิดว่าจะเจอแบบนั้น เลยสั่งไปทีเดียว  แต่ปรากฏว่าอาหารโต้ะเรามาไวมาก มาต่อเนื่องตลอดไม่มีอะไรต้องตาม บางอย่างวงเล็บไว้ว่าต้องรอ15-20-30นาที เคยอ่านเจอว่าให้รีบสั่งอันช้าก่อนเพราะจะนาน แต่ก็มาเสริฟก่อนเวลาที่กำหนด   แต่จากการสังเกตุโต้ะที่เข้าพร้อมกัน มีโต้ะที่ได้อาหารช้าจริง ของเราเต็มโต้ะแล้วเต็มโต้ะอีก ของโต้ะใกล้ๆยังไม่มีอะไรมาเสริฟ เลยไม่แน่ใจกับระบบ ทั้งที่เข้ามาพร้อมกัน   อาหารโดยรวมอยู่ในเกณฑ์พอใช้ บางอย่างอร่อย บางอย่างยังไม่ค่อยok ติ่มซำมาร้อนดีืแต่อาหารบางอย่างไม่ร้อนเท่าไหร่ พนักงานบริการดี
ChZDSUhNMG9nS0VJQ0FnSUNkaVBtX0hnEAE,mizz U,1,"มาทานครั้งแรกแบบไม่ประทับใจ
เพื่อนเคยทานสาขาสยามเมื่อนานมาแล้วบอกว่าโอเคได้อยู่ วันนี้เลยลองมาทานสาขานี้ซึ่งใกล้บ้าน และคิดว่าคนไม่น่าจะเยอะเหมือนสยาม จองคิวออนไลน์มา ได้เข้าตามรอบเวลาที่จองมา
รอบแรกที่order อาหาาไป มาค่อนจ้างไว แต่มาไม่ครบ อาหารแต่ละจานเป็นportionเล็กๆ สั่งได้ทีละ10รายการ  เราเลยสั่งรัวๆ แต่อาหาาคือมาไม่ครบ เลยซักครั้งที่กดสั่ง กดดูไม่ได้ว่ามีรายการไหนที่ค้างอยู่ยังไม่ได้บ้าง เรียกพนักงานมาทวงถามหลายครั้ง ให้ไปดูให้หน่อยว่า โต๊ะนี้มีรายการที่ค้างมั้ย พนักงานบอกดูไม่ได้ เราต้องบอกมาว่ารายการไหนยังไม่ไม่ได้บ้าง อ่ะได้ เราก็listเลยค่ะ มีแต่ปากกาไม่มีกระดาษ ก็เขียนใส่ทิชชู่ไปเลยสิคะ
เป็น10รายการที่ยังไม่ได้
ผจก.ร้านบอกว่า จะเพิ่มเวลาให้10นาที แต่เราก็ไม่ได้ดูเวลาหรอก ว่า เพิ่มจิงรึป่าว
เรื่องรสชาดอาหาร ก็คือ บางอย่างก็ไม่อร่อยง่ะ หรือเราลิ้นไม่ถึง แต่บางอย่างก็อร่อย เช่นซุปทรัฟเฟิล(สั่งไป8ได้มั้ง)
/เกาเหลาเนื้อวากิวสั่งตั้งแต่orderแรก ตามอยู่หลายรอบ กว่าจะได้เกือบหมดเวลานั่งกิน
โดยรวม คิดว่าไม่คุ้มค่ากับราคาที่จ่าย 1,176฿ กินไปไม่ถึง500฿

ปล. สาขาอื่นไม่รุ้นะ อันนี้รีวิวเฉพาะสาขาthe mall บางแค

ถ้าใครอยากลองควรไปสาขาอื่น หนีไปปปปปปป!!!!"
ChdDSUhNMG9nS0VJQ0FnSUN0dDlxdWlnRRAB,Mon Larp,1,"ใช้บริการ 1-2-67 สาขาเดอะมอล์ลบางแค
มาถึงร้านเป็นคิว warkinหน้าร้าน เป็นคิว4ของร้านระหว่างยืนต่อคิวอยู่ มีลูกค้าที่จองออนไลน์มาแทรกย้ำขอใช้คำว่าแทรกแถว คือไม่สมควรนะคุณจองโต๊ะมาได้โต๊ะแน่นนอน -
-ปัญหาแรกคือ พนักงานปล่อยให้แซงคิวแถวที่ยืนต่อคิวจะได้โตํะไม่ได้โต๊ะไม่เป็นไรแค่ไม่ควรปล่อยให้คนไม่มีมารยาท มาแทรกแถวโดยแค่ว่าฉันจองมา มันเสียมารยาททางสังคม ยังไงก็ได้ทาน
-เราเลือกโปร 1,179฿ คนที่2ลด50%
อาหารที่สมควรเป็นโปรนี้ไม่ออกออเดอร์เสริฟที่โต๊ะสักเมนู เช่นสเตํกพอร์ทชอบ- สเต๊กปลา- สเต๊กท๊อปโฟการว์ ไม่ได้รับเลยสักเมนู
=ทานได้ไม่คุ้มจ่ายเลย แล้วเมนูที่มายังไม่ถึงโปร999++ด้วยซ้ำ ย้ำว่าเอาเปรียบผู้บริโภค
- อาหารเย็นชืดดดดดมากทุกเมนู สดอร่อยแค่กุ้งเผาที่รอนานมากกก2ตัว
สรุปจ่ายเงินไปที่2,028.56฿
ถ้าไม่มีโปรนี้เลิกทานคะ สู้ C- ที่เสริฟร้อนคุณภาพดีมากกกกว่า ถ้าให้กลับไปซ้ำไม่คิดจะซ้ำอีกเอาเปรียบผู้บริโภคคะ

รูปที่ลงคือแค่ที่ได้รับเท่านั้น"
ChZDSUhNMG9nS0VJQ0FnSUN0M09qOVVBEAE,K.W. Yu,1,"จันทร์ที่ 29 มกราคม 2567
ตามรอยโปรฯ เปิดร้านใหม่ คนที่ 2 ลด 50%
มาถึงหน้าร้าน รับบัตรคิว 15.00 น.
*มีคิวก่อนหน้า 30 กว่าคิว
**เจ้าหน้าที่แจ้งว่า ประมาณ 2 ชั่วโมง 40 นาที
ก็ควรจะได้ทาน 17.40 - 18.00 น.
เราก็โอเค ไปหาไรทำเดินเล่นรอ
ใกล้ๆ ถึงเวลา 17.30 น. เราก็มารอ
ปรากฎว่า มีคิวก่อนหน้า 20+ คิว
และมีคิวแทรก คิวจองล่วงหน้าออนไลน์ มาก่อน
เข้าใจได้ แต่ ***ส่วนนี้พนักงานไม่ได้แจ้ง
ระหว่างรอ ก็มองในร้าน ลูกค้าที่เข้าไปก่อนหน้า
ได้อาหารช้า มีเรียกพนักงานต่อว่า เป็นระยะๆ
คิดในใจ เอาไงดี คงรออีกนิดแหละ เตรียมใจมาแล้ว
****สังเกต ในร้าน มีโต๊ะว่างเป็นหย่อมๆ ไม่มีลูกค้านั่ง
สอบถามพนักงาน อ๋อ…
”ร้านยังไม่พร้อมให้บริการ จึงขอจำกัดจำนวนลูกค้า“
ก็คือ ถ้าให้เปิดให้บริการ เต็มทุกโต๊ะ จะทำไม่ทัน
สรุป ได้เข้าร้านจริง 18.40 น.
*****ระยะเวลารอคิวจริง 3 ชั่วโมง 40 นาที !!!

รสชาติ
- ปกติทาน Siam Paragon อยู่แล้ว ก็เดิมๆ ไม่แย่
- กุ้งเผา กุ้งเทมปุระ ติ่มซำ ซุปทรัฟเฟิล เสิร์ฟไว / Ikura ไข่ปลาแซลม่อน รอเสิร์ฟ ช้า
- สั่ง คานิมิโสะ มันปู + เตา คือ หายไปเลย ทั้งคอร์ส ไม่ได้กิน
- ซูชิวากิว กลางๆ เดิมๆ ตามมาตรฐาน
- ของหวาน รอเฉลี่ย 5-10 นาที บิงซู รอไม่ไหว นาน

ร้านรับชำระเฉพาะ โอน / บัตรเครดิต เท่านั้น
ออก eTax eReceipt ได้ รอ 3-5 วันทำการ

แอบถามพนักงาน บอกว่า ลูกค้าเยอะ
ต้องมารอนานแบบนี้มาทุกวัน ตั้งแต่ร้านเปิด
พนักงานเสิร์ฟ เดินผ่าน ทักทาย
ถามกันเองพรุ่งนี้มาไหม อีกคนบอก มา
อวยพร ขอให้โชคดี กัน เจื่อนๆ

เอาเป็นว่าช่วงโปรฯ ลด 50% คนที่ 2
จัดโปรฯ ถึง 2 กุมภาพันธ์ 2567
ใครจะมาก็เผื่อเวลา ทำใจ
******เหมาะสำหรับ คนรอได้ ว่างจัด
ไม่มีอะไรทำ และไม่โมโหหิว

ระบบจัดการร้านแย่มาก
ซวยตกที่พนักงาน รับคิวหน้าร้าน
คอยแก้ตัว อธิบาย โดนลูกค้าด่าแทบทุกคน
ไม่แน่ใจ มีผู้จัดการ คอยดูมั้ย สาขานี้

ส่วนตัว ถ้าไม่จัดโปรฯ คงไม่มา
ทานสาขาอื่น ประจำ เหมือนเดิม
แบรนด์นี้มีดีที่สั่งผ่านจอ รอเสิร์ฟ
อีกแบรนด์ เดินทางไกล ออกกำลังกาย หยิบเอง 😅"
ChdDSUhNMG9nS0VJQ0FnSURYaFBmT2xBRRAB,YingB ตระกูลLim,5,"อาหารและขนมอร่อยเกือบทุกอย่างค่ะ
อาจจะมีไม่ถูกปากเป็นบางอย่าง
แต่โดยรวมดีงามค่ะ สั่งมาชิมอย่างละจาน เกือบครบทุกเมนู มีบางชนิดสั่งเบิ้ลหลายครั้ง เช่น ซุปเห็ดทรัฟเฟิล เนื้อวากิวใบโฮบะ กุ้งแม่น้ำซอสเอบิโกะยูซุแซลมอน ยูซูซูคุริ โรลแซลมอนชีสซี่ลาวา เป็ดปักกิ่งฯลฯ"
ChZDSUhNMG9nS0VJQ0FnSUN6NWJ5c2VnEAE,Rose,4,"พนักงานดูมือใหม่ แต่ใจรักบริการสุด อาหารดีเหมาะกับราคา แต่อาหารบางอย่างคือทำทำไม !!
โดยเฉพาะของหวานมันบ่ดั้ยเลย เป็ดปักกิ่งดี ซุปเห็ดดี รอหมูย่างเหนียวมากกก หมูกระทะแบบมินิมอล พาสต้าทำไม่ถึง หมูแดงหวานแบบตัดขา หมูกรอบธรรมาดา อยากให้ พนง แนะนำโปรที่คู่กับบัตรเครดิตหน่อย พอลูกค้าต้องมายืนดูโปรเองมันจะ งง  ๆ ไหน ๆ ก็มีเซอร์วิสแล้วอยากให้ พนง เป็นคนเติมน่ำให้ พอทาน ๆ อยู่ลุกเติมน่ำเอง = จุก"
ChZDSUhNMG9nS0VJQ0FnSUN6N3BtdGZREAE,Jajabing Babibubey,4,ตามอาหารเหนื่อยนิดนึง ระบบการสั่งสะดวกแต่ไม่ราบรื่น การกดสั่งอาหารหลายขั้นตอนเกินไป ยูเซอร์ไม่สามารถใช้ได้ในทุกช่วงวัย อาหารไม่ร้อนในบางเมนู สเตคพิคานย่าที่คาดหวังความชุ่มฉ่ำกลับสุกเกินไปแห้งแข็งและเย็น สั่งใหม่ก็ยังแห้ง รอบที่ 3 ถึงได้ตามสั่ง แต่ก็เย็นชืด บางเมนูตามแล้วตามอีก เช่นวากิวใบโอบะ กุ้งเผาอร่อยแต่รอนานมาก พอเห็นว่า รอนานมากอยากสั่งเพิ่ม ก็กดสั่งอีก บทจะมาก็มาพร้อมกันเลย ทั้งของเก่าและใหม่ กุ้งเผาผ่าหลังต้องกินร้อนๆ ถึงจะอร่อย มาพร้อมกันกินไม่ทันความอร่อยนั้น ข้าวซูชิทำอร่อย ของหวานไม่ดึงดูเลย เป็ดปักกิ่งชิ้นเล็ก ไม่คุ้มค่าที่จ่ายไป 1500+ โอโทโร่ไม่อั้นคือจุดที่ดีที่สุดของราคานี้
ChZDSUhNMG9nS0VJQ0FnSUNEeE9YcUZ3EAE,Chayapat Amnuaypreechakul,5,"เพิ่งใช้บริการครั้งแรก ประทับใจมาก ไปช่วงกลางวันของวันเสาร์ แต่ไม่มีอะไรติดขัดเลย

ส่วนอาหาร : สั่งผ่านแท็บเล็ตได้เลย ไม่มีผิดพลาด อาหารออกไว หลากหลาย รสชาติดี โดยเฉพาะของหวานอร่อยทุกเมนู

ส่วนบริการ : Front ให้ข้อมูลดี ครบถ้วน ส่วนเสิร์ฟ ให้บริการเต็มที่ ยิ้มแย้มแจ่มใสทุกคน

โอกาสหน้ากลับมาใช้บริการอีกแน่นอนครับ"
Ci9DQUlRQUNvZENodHljRjlvT2xoTExXbzBOMWRFWVRNNFVVbHZkSGhGV21ORFVWRRAB,Supang Panbue,3,เหมือนพนักงานในร้านจะพอ แต่พนักงานบริการดีค่ะ
ChZDSUhNMG9nS0VJQ0FnSUNMLXVqMFNnEAE,Sirinart Yosprasong,5,เป็นการมาทานที่ร้านรอบที่3 แล้วค่ะ รู้สึกชอบในเรื่องไลน์อาหารค่อนข้างเยอะและตอบโจทย์ในราคา +รสชาติกลางๆของเมนู และบริการของพนักงาน
ChZDSUhNMG9nS0VJQ0FnSUNyMmFYUFZREAE,NATT SK,5,"บุฟเฟ่พรีเมี่ยม
เป็นบุฟเฟ่ กดสั่งผ่าน แทปแลต ไม่ต้องลุกเดินตัก
อาหารคุณภาพ รสชาติดี อร่อยครับ
ปริมาณไม่มากต่อจาน ทำให้เราได้ ทานหลายๆเมนู หลากหลาย
จะมีเครื่องดื่มที่ตัวเลือกน้อย และต้องลุกเดินไปสั่ง"
ChdDSUhNMG9nS0VJQ0FnTURvNHVyNjJRRRAB,Phakin Srila,5,อร่อยนะ สบายด้วยไม่ต้องเดินตัก เสิร์ฟมาแบบละนิดหน่อย กินได้หลากหลาย
ChZDSUhNMG9nS0VJQ0FnSUNmbGFXc1JREAE,เพชรดา ศิริคันธะมาต,4,อาหารอร่อย พนักงานบริการดี แต่เสริฟช้าไปหน่อย บางอย่างหมดเวลาแล้วแต่อาหารยังไม่เสริฟ
ChdDSUhNMG9nS0VJQ0FnSUQzb05XRXJnRRAB,Cholthicha W.,5,มาใช้บริการเป็นครั้งที่ 2 แล้วค่ะ เหมาะสำหรับโอกาสพิเศษ อาหารมีความหลากหลาย ครอบครัวชอบมากๆ เลยค่ะ
ChZDSUhNMG9nS0VJQ0FnTUNJNUxuMWNREAE,vassapon hanchana,2,"อาหารที่ดีคืออาหารที่สั่งแล้วมาเสิร์ฟ

ช้อน น้ำจิ้ม จัดโต๊ะยังไม่พร้อมบริการเลยจ้าา

อาหารที่เสิร์ฟอร่อยนะ แต่มาไม่ครบ บางตัวไม่มาเลย ใครคาดหวังกับราคาที่จ่ายก็เผื่อใจไว้นิด

น้ำแตงโมอร่อย"
Ci9DQUlRQUNvZENodHljRjlvT210aGRUTlJTMHh1TWtWQ1YwcGtTbmQ1U25kVFFVRRAB,akara thetsanasalee,1,Extremely slow service while the restaurant was not too busy. I had to wait a long time for a basic dishes. I wouldn’t recommend this place unless they improve their food prep speed. 🫤
ChZDSUhNMG9nS0VJQ0FnSURQMFl1ZFp3EAE,Ali sa,5,มาวันธรรมดาคนไม่เยอะ บริการดีและรวดเร็ว อาหารมาร้อนๆ ปลาสดทุกจาน ซูชิฮามาจิดีมาก กินจนยังอยากกินอยู่แต่กินไม่ไหวแล้ว พนักงานใส่ใจดี ใครหาร้านฉลองวันพิเศษมาร้านนี้ได้ค่ะ
Ci9DQUlRQUNvZENodHljRjlvT2t0aFRFdENVamwwU2tOdFQyZFVWM0l3ZDI5aU0zYxAB,Samy Sanuk,1,"Update your Google entry!!!
Shop closes 9pm!!!Last order 8pm!!!!
We drove over 45min to get there.
We came 8:04pm and they started cleaning already. Why the management does not care to update their opening times. Ridiculous!"
ChdDSUhNMG9nS0VJQ0FnSUNuc2RxbG5RRRAB,Krits Thammongkol,5,พึ่ง review ครั้งแรก ..  อาหารอร่อย สด คุ้มราคา buffet ครับ (มีหลายราคาให้เลือกตามความเหมาะสม) ชอบกุ้งเผา สด น้ำจิ้มอร่อย จัดไป 8 ตัว มาช่วงมีโปรฟรัวกรา  คุ้มสุดๆ. อีกอย่างที่จะแนะนำคือ. ของหวาน อร่อยทุกเมนู   น้องๆ ที่บริการ ดีงาม ได้รับการเทรนมาดี Happy eating here
Ci9DQUlRQUNvZENodHljRjlvT2s1aFVWVlVaSE5zYTBWRWFtZzJYM1l4WlRKWlQxRRAB,Bambam Chonnipa,1,รอนานมากค่ะ นั่ง 50 กว่านาทีอาหารที่สั่งไปตั้งแต่แรกยังมาไม่ครบ ขาดเกินครึ่ง พอถามพนง.ก็บอกว่าวันนี้คนเยอะ เลยไม่เข้าใจว่าถ้ามีโต๊ะเยอะแต่คนไม่พอ = ไม่พร้อมให้บริการมั้ยนะคะ ? มากันสี่คนสั่งไปสามสิบกว่าอย่าง ได้มาแค่ 11 อย่าง เสียเวลานั่งรออาหารมากค่ะ เป็น buffet ที่ไม่คุ้มสุดๆ unimpressed มากๆ คิดว่าคงไม่แนะนำใครให้มากิน เปลืองเวลาชีวิตค่ะ
ChZDSUhNMG9nS0VJQ0FnSUMzbmRlblVREAE,หมอฉัตรชัย ไอซียู,5,อาหารอร่อย บริการดี ไม่ต้องรอคิวเลยวันที่มา มีหลายราคา สามารถสมัครสมาชิกได้ฟรี
ChdDSUhNMG9nS0VJQ0FnSUROb1pIYXhnRRAB,เรื่องกินต้องยกให้หมี EatByBear,4,"กรีดร้อง Wisdom บางแคฝั่งธน มาแล้นนน
🎉 #เปิดวันแรก พร้อมเปิดโปรใหม่ 799++
และเฉพาะสาขานี้ รับสิทธิ์คนที่ 2 ลด 50%

⭐️⭐️ วันนี้ถึง 2 กพ คนที่ 2 ลด 50% เฉพาะ Black Premium 999++ โครตคุ้มเลย ไม่น่าคนเต็มร้านกันตั้งแต่เช้าเลย รีบมาแบบด่วนที่สุดในโลก

🎊 และยังไม่พอ คุณขา เค้ามีโปรใหม่ Great Deal Buffet 799++ *ยกเว้นสาขาพารากอน อาหาร4 สัญชาติ เต็มโต๊ะทั้งหมดนี่เลย คุณภาพเป๊ะปัง เป็ดปักกิ่ง ซุปครีมทรัฟเฟิล ซูชิวากิว กุ้งแม่น้ำชอต 🍣 ซาซิมิแซลมอน ผัดไทยกุ้งแม่น้ำ

Wisdom International Buffet
📍เดอะมอลล์บางแค ชั้น 3 โรงหนัง"
ChZDSUhNMG9nS0VJQ0FnSUNqc1A2ZmNnEAE,ryuzo kodomo,5,"อร่อยทุกจาน ทานได้ทุกเมนู ของเค้าดีจริงๆ หัวละ 1,300 บาท ทานได้ 2 ชม. อร่อยๆๆๆๆๆไไ"
ChZDSUhNMG9nS0VJQ0FnSUNkdUliNFhnEAE,Tanasak Vanichavit,4,"อาหารหลากหลาย อาหารออกเร็ว ที่ละไม่มาก ทำให้กินได้หลากหลาย บรรยากาศดี ราคาแรง ต่ำสุดก็หัวละ 1,000 กว่า โต๊ะว่างเยอะ แต่รอคิว พอมีเงินไม่คิดไรมากก็แวะทานได้ครับ"
ChZDSUhNMG9nS0VJQ0FnTURvMHFqZGR3EAE,Someudee Chairod,5,คือลองครั้งแรก ถือว่าใหม่ในย่านนี้ ชอบทานอะไรไปเรื่อยไม่ชอบทานซำ้ อาหารหลากหลายแนว ทำให้นั่งได้เต็มเวลา
Ci9DQUlRQUNvZENodHljRjlvT205QlNrTmljVEJpV2xwaGVGQkxhWE00Y200elZtYxAB,รีวิว เพื่อ,5,อาหารอีสานที่นี่ ก็เลิศนะ
ChdDSUhNMG9nS0VJQ0FnSUM5bkl6azFRRRAB,Nora Tap,5,"วันไปทานมีคนนั่งโต๊ะประมาณครึ่งร้าน.  อาหารมาไว.  อาหารจีนกับขนมอร่อยมาก

ร้านอยู่ชั้น 3  เดินเลยโรงหนังมา. อยู่บริเวณตรงกลาง"
ChZDSUhNMG9nS0VJQ0FnSUNyX19yWEVnEAE,parapi api,5,ร้านประจำอีกหนึ่งร้านค่ะ แต่ช่วงหลังๆบางทีกุ้งไม่ค่อยสดค่ะ ไม่เหมือนตอนแรกๆ  ชอบความหลากหลายของเมนู ทั้งคาว ทั้งหวาน
ChZDSUhNMG9nS0VJQ0FnSURqN2VhVFR3EAE,Jinkawin Phongpawarit (2Divide3),2,"จัดชุด platinum ไปตกหัวละ 1400

อาหารจีนค่อนข้างอร่อยทุกเมนู ส่วนตัวชอบเป็ดปักกิ่ง ซึ่งมันทำให้ไม่อร่อยยากอยู่แล้วละ

อาหารไทยก็จัดจ้านมาก รสชาติอาหารไทยคือไปทางเผ็ดเค็ม และส่วนตัวคิดว่าเค็มไปหน่อย

ส่วนอาหารญี่ปุ่นคือไม่ได้เลย คุณภาพคือของไม่สด มีกลิ่น พงกซูชิข้าวก็เย็น พวกของทอดคือปล่อยไว้เย็นจนเหนียวละ

อาหารฝรั่งคือแบบ... ทำเองอร่อยกว่า เหมือนเชฟไม่เข้าใจการทำอาหารฝรั่งเลย แบบ เลยยย อย่างสเต็กสั่ง medium rare ไปได้ โคตร well done มา

สรุปวันนั้นถูกใจแค่อาหารจีน รู้สึกเสียดายเงินอะไม่ค่อยคุ้มเลย คงครั้งเดียวพอละ"
ChZDSUhNMG9nS0VJQ0FnSURYaE5XQlNBEAE,Arjariya Chaiarun,5,"อร่อยมาก โดยเฉพาะซุปเห็ดเจ้มจ้น
ซูชิฮามาจิ และโฮตาเตะ สดใหม่หวาน ว้าวมาก
มาซ้ำแน่นอนน"
ChdDSUhNMG9nS0VJQ0FnSURfX2JuTy1nRRAB,นภวรรณ สุวรรณนิตย์,1,พนักงานบริการดี เคยกินครั้งแรกสาขาสยามแล้วติดใจ เลยอยากมาลองทีนี้ เจอของไม่สด แจ้งพนักงานไป น้องเดินมาขอโทษ เราก็ไม่อะไร คิดว่าไม่เป็นอะไร กลับบ้านมาปวดท้องแบบบีบหนัก คนที่ไปกินด้วยก็อาการเดียวกัน ปวดมา3วันแล้ว สั่งคอร์สexclusive ไปค่ะ รบกวนร้านเช็คพวกความสดของอาหารทะเลด้วยนะคะ ป่วยจนทำงานไม่ไหว ไม่โอเคค่ะ
ChZDSUhNMG9nS0VJQ0FnSUNuc2NiM1VnEAE,Vipavadee Thummongkol,5,มาทานมื้อกลางวันกับครอบครัว อาหารอร่อยตามที่คาดหวัง มีโปรหลายตัวให้เลือก หลายราคา. กุ้งเผาเยี่ยม ซูชิใช้ข้าวสีน้ำตาลดู premium และสำคัญคือ ของหวานถูกใจมากคะ
ChZDSUhNMG9nS0VJQ0FnSURIejQyVVJREAE,llwswa,5,อาหารอร่อย สมกับที่จองมาเลยค่ะ ของสด วัตถุดิบพรีเมี่ยมเลย มากี่ครั้งก็ชอบค่ะ
ChZDSUhNMG9nS0VJQ0FnSUM5ak9IbVJnEAE,Thanapon Vitayachakarn,5,"International buffet in the mall department store located on the third floor. Good taste and variety menu like western food, chinese food, Japanese food and Thai food. P.S. make a reservation before dine in."
Ci9DQUlRQUNvZENodHljRjlvT21wM1ZqQkpXRGRsTUdwRFNYTnlTa3RzTFZKaVNWRRAB,Parima Watcharatit,1,สั่งอาหารไปชั่วโมงกว่าๆก็ยังไม่มา ได้มายังไม่ถึงครึ่งของอาหารที่สั่งไปจนจะหมดเวลาอยู่แล้วค่ะ ทั้งๆที่โต๊ะอื่นๆได้รับเรื่อยๆ สั่งอาหารบางทีก็มาผิด คุณภาพของอาหารก็ลดลงเหมือนทำไม่เสร็จ พอถามก็บอกว่าคนเยอะแต่ก็ยังคงไม่มีอาหารมาเหมือนเดิมค่ะ แล้วแบบนี้ถือเป็นการเอาเปรียบผู้บริโภคนะคะ เราจ่ายมาตั้งแพง แต่กลับต้องนั่งนอแล้วรออีกจนความอยากอาหารเริ่มหายไปเรื่อยๆ พอเป็นแบบนี้แล้วทำอย่างไรคะ ให้นอจนหมดเวลาแล้วเดินออกทั้งๆที่ยังทานอาหารไม่อิ่มด้วยซ้ำหรอ เข้าใจค่ะว่าเป็นวันหยุดวันเทศกาล อาจมีคนเยอะเป็นพิเศษ แต่การที่คุณเปิดร้านขนาดเท่านี้ แถมยังเปิดมาตั้งนาน ไม่ใช่ว่าคุณควรจะมีความพร้อมมีประสบการณ์มากกว่านี้หรอคะ เห็นได้ชัดเลยค่ะว่าทั้งจำนวนคนและการจัดการภายในร้านไม่เพียงพอจริงๆ
ChZDSUhNMG9nS0VJQ0FnSUNILXZlV0NREAE,Siriporn Chuleerarux,5,ทานอาหารเที่ยงกัน ผู้จัดการบริการดีเยี่ยม พนักงานก้อบริการดี อาหารมีคุณภาพสดใหม่ รสชาติอร่อยค่ะ มีจัดโปรร่วมกับบัตรเครดิตด้วยค่ะ
ChdDSUhNMG9nS0VJQ0FnSUNIaXBHeW53RRAB,Jitima K,4,"รสชาติดี
พนักงานบริการดี
อาหารบางอย่างตกหล่น ต้องตาม"
ChdDSUhNMG9nS0VJQ0FnSUNubS1QNDdBRRAB,jhantarapa jaitham,5,อร่อยมาก มารับประทานสาขานี้บ่อย วันนี้มาทานตอนมีโปร ซูซิ ฟัวกราส์ มันดีมากกกกกๆๆๆ นุ้ม ละมุน
ChdDSUhNMG9nS0VJQ0FnSURfX2VYYjV3RRAB,boomteamark,1,ไปกินมาเมื่อวัน พฤหัส ปวดท้องต้องกินแต่ข้าวต้มติดต่อกันมา4วันแล้ว เป็นทั้งผมและแฟน กินยามา4วันติดแล้ว ของไม่สดไม่สะอาด แย่มากครับ หนีไป!!!! แจ้งพนักงานแล้ววันนั้นว่าหอยนางรมมีกลิ่น ได้แต่คำขอโทษจากผู้จัดการ ไม่มีการรับผิดชอบใดๆ เสียดายค่าอาหารมากครับ ต้องมาเจ็บตัว ปวดท้องอีก 4-5 วัน นี่ไม่รู้ พน จะหายรึเปล่า ทำงานก็ลำบาก ลาขาด หนีไป!!!!
ChdDSUhNMG9nS0VJQ0FnSUNuLXJuWWh3RRAB,Manusavee Piyalohawat,5,มากินรอบ2 ครั้งนี้มีการปรับปรุงจากเดิมอย่างเห็นได้ชัด อาหารเสริฟเร็วกว่าเดิมมาก อาหารร้อน อร่อย ไม่ชืดเลยสักเมนู มีโปรเรื่อยๆแล้วแต่เดือน รอบนี้แจกชาไทยปั่นฟรีด้วยค่ะ
Ci9DQUlRQUNvZENodHljRjlvT214TmFXcFpNVGxXVlVaRmRVTkpRVmhFY25GZlZXYxAB,Punnatorn Vechaputi,4,อาหารอร่อยบางเมนู เป็ดปักกิ่งอร่อยมากๆ ชาชิมิสดใหม่ พนักงานบริการดี
ChZDSUhNMG9nS0VJQ0FnSUM3bUphTkdnEAE,Na-On Weeraklaew,1,อาหารรอนานมาก ของมาไม่ครบ ไม่รู้ว่าอะไรที่สั่งจะมาไหม เพิ่มเงินไปกินบุฟที่บริการดี เดินตักเอง ไม่ต้องรออาหารดีกว่าค่ะ (แต่รสชาติอาหารโอเคค่ะ)
ChZDSUhNMG9nS0VJQ0FnSUNQbnBIREN3EAE,Supparoek Phannaruk,3,"อาหารได้รับช้ามาก ยกตัวอย่างเนื้อซี่โครง ที่เอามาย่างเอง ตั้งแต่สั่งไปนานกว่าครึ่งชม. ถึงจะได้ ต้องถามว่าทำไมถึงนาน มันมีอะไรที่ต้องใช้เวลานานขนาดนั้นเลยเหรอ อาหารอื่นๆที่สั่งมากว่าจะได้นานจนลืมไปเลย

รสชาดรวม เฉยๆ ไม่ได้ว้าว จนต้องคิดกลับมากินอีก ในราคาหัวละ 2,000 ถือว่าร้านอื่นดีกว่า

น่าจะได้มาครั้งเดียว"
ChZDSUhNMG9nS0VJQ0FnSUNuN29lMlR3EAE,narongvat tuntideelerd,5,อาหารอร่อย แต่ขอให้ช่วยพัฒนาจอสำหรับสั่งหน่อย จอมันเล็กไป กับแอพการสั่งน่าจะมีแจ้งว่าอาหารอะไรยังไม่มาบ้าง
ChdDSUhNMG9nS0VJQ0FnSUNYdVlQRXFRRRAB,Punnarat Kh,5,ดีมากๆ อาหารอร่อย เมนูให้เลือกเยอะ
ChdDSUhNMG9nS0VJQ0FnSUNILXJlUG9nRRAB,Mark Antonio,5,อาหารอร่อยเช่นเคยมากี่ทีก็มีความสุขพนักงานบริการดีมากๆครับ
ChdDSUhNMG9nS0VJQ0FnSUNud3BqSDdBRRAB,Karin Buddharuksa,4,"Wisdom International Buffet offers an impressive spread of dishes that caters to a variety of tastes. The highlight of the experience is undoubtedly the Japanese and Western selections, which are executed with great finesse. The sushi and sashimi are incredibly fresh, while the teppanyaki station serves up flavorful, well-prepared grilled items. The Western cuisine, particularly the steak and pasta options, are equally commendable, cooked to perfection and full of flavor.

Apart from these, the buffet also includes an array of other international dishes, ensuring there’s something for everyone. The dessert section is not to be missed, with a selection of sweets that round off the meal perfectly. Whether you’re craving sushi, steak, or something in between, Wisdom International Buffet delivers a memorable dining experience."
ChZDSUhNMG9nS0VJQ0FnSURqdUtMZVZnEAE,Ph031,5,เมนูให้เลือก 4 สัญชาติ ทานไม่อั้น สาขานี้ใหญ่  ที่นั่งเยอะ
ChdDSUhNMG9nS0VJQ0FnSURIclB1NWhRRRAB,JARIYA SAETIEW,5,อร่อย อาหารเสิร์ฟไวมากค่ะ ร้านกว้างขวาง ไม่อึดอัด
ChZDSUhNMG9nS0VJQ0FnSURQMGNtdVBnEAE,Lekky Lucky,5,อาหารหลากหลายดี รสชาติดี ถือว่าคุ้มค่า เพลิดเพลินดีค่ะ
ChZDSUhNMG9nS0VJQ0FnSUNmMWRLQldnEAE,Grape Kaa,4,อาหารรสชาติดีบางอย่างค่ะ บางอย่างก็ดี ไอติมช๊อกกาแลตลาวาอร่อย ผัดไทอร่อย แต่รออาหารนาน มาเสริฟไม่ต่อเนื่องเลยค่ะ สาขาเดอะมอลล์บางแค คนไม่เยอะจนล้นแต่รอพวกซูชินาน บางเมนูไม่มาเสริฟ
Ci9DQUlRQUNvZENodHljRjlvT2paSlpsUkNURTE0V21WNGNWZG1MV2hyWWtSS01rRRAB,Valerie Seraphielle,5,"This branch is one of the better ones the food came out at a reasonable time some of it more slow than it could have been

Staff is very friendly and all of the menu was available"
ChdDSUhNMG9nS0VJQ0FnSUMzcHVxdjNBRRAB,nheepaidaek,5,กินรอบที่4 แล้ววค่ะเมนูมีมาใหม่ตลอด ชอบค่า
ChZDSUhNMG9nS0VJQ0FnSURQc2FEa1F3EAE,Suradech Pornsomboonkit,5,อาหารหลากหลาย อร่อยกว่าร้านบุฟเฟต์ทั่วไป อาหารส่วนใหญ่ทำสดใหม่ ร้อนๆ เสริฟให้ในปริมาณที่เหมาะสม ไม่มากเกินไป โดยรวมคือดีครับ :)
ChZDSUhNMG9nS0VJQ0FnSUQzbXQ2U0JREAE,Chanunya Sopikit,5,อาหารอร่อย พนักงานบริการดีมาก โปรโมชั่นด้วย
ChZDSUhNMG9nS0VJQ0FnSUM5dE92Vk93EAE,Binod Ojha,5,"Nice and yummy fine dining buffet.
Really recommend to try and you will like and enjoy"
ChZDSUhNMG9nS0VJQ0FnSUNuc2Z5bVBREAE,ฤทัยรัตน์ วังศิริไพศาล,5,อร่อย บรรยากาศดี พนักงานน่ารัก บริการดีมาก ๆค่ะ
ChdDSUhNMG9nS0VJQ0FnSURYX0xINHJRRRAB,ts kit,5,มาสาขานี้ครั้งแรก ปกติทานที่สาขาพรอมเมนาด รามอินทรา อาหารถือเป็นมาตรฐานเดียวกัน รสชาติดีคุ้มราคา
ChZDSUhNMG9nS0VJQ0FnTURveWZMSWRnEAE,อานนท์ หวังศิริ,5,อาหารอร่อย มากินเซต 999 คือคุ้มมาก
ChZDSUhNMG9nS0VJQ0FnSUNIaHBtdlJBEAE,P'peeJeab JC,5,บริการดี อาหารมีคุณภาพดี โปรเยอะ ประหยัดได้ อร่อยด้วย
ChZDSUhNMG9nS0VJQ0FnSUR0dk9UOElnEAE,Tipakorn K.,1,อาหารออกช้า ตามไปพนักงานคุณภาพก้เฉย บุฟเฟ่สองชมออกแต่ติ่มซำ ได้ทานกุ้งแค่ 5 ตัวที่เหลือไม่มาเชิฟ ไม่คุ้ม ไม่คุ้ม เสียดายเงินมาก บริหารจัดการแย่มาก ส่งของไปหลายอย่างไม่ได้ ไม่รู้จะจ่ายตังมาทานบุฟเฟต์ทำไม  รอเป็ด 30 นาที ได้มาแบบสามชิ้นที่เปิดพัดลมแล้วปลิว แถมเป็ดหนังเหนียวมาก หมูกรอบก็เหนียว ขนาดของหวานให้สั่งก่อน 30 นาที สั่งไปแค่ 2 อย่าง ยังมาตอน 5 นาทีสุดท้าย 🙄🙄🙄🙄🙄
ChdDSUhNMG9nS0VJQ0FnSUNIcWFDUmp3RRAB,micky noon,5,อาหารอร่อย พนักงานบริการดีมากค่ะ
ChdDSUhNMG9nS0VJQ0FnSUNkMi0tRHdBRRAB,Supranee J (ig. Cookingwithtip),1,"พนง.บริการแย่มากๆ คือพนง.เสริฟมีหน้าที่แค่มาเสริฟจริงๆ พอแจ้งว่าไม่มีบริการเก็บจานหร๋อค่ะ พนง.งานกลับจ้องตากลับและทำสีหน้าไม่เต็มใจ และพูดแค่ว่ามีค่ะ แล้วก็เดินไปเลย

และที่สังเกตุได้คือพนง.เสริฟทุกคนที่เดินผ่านโต๊ะหรือเดินมาเสริฟอาหาร พอเห็นจานที่หมดแล้วกองไว้เพื่อรอเก็บ พนง.เสริฟทำแค่มอง แล้วเดินผ่านจริงๆ คือแบบอิหยั๋งว่ะ

เข้าใจว่าพนง.เก็บจานกับพนง.เสริฟทำหน้าที่แยกกัน แต่พนง.เสริฟควรไปแจ้งพนง.เก็บจานมั้ย หรือพนง.เก็บจานควรเพิ่มความสังเกตมั้ย บางโต๊ะลูกค้าต้องลุกขึ้นหยิบจานที่หมดแล้วไปวางบนเคาน์เตอร์

อาหารก็ธรรมดา ทั้งความสด รสชาติ การตกแต่ง คือไม่ได้เลย

เรทราคาขั้นต่ำต่อหัวก็~คนละ1200฿ แล้ว
และใครอยากจะมาซ้ำ บริการแย่แบบนี้

ถ้าใครจะมาร้านwisdom international buffetสาขาบางแค แนะนำได้แค่ว่า...ให้หนีไป ถ้าอยากกินแบบนี้ให้หนีไปหาอีกแบรนด์แถวปิ่นเกล้าดีกว่าเยอะมากกกกกก ร้านแบรนด์นั้นไม่ใช่แค่รสชาติอาหารดีนะ แต่บริการโคตรเยี่ยม แค่เห็นจานที่กินหมดบนโต๊ะแค่1จานก็รีบมาเคลียร์แล้ว หรือพนง.เห็นลูกค้าเดินถืออาหารมาเยอะ ก็รีบเข้าช่วยถือให้ แล้วเดินไปเสริฟให้ถึงที่โต๊ะด้วย!!!

.......................................................
ในรูปคือจานที่ถูกกองไว้รอเก็บ"
ChZDSUhNMG9nS0VJQ0FnSURkN2Nub1l3EAE,A LOT OF CAR รถยนต์มือสองสภาพดี,5,อาหารมาที่ละไม่มาก กำลังดี สามารถกินได้หลายๆอย่าง คุ้มค่า
ChZDSUhNMG9nS0VJQ0FnSUMzOHVqLVVREAE,Kate Ja,5,อาหารดีมาก อร่อย สดทุกจาน
Ci9DQUlRQUNvZENodHljRjlvT2xoaE9DMUZjbkJ3U0VNd1prazVSVTlyVWxGVU5XYxAB,Sarinya Kreemanon,5,จัดเต็มคุ้มมาก อร่อยยยยยย☺️
ChZDSUhNMG9nS0VJQ0FnSUNucnFUd0dnEAE,Jantana Kanchanapinyokul,5,อากหารอร่อย ได้รับอาหารรวดเร็ว พนักงานบริการดีมาก
ChdDSUhNMG9nS0VJQ0FnSUNmNlphcWtBRRAB,เทพประทาน ผลมงคลวัฒน์,4,อร่อยอาหารสดพนักงานบริการดี
ChdDSUhNMG9nS0VJQ0FnSURIMHBDcHZBRRAB,May Channel,5,อร่อยมากค่ะมาทานรอบที่ 3 แล้ว อาหารอร่อยทุกเมนูขนมหวานก็ไม่หวานเกินไป มีให้เลือกเยอะ
ChZDSUhNMG9nS0VJQ0FnSURILVBIQkx3EAE,Pich Pari,4,อร่ิอยทุกอย่าง ไอศครีมข้าวโพดอร่อยดี อิ่มจุก
ChdDSUhNMG9nS0VJQ0FnSUNuOGFxQm9nRRAB,Nitipat Phosawat,5,พนักงานน่ารักดูแลดีมากๆ อาการสดและคุณภาพดีมากๆเลย
ChdDSUhNMG9nS0VJQ0FnSUNIcnNQMXlnRRAB,Pornpawit Charathpikultip,5,อาหารอร่อย ออกไวบ้างช้าบ้างแต่ส่วนใหญ่ออกไว ซุปเห็ดดีมาก
ChdDSUhNMG9nS0VLYmJuOXpKcUxEbW5BRRAB,GUCC GUCCI,1,ซูชิแซลมอน แซลมอนมีกลิ่นคาว เหม็นมาก ไม่มีความสดเลย ซาซิมิที่ได้มา ก็ไม่สด ได้เนื้อส่วนไหนมาก็ไม่รู้ ที่แน่ๆ ไม่ใช่เกรดซาซิมิแน่ๆ อาหารอื่นๆ ไม่ได้ทานต่อ เพราะแค่แซลมอนก็ไม่ประทับใจแล้ว กินซูชิไปคนละคำ ที่เหลือไม่กินต่อ ทิ้งไว้ให้ดูต่างหน้า พนง.งง นั่งถึงครึ่งชม. อาหารพึ่งออกก็ลุกแล้ว โดยรวมไม่ประทับใจอย่างแรง ของไม่สด ไม่อร่อย
ChZDSUhNMG9nS0VJQ0FnSUNmMWRtaVB3EAE,ชุตินันท์ ลี้เจริญ,5,รอคิวไม่นาน อาหารอร่อย
ChZDSUhNMG9nS0VJQ0FnSUNIN3NLZlZBEAE,Nan PockyLuv,4,"แพนเค้กอร่อย เนื้อนิ้ม กินรวมกัน👍🏼
อาหารไทยรสชาติเข้มข้น กุ้งแม่น้ำไม่อั้ม"
ChZDSUhNMG9nS0VJQ0FnSUR2cTVlbERBEAE,Wimon Hongloy,5,อาหารสมราคา อร่อยถูกปาก แนะนำเป็ดปักกิ่ง
Ci9DQUlRQUNvZENodHljRjlvT21wMU4wVjJhbXRRVUROeE5DMHljVUZhWVRCc1JrRRAB,Athikom Rawd-own,5,"AKIYOSHI สาขาพระโขนง

ตั้งอยู่เส้นสุขุวิท เลยเอกมัยมาไม่ไกล มีโครงการเล็กๆ อยู่หน้าตึก thaisin เข้ามามีที่จอดรถเยอะพอสมควร หาไม่ยาก สแตมป์บัตรจอดรถที่ร้านได้ด้วย 😊

เป็นอีกร้านที่แวะเวียนมาได้เรื่อยๆ ปีนึงครั้งสองครั้ง และไม่เคยมีปัญหา ประทับใจทุกครั้ง ไม่ว่าจะผ่านไปกี่ปีก็ตาม คุณภาพวัตถุดิบที่ให้มาและบริการเค้ายังคงมาตรฐานเอาไว้ได้ค่อนข้างดี 👍

ราคาบุฟเฟต์ที่นี่ มี 579 / 799  รู้สึกจะมี ++ แต่ล่าสุดที่ไปมีโปรคนละ 779 net เชคบิลมา 2 คน 1558.88 ก็คนละ 779.44 บาท 🔥

ราคานี้ เลือกกินได้2แบบ คือ เค้ามี ชาบู ปิ้งย่าง และ สุกี้ยากี้ ถ้าอยากกิน 3 อย่าง ก็เพิ่มเงินอีก 59 บาท เลยเอาแค่ 2 แบบพอ เป็น สุกี้กับปิ้งย่าง เพราะคิดว่าพื้นที่มันไม่ได้เหมาะจะวางทั้ง3อย่าง ไหนจะอาหารอีก 😂

ส่วนตัว ชอบแบบสุกี้ยากี้ที่สุด เพราะรู้สึกว่า เนื้อที่เสิร์ฟมันออกแบบให้กับทำทรงนี้ เวิร์คสุด แต่มันก็รสนิยมส่วนตัวอะเนอะ ปิ้งย่างก็โอเค แต่เนื้อบางส่วนมันบางไปหน่อย กลับด้านลำบาก บริหารจัดการยากไปหน่อย เปิดไฟให้เบาลงพอช่วยได้ แต่สุกี้นี่ เนื้อส่วนไหนก็เวิร์คหมด 😇

จานที่ประทับใจ ✅ เลือกที่ชอบสุดมา 2 อย่าง จริงๆ มันอร่อยหมดเลยนะ แต่อันนี้คือห้ามพลาดๆ 🔥

เนื้อวากิวออสเตรเลีย ✅ อันนี้เด็ดจริง หอม มัน รสเนื้อเข้มข้น นุ่มนวล จะปิ้งย่างก็รอดเพราะมันหนาหน่อย

เนื้อซุพีเรียร์ ✅ อันนี้ก็ดีงาม รสเบากว่าวากิวออส แต่ หอมมันกว่า ทานได้เรื่อยๆ ไม่เหนื่อย หลังๆ กินสลับแค่2ตัวนี้แหละ ฟินสุดแล้ว

พวกซูชิหรืออาหารทะเล ส่วนตัวให้กลางๆ เฉยๆ ไม่แย่ ไม่ว้าว มุ่งไปทางเนื้อเลยจะดีกว่า สั่งมาแค่พอกรุบกริบ แบบนี้ได้ 🙂

ของหวาน ✅ ไอติมชาเขียว อร่อย มาตรฐานสูง แต่อันที่ว้าวเลยคือ ไอติมส้มยุสุ หอมมากกกก ต้องโดนนน

การบริการ คือ ดีไว สม่ำเสมอ มากี่ที เรียกหาอะไรได้ไวตลอด พนักงานสแตนบายดีครับ อธิบายตอนรับออเดอร์ได้ดี เข้าใจง่าย ✌️

สรุป ประทับใจ และคงมาซ้ำเรื่อยๆ วัตถุดิบโดยเฉพาะเนื้อ ของดีครับ ราคานี้คุ้มค่า นั่งได้ 90 นาที แต่บางถ้าอยู่ร้านปิดเค้าก็ไม่ได้เร่งอะไร ชอบมาก นั่งย่อยต่อได้อีกพักนึงด้วย ใครชอบสายนี้ แนะนำครับ 😋"
Ci9DQUlRQUNvZENodHljRjlvT2tsM2VHWTFNM281UkZVMk5XRm1VV0pzV1hGM1MxRRAB,Chomticha S.,5,"Celebrating 30 years this month! Enjoy a buffet discount from 999 to 779 NET — definitely worth it! For just +99 Baht per person, get unlimited sashimi and sweet shrimp. Honestly, the standard menu alone is already impressive!"
Ci9DQUlRQUNvZENodHljRjlvT2kweVNUZENMV1JWU2xWaldWOTNWMjF0ZWtOMGIzYxAB,SSC,5,อาหารอร่อย เนื้อวัวดีมากนุ่มละลายในปาก เลือกทานแบบDeluxe เมนูอาหารมีให้เลือกเยอะดี ของหวาน&น้ำหวานอร่อย เดือนต.ค.ครบรอบวันเกิดร้านมีเมนูทานเล่นพิเศษให้ทานฟรีด้วย(สำหรับราคาDeluxeขึ้นไป) ใช้โปรบัตร KTC ลดได้เยอะ เพิ่มแซลมอนซาชิมิ+99 บาท ส่วนตัวซูชิแซลมอนยังไม่ถูกใจเท่าไร พนักงานบริการดี ออเดอร์มีตกหล่นไปบ้างต้องตามอีกที สแตมป์บัตรจอดรถจอดฟรีได้ 2.30 ชม. / เกินจากนี้คิดชม.ละ30บาท
Ci9DQUlRQUNvZENodHljRjlvT2pnMGFFUXdhMEpzYUdkeGVHWTNWMjlhUlU1WFNIYxAB,coremedia tv,4,"บุฟเฟต์ มี2ราคา799 579 มีให้ทั้งปิ้งย่างและชาบู extra +99
อาหารสด ผักสดสะอาด น่าทาน น้ำซุปต้มนานๆแทบไม่เค็ม
อาหารเสริฟได้ค่อนข้างเร็วแม้ลูกค้าแน่นร้าน
พื้นที่ร้านค่อนข้างกว้าง มีโต๊ะเยอะไม่ต้องรอคิว วันธรรมดาช่วง5โมง-1ทุ่ม
ควรปรับปรุงใช้ระบบสั่งอาหารผ่าน qrcode
แทนจดกระดาษ
ที่จอดรถเยอะ จอดฟรีได้2.30ชม. ประทับตราของร้าน"
Ci9DQUlRQUNvZENodHljRjlvT2t4V05XSjFVMjVhZEV0UmNsaHFaazlNWWpKT2VYYxAB,Chananchida Rattanarak,5,คุ้มราคามาก อร่อยของสดดีทุกอย่าง ชอบซาซิมิปลาซาบะ มากกกก หลายจานเลย เนื้อดี ขนมของหวานอิ่มครบ พนักงานให้คำแนะนำดีมาก รวดเร็ว คะ ชอบจะไปใช้บริการอีก
Ci9DQUlRQUNvZENodHljRjlvT2pWd1lVOVhWRUZHYm1sVVdGTkJWRGRVUjJrNExXYxAB,Ara S.,3,"ปกติไม่ค่อยทานสาขานี่เพราะเหม็นกลิ่นควัน
แต่วันนี้กลับมาทานเพราะใกล้บ้านสุด อาหารรสชาติอร่อย เนื้อดี ซาซิมิดี แต่การบริการช้ามาก ของมาทีละจานๆ บางรายการสั่งแล้วไม่ได้ของ พนักงานไม่มี service mind เสียดายเงินที่จ่ายค่า service charge สุดๆ คงบายสาขานี้ตลอดกาล"
Ci9DQUlRQUNvZENodHljRjlvT25nMFVIRlpUakIwTkd4cVREVjRXVE5aTVhSbE5XYxAB,อภิชัย เหล่าสกุลชัย,5,วัตถุดิบสด สะอาด ชอบเนื้อวัวที่นี่มากๆ พนักงานมีความสุภาพ น่ารักทุกคน ไปทานมาหลายครั้งแล้ว
Ci9DQUlRQUNvZENodHljRjlvT2pCb05uSkZZbXR1U1habVozWTBlRzFVTjNsWVlWRRAB,apuntree poolsawut,5,ดีๆๆๆๆ น้ำจิ้มกลมกล่อม มีสำหรับปิ้งย่างและสุกกี้ ไฟแรงกำลังดี เนื้อคือดีย์ มากกกกกกกกกกกก สูตรเขาลงตัว ซาซิมิคือดี นุ่มนิ่ม กินมาทั่วล้าววว ทูน่าที่นี้คือดีย์ บริการ10/10 ร้านสะอาด ที่นั่งไม่ชิดกันเกินไป  มีที่จอดรถสะดวกสบายยยยย
Ci9DQUlRQUNvZENodHljRjlvT2xScFN5MDVaM0p6YldVMFpURnZRVUZHTTFsNWQyYxAB,Traveling with The Lowing's,5,"Highly recommended for weekend visits—make a reservation in advance to ensure a table. Despite being a spacious restaurant, it never feels overcrowded. Service is fast and efficient, with clean facilities and high-quality stoves that heat quickly, ensuring your food is ready in no time—even if you arrive feeling hangry.

The prices are reasonable and well-matched to the quality of both the ingredients and the overall experience. The staff are attentive and provide excellent service, making the meal even more enjoyable."
Ci9DQUlRQUNvZENodHljRjlvT25STmQyUlBMVEZEV1hoVVRWa3hibEZzWjB4MGVrRRAB,โอเคได้อยู่ OkDaiYu,5,"เลือกทานเป็นบุฟเฟ่ต์ Deluxe + เพิ่มเมนู Extra อีกนิด คือคุ้มแบบไม่ไหว อาหารคุณภาพดีมาก เนื้อวากิวลายสวย  ซาชิมิสด หั่นมาชิ้นใหญ่ กุ้งหวาน ปลาแซลมอนคือดีจริง 🍣

สุกี้ยากี้เป็นน้ำดำ รสเข้มข้นแต่ไม่เค็มจนเกินไป ซีฟู้ดก็สด กุ้งแม่น้ำตัวใหญ่ ปิ้งย่างหอมๆ สายเนื้อคือเลิฟแน่นอน ส่วนของหวานก็มีให้เลือกหลายอย่าง ทั้งโมจิ น้ำแข็งไส และไอศกรีม

พนักงานดูแลดี เติมของไว โต๊ะสะอาด มาครั้งนี้ที่สาขาพระโขนง เดินทางสะดวก ที่จอดรถมีเพียงพอ"
Ci9DQUlRQUNvZENodHljRjlvT2xKWFQxOTFRek4yU1ZkYWEzZGZTa1Z5WlhoQlZGRRAB,Kulisala O.,4,อาหารอร่อย บริการดีค่ะ แล้วก็ขนมหวานสามารถรีเควสพนง.ได้ว่าเอาไม่เอาอะไรบ้าง โทรจองก่อนได้ถ้ามากลุุ่มใหญ่มาห้องส่วนตัวให้ค่ะ
ChdDSUhNMG9nS0VPU3V4c0RqX2ZfeXpRRRAB,Joey NoProblem,5,"ร้านนี้เป็นร้านประจำที่ไปกินบ่อยมาก เรียกได้ว่าเป็นร้านที่ “นึกอะไรไม่ออกก็มาจบที่นี่ตลอด” เพราะตอบโจทย์ครบทุกอย่าง ทั้งคุณภาพ ราคา ความสะดวกสบาย และความอร่อย

Akiyoshi สาขานี้อยู่ชั้นสอง เดินทางง่าย ใกล้ BTS พระโขนง มีที่จอดรถในอาคารสะดวกสบาย ตัวร้านตกแต่งเรียบง่าย บรรยากาศเงียบสงบ เหมาะทั้งกับการนั่งทานสบาย ๆ กับครอบครัว หรือมาประชุม-กินข้าวกับเพื่อนร่วมงานก็ได้

สิ่งที่ชอบที่สุดคือร้านนี้มีทั้ง ชาบูและปิ้งย่าง ให้เลือก อยากทานแบบไหนก็จัดได้ตามใจเลย วัตถุดิบสดใหม่ น้ำซุปหอมกลมกล่อม โดยเฉพาะน้ำจิ้มงาและพอนสึของที่นี่คือเด็ดมาก! เนื้อหมู เนื้อวัว หรือซีฟู้ดก็คุณภาพดี เสิร์ฟไวไม่ต้องรอนาน

เมนูมีให้เลือกเยอะมากจนบางทีก็เลือกไม่ถูก แต่ไม่ว่าจะสั่งอะไรก็ไม่เคยผิดหวัง รสชาติสม่ำเสมอทุกครั้งที่มา ราคาไม่แพงเกินไปเมื่อเทียบกับคุณภาพและบริการ อิ่ม อร่อย คุ้มค่าแบบจริงจัง

ใครกำลังมองหาร้านบุฟเฟ่ต์สไตล์ญี่ปุ่นดี ๆ ย่านพระโขนง–อ่อนนุช แนะนำเลยค่ะ Akiyoshi สาขานี้ไม่เคยทำให้ผิดหวังเลยจริง ๆ"
Ci9DQUlRQUNvZENodHljRjlvT20xZlFuVnphVkZsTFVFeWNYQjFSWEkwTUZsQ2JuYxAB,jaru gill,5,ไปหลายครั้งมาก สำหรับร้านนี้ ส่วนตัวคือกินมาเกินสิบปี รสชาติสุกี้ญี่ปุ่นที่ใช่ ตอนนี้ไม่ต้องรอคิวนานแล้ว ไปตอนไหนก้ได้โต๊ะเลย ชอบตรงที่มีโปรร่วมกับบัตรเครดิตบ่อย เอาคะแนนไปแลกคือคุ้ม ถ้าคุณภาพไม่ดีจริงร้านคงไม่อยู่มาเกินสิบปี แนะนำใหไปลองค่ะ
Ci9DQUlRQUNvZENodHljRjlvT2tSdFVDMW9ZVEJoWHpKeGVXZDNTa3hXTmxOaWJWRRAB,Chatrasuda Songsaengcharoen,5,ตำนานร้านสุกี้ชาบู สูตรต้นตำรับจากญี่ปุ่น กว่า 30 ปี อร่อยฟินสุดๆ ราคาสบายๆ เป็นกันเอง
Ci9DQUlRQUNvZENodHljRjlvT2pCM1kwcGtSbWRKUTNKb1dEVkhiRlF5YzA1ak1XYxAB,Talaettaettae ตะแล้ดแต๊ดแต๋,5,อาหารอร่อย เนื้อสด สะอาด วัตถุดิบดีชอบมากกซ้ำบ่อยมาก✨
Ci9DQUlRQUNvZENodHljRjlvT2taQ05uUm9OVXBwUlZOTk0ycHhOMVZMZEc1dVZGRRAB,Manita KCW,5,"คือดีย์ คุ้มมมาก โปรนี้ 770 + ซาซิมิ77 ✅
หมูดี เนื้อดี ไอศครีมดี  ซาซิมิ ดีย์
กุ้งเทมปุระ อร่อยมากกก เสียดาย สั่งช้าไป
ปิดรับออเดอร์ก่อน   😋
คืออยากจะบอกว่าคุ้มมากกับราคานี้ ต้องมาทานอีกแน่นอน 😻😻  เริสสสมมๆๆๆ!!!!"
Ci9DQUlRQUNvZENodHljRjlvT2w5NmVWZElkWEJYTW1kaWMyMDRNemhuWm04d1JrRRAB,Jam Lexusman,4,"Lexus team cerebration
Buffet 799 คุ้มมาก เนื้อดีทีเดียว น้ำซุปดี
อาหารอย่างอื่น ธรรมดา ข้าวปั้น ทาโกะยากิ

มาทานหลายๆคน สนุกดี"
Ci9DQUlRQUNvZENodHljRjlvT2xCZlNIbzJZM1JPWTFoR01FbGFlVFZWVVhsTk5HYxAB,chanyanuch iamprakobkit,5,"Akiyoshi คือต้องสาขาพระโขนงเท่านั้น หมดใจให้สาขานี้สาขาเดียวววว!!

✅พนักงานบริการดีไม่มีตกหล่น
✅อาหารหลากหลาย ส่วนตัวคิดว่าเค็มน้อยกว่าโมโม่

เส้นอูด้งคือที่สุดดดด แบบบอร่อยมากกอยากให้ทุกคนลองจริงๆ

ไอติมบ๊วย กับ yuzu คือตัดเลี่ยนดีมากกกก เลิ้บเลย
สมัครสมาชิก ลดอีก 10%

ยังเป็นสาขาโน1 ในใจและชาบูญป ที่ชอบเสมออ"
ChdDSUhNMG9nS0VJQ0FnSUR6Nk9qYTNBRRAB,Origami,4,"Akiyoshi (อะคิโยชิ) สาขา พระโขนง อาคารไทยซิน สแควร์ ชั้น2

ร้านบุฟเฟ่ต์สุกี้ยากี้ ชาบู และ เตาปิ้งย่าง อีกทั้งยังมีเมนูอาหารญี่ปุ่นที่ครบครันในที่เดียว

บุฟเฟ่ต์จะมีทั้งหมด 3 ราคา
1. 599.- Net (เมนูหมู,ผัก,ของหวาน, เครื่องดื่มรีฟิว)
2. 799.- Net (เมนูเนื้อ, ทะเล, ซูชิ, ของหวานพิเศษ)
3. 1999.- Net (เนื้อวากิว, ซาชิมิ, อาหารญี่ปุ่น)
ในแต่ละราคาที่เพิ่มจะมีเมนูเพิ่มขึ้นมา

การบริการที่เรามาจองคิวเสร็จ แล้ว พอถึงคิวเราที่จะไปนั่งที่โต๊ะ ทางร้านเตรียมทุกอย่างให้พร้อมกินเรียบร้อยเลย น้ำจิ้มจานชามพร้อมสั่งอาหารได้เลย

วันนี้มาทาน Deluxe Buffet ในราคา 799.- บาท คุณภาพอาหารกับราคาถือว่าดีมากๆ เพราะได้กินครบถ้วนทุกอย่างตั้งแต่ ปิ้งย่าง สุกี้ยากี้ ชาบูสำหรับสายลวก ต้ม อาหารญี่ปุ่นอาจไม่เยอะมากถ้าไม่ใช่ตัวท็อปแล้วปิดท้ายล้างปากด้วยของหวาน น้ำแข็งใสถั่วแดง

เรื่องรสชาติน้ำจิ้มรสชาติใช้ได้ทานเข้ากับเนื้อทั้งโชยุ น้ำจิ้มงา ซีฟู้ด พอนสึ มีไข่ดิบไว้ทานคู่กับเนื้ออีกด้วย
ครบครันเป็นมื้อที่ดี"
ChdDSUhNMG9nS0VJQ0FnTURvbWItTW93RRAB,Ying ToNic,5,ร้านอยู่ด้านบนชั้น 2 ขึ้นลิฟต์มานะคะ 🥢 ร้านกว้างขวาง... เนื้อดี 🍖 น้ำดำอร่อย ก่อนเติมน้ำดำจะมีพนักงานมาผัดผักต่างๆ ให้หอมก่อน🧅🍄  แล้วค่อยใส่น้ำดำ.. น้ำจิ้มงา อร่อย 😊 ที่สำคัญ set. บุฟเฟ่ต์ ราคาไม่แพงคะ เริ่มต้น 579.-
Ci9DQUlRQUNvZENodHljRjlvT2tZNFEzTlNkVzlqY0hBNVQxbG1iRE5JTWswMmRYYxAB,Wayndering,3,A fun place for Japanese hotpot. Popular with local groups. Service is attentive and quick though few waitresses can speak Japanese or English. Food is adequate but not mind-blowing. That said the buffets are a great deal if you’ve got a big appetite.
ChZDSUhNMG9nS0VJQ0FnSURMbjZfc0RBEAE,Bestlingchan,3,"หมดสภาพ ร้าน สุกี้ยากี้ร้านแรกที่ทำ all you can eat เมื่อก่อนเคยใช้เนื้อ Thai-French คุณภาพดี กินตั้งแต่สมัยรีวิวลง pantip ปัจจุบันไม่เหลือสภาพเดิมแล้ว ทั้งการตบแต่งร้าน การบริการ เมนู และรสชาติ คือเปลี่ยนชื่อร้านก็ไม่รู้แล้วว่านี่ร้านอะไร ไม่มีเอกลักษณ์หลงเหลือเลย

เข้าใจว่าคงปรับไปตามยุคสมัย เพื่อความอยู่รอด กลุ่มลูกค้าเปลี่ยน ก็ต้องเปลี่ยนตาม

มากินมื้อเที่ยงวันเสาร์ ลูกค้าเยอะ พนักงานน้อย บริการไม่ทัน อาหารออกช้ามาก เมนูก็ออกทะเลไปไกลแล้ว

ข้อดีที่คิดได้ คือ มีกะทะปิ้งย่างเพิ่มมา ตัดเลี่ยนได้ดี"
ChdDSUhNMG9nS0VJQ0FnSUMzcTVHVHFRRRAB,Praepun Hunsa,5,เป็นชาบูที่มาทานบ่อยมากๆ เนื้อดีมาก น้ำซุปก็ดี พนักงานบริการดีมากค่ะ สาขานี้ไม่ต้องรอคิว ไปวันเสาร์อาทิตย์ประมานบ่ายโมงถึงบ่ายสอง บางอย่างสั่งไปก็ไม่มาเสริฟ ไอติมมาช้ามาก แต่ไม่เป็นไรค่ะ โดยรวมเป็นชาบูร้านโปรดเลย อร่อยมากๆไม่ผิดหวังกับรสชาติสักครั้งค่ะ❤️❤️❤️❤️
ChZDSUhNMG9nS0VJQ0FnSUNmNHQzaEV3EAE,Sanchai Lookkaew,5,อาหารประเภทชาบู + ปิ้งย่าง อร่อยมาก อาหารสด คุณภาพดี ราคาคุ้มค่า พนักงานน่ารัก บรรยากาศดี ตบด้วยไอติมยูสุ เดินทางง่ายจอดรถได้ มาBTS พระโขนงได้
ChZDSUhNMG9nS0VJQ0FnSUNIbzlTTWRREAE,Baitong Little Duck,5,"วันนี้เรามากันที่ร้าน akiyoshi ซึ่งเค้าเป็นBuffet พรีเมี่ยม สไตล์ญี่ปุ่น  เนื้อและวัตถุดิบของที่นี่คุณภาพคือ The Best มาก เนื้อวากิวนุ่มละมุนลิ้น มากกกกก และเค้ามีให้เลือกทั้งปิ้งย่างและชาบู ครบจบในที่เดียว ราคาเริ่มต้นแค่ 579 บาทเน็ต
แล้วยังมีของหวานมีไอศครีมมีน้ำแข็งใสให้อีกนะ ไอศครีมชาเขียวอร่อยมาก สั่งแล้วสั่งอีกไม่หยุดเลย
การให้บริการพนักงาน ดูมีความเอาใจใส่ดี"
ChdDSUhNMG9nS0VJQ0FnSUR2MmN5cGhRRRAB,Patrick Vanijanonta,4,อาหารอร่อย วัตถุดิบดี บรรยากาศในร้านโล่งสบาย แต่หากคนเยอะๆ กลิ่นและควันเป็นสิ่งที่หลักเลี่ยงไม่ได้ อาหารออกไว พนักงานบริการดีมาก วันที่ไปทานแบบบุฟเฟ่ต์ 799
ChdDSUhNMG9nS0VJQ0FnSUNUaFp5RHVnRRAB,nin nin,4,ร้านอยู่ชั้น2 สถานที่สะดวก ประทับตราจอดรถฟรี6ชั่วโมง  บริการมาตรฐาน อาหารอร่อย สะอาด ส่วนตัวคิดว่าชาบูน้ำดำเค็มเกินไป น้ำยำ น้ำจิ้มงาก็เค็ม กลับกันซุปน้ำใสจืดสนิทเลย โปรช่วงนี้ทาน2คน เลือกบุฟเฟต์deluxeหัวละ 775บวกextra99บาท (รวมvatและเซอร์ชาร์จแล้ว) ราคาไม่แพงฮะ เพราะได้กิน3แบบรวดเดียวจบ ทั้งชาบู ปิ้งย่าง และอาหารญี่ปุ่นฝีมือเชฟ ของหวานก็ดี มีไอติมส้มยูซุ และน้ำแข็งใส คลายร้อน
ChZDSUhNMG9nS0VJQ0FnSURYcmJfRERBEAE,Superhui HUI,5,ร้านอาหารญี่ปุ่นในตำนาน บุฟเฟต์สุดคุ้ม อาหารอร่อย ราคาดีงาม เดินทางสะดวก ใกล้สถานี bts พระโขนง ปิ้งย่าง สุกี้ ชาบู มากันครบ ซูชิ ซาชิมิ ก็ได้ ถ้าอัปเกรดเพิ่ม รับรองได้ชิมต้องติดใจ
Ci9DQUlRQUNvZENodHljRjlvT2tobU1IWlBXRUZ6VmxCV1NHaFJiRjlzWTJjMldtYxAB,Banthita Dolsuk,4,สั่งอาหารไม่ค่อยได้ตามออเดอร์ สั่งข้าวผัดไม่ได้ต้องคอยบอกว่าอยากได้อะไร อาหารคุ้มกับราคาที่จ่าย
ChZDSUhNMG9nS0VJQ0FnSUNmbk5mbE5REAE,iNooMiz,5,ปัจจุบันมีการพัฒนาเพิ่มขึ้นมากเพราะมีเพิ่มเมนูปิ้งย่าง และสุกี้ยากี้ เข้ามาด้วย ซึ่งยังคง concept ความเป็นญี่ปุ่นแท้ และวัตถุดิบที่ดีงาม มาทานกี่ครั้งก็ยังประทับใจ
ChdDSUhNMG9nS0VNcXVoN202emRMZXp3RRAB,Unsanee Athisaitrakul,5,"อาหารดี พนักงานตั้งใจบริการ
มีทั้งชาบูและปิ้งย่าง อาหารออกไม่ช้า
แต่คนเยอะ รอคิวนิดนึง"
ChZDSUhNMG9nS0VJQ0FnSUR2LUpfMFR3EAE,Sumol,4,"I recently had the pleasure of dining at Akiyoshi and was thoroughly impressed with their expansive buffet offerings. Whether you're a fan of shabu-shabu, sukiyaki, or grilled meats, Akiyoshi has something to satisfy every palate.

Highlights:

1. Expansive buffet with shabu-shabu, sukiyaki, and grilling options
2. Good -quality ingredients, including Wagyu beef and fresh seafood
3.Helpful staffs
4. Excellent value for money, especially with the premium set and dessert.
5. Plenty of parking and connect to BTS."
ChdDSUhNMG9nS0VJQ0FnTURRaXFMdnRBRRAB,Kamonporn C,3,น้ำซุปค่อนข้างจืด เนื้อหมู เนื้อวัว นุ่ม อร่อยดี น้ำจิ้มพอนสึ เปรี้ยวนำแบบโดดๆ
Ci9DQUlRQUNvZENodHljRjlvT2paelNESXhhek55WlVoUVpsb3hRM1E0YjJsME1VRRAB,jasdawut jorajit,5,ยังอร่อยเหมือนเดิม แวะมาทานกันได้ครับ
ChdDSUhNMG9nS0VJQ0FnSUQ5NXZhV2hRRRAB,Wattanin Bannasarn,4,"ชาบูน้ำดำในตำนาน ร้านใหญ่ อร่อยเหมือนเดิม

เป็นร้านชาบูน้ำดำ ที่เป็นร้านแรกๆในไทยเลยครับ ร้านใหญ่ เดินทางสะดวกโดยBTS พนักงานเยอะ แต่ก็บริการไม่ได้ทั่วถึงเท่าไรครับ ต้องคอยชะเง้อเรียกอยู่ บุฟเฟ่ต์ใช้โปรKTCตกคนละไม่ถึง 500 บาท ผมสั่งเป็นสุกี้และปิ้งอย่าง ตัวสุกี้อร่อย น้ำซุปเข้มข้นจนต้องขอน้ำเปล่ามาเติมเพิ่ม, ส่วนปิ้งย่างผมว่ายังไม่ผ่าน ร้านนี้เหมาะกับการกินแบบชาบูสุกี้มากกว่าครับ เนื้อคุณภาพดี ผักสด อร่อย เหมาะกับครอบครัว

รสชาติ A
ราคา B+
บรรยากาศ A
บริการ B
สะอาด A"
Ci9DQUlRQUNvZENodHljRjlvT25ndFNtVmtNakJoYmsxalVVcEVhRGQ0YW1vNWMxRRAB,krist heam,5,บุฟเฟต์เนื้อดีม๊าก แบบฉบับญี่ปุ่นจริงๆ ซอสงาหอมอร่อยต่างที่อื่น อาหารจานเดียวก็อร่อยทุกเมนูเลยครับ บรรยากาศร้านก็จัดการกลิ่นดีครับไม่มีกลิ่นติดตัว
ChdDSUhNMG9nS0VJQ0FnSUNyaU51d2dnRRAB,Claire S.,5,เนื้อวากิว เนื้อสุพีเรียร์ใช้ได้เลย สั่งเป็นเตาปิ้งย่างกับสุกี้ยากี้ ราคา 799 Net เป็นราคาสมาชิก แต่สมัครแล้วใช้สิทธ์ราคานี้ได้เลย คุ้มอยู่ (ค่าสมัครน่าจะ 100บ) แถมได้สิทธิ์ส่วนลดเดือนเกิดเพิ่มอีก 😊
ChdDSUhNMG9nS0VJQ0FnSUNCcU1XU3F3RRAB,Amy N.,4,"Good place to have dinner, buffet or
à la carte for your choice with grill and sukiyaki. The price is reasonable for member, so just pay for 100 Baht for member fee and worth discount already.
Service needs to get improve! Short staff members and difficult to reach them for reorder and refill drinks."
ChZDSUhNMG9nS0VJQ0FnSUNwdUwtSVh3EAE,Pairoj Jumpa,5,"ถ้าจะกินชาบู คุณภาพดีๆ ราคากลางๆ (premium ประมาณ 800บาท ต่อ คน อยู่ทำเลสุขุมวิท เลือกได้ทั้งอาหารญี่ปุ่นแบบจานเดี่ยว หรือชาบู หรือปิ้งย่าง(บนกระทะ) ร้านนี้ สาขานี้ แนะนำเลย! ขอย้ำเฉพาะสาขานี้นะ เคยไปกินสาขาที่ เซลทรัล เวสเกต อย่างห่วย

- ชาบู  อร่อย เมนูมีให้เลือกเยอะแยะมากมาย น้ำจิ้มอร่อย มีหลายแบบ
- เนื้อ คุณภาพดี ไม่มีแบบเศษๆ มาให้เสียอารมณ์ ผักสด
- ของหวาน อร่อยเกือบทุกอย่าง
- จานเดี่ยว อร่อยเยอะ โดยเฉพาะซูชิวากิว สั่งแลิว สั่งอีก"
ChdDSUhNMG9nS0VJQ0FnSUN1eWJ6WHdRRRAB,Daud,5,ขออนุญาตรีวิวเป็นภาษาไทยเพื่อความเข้าใจง่าย ด้วยความประทับใจอย่างที่สุดแม้เป็นลูกค้าที่ทานมาตั้งแต่ร้านตั้งอยู่ชั้น 1 ขณะนั้นย้อนเวลาเวลาไปเกือบ 20 ปี แฟนผมมีน้ำใจอยากให้ผมทานของดี จึงพามาเลี้ยงที่นี่ เปิดประสบการณ์ (ขณะนั้นราคาที่นี่แพงเกินไปสำหรับผม) ทำให้เป็นครั้งแรกที่ได้ทานสุกี้น้ำดำแบบญี่ปุ่น ซึ่งตอนนั้นทานไปแบบไม่รู้ความ แต่ชีวิตตั้งแต่บัดนั้นผมไม่เคยทานสุกี้ญี่ปุ่นที่ร้านอื่นได้อร่อยอีกเลย ผมสงสัยตัวเองและเก็บไว้ในส่วนลึกของก้นบึ้งจิตใจ และเข้าใจไปว่าผมคงไม่ได้ชอบสุกี้น้ำดำญี่ปุ่น ด้วยเวลาที่ผ่านไปเรื่อย ๆ นานเข้า ผมลืมร้านนี้ไป ชีวิตเติบโตขึ้น ทำงาน ทะเลาะกับแฟน มีการพลิกผัน ตามเรื่องราวของชีวิต คำถามในใจนี้ยังคงผุดถามตัวเองเรื่อยมา เช่น ช่วงเวลาใกล้จะหลับ จนโตเป็นผู้ใหญ่มีการงานทำ และล้มเหลวลง ความสุขในการใช้ชีวิตเริ่มควานหาไม่เจอ มีแรงใช้เพียงตะเกียกตะกายให้ผ่านปัญหา การนัดไปทานอาหารกับแฟนก็เป็นเพียงทำตามหน้าที่(แฟนคนเดิม) แต่เมื่อถึงช่วงที่เราตัดสินใจว่าจะร่วมใช้ชีวิตแต่งงานกัน ผมได้ระลึกถึงคุณความดีต่าง ๆ ของแฟนเรา และน้ำใจที่เขาเคยมีให้ ทำให้ความทรงจำที่ได้มาทานร้านนี้ผุดขึ้นมา ผมได้ถามแฟนว่าเรากลับไปเที่ยวกินที่ร้านสุกี้น้ำดำร้านนึงที่เคยมาแถวสุขุมวิทได้ไหม แฟนผมก็จำชื่อร้านไม่ได้(ความจำสั้น) ทำให้ผมต้องค้นหาขนานใหญ่ ทั้งเซิร์จและเปิด google map ขับรถตามหาทั้งเส้นทางแต่หาไม่เจอเพราะผมดันไปจำสับสนกับร้านอาหารญี่ปุ่นคุโรดะตรงเอกมัย ซึ่งปิดไปแล้วทำให้ต้องตัดใจไป แต่สุดท้ายแฟนผมอยู่ดี ๆ เหมือนพระเจ้าประทานพรให้รู้ว่าไม่ใช่ คุโรดะ แต่ชื่อร้านคล้ายกับ อะกิยามะ (ตัวเอกในการ์ตูนจอมโหดกระทะเหล็ก) ผมจึงมีความหวังเปิด google map ไล่ดู ขับรถตามหาตามเส้นทางจนเจอ จึงได้ทำการนัดกับแฟนหลังเข้ามิซซาที่เซนต์หลุยส์เสร็จ จะมากินที่อะกิโยชิให้ได้ พอมาถึงและได้ทาน สิ่งที่ผมค้างคาในใจอยู่เกือบ 20 ปีได้มลายหายสิ้นไปกับคำแรก คำถามที่คิดว่าทำไมเราไม่เคยทานสุกี้น้ำดำที่อื่นอร่อยอีกเลย ได้สลายไปพร้อมกับชิ้นเนื้อที่กำลังทาน ทุกอย่างเป็นเพราะสุกี้ที่นี่อยู่ที่หนึ่งในใจผมมาตั้งแต่ครั้นผมยังเด็กนั่นเอง ผมดีใจมากจนต้องบอกกับแฟนในทันทีว่า ถ้าหากเรามีลูกกันก็จะพามาทานที่ร้านนี้ จะเป็นร้านประจำของครอบครัวไปจวบจนตลอดไป สิ่งที่พิมพ์นี้อาจไม่เหมือนรีวิว แต่เป็นความจริงที่เกิดขึ้นกับผมและเป็นความประทับใจมากจนไม่อาจรีวิวเป็นการเป็นงานได้ เป็นความจริงใจขิงลูกค้าคนนึงครับ
ChZDSUhNMG9nS0VJQ0FnTUNRcWE2NGZnEAE,Gaan Puenpipat,5,"I came here many times for more than ten years. Never make me disappointed. Not only the sukiyaki and shabu buffet, since I’m getting too old 🥹 I cannot eat much. The ala carte also brilliant. Just a hot soup soba and one set of beef shabu could make your day 👍👍

Recommend for anyone."
Ci9DQUlRQUNvZENodHljRjlvT2taMmFXSTBXVWgwTUZoUmNuSk1iM3BaT0d0UWJXYxAB,แบร์เด็ก แอนด์ เดอะสองเหมียว,5,ดีที่สุด ชอบที่สุด คือไปหลายครั้งแล้วค่ะที่นี่ ร้านประจำอ่ะ ☺️
Ci9DQUlRQUNvZENodHljRjlvT25SMVQyUkZXVGhCZW5Ob01sSjVkRGwwYlZKMFowRRAB,Thirith Jongnimitpaiboon,5,เป็นสุกี้-ชาบู & ปิ้งย่างที่ถูกต้องมากๆครับ เป็นร้านประจำของที่บ้านเลย แนะนำให้โทรจองโต๊ะเข้ามาก่อน สำหรับบุฟเฟต์แนะนำราคา 799 ครับ จะได้เมนูซูชิกับซีฟู้ดเพิ่มด้วย ส่วนของหวานตอนท้ายต้องทานไอศครีมชาเขียวกับ น้ำแข็งไสถั่วแดงอย่างละ 1 ถ้วยเป็นอย่างต่ำ 😁👍🏻
ChZDSUhNMG9nS0VJQ0FnSUN2X19PQVR3EAE,P,4,กินเนื่องจากวัยรุ่นอร่อยไม่เคยเปลี่ยนแปลงเนื้อดีน้ำซุปดีเป็นการทำสุกี้ยากี้แบบโบราณที่รสชาติดีมากๆครับ
ChdDSUhNMG9nS0VJQ0FnSUN1OGVTUW1BRRAB,Wichanan Phongsri,5,"สุกี้ยากี้สไตล์ญี่ปุ่น
น้ำซุปมีน้ำซุปใสชาบู และซุปน้ำดำ แบบสุกี้ญี่ปุ่น
มีทั้งแบบ Buffe  และ A la carte
เนื้อวัวเกรดดี มีหลายแบบให้เลือก มีเนื้อหมู อาหารทะเลด้วย กุ้ง หมึก ปลา
มีซูชิ นิดหน่อย แนะนำซูชิเนื้อวากิว
ของหวาน แนะนำไอศครีมยูสุ
บริการดี พนักงานเยอะ พูดจาดี
บุฟเฟ่ มี 2 ราคา ตามระดับของราคาเนื้อ
ราคาสมเหตุสมผล ตามคุณภาพวัตถุดิบ
มีที่จอดรถด้านหน้า มีห้องน้ำบริการในร้าน แต่ปริมาณน้อยไม่พอ
มีห้องแยกหากต้องการความเป็นส่วนตัว"
Ci9DQUlRQUNvZENodHljRjlvT2tKdGMwOWlYMDVHUkV4clp5MUhlbEF0VlhCUVZYYxAB,Nongqoo Naka,5,"ชอบมากินที่สาขานี้ค่ะ อาหารดีกว่าสาขาอื่น พนักงานบริการดีมาก อาหารมาเสิร์ฟให้ที่โต๊ะเลยไม่ต้องไปตักเองค่ะ ร้านกว้างขวางมีโต๊ะจำนวนมาก เหมาะสำหรับเด็กด้วยค่ะเรามีลูกสองขวบนั่งโต๊ะญี่ปุ่นสบายเลยค่ะ

แล้วก็มีที่จอดรถสบายไม่ต้องเสียตังค์ค่ะ และสามารถจองโต๊ะได้ด้วยค่ะไม่ต้องนั่งรอคิว"
ChZDSUhNMG9nS0VJQ0FnSURieGRpNk9BEAE,TA BOW,5,"วัตถุดิบสด สะอาด บริการดี
เวลาเปิด ตอนนี้เปิด ทั้งวันแล้วด้วย ไม่มีหยุดบ่าย
ใช้ ดีล คูปองในแอพ explore เหลือ 750฿ ไม่มีบวกๆ
รวมครบทุกอย่าง ชูชิ ซีฟู้ด เนื้อ ขนมหวาน น้ำ คุ้ม"
ChdDSUhNMG9nS0VJQ0FnTUNvN3JEaHJBRRAB,Chanaporn Yamjinda,5,The staff is friendly and responsive. The quality of food is excellent. I love the sesame sauce.
ChZDSUhNMG9nS0VJQ0FnSURabk1PcmZREAE,Nat Lim,4,มากินตามโปร ราคา 719 บาทเน็ต ถือว่าราคาดีเลย มีซูชิ เนื้อ ได้ทั้งเตาปิ้งย่างกับหม้อชาบู ขนมก็อร่อยโดยเฉพาะไอติมยูสุ วาราบิโมจิ ไอติมชาเขียวซันเดย์ ถ้ามีโปรอีกก็คงมา
ChZDSUhNMG9nS0VJQ0FnSUQ3dklQd0lBEAE,BM W,5,"เนื้อออส อร่อน นุ่มมาก สด ซูซิเนื้อวากิวต้องกิน ไม่งั้นพลาด แนะนำ อาหารไว มีขนมหวานดีมาก

หัก 1 ดาว เพราะรถจอดเต็มมาก หาที่จอด นานไปหน่อย"
ChZDSUhNMG9nS0VJQ0FnSURENDZUYlFnEAE,Tor,2,"Ok place for a buffet but i had to order the same dish 3-4 times before it arrived and sometime not arrived at all. When You pay for the best Package, You expect some service but not here.
They never look at Your order slip and if (in our case) when they have friends eating they will get 100% of the attention.
We bought a deluxe buffet for 2 and was completely ignored the whole time We were there.
The 7up was completely flat and the vegetables served for our soup was just out of a prison movie. It was just not appealing.

The salmon was thrown on the table, and no thoughts given at all on how to give this in a presentable way. And of course it was thrown/put on the table frozen and with the looks that it had been frozen several times.

I would recommend the korean bbq next door as their service is excellent compared to Akiyoshi.

I give it 2 stars cause the food seems clean."
Ci9DQUlRQUNvZENodHljRjlvT21oMGNuVlpkVnB0Y1ZKRU5EQkhhRFZxWjBFd1QyYxAB,"zpeedfreak Reno, NV",4,Beef is not exactly like the picture.  The marbling fat is not the same.  But don't mistake it for the taste.  Every bite still soft tender and tasty.  There are many sauces to choose from.  I didn't ask what are they for.
ChZDSUhNMG9nS0VJQ0FnSURvMXVfNlV3EAE,Bee BeYourCyber,5,"มากินอีกครั้งปี 2020 คราวนี้เป็นร้านใหม่เขามีการให้นั่งแยกโซนระหว่างคนที่กินปิ้งย่างและคนที่กินเฉพาะชาบูสุกี้ อาหารการบริการถือว่าไม่มีปัญหาคุณภาพดีแต่มีบางช่วงที่พนักงานวุ่นๆอาจจะช้าหรือตกหล่นไปบ้าง หรือว่ามีการปรับปรุงได้ดีขึ้น
แบบราคาถูก 495 บาทเรื่องกินได้ 2 อย่างระหว่างสุกี้ยากี้ ชาบูชาบู และปิ้งย่าง แบบ 500 กว่าบาทจะกินได้ 3 อย่างเลย"
ChdDSUhNMG9nS0VJQ0FnSUNDX1l6OTNRRRAB,Aldelo Piomica,5,"Eng: One of the best mid range price (~600-1000THB) Japanese sukiyaki buffet in Thailand. This branch was recently renovated, the table are big so a very comfortable.

ไทย: ส่วนตัวแล้วให้เป็น ร้าน บุฟเฟต์ สุกกี้ญี่ปุ่น ที่ดีที่สุดในช่วงราคาแถว (600-1000บาท) เนี้ย สาขานี้เพิ่งปรับปรุงใหม่ ร้านกว้างนั่งสบาย"
ChZDSUhNMG9nS0VJQ0FnSUNmazZ6YkFnEAE,Wilailak Saptakuna,5,"Great Vagu beef, superb marcha ice-cream !!

สายเนื้อ ต้องมา คือ วากิว สุดยอดมาก
ปิดท้ายด้วยไอศครีมชาเขียวมัทฉะ จ้า จุกๆ"
ChdDSUhNMG9nS0VJQ0FnSURjZ3VhRDFRRRAB,Pangpond Bangna,5,อร่อยเหมือนเดิม บริการดี จอดรถสะดวกสบาย สะอาดสะอ้าน รองรับมาตรการโควิท บุฟเฟต์มีทั้งสุกี้ญี่ปุ่น และชาบู อาหารทะเลเพิ่มราคาอีกนิดหน่อย อิ่มแน่นอน
ChZDSUhNMG9nS0VJQ0FnSUNHcXZiVVZREAE,pray punyapat,3,"ที่จอดรถมีเยอะมากและคิดค่าบริการไม่แพง ถ้ามีตราปั๊มก็จอดฟรี
สาขานี้พนักงานเฉพาะชุดดำไม่มีใจบริการ พูดจาห้วน และไม่แนะนำใดๆ
ความประทับใจแรกไม่มี เพราะยืนดูเมนูตรงประตูอยู่นาน ก็ไม่ออกมาต้อนรับทั้งๆที่สบตากันแล้ว
เข้าไปยืนตรงเค้าเตอร์ก็ยืนมองกันเฉย มีแต่น้องเสื้อขาวที่วิ่งวุ่นรับแขก
น้ำจิ้มวันที่ไปก็รสชาติไม่คงที่ ถ้วยนึงเค็มมาก อีกถ้วยก็หวาน เรื่องอาหารขอไม่พูดถึง ดูจากปลาหมึกการหั่นแบบนี้ถือว่าไม่ผ่าน
กุ้งวันที่ไปไม่สดและตัวเล็ก สาขานี้พรีเมี่ยมซาซิมิแซลมอลทูนน่าไม่มีนะ
โดยรวมไม่โอเคกับการบริการเลยเฉพาะสาขานี้"
ChdDSUhNMG9nS0VJQ0FnSURtN01uTTdRRRAB,Ranjith Setti,5,"Salmon and Shabu are best here. I really enjoyed the food, very good service and fast. They have discounted price now normally it’s 995 but promotion price 699 net. Have free parking."
ChZDSUhNMG9nS0VJQ0FnSUN4NDlEWGJnEAE,Sarunya Khotchasanee,5,คุณภาพอาหารถือว่าดี บุฟเฟต์คุ้มมาก แนะนำให้ลองทานค่ะ และ แนะนำให้เป็นสมาชิก เพราะมีโปรโมชั่นพิเศษต่อเดือนเยอะมาก พนักงานบริการโอเค สามารถเลือกเตา / หม้อ หรือปิ้งย่างได้สองอย่าง มีขนมหวานให้เลือกหลากหลาย แนะนำไอศครีมมะนาวส้ม Yuzu สดชื่นมากๆ
Ci9DQUlRQUNvZENodHljRjlvT2pkRFJYTlRlblEzWTI5ZlFuTnZSMDE2YjA4d2RWRRAB,Phiriya Butr sri,4,อาหารดี  มีคุณภาพ  อร่อย  ราคาเหมาะสม
ChdDSUhNMG9nS0VJQ0FnSUNndmRLS3BnRRAB,Captain Sopon,5,"ร้านปรับปรุงใหม่ บรรยากาศในร้านดีมาก อาหารคุณภาพเหมือนเดิม อร่อยและบริการดี เครื่องดื่มฟรีมีให้เลือกหลากหลาย โค้ก สไปร์ ชาเขียว ชาจีน ร้อนเย็น และชามะนาว ตบท้ายด้วยของหวานเป็นไอศกรีมหรือ น้ำแข็งไสใส่ถั่วแดง

Renovation, new look. Better atmosphere.
Buffet Shabu, Sukiyaki and Yakiniku, free drinks and sweets

Good Japanese Sukiyaki and Shabu buffet. This place also serves grill. You can choose buffet or A la carte."
ChZDSUhNMG9nS0VJQ0FnSURaOXFiQ1p3EAE,Paradorn Khumkoon,4,"อาหารอร่อยดี ที่จอดรถสะดวก ถ้ามีโปรก็คงจะมาอีก

พนง.สื่อสาร ไม่ค่อยเคลียร์เท่าไร ควรเน้นย้ำให้ชัดก่อนลงหม้อน้ำซุป"
ChdDSUhNMG9nS0VJQ0FnSURXMzlhT3FnRRAB,Prasertsak Sinsab,5,"For English please find below
สาขานี้มีบุฟเฟต์ให้เลือกหลายราคา ส่วนตัวแวะมาทาน standard ช่วงมื้อกลางวัน
ภายในร้านสะอาดสะอ้าน กว้าง มีที่นั่งเยอะ พนักงานบริการดีคอยอำนวยความสะดวกให้ตลอด

This branch offers various buffet tiers, i personally go for standard tier. Overall store is clean and tidy. Staff is so nice, they are able to help. Food quality is good and scrumptious."
ChdDSUhNMG9nS0VJQ0FnSURXMVBHaTlnRRAB,Tanapong Thassanamethin,5,"มีทั้งปิ้งย่าง สุกี้ ชาบู ในคราเดียวกัน
ใครตัดสินใจไม่ได้มาร้านนี้เลยครับจบในครั้งเดียว
รสชาติสุกี้มาตรฐาน
เนื้อมาตรฐาน (สมราคา)
อื่น ดี (สมราคา)

ที่จอดรถตึกไทซิน จอดสบาย ขับรถมาได้เลย

รถไฟฟ้าก็มาได้สถานนี้พระขโนง"
ChdDSUhNMG9nS0VJQ0FnSURRbWRYN3VBRRAB,Wachansa Sankham (Por),4,"Great experience. Premium quality food with good service. Feels like sitting and having dinner in Japan.

I had 2 pot with Shabu / Sukiyaki. Meat are very good. I have sweet teast by itself. I only dip it with raw eggs and yuuuuuuummmm!!!! I feels like I'm in heaven!

I recommend!"
ChZDSUhNMG9nS0VJQ0FnSURtN0pIdFh3EAE,PINK Paksakul,4,"You may choose for Ala Cart or Buffet here. Suggest to go for buffet.
There are 2 price included drinks 599thb net for normal buffet and deluxe buffet price 995thb net (but promotion 699thb for membership 100thb extend till 31 Jan 2022)
Last table 19.15pm Parking free with stamp.
Can choose 2 soups option 👍we go for 1 black soup and 1 grill pot.
Vanilla and Chocolate Ice cream are good!!!"
ChZDSUhNMG9nS0VJQ0FnSURSb055Zk1nEAE,Fia Fia,4,"ชาบู ปิ้งย่าง จบครบในร้านเดียว

เมนูแนะนำ
- เนื้อคารูบิ : นิ่ม หอมเนื้อ
- เต้าหู้ทอด : เอามาย่าง จิ้มน้ำจิ้ม ดีมาก
- น่ำซุปลดโซเดียม : ซดอร่อยไม่ไตพัง
- น้ำจิ้มพอนสึ และน่ำจิ้มปิ้งย่างร้าน ดีอยู่แล้ว น่ำจิ้มซีฟู้ดก็ห้ามพลาด"
ChdDSUhNMG9nS0VJQ0FnSURadUptTTdBRRAB,Bomb bhattanavibulaya,3,ไปตอนเที่ยงเข้าใจว่าคนเยอะ อาหารที่สั่งจะสับสนและล่าช้าไปบ้าง ก็ไม่เป็นไร อาหารอร่อย พนักงานสุภาพ วัตถุดิบสมควรแต่ราคา
ChdDSUhNMG9nS0VJQ0FnSUN5dTZLUjNnRRAB,Pongpichai Ratchadanuwat,5,Akiyoshi สาขาพระโขนง ซุปสุกี้อร่อยมาก หากเป็นสมาชิก จะได้ราคาคุ้มค่า เสียค่าสมัคร 100 บาท ใช้ได้ทันที อาหารสดอร่อย
ChZDSUhNMG9nS0VJQ0FnSUNDMFlXT1pnEAE,Panupon Samaimongkol,4,"This is the chain restaurant that serves the following foods:
(1) Sukiyaki
(2) Chabu
(3) Grilled meat
(4) A la carte.

Today I tried the buffet one that allows me to have sukiyaki and chabu. Meats (pork and beef) are fresh and cut as thin slices, so it is easy for you to eat them.

The location is near BTS if you prefer to go by a skytrain. If you bring your own car, you can park it in the parking lot next to the building."
ChZDSUhNMG9nS0VJQ0FnSUQ2a2N5MlZnEAE,Sombat 24,4,"""Akiyoshi""บุฟเฟ่ต์ญี่ปุ่นปิ้งย่าง เนื้อซูพีเรียร์นำเนื้อสันคอวัวพันธุ์ชาร์โรเล่ส์(Charolais )หมูหมึก กุ้ง หอยแมงภู่ สุกี้ยากี้สไตล์ญี่ปุ่นที่ผัดหอมใหญ่หอมญี่ปุ่นตามด้วยเนื้อสัตว์ก่อนจะเติมน้ำซุปพอประมาณจิ้มกับซ้อสไข่แดง ชาบูชาบูน้ำซุปสีใสกับน้ำจิ้มพอนซึ ถ้าคุณอยากกินสไตล์ญี่ปุ่นที่นี่ตอบโจทย์คุณ สมัครสมาชิก100แล้วเลือกบุฟเฟ่ต์ไม่อั้น120นาที ซูชิวากิว ปูอัด แซลมอนซาซิมิ ยำปลาแซลมอน ไส้กรอกหมูรมควัน"
Ci9DQUlRQUNvZENodHljRjlvT21Obk9WSTRlR1ZvUzFGdWFqVnFOblo2TW1OSFowRRAB,Jirayut Jaisai,5,"ร้านประจำ อร่อยมากครับ กินมาเป็น10ปีแล้ว
สาขานี้สาขาแรก อร่อยมาก"
Ci9DQUlRQUNvZENodHljRjlvT2xSc01HWktRbVZ1VHpGSk1FTmFkRjlzWTFBM1QyYxAB,To infinity and beyond,2,"🥢 I hadn’t been to Akiyoshi in over 6–7 years, and after frequenting Momo Paradise (which has a similar starting price), we decided to revisit and see how it compares now. Unfortunately, we were very disappointed with the food quality. While there’s more variety on the menu, the ingredients felt like they were the lowest quality possible. The sashimi, in particular, tasted artificial—almost like plastic.

That said, the service was excellent and the restaurant itself is still well-maintained and visually appealing. It’s a shame the food didn’t live up to expectations, especially at this price point. Sadly, I don’t think we’ll be coming back."
ChdDSUhNMG9nS0VJQ0FnSUQzd05mdnZBRRAB,thanasit khumsri,5,เนื้อและวัตถุดิบดีเยี่ยม คุ้มค่า และสาขานี้บริการดีสุดๆ
Ci9DQUlRQUNvZENodHljRjlvT2xnNVltVnZjbFZGYTJWNGFuaHBObk5UWWxKVmJHYxAB,Soundy Vejasilp,2,"Good food, terrible service. It’s All-You-Can-Eat with limited eating time but we have to wait 30-45 minutes for some orders to be served. Some of our orders didn’t even come at all. The server also made an annoyed face when we asked for refills of our drinks."
Ci9DQUlRQUNvZENodHljRjlvT2xsclpuUjNXbVZYY0RGWlpYWm9SeTFJWlV4bGNIYxAB,Supanut .N,5,อร่อยครับบรรยากาศคลาสสิคจอดรถง่าย
ChZDSUhNMG9nS0VJQ0FnTUN3My1idEtREAE,songpol limsup,5,"ชาบู หมู🐷 น้ำจิ้ม 🥣
กุ้งย่าง 🦞ไอศครีม🍨
อร่อยมากครับ🤤"
ChdDSUhNMG9nS0VJQ0FnSUNubzZPSzl3RRAB,PO,4,"Buffet 599 (เนื้อวัว + หมู + ไก่)
วัตถุดิบดี พนักงานบริการดี เติมน้ำ เติมของไว คอยดูลูกค้าตลอด"
ChZDSUhNMG9nS0VJQ0FnSUNtdy1DU1VBEAE,RAPATSORN HOON,1,"ของไม่สดค่ะ มีที่นั่งเยอะ แต่ที่ดูดควันน้อยมาก
มีที่จอดรถค่ะ
ที่สั่งมาทั้งหมดผ่านแค่ทัองปลาซอลมอนย่างเกลือ
นอกนั้นให้คะแนนไม่ได้เลยค่ะ
ให้พกบัตร JBC มานะคะ มีส่วนลด 10% ค่ะ"
Ci9DQUlRQUNvZENodHljRjlvT2pnd1VWaGpTMkpvTVUxd2QyVkZiRXBqV1RBdFlsRRAB,Wachiraya Kantiya,4,ใช้บริการครั้งแรก ซาชิมิสด เนื้อดีมากค่ะ บริการช่วงแรกดีมาก ของออกไว เสิร์ฟเร็วมาก แต่หลัง ๆ ลูกค้าเริ่มเยอะทำให้อาหารออกช้า สั่งของไปรอนานมากค่ะ และพนักงานก็วุ่นมาก อยากให้ปรับปรุงในการจัดการกรณีรับลูกค้าเป็นกลุ่มหรือคนเยอะๆด้วยค่ะ
Ci9DQUlRQUNvZENodHljRjlvT2taVk9YTlFXbUo1UmxGek9EUmhTekZTV2tnd01tYxAB,Knotthing_Girl,5,ร้านนี้เป็นร้านประจำในดวงใจ พนักงานน่ารัก อัธยาศัยดี มากี่ครั้งก็ประทับใจทุกครั้งเลยค่ะ ขอให้คงมาตรฐานการบริการที่ดีแบบนี้ต่อๆไปนะคะ
ChZDSUhNMG9nS0VJQ0FnSUQweXNPUE1BEAE,OZ,5,พนักงานบริการดีมากมาย มีที่จอดรถ และติด bts คุณภาพอาหารดีเยี่ยม เหมาะสมกับราคา ที่ค่อนข้างถูกสำหรับร้านสุกี้น้ำดำ และกระทะ ประมาณ 500 บาท
ChZDSUhNMG9nS0VJQ0FnSUNPanM3ZUpBEAE,J TT,5,"It is a Japanese restaurant that offers both sukiyaki and grill.  The best Australian Wagyu Beef in the shop.  You don't have to order anything else to try.  good service staff  There are two sessions, noon and evening on weekdays, and Saturday and Sunday open all day."
ChdDSUhNMG9nS0VJQ0FnSUN1bTdmX2hnRRAB,Natthavudh Bhuvasorakul,4,บุฟเฟ่ชาบู/ ปิ้งย่าง เนื้อดี รสชาติอร่อย ปกติลูกจะชอบทานซูชิเนื้อคำโต แต่ปัจจุบันแอบลดไซส์เศร้า
ChZDSUhNMG9nS0VJQ0FnSUNyaHNXSEt3EAE,Ka Tib,5,The best ของชาบูสุกี้บุฟเฟ่ต์ ดีตรงมีปิ้งย่างด้วย สั่งมาทานได้สองอารมณ์ ที่สำคัญเนื้อดีอร่อยทุกอย่าง สายเนื้อห้ามพลาด
Ci9DQUlRQUNvZENodHljRjlvT2tVellWVnlWVEJhUkRac1NuaHBWemxwTlhORVVWRRAB,sita siripornpinyo,5,อร่อยเหมือนเดิม แต่ซุปดำอยากให้เค็มน้อยกว่านี้หน่อย กินไปเรื่อยๆเค็ม jcb ลด 10%
Ci9DQUlRQUNvZENodHljRjlvT2xCSGRTMW5PVTV5TXpjeFdUUmFMVGhDYmpkNUxVRRAB,ภัทรวดี ทองสงค์,5,"น้ำดำอร่อยมาก เรื่องพรีเมี่ยมมาก ซูชิแซลมอนฟิน
ห้ามพลาดคือไอติมส้มยูซุ  พนักงานบริการรวดเร็วใส่ใจค่ะ"
ChZDSUhNMG9nS0VJQ0FnSUR1dHRfekdBEAE,Nopporn M,5,เป็นชาบูเนื้อที่อร่อยมากโดยเฉพาะเนื้อวากิว รสชาติอร่อยราคาสมเหตุสมผล ซูชิก็อร่อย ไอติมยูสุอร่อยมาก
ChdDSUhNMG9nS0VJQ0FnSUN1aEpyOG5RRRAB,myname vk.,5,"Japanese Shabu Shabu and Sukiyaki Restaurant since 1995, Thailand's very first Sukiyaki and Shabu Shabu Buffet and always good choice. Easy acess from BTS,Large size with good atmosphere and very nice staff."
ChdDSUhNMG9nS0VJQ0FnSUNCbllhRGh3RRAB,Mia,4,"Very little english is used in this place. We stumble upon it while passing by. Quiet building but as we approach L2, to our surprise there is a long queue. 7 tables ahead of us but the line move quite quickly. Probably 20minutes when it reach us. There are chairs outside for waiting which is good but full of mosquito and its stuffy without aircond. Once you are in, then its good. Food are tasty and service staff is responsive despite the big crowd in new year day. Will come back. Reasonable price"
ChdDSUhNMG9nS0VJQ0FnSUNvMUxqMG9nRRAB,Jeff Localguide,5,Akiyoshi สาขาตึกไทยสิน พระโขนง ได้ปรับปรุงใหม่ สะอาด กว้าง โล่ง ขึ้น วัตถุดิบที่นี่สดใหม่ตลอด อร่อยทุกครั้งที่มาทาน ไม่ว่าจะเป็นชาบู หรือ ปิ้งย่างก็สามารถทานในโต๊ะเดียวกันได้เลยครับ
ChdDSUhNMG9nS0VJQ0FnSUNUMUpDX2tRRRAB,_ppngallery_,3,"อาหารอร่อยยยมากกก ย่าง ชาบูชาบูดีเลย สมราคาา
แต่อาหารเสิร์ฟแต่ละครั้งค่อนข้างช้ามากๆ ไอเราก็นึกว่าลืมไปแล้ว ก็สั่งอีกรอบ ของก็มาเบิ้ล ใบกระดาษไม่มีรูปเมนูอะไรเลยมีแค่ชื่อ ต้องมาคอยเปิดพลิกไปพลิกมา ราคาประมาณนี้น่าจะมีจอให้สั่งนะเราว่า และเสิร์ฟผิดซ้ำบ่อยๆ ใช้คำพูดที่ไม่ค่อยโอเคเท่าไหร่ บังคับให้กินของให้หมดด คือเข้าใจว่าไม่อยากให้ food waste แต่เหลือของทอดแค่ 2 ชิ้น กับ ข้าวในซูชิอีก 2 ก้อน"
ChdDSUhNMG9nS0VJQ0FnSUNKOFl6ajFBRRAB,Stephanie Cheung,4,"This brand has been around for a long time. We made reservations with a private room since we had a big party add ฿1000 to the bill.

Good selection of meats, veggies and appetizers. We ordered both grilled and sukiyaki. There is Unlimited order within 1.5hrs. Service is on the slow side so I suggest you order more on your first order and then work your way as you eat to better gauge your appetite. Maybe we had a private room and the table clearing was kind of slow. We had to move the plates ourselves.

I preferred the grilled meats since the sukiyaki was way too salty. You would need to add lots of water to make it palatable. Comes with lots of condiments. Soy sauce, sesame, garlic, chili, ponzu.

All the food was fresh. The beef appetizers kind of tasted the same. I enjoyed grilled the Australian wagyu wrapped with grilled shimeji mushrooms. I forget if there was lettuce. The combination would hv made a good wrap. Seafood was fresh. I enjoyed the prawn but it was tedious to peel.

Dessert was decent. Good selection of ice creams. Yuzu was refreshing after a heavy meal.

The bathrooms are a bit tight especially when you try to walk in and close. Overall experience was good. Good price per value."
ChdDSUhNMG9nS0VJQ0FnSUNBekx1cHZBRRAB,Bhurinuth Wongsrisakul (Poom),5,One of the best japanese shabu shabu restaurant. This shop is among the first shabu shabu in Bangkok. Their food qualities are very good. Authentic experience. Staffs are very friendly. My favorite to-go shabu restaurant. Prices and meat quality worth the price. This branch opening and closing times are different than the conventional restaurant. Advise to call and check.
Ci9DQUlRQUNvZENodHljRjlvT2pkcFFtOVNhR0V5TVc5ZlJUWnRla2x0VFZoWFZYYxAB,nat vspeck,5,"เคยไปสาขาอื่น เนื้อเหนียวเคี้ยวเหนื่อย เลยมาสาขานี้ตลอดแม้จะไกลบ้าน

รอบนี้มากินบ่าย คนน้อย แต่พนักงานน้อยกว่า กว่าจะหาพนง. อยุ่แถวนั้นเรียกได้ชะเง้อแล้วชะเง้ออีก   แต่โดยรวมยังอยุ่ในจุดรับได้"
ChZDSUhNMG9nS0VJQ0FnSURqeGJXZERBEAE,Wannisa Puraintae,5,ร้านประจำมา10ปี  มากินตั้งแต่สมัยแต่งงานแรกๆ เป็นสาขาเดียวที่ไปกิน บรรยากาศร้านดีเหมือนเดิม
ChZDSUhNMG9nS0VJQ0FnSUNtc0xQblF3EAE,varisa sawatdimongkol,5,อร่อยมากกกก เนื้อดีมากกก  มีทั้งเตาย่างและเตาต้ม ถ้าเป็นสมาชิกจะถูกลงเยอะค่ะ  คุ้มราคา
ChZDSUhNMG9nS0VJQ0FnSUR5Mzg3NU93EAE,Siri,5,ร้านมีที่จอดรถค่อนข้างเยอะค่ะ น้ำซุปสุกี้ของที่ร้านอร่อยมาก เนื้อของที่ร้านก็กลางๆ เน้นว่าไปหลายคนก็สามารถเลือกหม้อสุกี้ ชาบู หรือแบบย่างได้ ที่ร้านจำกัดเวลาอยู่ที่ 90 นาที หลังจากเปิดหม้อ ช่วงเย็นๆลูกค้าจะค่อนข้างเยอะ แนะนำให้โทรไปจองก่อน ในร้านมีห้องส่วนตัวด้วยค่ะ ร้านอยู่ชั้น 2 ด้านหน้าตัวอาคาร มีลิฟท์ขึ้น ผู้พิการหรือผู้สูงอายุสามารถใช้ลิฟท์ได้ไม่ลำบาก
ChZDSUhNMG9nS0VJQ0FnSUQ3cFlYSUNnEAE,Benz S.,3,ไม่ได้มาสาขานี้นาน อาหารรสชาติค่อนข้างดีเมื่อเทียบกับราคา คุณภาพเนื้อไม่ผิดหวัง แต่ข้อเสียคืออาหารมาช้ามาก พนักงานดูมีไม่พอ แล้วก็แอร์ไม่เย็น เลยกลายเป็นมื้อที่ไม่ค่อยแฮปปี้เท่าไหร่
ChdDSUhNMG9nS0VJQ0FnTURJeE5DVDNBRRAB,T S,5,Great quality of meat. The food is perfect. Definitely go back again.
Ci9DQUlRQUNvZENodHljRjlvT2xCUldUTTJUWGhLY1hGQlpHazNjRWh1WDNWVFJVRRAB,Fon Kawaii,3,ร้านดูเงียบเหงา แต่มีคนมาทานเรื่อยๆ พนักงานมีใจบริการ แต่ด้วยจำนวนคนน้อย ทำให้ของออกช้าในบางครั้ง เห็นโต๊ะอื่นโดนลืมของกับรออาหารนาน แต่ส่วนตัวไม่เจอ ผัก เนื้อหมูสดดี รสชาติกลางๆน้ำจิ้มพอนซึ ขนมหวานไม่มีดีกว่า เพราะหวานโดดทุกอันเลย มีที่จอดรถด้านข้างร้านให้
Ci9DQUlRQUNvZENodHljRjlvT2tScGJXWXhWbU51UVZneVFqbFhkMk5vVmtGQ1pXYxAB,Phanpilas Tun.,4,"ชาบูร้านประจำ ตอนอยู่แถวลาดพร้าว
ไปกินทุกครั้งมาตรฐานเหมือนเดิมทุกครั้ง✨

เนื้อเกรดดีมากๆๆ แผ่นใหญ่เต็มคำ มีเมนูอื่นๆให้เลือกทานเยอะ👍🏻

เสียดายยุบไปหลายสาขาแล้ว น่าจะเหลือสาขานี้สาขาเดียวรึป่าว 🥹

อาหารออกไว พนักงานเป็นต่างด้าวอาจจะฟังยากหน่อย แต่ใจพี่เค้ารักการบริการดี ☺️

ถ้าอยากกินชาบูแบบมีซูชิเนื้อวากิว ก็ยังคิดถึงเพนกวินชาบูเสมอค่ะ😋"
Ci9DQUlRQUNvZENodHljRjlvT2tZdFdtZERUV2szZVc5MlQxbHJNbFYyVDJ4b1dHYxAB,Prisana Sangmanee,5,มาครั้งที2 แล้วค่ะ สะอาด อร่อย พนักงานบริการดีคุ้มราคามากค่ะ
ChZDSUhNMG9nS0VJZnRuN1RmXzVtQVlBEAE,Kanlaya Jatujinda,5,"penguin eat chabu
📍สะพานควาย

💬: กินร้านนี้มานานมากแล้วค่ะ ชอบไปถึงทัศนคติของเจ้าของคุณต่อยเลย ต่อยอดธุรกิจได้ดีและเก่งมาก
: บุฟเฟ่ต์มีหลายราคาให้เลือก รสชาติอาหารอร่อยค่ะ คุณภาพก็ดี มีอาหารให้เลือกค่อนข้างหลากหลาย ใช้วัตถุดิบค่อนข้างดี ไม่ไก่กา
: น้ำจิ้มรสชาติดี ชอบมากๆๆ แต่ติดหวานไปหน่อย ถ้าลดได้จะดีมากๆ
: เราเลือก gold มีซูชิด้วย มาแบบคำเล็กๆพอดี ได้ชิมหลายๆแบบ ชอบค่อยสั่งเพิ่ม ไม่เหลือทิ้ง
: น้ำซุปชอบน้ำดำ และทงคัตสึที่สุด เข้มข้นกำลังดี ไม่เค็มปรี้แม้ใกล้จะหมดแล้ว
: ขนมหงานอร่อยปกติ ไม่ได้โดดเด่นอะไรมาก อยากให้เพิ่มไลน์มากกว่านี้

💰: มีหลายราคาให้เลือก เริ่มต้น 359.-/คน
🚗: ที่จอดรถข้างร้าน
🕰️: 11 am - 9 pm (everyday)"
ChZDSUhNMG9nS0VOLVQ4ZXI1enA3SkZnEAE,Nanthaporn K.,5,"เป็นร้านชาบูที่ชอบมากกก
ที่นั่งสบาย , น้องๆบริการดี เอาใจใส่ดีมาก
ที่จอดรถสบาย , วัตถุดิบต่างๆไว้ใจได้เสมอ สด ใหม่ ใหญ่ เต็มคำ 🙏"
Ci9DQUlRQUNvZENodHljRjlvT21sbFVGbFhSWEpVTjFKNmVWVnVSV2R4TUdWTVlVRRAB,OpecTheHero,4,"หลังจากเหตุการณ์เจ็บเท้า ไปสาขา Terminal 21 ที่ปิดแล้วแต่ดันไม่ปิดใน Google Map

ผมที่ถอดใจจะมากินร้นนี้ไปแล้ว แต่แฟนผมยังไม่ยอมแพ้การมาครั้งผมขอบอกตามตรงเลยนะครับ

ประทับใจแฮะ โอเคเลย

น้ำจิ้มอร่อยดีเลยครับ ของที่ได้ไม่หวือหวาเพราะผมเลือกทาน Standard แต่เอาตรงๆทางร้านมีมห้เลือกมีหลายระดับนะ

ในมุมส่วนตัวอาจจะไม่สมราคานัก มีจำกัด้วลาทานประมาณ 1.30 ถือว่าไวนะ

แต่ได้มาทานจริงๆก็รู้สึกไม่แย่ แต่ผมมองในมุมไม่เปรียบเทียบเลยนะครับ

เพราะถ้าไปเปรียบเทียบกับเจ้าดังตัวน้อยนะครับ เพราะรายนั้นเวอร์ไปละ"
Ci9DQUlRQUNvZENodHljRjlvT2pFNVFuSkZka2gzT1hFMk9YRTRVa2htT0dSRVNWRRAB,Mukmix Hanaka,5,ติดใจค่ะ ไปกิน 2-3-4 รอบแล้วค่ะ  😁 พี่พนักงานบริการดีทุกคนเลยค่ะ
Ci9DQUlRQUNvZENodHljRjlvT2tSSVlUZFBVMlpDVkRsNU1IcFpWelZ5TkRGNmFFRRAB,Nang JaTsing,1,"First time in this place. When coming in, the cashier lady showed me the menu that is ""the standard buffet set"". Standard set has only pork and chicken. Since I can't eat pork and just chicken,I asked her if any beef available she suggested me to go for Silver buffet set which has beef.
She assisted me to the table and asked me what I would like to order. I told her that beef is fine for me. The silver menu has 3 types of beef and I told her that I want all 3 beef to which she said I can only have 2 plates of beef (see the picture). I was amazed but didn't tell her anything because I think may be beef is more expensive that is why beef is limited to customers. So I told her 2 beef plates then. And when I looked through the seafood, I asked her if I can choose more than 2 or just 2, she said ""Yes only 2 seafood"". I chose 2. Then she said I can have all the appetizers as"" it is buffet"". So buffet only applicable for appetizers but not main meat options? Food was good, fresh and fair quality but very misleading and dishonest to customer as it was not a true buffet.
Paid 598 Bhat ,for me it was sufficient as I am not a heavy eater but if you can eat or plan to eat alot, don't choose this restaurant/place. You chose to upgrade to have beef but you were limited. Not a buffet as it advertised. Scam indeed."
Ci9DQUlRQUNvZENodHljRjlvT2s0MU9XeENWa1l6UVVjNFJHRlFSbXhrVmxsWk0xRRAB,Mantana Y,3,"โดยรวมพอใช้ ในทุกๆด้าน บุฟเฟต์มีหลายราคา  โดยไม่รวมเครื่องดื่มและไอศกรีม
กินเสร็จเจอแมลงสาบวิ่งออกมาทักทายบนโต๊ะ"
Ci9DQUlRQUNvZENodHljRjlvT25rek1GTk1XSFF0U1haM01UQkNTMDl4VlMxdFRIYxAB,P M,3,เป็นร้านประจำที่ไปทานบ่อยมากๆ สะดวกมีที่จอดรถเยอะ แต่พึ่งไปช่วงเดือนที่แล้วมา มันไม่เหมือนเดิมการจัดจาน ภาชนะที่ใส่ เนื้อที่เสริฟมันไม่อร่อยเหมือนเดิม ทำให้ความอร่อยลดลงไปเยอะเลย
ChZDSUhNMG9nS0VJQ0FnSUN2M3JTUlpREAE,User Review,5,"เพิ่งได้มาเยือนหลังไม่ค่อยมีกระแสแบบ5-6ปีก่อนคนเยอะจนเลือกที่จะไม่มารอคิวยาวๆ
Update ล่าสุด ธค.2567 ช่วง 14:00
ลานจอดโล่งๆ ขับรถมาสบายๆ มี2โต๊ะ
ยังเป็นระบบเขียนorderส่งพนง. กินคอรส์หมูเนื้อ 359 ก็เพียงพอสำหรับสายเนื้อ ชาโรเล นุ่มเคี้ยวไม่ติดเอ็นเลย พนง. กระตือรือร้นบริการตลอด น้ำซุป ไม่เข้มมากซดได้ไตไม่พัง ชอบข้าวผัดกระเทียม เซอร์ไพรส์มากผัดใหม่ถ้วยต่อถ้วย ไม่ใช่แบบผัดแล้วใส่ถาดเยิ้มๆข้ามวัน
น้ำไม่บังคับรีฟืลชอบมาก  โดยรวมชอบ มีซ้ำแน่ถ้ายังรักษามาตราฐานนี้"
ChZDSUhNMG9nS0VJQ0FnSURwdGNyTmJBEAE,sun shy,3,"ร้านมีที่จอดรถเพียงพอต่อโต๊ะ ร้านไม่ใหญ่มากเท่าไหร่ การระบายอากาศไม่ได้ดีมาก แต่ไม่ไก้มีกลิ่นมาก ร้านสะอาดพอประมาณ

เมนูมีให้เลือกเยอะ หลากหลาย ขนาดของแต่ละจานพอประมาณ ไม่เล็กไม่ใหญ่จนเกินไป
ของกินใหม่สดดี

พนักงานบริการไม่ได้ดีมาก ไม่ค่อยยิ้มแย้มเท่าไหร่ การพูดจาก็ธรรมดาห้วนๆ"
ChdDSUhNMG9nS0VJQ0FnSUNIMVlTbWtBRRAB,Palm Anchasa K,5,อร่อย คุ้มค่า สะอาด กินเซต 359+ แต่ได้เมนูเนื้อ เนื้อดี สีสวย ชิ้นโต บริการดี มีขนมหวาน น้ำจิ้มอร่อย มีน้ำจิ้มแจ่ว น้ำจิ้มไต้หวันด้วย ซุปมีสามแบบให้เลือก ไม่เค็มเกิน
ChZDSUhNMG9nS0VJQ0FnSURiNk1TMmJ3EAE,Raweewan Pongpoottipatchara,5,วัตถุดิบคุณภาพดี ตอนเราไปมีโปรแซลมอนซาเซมิ ในราคา 659 คือดี เสิร์ฟตลอด น้ำจิ้มชาบูรสจัดจ้าน มีน้ำจิ้มแจ่ว   แต่ออเดอร์อาหารผ่านเมนูกระดาษ บางรายการอาจตกหล่นบ้าง แต่สั่งใหม่ได้ ราคาน้ำดื่มไม่รวมในนี้นะคะ น้ำดื่มรีฟิว คิดแยก หัวละ 39 😁 โดยรวมถือว่าโอเคค่ะ
Ci9DQUlRQUNvZENodHljRjlvT21OU1NUTkRVak4xVjJoak5YaG9iVEJ4VWtWR01WRRAB,Poom Ct.,3,"คุณภาพอาหารดี แต่เห็นว่าลดลงกว่าสมัยก่อนจนสังเกตได้
อาหารที่มาเสริฟด้วยราคาเท่านี้มองว่าไม่สุดสักทาง
- คุณภาพดีกว่าร้านทั่วไป แต่ไม่ได้เป็นเลิศจนรู้สึกได้, ปลาหมึกตัวใหญ่ อร่อย
- ความหลากหลาย ไม่ได้หลากหลายจนมีตัวเลือกเยอะ (ถึงแม้จะมีเนื้อหลายชนิด แต่ไม่ได้น่าสนใจอะไร) สำหรับอาหารทะเลตัวเลือกพอกับร้านอื่น ๆ ในระดับราคารองลงมา
สำหรับองค์ประกอบอื่น ๆ
- ตัวรสชาติน้ำซุปเน้นกลมกล่อม
- ของกินเล่น พอกินได้ (7/10) ไม่ได้อร่อยจนว้าวเหมือนแต่ก่อน ออกเค็มจะส่วนใหญ่, น้ำอัดลมไม่ซ่า ชามะนาวปกติ ชาเขียวไม่อร่อยเท่าที่ควร
- วันที่ไปรับประทาน ได้มีโปรแซลม่อน มองว่าอร่อยคุ้มค่าในจุดที่เป็น buffet
รับประทานราคา 559 แต่จะ net ที่ 640 มองว่ามันน่าจะได้อะไรมากกว่านี้"
ChdDSUhNMG9nS0VJQ0FnSUN5em9yRHJBRRAB,Ma Tuaklom,5,"ครั้งแรกของการกินบุฟเฟ่ต์แล้วรู้สึกคุ้มค่ากับเงินที่จ่ายค่ะ

เราสั่งเป็นเซ็ต 659 บาท ราคาไม่รวมน้ำค่ะ

เนื้อดีสดมาก มีหลายแบบ น้ำจิ้มรสชาติดีทำให้กินได้เรื่อย ๆ น้ำซุปใสรสชาติดีอร่อย ซุปน้ำดำสำหรับเราโอเคค่ะ ๆ สายเนื้อไม่ควรพลาดเลยนะคะ

แต่ทีเด็ดคิดว่าอยู่ตรงที่ซูชิค่ะ อร่อยแทนที่ร้านประจำเราให้หายคิดถึงได้เลยค่ะ โดยเฉพาะซูชิเนื้อวากิวดีมากกกกก + แซลมอนโรลที่มีชีสอยู่ตรงกลางมันดีมาก โชยุกับวาซาบิก็ไม่ปลอมเข้มข้นดี

กุ้งในชาบูตัวใหญ่ค่ะ แต่ร้านไม่ได้แกะเปลือกให้ต้องแกะเอง

มีขนมหวานด้วยค่ะเป็นพานาคอตต้ากับเยลลี่ เสียดายตอนที่ไปไม่มีเครมบูเล่

เครื่องดื่มเป็นน้ำเปล่า น้ำอัดลม เก็กฮวยและชามะนาวค่ะ เราอยากให้มีชาเขียวแบบไม่หวานด้วยนะคะ 🥺

ที่ร้านมีที่จอดรถยนตร์ด้วยค่า ⭐️⭐️⭐️⭐️⭐️"
Ci9DQUlRQUNvZENodHljRjlvT21Nd1IySTRhR1pCTldOeFkwWjVVMkZtYWt0Vk9VRRAB,Anchana Moolsup,3,"เคยไปทานสาขาสะพานควายมาแล้ว 3-4ครั้ง รู้สึกประทับใจเพราะอาหารดี น้ำจิ้มอร่อย พนักงานเยอะ ให้บริการดีตลอด แต่!! มาพีครอบที่ไปทานวันที่ 07/09/25 เวลาประมาณ 15:00-16:30น.

เริ่มจากเดินมาเจอพนักงานผู้ชายยืนอยู่หน้าร้าน แล้วเราเห็นป้ายโปรโมชั่น 559+ มีแซลมอนเพิ่มมา เลยสอบถามว่าโปรโมชั่นนี้ยังมีอยู่ใช่ไหมคะ พนักงานผู้ชายคนนั้นตอบว่ายังมีอยู่ครับ
หลังจากเข้ามานั่งที่โต๊ะ พนักงานผู้ชายคนนั้นก็มายืนอยู่หัวโต๊ะ ยืนแบบยืนจริงๆ ไม่ได้ถามอะไรเลยซักคำ จนเราต้องเป็นฝ่ายถามว่า ต้องเลือกน้ำซุปใช่ไหมคะ เขาถึงถามว่าจะทานราคาไหน เราก็บอกไปว่า 559+ แล้วพนักงานก็เงียบอีก เราเลยบอกว่าน้ำดื่มเอาโค้กซีโร่ค่ะ พนักงานก็รับออเดอร์ ไม่ได้พูดอะไรเลย จากประสบการณ์ที่เคยมาครั้งก่อนๆ พนักงานแจ้งข้อมูลดีมาก เช่น ลูกค้าจะทานราคาไหนคะ รับน้ำซุปอะไรบ้าง น้ำดื่มอะไรบ้างคะ และถ้าสั่งแซลมอนซาชิมิ 1ที่ จะมา 3ชิ้น แต่พนักงานชายคนนี้ไม่มีการถามและไม่มีการแจ้งอะไรเลย!

ระหว่างกินเราก็สั่งซูชิเนื้อกับกุ้งแช่น้ำปลา 2ช็อตมา พนักงานเสิร์ฟไว้บนโต๊ะประมาณ 15-20นาที แต่เรายังไม่ได้กิน หลังจากนั้นมีพนักงานผู้หญิงที่ยืนเคาท์เตอร์ ไม่แน่ใจว่าเป็นผู้จัดการรึป่าว เดินมาถามเราว่าลูกค้าทานราคาไหนคะ? เราบอกโปร 559+ค่ะ พนักงานถึงบอกว่า ซูชิกับกุ้งแช่น้ำปลาจะอยู่ในบุฟเฟ่ราคา 659+บาท อันนี้จะขอคิดราคาเพิ่มนะคะ คือออออ??
เราข้องใจว่าปกติแล้วร้านบุฟเฟ่จะมีการแจ้งลูกค้าก่อนว่าราคานี้จะสั่งได้จากเมนูตรงไหนถึงตรงไหน เช่น ถ้าเมนูเป็นเล่มจะแจ้งว่าสั่งได้ตั้งแต่หน้าไหนเป็นต้นไป.. เมนูของร้านจะเป็นกระดาษแผ่นประมาณครึ่ง A4 แล้วมีราคา 3ตัวอยู่แผ่นเดียวกัน แต่พนักงานผู้ชายไม่มีการบรีฟใดๆทั้งสิ้น.. เราอาจจะผิดที่ดูราคาไม่ดี แต่เราว่าร้านก็ควรจะแจ้งลูกค้าให้ชัดเจน และที่ข้องใจอีกมากๆก็คือ ทำไมร้านถึงไม่แจ้งตั้งแต่เราสั่งว่าเมนูพวกนี้ไม่ได้อยู่ในราคาบุฟเฟ่ที่เราเลือก ถ้าเราต้องการสั่งต้องจ่ายเพิ่ม แต่มาแจ้งตอนอาหารมาเสิร์ฟไว้ที่โต๊ะแล้ว 15-20นาที!!
เราเลยจำเป็นต้องอัพเกรดเป็นบุฟเฟ่ 659+

หลังจากนั้นน้ำดื่มที่เราว่าเราสั่งโค้กซีโร่หมดแก้ว พนักงานหญิงที่เหมือนผู้จัดการเดินมานำแก้วจะไปเติมให้ เราเลยแจ้งว่าโค้กซีโร่ค่ะ แต่พนักงานตอบมาว่า pepsi max เราบอกสั่งโค้กซีโรค่ะ พนักงานเลยพูดอีกว่า pepsi maxค่ะ โค้กซีโร่ไม่มี … ทำเรางงอีกรอบว่าตอนเราสั่งครั้งแรกพนักงานผู้ชายไม่ได้แจ้งว่าไม่มี แต่รับออเดอร์เราไปโดยไม่แจ้งอะไรเลย เราไม่ได้ซีเรียสว่าต้องกินโค้กซีโร่เท่านั้น แต่พนักงานสามารถแจ้งได้ว่าไม่มี เสนอน้ำอื่นให้ก็ได้ค่ะ จะได้เลือกใหม่

สรุปคือเสียความรู้สึกมากๆ แต่ก่อนคิดว่าเป็นร้านโปรด แต่ตอนนี้คงต้องคิดใหม่อีกที!!"
ChdDSUhNMG9nS0VJQ0FnSUNqb29MNzZRRRAB,Wanas Kaewdeeatsadawut (Discursive21),5,ร้านบุฟเฟ่ชาบู ซูชิ แบบพรีเมียม วันนี้เลือกใช้บริการ ราคา 599+ ราคาสุทธิอยู่ที่ 640 ทานได้ 90 นาที ถือว่าอร่อยแบบมาตราฐาน ร้านหาไม่ยาก มีที่จอดรถ ขนมหวานอร่อย ของทานเล่นอร่อยหลายอย่าง เนื้อใช้ได้
ChZDSUhNMG9nS0VJQ0FnSURwcmMtaFRBEAE,ฝ้าย Ms.faii_Style,5,"พนักงานน่ารัก บริการยิ้มแย้มแจ่มใส
อาหารสด สะอาด เติมไม่อั้น
แซลม่อนสดอร่อย ชอบมากค่ะ
มีน้ำซุบให้เลือก ผักสด ให้เยอะ
เครื่องดื่ม คิดราคาแยกนะคะ แต่เติมไม่อั้น
เด็กสูงไม่เกิน 90 ซม ทานฟรี
เด็กสูงเกิน 120 ซม คิดครึ่งราคา"
ChdDSUhNMG9nS0VJQ0FnSUNwdy1uNTdRRRAB,Piya Jirapapongpan,4,"ร้านชาบู Penguin eat shabu
ร้านดังในโซเชี่ยล
เปิดเข้าร้านไปแฟนผมได้กลิ่นอับ
แต่ผมไม่ได้กลิ่นอับ
พนักงานมาแจ้งรายละเอียดเป็นอย่างดี
พนักงานบริการรวดเร็วเอาใจใส่
คอยเก็บถาดอาหาร เสริฟอาหาร
ไปทานตอน บ่าย 3
เนื้อหมูที่มาเสริฟ แช่มาแข็งเลย
สั่งรอบ 2 รอบ 3 ก็แข็งเหมือนเดิม
ทำให้เวลาจะนำเนื้อหมูลงหม้อลำบาก
คีบที ไปหมดทั้งถาด น่าจะเตรียมตัว
ได้ดีกว่านี้หน่อย น้ำจิ้มมีหลากหลาย
พอนสึออกไปทางเปรี้ยวมาก ไม่เค็มเลย
ส่วนจิ้มแจ่วอร่อยดี เมนูของทอดดี
เฟรนฟรายดี ไก่คาราอาเกะดี
สั่งไป 3 รอบเลย
มีที่จอดรถเยอะ
ราคาย่อมเยาว์"
ChdDSUhNMG9nS0VJQ0FnSUNtNGJ5YjhBRRAB,SSC,3,ร้านชาบูชื่อดัง รสชาติดีกลางๆ ราคาค่อนข้างสูง คนละ459ไม่รวมน้ำ เนื้อดีกลางๆ เมนูไม่หลากหลายเท่าไร ไอติมอร่อยดีรสชาติเข้มข้น พนักงานเยอะบริการรวดเร็วดี
ChdDSUhNMG9nS0VJQ0FnTURnb2ZDOTNBRRAB,Teera,4,"Quality food and service from all staff. Enjoy a variety of dishes/shabu hotpot.
Car parking available for only 10 cars (limited space)."
Ci9DQUlRQUNvZENodHljRjlvT2w5MlkwUlVXWHBSWDJGeFZGOUthRjlhVnpoM1lXYxAB,Minmin Natsuda,5,แซลมอนดีทุกเมนูเลย ยำเด็ด ตัดเลี่ยนดี รสชาติดี แซลมอนดองซีอิ๊วดี เมนูชาบูมีให้เลือกเยอะ หมู เนื้อ ผัก คุณภาพดีหมดเลย พนักงานบริการดี เป็นอีกร้านที่ประทับใจ
ChZDSUhNMG9nS0VJQ0FnSUQ2c3FHb0xBEAE,MybOy ThaiLand,5,เพิ่งเคยมาครั้งแรกครับ จัดโต๊ะช่วงโควิดได้ดีมาก ทั้งตั้งโต๊ะห่าง ทั้งมีฉากกั้น ทั้งแอลกอฮอล์ทุกโต๊ะ อาหารก็อร่อย คุณภาพดีสมราคา กุ้งตัวใหญ่และสดมาก เนื้อก็นุ่มดี ซูชิข้าวคำไม่ใหญ่มาก พนักงานก็น่ารักบริการดีครับ 👍😊 …
ChdDSUhNMG9nS0VJQ0FnSUNnXzluUXNRRRAB,Natavudh Townamchai,3,"ปี 2019 อร่อยมาก คุ้มราคา ถ้าน้ำฟรีด้วยจะยิ่งดี
อัพเดทปี 2023 เด็กสูงเกิน 130 ซม. เริ่มคิดราคาผู้ใหญ่"
ChZDSUhNMG9nS0VJQ0FnSUNkOTVid2ZBEAE,Jungjingramida,4,"เลือกโปร 659 คือแบบอิ่มมาก ทั้งซูชิ และเนื้อ สั่งได้ทุกอย่าง. น้องผู้ชายก็เสริฟน้ำให้ดี้ดี บริการดี ขาดอะไรไหมคะ.

ส่วนตัวชอบในซูชิ  แซลม่อนรมควันคือละลายมากๆ  กินไปหลายคำ อิ่มเลยจ้า 5555.

เมนูอื่นๆก็ปกติ

เดือนกุมภา มีของหวานที่เป็นพุดดิ้งชมพูให้ด้วย ไม่ถึงกับหวานมากรสชาติกำลังดี ที่จอดรถสะดวกนะ.

ไม่ค่อยชอบห้องน้ำเท่าไร มันจุดเดียวกัน หญิงชายอ่ะ ห้องมันข้างกันเลย ที่ล้างมือมีอันเดียว  รู้สึกเขินๆ"
ChZDSUhNMG9nS0VJQ0FnSURKXzh5RkN3EAE,Ja JaMie,3,"Nice shabu with various price & menu to choose
Few soup to choose / limited sushi
Overall ok if you need shabu in this area

อร่อยดี รวมๆโอเค แต่ถ้าจะทานเนื้อ เลือกโปร 359 ไม่มีเนื้อ ต้องเลือก 559 รวมน้ำอีก ก็คนละ 640 ต่อคน
เซตปลาดิบซูชิก็ให้เลือกแค่ครั่งเดียว รวมๆเฉยๆ
เนื้อ หมู ทะเล ไม่ได้ว้าว ขนาดให้ติดใจมาอีก
ถ้ามีโปร หรือ ซุปใหม่ๆ เช่น หม่าล่า ก็อาจจะมาอีก"
ChZDSUhNMG9nS0VJQ0FnSURXa0xuVUVREAE,Chaiyaphum Siripanpornchana,4,วันนี้มาลองบุฟเฟต์อาหารญี่ปุ่น 999 อาหารค่อนข้างสด รสชาติปานกลาง โดยรวมแล้วค่อนข้างคุ้มค่า พนักงานบริการดีมาก
Ci9DQUlRQUNvZENodHljRjlvT2xoamVIZHhjVXh1TTFNMlRTMHlUbmd0U3paMVUyYxAB,Thippayawan Ratanakomol,5,"Very worth trying, good beef grade and worth the price"
Ci9DQUlRQUNvZENodHljRjlvT25GcFZGZFBNbk5MWDNaRmJuTkNRVXRDUmpaaFlYYxAB,Natacha K.,5,ร้านกว้าง นั่งสะดวกสบาย มีที่จอดรถเยอะ พนักงานบริการดีมาก อาหารสะอาด รสชาติอร่อย
ChZDSUhNMG9nS0VJQ0FnSUNvdS12ZVpBEAE,Apichai R.,5,Buffet ชุดที่มีเนื้อวากิว 649 บาท/คน คุ้มค่า เมนูมีรายการอาหารให้สั่งได้เยอะมาก ทั้งชาบู ซูชิ ร้านใช้ของคุณภาพดี ทานได้ไม่อั้นภายในชั่วโมงครึ่ง อาหารอร่อย น้ำจิ้มรสชาติดี พนักงานยิ้มแย้มแจ่มใส ให้บริการแบบเต็มใจ รวดเร็วดี บรรยากาศแบบกลางๆ ไม่หรูแต่ไม่แย่ ร้านนี้แนะนำครับ
ChdDSUhNMG9nS0VJQ0FnSUNvd19mdHNBRRAB,Gals Lp,4,ความอร่อยสมราคา ยิ่งเป็นวากิวซูชิคือเด็ดมาก มีหลายอย่างให้ทาน น้ำจิ้มมีหลายแบบ มีมุมน่ารักๆน่าถ่ายรูป เอาจริงๆได้ไปลองสักครั้งก็จะดีมาก
ChdDSUhNMG9nS0VJQ0FnSUNsOHVxajB3RRAB,Wantana Leebonoi,4,อาหารสดทุกอย่าง ซาซิมิสดอร่อยแต่ชนิดไม่หลากหลาย เนื้อดีทั้งเนื้อชาบูและซูชิ โรลก็อร่อย อาหารทะเลสดทุกอย่าง ของหวานก็ใช้ได้ แนะนำค่ะ
ChZDSUhNMG9nS0VJQ0FnSUNvanNqRExREAE,T-RIT MEMEOUN,5,คุ้มค่าสุดๆ อยากให้ลองเมนูเนื้อทุกชนิด อร่อยมาก  ที่ไปกินเราสามารถสั่งแยก หนึ่งหม้อ สองน้ำ ได้  ส่วนน้ำจิ้ม อยากให้ลองน้ำจิ้มสุกกี้สีเหลืองๆ เด็ดขาดมาก แต่ที่จะให้ห้าดาสคือ หมูห่อชีส  ฟินมากกกกกกกกกกกกกกกก  หมูนุ่มชีสเต็มๆ หมดแล้วขอได้ใหม่เรื่อยๆ  ที่นี่มีน้ำรีฟิล 2 น้ำคือ ชามะนาวและเก็กฮวย  แนะนำเก็กฮวยที่หอมมาก หวานไม่มาก  โครตตตตชื่นใจ เด็กเสริ์ฟที่นี่โอเคมาก ขยัน และไม่ต้องเรียกนาน
ChdDSUhNMG9nS0VJQ0FnTUNZNEpEcGx3RRAB,okub kub,4,"กินตามโปร ขอบคุณครับ
คุณภาพอาหาร ใช้ได้
ร้านโปร่ง ชอบนั่งหลังไม่ติดกัน
อะไรที่ไม่สั่ง บอกพนักงานก็เก็บคืน"
ChZDSUhNMG9nS0VJQ0FnSUNXX3NfVlVBEAE,HL,5,"Free parking. Seating layout is spacious and with divider. Overall, the restaurant is clean. Food is great, especially the sushi is nice. Service is efficient and very clean."
ChZDSUhNMG9nS0VJQ0FnSUM1NGNUZFZBEAE,Phanusorn Chancharoenchai,4,"Standard shabu restaurant.
Variety of menus.

The best menus for me were australian wagyu beef and black wagyu beef.

Wagyu sushi was great serving with minimal rice.

Wagyu beef with Oba leaf was great too.

Another menus had standard taste.
For another sushi, the rice was too sticky.

There were lots of sauce. (Ponsu, thai style suki sauce, taiwanese sauce, jaew)."
ChdDSUhNMG9nS0VJQ0FnSUN1M3BMSjhnRRAB,mangdanoi zzz,4,"Good quality food for shabu restaurant.
There are 4 prices of buffet.
839+: Premium grade beef (recommened)
599+: Addition sushi
499+: beef and seafood
299+: pork and vegetable

Exclude Vat 7%
No service charge.
Beverages not include in buffet.

Take some time for calling staff to recieve order.
Crowded at noon.

Recommened: (A2)Australian wagyu
,(A27) Wagyu Hoba yaki, (A22) Wagyu shahi
,(B21) Tamago yaki , (A32) Moci green tea ice scream,(B23) Shrimp and salmon in seafood sauce."
ChdDSUhNMG9nS0VJQ0FnSURjaFBtUTN3RRAB,Kawin Poo,4,เป็นชาบู+ซูชิ มีความหลากหลายเนื้อดีอร่อยแต่ต้องเป็นเซตแพงสุด น้ำชาบูปกติไม่ได้ว้าว ซูชิดีมาก ข้าวคำมาตรฐานไม่ใหญ่ไปไม่เล็กไป ซูชิเนื้อวากิวมากินต้องสั่ง โดยรวมอร่อย แต่ราคาก้แรงอยู่แต่ก็เป็นที่คุณภาพและความหลากหลาย
ChdDSUhNMG9nS0VJQ0FnSURNeXZMSTZ3RRAB,Napon Viriyasathien,4,"ความอิ่ม ความคุ้ม ความฟิน
1. อาหารมีให้เลือกเยอะมากๆ และ ก็ถูกใจทั้งสายชูชิ และชาบู
2. ร้านมีที่จอดรถ และ สะอาดสะอ้าน ดีมาก
3. พนักงานบริการดีมาก (เห็นแอบมีบริการไป กินของในร้านไป 555 ขำๆ)
4. ซุปน้ำดำ หรือ สุกี้ญี่ปุ่น ไม่ฟิน แต่ก็ไม่แย่ มันแบบ ชืดๆ
5.ชูชิคือคุ้มมาก ปลาอาจจะไม่สดมากแต่ เนื้อสิพ่อ ... ดีย์

มาอีกแน่!! เจอกัล!!"
ChdDSUhNMG9nS0VJQ0FnSURCcU5hb2tnRRAB,Thira N,3,Not worth the price. Quality a bit drop compared to their competitors with similar price. Taste is ok but not impressive. This branch have the parking lots which is advantage. Not sure if will come back to this place.
ChdDSUhNMG9nS0VJQ0FnSURxc0lIYXJ3RRAB,Emre Senbabaoglu,5,"All you can eat premium buffet is 699 baht and it includes sushi.

Go for the second set that is 499 baht if you do not want to eat sushi.

Although it is a shabu restaurant sushi is very quality here too. Wagyu sushi is amazing. You must definitely try it. All sushi rolls are delicious, especially wagyu unagi roll.

There are 3 different types of soup for shabu. Japanese shoyu sauce soup is the best. Australian wagyu beef is soft and juicy.

If the restaurant is busy the service is a bit slow. The parking lot is available next to the restaurant."
ChZDSUhNMG9nS0VJQ0FnSURVdU8zbEFREAE,Pimpaphak Chusiriwat,4,"went there for the second time after many years because it was not that great when it first open, if compare quality with the price. This place was definitely not for everyday since the price is not consider the most friendly one 🤣 in my opinion there's better place with more friendly price.
my friends said their rolls was great, i partially agree, most of them depends on their sauces but the freshness is not bad!
for Shabu I recommended the beef with cheese stuffed inside. Tom yum broth and pork bones broth

The buffet price comes with jello in a shot glass, was OK nothing special."
ChZDSUhNMG9nS0VJQ0FnSUNBbF9DMU5BEAE,Aiz',5,"อาหารอร่อย มีให้เลือกเยอะ เยลลี่อร่อยมากกกกก
ควรจองล่วงหน้าและมาให้ตรงเวลาหรือก่อนเวลาจะได้ไม่กระทบกับคนอื่นที่จองหรือวอคอินหลังจากคุณ"
ChZDSUhNMG9nS0VJQ0FnSURVN2ZlVVp3EAE,BIGSHOW LOWLAR,5,อร่อย เด็ด ราคาไม่แพง เนื้อสุดยอดมากๆ รวมๆแล้วอาหารดี มาสองรอบแล้ว พนักงานช้าไปหน่อย บางทีก็เร็วบางทีก็นานจนต้องถามเหมือนลืม บางทีก็เซิฟผิดๆถูกๆ ก็ปรับปรุงต่อไป
ChdDSUhNMG9nS0VJQ0FnSUQ2dW9qZjJ3RRAB,Jirasak Aunjaiage,5,อาหารบางอย่างเสิร์ฟช้า แต่มาไม่ขาดตอน คุณภาพวัตถุดิบดีถึงดีมาก
ChZDSUhNMG9nS0VJQ0FnSUNXcDdyX0xnEAE,inn prathongsin,5,"หิวเมื่อไหร่ก็แวะมาาาาา
บอกเลยว่าอร่อยคุ้มค่าคุ้มราคาจริงๆ
สำหรับคนที่ชอบทานเนื้อ หมู ซีฟู้ดดด แนะนำร้านนี้เลยค่ะ
เนื้อนุ่ม ไม่มีกลิ่น กับน้ำชาบูกลมกล่อม

มีที่จอดรถข้างร้านเลย สะดวกสุด

เมนูมีให้เลือกหลากหลายนะคะ
ถ่ายรูปไม่ทัน เพราะว่าหิวววววค่าาา"
ChdDSUhNMG9nS0VJQ0FnSUNBdHZYNDBBRRAB,Nijaya I,4,"Wow.. Good Beef, Good Soup and Good Price. All You can Eat with simple  modern decor. Nice slice Wagyu and strange choice of food ie Cheese wrap with Wagyu, Cheese, Dragon Ball. :)"
ChZDSUhNMG9nS0VJQ0FnSURNMC1fZ1p3EAE,fringee nee,5,มีบริการให้ครบครันดีค่ะ ชอบตอนจ่ายตัง...ไม่จำเป็นต้องจ่ายเงินสด แต่มีแบบคิวอาร์โค้ดก็จ่ายได้นะจ้ะ ชอบมากๆเลยค่ะ สะดวกง่ายดี
ChdDSUhNMG9nS0VJQ0FnSURVNmFQaWh3RRAB,AITHIPORN DARASOON,4,เพิ่งมาครั้งแรก  คนมาทานเยอะมาก เต็มร้านเลย  มื้อเที่ยง  มาเป็นหมู่คณะ ต้องจองโต๊ะ ไม่งั้น อด อาหารโอเค รสชาติดี มีหลากหลายเมนู ให้ลือก  ในราคา 359 /459/659เลือกได้ ตามทุนทรัพย์ ส่วนใหญ่ จะลงที่ 459 ...
ChdDSUhNMG9nS0VJQ0FnSUQwdHVxbjdBRRAB,Marc Ooo,5,"Nice place with nice staff.
Free parking too.
459 THB or 659 THB buffet. 35 THB to add for drinks.
Great food for shabu, also sushi. Desert too.
It is a good plan. All shabu restaurants are not the same quality."
ChdDSUhNMG9nS0VJQ0FnSURzMXAzM3RBRRAB,PINKUne1,4,บริการไว ฟึบฟับฟึบฟับ แต่ไม่แนะนำซุปหม่าล่า มันแผล็บไม่มีรสชาติ หัก 1ดาว เพราะควันเข้าแต่หน้ากู
ChZDSUhNMG9nS0VJQ0FnTURvbS1QcVBREAE,nannalin khanluang,5,ร้านสะอาด มีที่จอดรถ มีโต๊ะแยอะ
ChZDSUhNMG9nS0VJQ0FnSUNZMFB1OU5REAE,GiizmO BowisH,5,"อาหารไว คุณภาพดี คุ้มราคา 800
เสียอย่างเดียวไม่รวมน้ำรีฟิล 35 บาท ไม่รวมไอติม"
ChdDSUhNMG9nS0VJQ0FnSUNvaEs3YWdRRRAB,Chumpol Punyariddhi,4,"สั่ง 659 ไปเลยครับ แล้วสั่ง เนื้อวากิว AUS ไปเลยยาวๆ

ส่วนตัวผมว่าสุกี้น้ำดำ ทำไม่ดีเท่าไรครับ

น้ำจิ้มสุกี้อร่อยเลยครับ ผมไม่ได้ใส่อะไรเพิ่มเลย"
ChdDSUhNMG9nS0VJQ0FnSUNVNk5ESnJBRRAB,here cronglean,4,"อร่อยดีกิน459 หอยคาวไปนิส แต่โดยรวมก็โอเคเลย
คุยกะพนักงานร้านไม่ค่อยเข้าใจอ่ะ ไม่รู้ว่าเป็นเพื่อนบ้านรึป่าว หรือว่าภาษากลางไม่แข็งแรง มีหยิบผิดด้วย หยิบกุ้งมาโดยที่ไม่ได้สั่ง"
Ci9DQUlRQUNvZENodHljRjlvT25veVdIUjFXVjlWY1hCM1lUazNUbVZ0TkdRNU5GRRAB,Kemapong Puttaraksa,5,ชื่นชมพนักงานทุกท่านที่บริการด้วยความเต็มใจและใส่ใจกับลูกค้าทุกๆท่านครับ
ChZDSUhNMG9nS0VJQ0FnSUNVbzhLUE93EAE,Vinvin S,5,เนื้อสาขานี้ดีงามมากกก ใครทานเนื้อไม่ควรพลาด เคยกินสาขาอื่นเฉยๆนะ
ChdDSUhNMG9nS0VJQ0FnSUQ2d3FueWhBRRAB,Piyapa Rodvanich,4,ซูชิรสเลิศ Alacart อร่อยมาก ทุกเมนู ประทับใจสุดๆ ชอบไอติม ทั้งสองรสเลย 💯🥰 …
Ci9DQUlRQUNvZENodHljRjlvT2tsSVJYQmZla1p2WlhCeGRHSTNURVEzT0V4dE4wRRAB,ChorCher,5,ทานประจำ อาหารอร่อย ที่นอดรถมีพร้อม รอคิวอาหารไม่นาน Recommend
Ci9DQUlRQUNvZENodHljRjlvT2xKVWJHbHFjbWd6VnpaV2ExQk9SRFpWUmpCWFdtYxAB,Panich Int.,5,อร่อยและวัตถุดิบดีเหมือนเดิม เสียดายเหลือสาขานี้สาขาเดียวแล้ว
ChZDSUhNMG9nS0VJQ0FnSUNUZ1lXSkxREAE,Kanyanatch Sariganon,5,พนักงานคือนัมเบอร์วัน บริการดี10/10/10 ไม่ต้องเรียก คอยเติมทุกอย่างให้ตลอด เป็นกำลังใจให้ขายดีๆๆๆค่ะ
ChdDSUhNMG9nS0VJQ0FnSUNfNnFTS2p3RRAB,Noppadol Wongtrangan,4,"อาหารอร่อย คุณภาพดี บรรยากาศโอเค มีที่จอดรถ แต่วันที่ไป ลูกค้าเยอะมากหลังจากช่วงปีใหม่ พนักงานไม่เพียงพอ ทำให้บริการค่อนข้างมั่ว สั่งอาหารไปทั้งหมด 3-4 รอบ บางรอบสั่งแล้วหายไปเลย เราก็คิดว่าช้าหน่อยเพราะลูกค้าเยอะ ปรากฎว่าหายไปเลย

นั่งรอเสียเวลาไปเกือบครึ่งชั่วโมง เรียกพนักงานช่วยตามให้ก็แล้ว สรุปเพิ่งมาแจ้งตอนหลังว่าให้สั่งใหม่ เนื่องจากใบออเดอร์หายไปแล้ว ซึ่งตอนนั้นก็อิ่มกันหมดแล้ว

ตัวเราพยายามเข้าใจ แต่คนที่ไปด้วยอีกสองคนไม่โอเคเลยกับบริการในวันนั้น"
ChdDSUhNMG9nS0VJQ0FnSURTeTVTSWpBRRAB,Fonnie,5,ชอบมาก คุ้มค่า คุ้มราคา อร่อยทุกอย่างเลย พนักงานบริการดี ไว้มีโอกาสไปอีกแน่นอนค่ะ 👍🏻 …
ChdDSUhNMG9nS0VJQ0FnTURJNXBPcWhBRRAB,Getit service,5,อร่อยดี แนะนำ บริการดี
ChdDSUhNMG9nS0VJQ0FnSURXOHJLbHp3RRAB,Siri Sook,4,อร่อยเหมือนเดิม กินแต่เนื้ออ่ะวันนี้ 😛 …
ChdDSUhNMG9nS0VJQ0FnSUNxei0tSDVBRRAB,สุพจนี ชินชัย,5,อาหารอร่อยคุ้มกับราคาไอศครีมบราว์ชูก้า&แอปเปิ้ลกับพานาคอตต้าอร่อยมากๆๆแล้วจะไปอุดหนุนอีกนะคะ
ChdDSUhNMG9nS0VJQ0FnSURZMXUzMS1BRRAB,Peach D. Dragon,4,เนื้ออร่อยมาก ซูชิเนื้อก็อร่อย ซูชิอย่างอื่นต้องปรับปรุงอีกนิด
ChdDSUhNMG9nS0VJQ0FnSUMwcGNqMHFRRRAB,gods_yakuza,4,มาครั้งแรก ค่อใช้ได้เลยนะคาบร้านนี้อร่อยคาบ
ChdDSUhNMG9nS0VJQ0FnSUNJeGNIQ3F3RRAB,Netipong Chansom,5,เป็นชาบู มีหลายราคาแล้วแต่เราจะรับประทาน น้ำจิ้มอร่อย พนักงานบริการดี
ChZDSUhNMG9nS0VJQ0FnSUNWbjZmOFhnEAE,Simon K.,5,"Amazing beef and variety of choice.
Would come again anytime 10/10."
ChdDSUhNMG9nS0VJQ0FnTUNJeGNtTnd3RRAB,tanadat boonnam,5,"หมู สะอาด อร่อย
กินชุด359  พนง. แถมไอติม
กับยำแซลมอนให้ด้วย
ทั้งที่ในชุดไม่มี
พนง.ดูเอาใจใส่ มีมาถามตลอดว่าขาดอะไรบ้าง"
ChZDSUhNMG9nS0VJQ0FnSURvdjRpY0R3EAE,Bank Tangudomkarn,3,Really have so much sodium. Premium menu serve too slow (compare to normal menu). Good service. Have parking lot around 14 cars or a bit more. Taste is good.
ChdDSUhNMG9nS0VJQ0FnSUNrc3F5VDRRRRAB,Suppasit nama,4,ราคาสูงสุด ยังไม่มีซาซิมิให้ ข้าวปั้นเนื้อโอเคเลย ชาบูรสชาดดี เนื้อลายเด็ดดีมาก
ChZDSUhNMG9nS0VJQ0FnSUQ4M2FTMFlREAE,Robin Kt,4,อร่อย ดี อาหารให้เลือกเยอะ สะอาด มีหลายราคา มีที่จอดรถ ห้องน้ำมีอย่างละ 1 ห้อง แยกชาย หญิง ร้านสวย กราฟฟิกสวยน่ารัก
ChdDSUhNMG9nS0VJQ0FnSURDd2J1Rmh3RRAB,tato bunharn,5,อร่อยใช้ได้ค่ะ กินจนอิ่มคุ้มราคา ไม่อั้น
ChZDSUhNMG9nS0VJQ0FnSUNKMHVpZGF3EAE,Sirada Pookkasorn,5,ร้านน่ารัก กาแฟอร่อย แม่ค้าอัธยาศัยดีค่ะ
ChdDSUhNMG9nS0VJQ0FnSUNHdmIzWDd3RRAB,J T,2,"Order premium sushi 1699 baht/head
Have to follow up beef sushi (in the photo) Foie gras steak and beef nabe atleast 4 times and took an hour to serve! You only have hour and a half to eat. I won't be able to order one more round. Some of staff weren't not Thais and seem to ignore me completely. Once is enough."
ChZDSUhNMG9nS0VJQ0FnTUNRbG9yOFF3EAE,Julien Moonberry,2,แพคเกจต่ำสุด เน็ต 420 กว่าบาทไม่รวมน้ำ อาหารได้ำฃไม่เยอะไม่ค่อยคุ้มค่ะ ขนมมาเหมือนบุฟเฟ่โรงแรมที่ให้น้อยๆถูกๆ เคยกินก่อนหน้านี้ดีกว่านี้มาก ผักมีเศษดำๆติดเยอะมาก ไปสองคนสรุป 900 กว่าบาท
ChdDSUhNMG9nS0VJQ0FnSURZOHZULTNBRRAB,Saravud R. TCC Buriram,5,กินจนจะเดินกลับบ้านไม่ไหว 659คุ้มมมมมากบอกเลย
ChZDSUhNMG9nS0VJQ0FnSUMtdmFHaEV3EAE,Memol2ieS,5,ราคา899 เนื้อดีมาก เมนูหลากหลาย ที่จอดรถเยอะ ร้านไม่แออัด
ChZDSUhNMG9nS0VJQ0FnSUM3X29iLU1nEAE,Nattatida Siriprasertwit,5,น้องๆพามาเลี้ยงส่ง ของสดสะอาด พนักงานบริการน่ารัก ประทับใจ
ChZDSUhNMG9nS0VJQ0FnSURPeHFLR1VnEAE,Salaklove Muangyoo,4,อร่อย ครบ รส สายเนื้อ ห้ามพลาด
ChdDSUhNMG9nS0VJQ0FnSURRMTRLczhBRRAB,Chardbhuwanai Cherdchai,5,น่าจะเป็นร้านแห่งเดียวที่ได้ทานวากิว AX แบบบุฟเฟ่ต์ในราคาไม่ถึง 700 !! สายเนื้อควรมาลอง และถล่มดูซักตั้ง แนะนำว่า ให้เค้าสไลด์อย่าให้เนื้อหนาไป จะฟินมากๆ
ChdDSUhNMG9nS0VJQ0FnSURrOTZHZ3RBRRAB,Tanes Manee,5,ที่นั่งมีมากกว่าสาขาอารี รองรับลูกมาเป็นกลุ่มใหญ่ๆได้ ส่วนพนักงานเป็นกันเองมาก ชอบๆ
ChZDSUhNMG9nS0VJQ0FnSUNzaTViaUpREAE,Leo Crackerjack,4,"อิ่มอร่อย ด้วยชาบูเต็มรูปแบบ
ของเยอะจริง วัตถุดิบชั้นดี"
ChdDSUhNMG9nS0VJQ0FnSUR5NjdQRjBnRRAB,Par Sri.,4,ชาบู มีให้เลือกเยอะดี น้ำจิ้มธรรมดา แต่น้ำซุปต้มยำอร่อย
Ci9DQUlRQUNvZENodHljRjlvT2xOcFRXRndaM2t5Y2xwU01VeDNNak5uZDJaTVlsRRAB,Ake Ekkarat,3,มีให้เลือกเยอะ แต่เนื้อหั่นมาชิ้นค่อนข้างบาง
ChdDSUhNMG9nS0VJQ0FnTUNBLUlIVG1BRRAB,ploypailin thammasakul,5,น้องๆพนักงานบริการดีมากๆ ขยันกันทุกคนเลยค่ะ ขอชื่นชม 👏🏻👏🏻 อาหารสด สะอาด แต่อยากให้น้ำจิ้มเข้มข้นกว่านี้อีกนิดนึง
ChdDSUhNMG9nS0VJQ0FnSUN5MFpuZ3VBRRAB,Faii G,5,เนื้อนี้อร่อยมาก กินบุฟเฟ่ต์คุ้มเลย
ChdDSUhNMG9nS0VJQ0FnSURDbHJ5eTB3RRAB,สรรเสริญ รพีมนัส,5,อร่อย เนื้อวากิวสุดฟิน สายเนื้อต้องมา พนักงานเดินดูแลตลอด สั่งอาหารรวดเร็ว เมนูกุ้งแซลมอนแช่น้ำปลาต้องกิน เด็ดสุดยอด 👍😍 …
ChZDSUhNMG9nS0VJQ0FnSURJcGNQa2F3EAE,Van Nguyen,5,Good service and food. Near BigC. Cute place for taking photos. Had a great time with my love here
ChdDSUhNMG9nS0VJQ0FnSURBcXUtUTZRRRAB,One More,5,อาหารอร่อย ราคาปานกลางถือว่าไม่แพงมีให้เลือกทานหลายแบบ มีความสด และสะอาด
ChZDSUhNMG9nS0VJQ0FnSUQ2MHVxdFhREAE,แม่กระต่าย สุดสวย,4,อร่อยดีค่ะ สะอาดดี น้ำต้มยำมันกุ้งอร่อยชอบคะ🤤🍲 …
ChZDSUhNMG9nS0VJQ0FnSURZN2NUWldBEAE,Arnuphap Khunakornbodin,3,อาหารหลากหลายทั้งข้าวปั้น เนื้อวัวมีให้เลือกหลายแบบแต่รสชาติกลางๆ น้ำจิ้มไม่อร่อย
ChZDSUhNMG9nS0VJQ0FnSURVNk1haWZ3EAE,AU 58,4,ร้านชาบูน้ำจิ้มอร่อย วัตถุดิบสด สะอาด พนักงานบริการดีมากๆๆๆๆๆ  ประทับใจครับ
ChZDSUhNMG9nS0VJQ0FnSUQ0bXNpWUxnEAE,Neung Ch,5,สาขาสะพานควายบริการดีมาก ซูชิอร่อยมว๊ากกก ชาบูรสชาติดี รวม vat รวม sc
ChdDSUhNMG9nS0VJQ0FnSURNdjVhcTFBRRAB,Ammy Leo,5,คนชอบทานเนื้อ แนะนำร้านนี้นะคะ
ChZDSUhNMG9nS0VJQ0FnSUNYaTd6dlZBEAE,Tum Sukwisut,3,"อาหารอร่อย ราคาดี พนักงานบริการดี

เสียอย่างเดียว ห้องน้ำเก่า สกปรก และ มีแมลงสาบ!!! ทั้ง 2 ห้องเลย"
ChZDSUhNMG9nS0VJQ0FnSUNLZzdDYkRnEAE,songkod totrungsub,5,ที่จอดรถสะดวก ไปง่ายรถติดนิดหน่อย วัตถุดิบดี สมราคา
Ci9DQUlRQUNvZENodHljRjlvT2xKWmQyTklRekJ3Tld0RVlsVjJjM2cyYUdKUWVYYxAB,Preemada,5,"✨River Cafe and Terrace at The Peninsula Bangkok✨
เปิดประสบการณ์ดินเนอร์แสนโรแมนติก ริมแม่น้ำเจ้าพระยา เนื่องในวันพิเศษคู่เราจึงอยากมาเปลี่ยนบรรยากาศทานอาหารในโรงแรม

🌟 ภาพรวมไลน์อาหารเป็นนานาชาติหลากหลาย วัตถุดิบ คุณภาพคัดเกรดพรีเมี่ยม เราทานเนื้อ Tomahawk, เนื้อออสเตรเลีย, โคลด์คัท แอนด์ ชีส และอาหารทะเลต่างๆ ส่วนเมนูพาสต้าจะทำผัดซอสให้ใหม่ ประทับใจมาก มีอาหารไทย อาหารอินเดียด้วย และอื่นๆที่กล่าวไม่หมด

🌟 เมนูที่ชอบที่สุดจะเป็นของหวาน เช่นไอศครีม เค้ก และช็อกโกแลต อร่อยมากค่ะ ประทับใจเลย 🍨 🍰🍫 โดยเฉพาะไอศครีมสตรอว์เบอร์รี่สดใหม่ ทานแล้วสดชื่นมากกก ช็อกโกแลตแบบชิ้นในขวดโหลรสชาติดีมากค่ะ

🌟 บรรยากาศ: โรแมนติกมากค่ะ ตอนกลางคืนแสงไฟแม่น้ำเจ้าพระยา ถ่ายรูปออกมาสวยมากเลย การออกแบบโรงแรมรวมถึงห้องอาหารเป็นสไตล์ไทยคอนเทมโพรารี่ สวยคลาสสิค จะมาเป็นคู่ ครอบครัว หรือกับเพื่อน เราว่าไม่ผิดหวังค่ะ

🌟 บริการ: รักษามาตรฐานโรงแรม 5 ดาวได้ดีค่ะ ทุกครั้งที่ลุกไปตักอาหาร พนักงานจะมาพับผ้าเช็ดปากให้ทุกครั้งค่ะ และเก็บจานโดยไม่ต้องเรียกเลย

🌟 ราคา: เราจองผ่านแอพ Eatigo ลด 50% เหลือประมาณ 1488 บาท net /คนค่ะ (ราคาไม่รวมค่าเครื่องดื่มนะคะ)

🙌🏻 แนะนำใครมองหาร้านอาหารในโรงแรม ได้รับประสบการณ์ดีๆกลับไปแน่นอนค่ะ"
Ci9DQUlRQUNvZENodHljRjlvT25reGJWWmhjUzF6VTNwTWQyUlZORTFJVGxkQ2RFRRAB,Merkin N.,5,ซื้อแพคเกจบุฟเฟ่ต์มื้อเย็นจากเพจพักสบายมาทานที่นี่ อาหารอร่อยเหมือนเดิม ไลน์อาหารดูหลากหลายขึ้น รสชาดดี บางอย่างอร่อยขึ้นกว่าเดิม บรรยากาศดีมาก จองโต๊ะริมน้ำ แต่ฝนตกแรงมาก พนักงานบริการดีมากแบบน่าประทับใจ ใส่ใจ อัธยาศัยดี พูดจานอบน้อมทุกคนเลย มีเค้กเซอร์ไพรส์วันครบรอบให้ด้วย เต็ม 10 ให้ 100 เลย ชอบมากที่นี่ ไว้มาซ้ำอีกแน่นอน
Ci9DQUlRQUNvZENodHljRjlvT2xkbFZqRXRiSGxrUzB4ZlgyOHdVM2x1TjJ0eE4xRRAB,Pak C (emfoodiebkk),5,"ค่ำคืนริมแม่น้ำเจ้าพระยาที่ River Cafe & Terrace โรงแรม The Peninsula Bangkok คือหนึ่งในประสบการณ์ที่น่าจดจำของสายบุฟเฟ่ต์ เราได้ไปลิ้มลองดินเนอร์บุฟเฟ่ต์นานาชาติที่นี่ และต้องบอกเลยว่า ประทับใจตั้งแต่บรรยากาศยันรสชาติ อิ่มอร่อยกับเมนูเด็ดจากทั่วโลกครบทุกสไตล์ ซีฟู้ดสดแน่น จัดเต็มทั้งกุ้ง หอย ปู ปลา มีไลฟ์สเตชันปรุงสดให้ดูเพลิน ทั้งพาสต้า ซูชิ สเต็ก และของย่างหอมๆ ซาชิมิคุณภาพดี ตัดมาชิ้นใหญ่ ขนมหวานหลากหลาย ทั้งไอศกรีม ขนมไทยก็มี รสละมุนแบบต้นตำรับ วิวริมแม่น้ำช่วงพระอาทิตย์ตกคือโรแมนติกสุดๆ พนักงานบริการดีเยี่ยม ยิ้มแย้มและใส่ใจเหมาะกับทั้งดินเนอร์ครอบครัวและมื้อพิเศษกับคนรัก ใครกำลังมองหาบุฟเฟ่ต์หรูริมแม่น้ำ ต้องลองมาสัมผัสด้วยตัวเอง แนะนำที่นี่เลยครับ

โปรโมชัน: ลด 50% บุฟเฟ่ต์นานาชาติมื้อเย็น ห้องอาหารริเวอร์ คาเฟ่ แอนด์ เทอร์เรส (River Café and Terrace)
ระยะเวลาโปร: 1 ก.ค. 68 – 31 ก.ค. 68

Address: The Peninsula Bangkok, 333 ถ. เจริญนคร แขวงคลองต้นไทร คลองสาน กรุงเทพมหานคร 10600
Open: Daily 18:00-22:00"
Ci9DQUlRQUNvZENodHljRjlvT2xkeGFXdGpkbTgwYlhCc0xUQkZkSGx6YW1WbVdrRRAB,Serge Kurz,5,Worldclass food. The food was so fresh and perfectly nice presented. One would say it was just the Peninsula style. Really outstanding. Nestled along the river with a nice view it can’t get any better. Certainly going back.
Ci9DQUlRQUNvZENodHljRjlvT21wTGVuTktOSFJ6VnpsNlJVeG9UREJYYjNoUFpYYxAB,Panyaporn Ch,5,"มาทานบุฟเฟต์อาหารค่ำที่ห้องอาหาร มีทั้งโซนห้องแอร์ แล้วก็ outdoor เราจองเป็นที่นั่ง outdoor ไว้ค่ะ เหมาะกับดินเนอร์หรือทางกับครอบครัวก็ได้ค่ะ

- บรรยากาศดีมากค่ะ ลมเย็นๆ นั่งมองเรือมองแม่น้ำ ภายใต้โคมไฟเล็กๆบนโต๊ะ ที่นั่งกว้างขวางเยอะมากค่ะ เราไปวันเสาร์ตอนเย็น คนก็ไม่ค่อยวุ่นวายเลย
- LINE บุฟเฟ่ต์ตามมาตรฐานโรงแรมค่ะ มีสเต็ก อาหารญี่ปุ่น ซีฟู้ด อาหารไทย ค่อนข้างครบถ้วร
- โซนขนมเค้กเยอะเลย ชอบมากกกก โซนขนมอร่อยทุกอย่าง
- พนักงานบริการดี ใส่ใจมาก ที่สำคัญถ่ายรูปให้สวยด้วยค่ะ"
Ci9DQUlRQUNvZENodHljRjlvT20xcVRWbGFVMEZ4YjBkUlVHTXhVV001TFdWQmNIYxAB,Anna Mukha,5,"Our experience at the Peninsula Hotel Bangkok was truly exceptional from start to finish. The service level was the top — attentive, professional and genuinely caring. Every staff member made us feel special and well taken care of.  incredible Sunset Cocktail Cruise was memorable for us with buffet dinner at River Cafe & Terrace after it. The variety of food was astonishing, with an impressive selection of grilled seafood, succulent meats, and a wide array of delicious options that satisfied every palate.

A special thank you to Manager Sitthichai, who went above and beyond to organize a birthday celebration for my husband. His attention to detail and personal touch made the occasion truly unforgettable. We are deeply grateful for his dedication and warm hospitality.

Overall, the Peninsula Hotel Bangkok exceeded our expectations, and we look forward to returning soon. Highly recommended for anyone seeking luxury, superb service, and an unforgettable dining experience."
Ci9DQUlRQUNvZENodHljRjlvT2xOM1prdHllRE5LVUZKeVlqaFVNbGxrUWxoNFNGRRAB,Vik Knowledge,5,"I had the distinct pleasure of enjoying a decadent breakfast at The Peninsula Bangkok today. One is truly spoilt for choice with the vast selection available. Whether one desires vegetarian or non-vegetarian, hot or cold dishes, coffee, tea, fresh fruit, or juices, you name it, and it is there. They even accommodate specific requests, such as tailoring your omelette to be made with egg whites only.
However, it was not just the breakfast that was outstanding, but also the customer service, which was at its absolute peak. For instance, after I had finished my hot meal and brought some fresh fruit to the table, a staff member named Tui was so attentive that she approached and asked if I would like my cutlery changed. She promptly replaced it for me. This is customer service on another level, and I was highly impressed. Other staff members were also incredibly pleasant, checking in to ensure everything was to my satisfaction. A truly 5-star experience."
Ci9DQUlRQUNvZENodHljRjlvT21Sc2FrNXhhRVZCYzNkYWF6aFZVRmswYWxWRlZXYxAB,Khaotok Pradchayawee,4,Delicious food with a great atmosphere. Highly recommend the tomahawk steak and grilled river prawns. Don’t miss the Thai dessert Bua Loy – it’s absolutely amazing!
Ci9DQUlRQUNvZENodHljRjlvT2xWSk1uSnpkR1YzYlMxWFpIbEtXRmxNZERGdldsRRAB,บัว,5,"✨ พนักงานบริการดีมากๆ เลยค่ะ ประทับใจสุดๆ 🫶🏻
เราเข้ามาอยากนั่งริมแม่น้ำแต่ไม่มีที่ว่าง ซักพักพนักงานก็เข้ามาแจ้งว่ามีโต๊ะว่าง ทั้งที่เราลืมไปแล้ว แต่เขายังจำได้

พนักงานช่างสังเกตมากๆ เราตักอาหารมา กำลังจะขอจานแบ่ง พนักงานก็เข้ามาถามทันที 🥰
พับผ้าเช็ดปากให้ เลื่อนเก้าอี้ให้ตอนจะนั่ง เก็บจานไวมาก 🍽️
น้ำแข็งละลายในแก้ว ก็เข้ามาเสนอเปลี่ยนแก้วใหม่ให้ทันที 🧊💦
ตอนเราหยิบกระเป๋าเตรียมจะลุก ก็เข้ามาสอบถามว่าปั๊มบัตรจอดรถแล้วหรือยัง 🚗💳

ทั้งหมดนี้พนักงานสังเกตเห็นหมดเลย โดยที่เราไม่ต้องขอเลยค่ะ 🥹👏🏻
ประทับใจจริงๆ สมกับเป็นการบริการระดับพรีเมียม 💯❤️"
Ci9DQUlRQUNvZENodHljRjlvT21oQ2RtMU9WVk0wV0RCMVVrbFZRM1puWlc0d1VXYxAB,Jimmy Boey,5,"We enjoyed ourselves. The cheese platter was a lot bigger than expected, we had to pack it. The green curry beef was a little too salty, but the Magarita Pizza was amazingly fresh! I would skip the pineapple fried rice. Service by K. Yuth was excellent and he and his team made the overall experience so delightful."
ChZDSUhNMG9nS0VJQ0FnTURReXUzNkFnEAE,Amy Vi,4,"เป็นหนึ่งใน buffet ที่วัตถุดิบอาหารดีที่สุดในกรุงเทพ อาหารสดเเละอร่อย มีกุ้งแม่น้ำ  oyster เเละใน line sushi มี Hotate กับ otoro ด้วย ซึ่งหาไม่ค่อยจะมีใน line buffet อื่นๆ บรรยากาศเเละพนักงานบริการดี
หัก 1 ดาว เรื่องราคา เพราะราคาค่อนข้างเเรง  buffet วันธรรมดา ไม่รวมน้ำ ตกคนละเกือบ 3000 พันบาทเลยคะ"
ChZDSUhNMG9nS0VJQ0FnSUNQdFBxZkdnEAE,Suthira Techamaneewat,4,"Excellent service, but the food was quite ordinary.

The buffet selection was decent in terms of variety.

The quality of the river prawns was disappointing.

The chef did an outstanding job with the seared tuna.

The chocolate marshmallow had a rich and intense flavor.

Service ดีเลิศ อาหารธรรมดาทั่วไป
ความหลากหลายของบุฟเฟ่ก็ถือว่าดี
-คุณภาพกุ้งแม่น้ำไม่ผ่าน
-เชพทำ seared tuna ได้ดีมากๆๆๆๆ
-chocolate marshmellow รสชาติเข้มข้น"
Ci9DQUlRQUNvZENodHljRjlvT2pJNVgzbExSUzFFVld3d1VWRTRVWEE1Y0hGVlRWRRAB,Jamie Song,5,"Seriously underrated buffet in Bangkok. Easily one of the best ones I've ever been to, balancing atmosphere, views, food quality and variety, attentive service, and price (especially if you book thru a service that provides discounts like eatigo). The freshly grilled filet and river prawns were heavenly!"
ChdDSUhNMG9nS0VJQ0FnTUNnaV9Tdmd3RRAB,Sylvia,5,"Located on the rivers edge, The Peninsula Hotel's River Cafe and Terrace is simply delightful!  It offers the most stunning views as you dine outside while watching all the boats move along the river and you feel transported in time. The breakfast buffet offers an array of the most delicious local and international dishes. Fresh natural fruits and juices are made to order. The Dim Sum station is superb! We ate so much at breakfast that we weren't hungry until dinner time!"
ChdDSUhNMG9nS0VJQ0FnSUROM19HeWh3RRAB,Katethip Varanyuwatana,5,"Came here for lunch with friends from overseas. We took the hotel ferry from sathorn pier to get to this hotel, very convenient. We were seated at outdoor seating which was absolutely fantastic on a nice day. We ordered a few Thai dishes from the menu and the waiters recommended us to try the seafood pizza and we did. The food came out very slow, so the waiters recommended us to order appetizers, but we didn't. It was all worth the wait. The Thai food single dishes here were very tasty, nicely presented but very pricey. The waiters were very lovely, polite and quick on their feet. This Cafe is fantastic for bringing guests and enjoy the Thai experience."
Ci9DQUlRQUNvZENodHljRjlvT21KVlVuTTRUbXRoWW13MWJrdHVaMHh1YlVOdlExRRAB,ปภัสณัฐ เป็งกาสิทธิ์,5,ตั้งใจจะไปกินข้าวเย็นแบบบุฟเฟ่ที่มีปูอลาสก้าและปูม้าแกะโทรมาก่อนแล้วมีทั้ง2ปูหัวละ2590ถ้ามาตรงเวลา6โมงเย็นลด50% สรุปมาตรงเวลาราคา1245บาทแต่ไม่มีปูอลาสก้ามีแต่ปูม้า อาหารญี่ปุ่น เค๊กเยอะ อาหารไทย ซีฟู้ดออนไอซ์ คุ้มมั้ยไม่รู้แต่เรากินกันไม่คุ้มเพราะกินไม่เก่ง
ChZDSUhNMG9nS0VNNk0zSm1QbS1ISEN3EAE,Opas Noppornpitak,5,"It’s our first time here and we loved the vibe. We dined outdoor and our table was in the 2nd row. It’s a windy night and we sat for a while. They offer a pretty good variety of food and, as a local point of view, it’s delicious. Another great thing that we experienced tonight was an excellent service. We told the staff that I wanted to have more bbq scallops and the chef told me they ran out of it. A few minutes later, we were surprised that they came with small portions of Hokkaido scallops as an apology. All in all, we left with smiles and will definitely one back for our anniversary."
ChZDSUhNMG9nS0VJQ0FnSUQzbTR1b0NREAE,ThAnut (PP),5,"The best buffet everrr! There are a lot of seafood market such as Oysters Tiger-Prawns King-Crab Crayfish Scallops freshed from the sea. Moreover, they have also Lamp, Beef etc. for guests. All good and valuable to pay for a dinner."
ChZDSUhNMG9nS0VJQ0FnSUNwNllMRFV3EAE,TP TP,5,"One of the best international buffet by Chao Praya River. The selections are moderate compared to other hotels buffets but the quality is definitely higher. There 3 kinds of oysters, grill station, Japanese, Thai and Indian,cold cut and cheese, cold appetizers, and desserts. There are plenty of seating options (indoor and outdoor). I suggest you to select outdoor seating if the weather permits. Overall a good experience and will definitely return again."
ChZDSUhNMG9nS0VJQ0FnSUNOX19leEtREAE,Hanspeter Keller,5,"A buffet dinner at the Peninsula Hotel. The staff was very friendly and helpful. One of the service Bainard, explained about food. The food selection looks not like a lot, but you probably will not be able to try everything. The food quality is very good and the view too the river is great."
ChdDSUhNMG9nS0VJQ0FnSUMxMkotNnN3RRAB,Apinita Siripatt,5,"The atmosphere and service are amazing, special thanks to Ms Nuttha who took care of our table really well. The food quality is good but could be more variety especially sushi/sashimi for the price. We had such a wonderful experience in general and I liked that you can catch the hotel shuttle ferry from Taksin BTS Station (Sathorn Pier)."
ChdDSUhNMG9nS0VJQ0FnSUNYdHB2S2tRRRAB,Thanuttha Kumpol,5,"The view is so nice, everything is great. I am a solo traveler today . It’s only me , surprised the hotel staff brought my birthday cake . So cute. I did not expect that, but it’s a very lovely staff. Only bad thing is the oysters. They are very tiny and look not very good. I eat something else"
ChZDSUhNMG9nS0VJQ0FnTUNvaXRuOEZREAE,Jason Summer,1,"Breakfast: คุณภาพ/รสชาติ/ประสบการณ์ ไม่สมกับราคาหัวละ 1,400฿ รร.ขาดความเอาใจใส่ในรายละเอียดเล็กๆน้อยๆ อาทิเช่นในไลน์อาหารเช้า, ซุ้มปาท่องโก๋ นมข้นหวานก็ไม่มีให้ ให้ลูกค้ากินปาท่องโก๋แต่กับโจ๊ก, ตรงแพนเค้กวาฟเฟิล มีให้แต่น้ำเชื่อม/น้ำผึ้ง วิปครีมหรือทอปปิ้งอื่นๆก็ไม่มี คือคิดราคาอาหารเช้าหัวละตั้ง 1,400฿ แต่ไม่รู้จะงกไปไหน, มาตรฐานความเอาใจใส่ในรายละเอียดคนละเรื่องกับ รร.The Peninsula Hong Kong ที่เป็นต้นตำรับ แบบต่างกันสุดขั้ว กรุณารีบแก้ไขและปรับปรุงความหลากหลายและรายละเอียดของอาหารเช้าโดยด่วน อย่าให้เสียชื่อ “The Peninsula”"
ChdDSUhNMG9nS0VJQ0FnSURMbHNQTW9RRRAB,Amedeo Caputo,5,"Excellent location on the Chao Phraya River. We took the shuttle boat from Sathorn Pier (you will find an assistant wearing a Peninsula Bangkok t-shirt to assist you. Actually it's the part of the pier where all the hotel boats go (Sheraton, Peninsula, Ramada, etc.). The buffet is small comparing to those you find in Macau but I think at the end it's better. You have quite a few choice of Western, Indian, Chinese and Thai cuisine. The dessert were quite good. Some of the item where so so (some oysters tasted different than another oyster we got in the first batch)."
ChZDSUhNMG9nS0VJQ0FnSURadUt6ZEZ3EAE,Thedonk,3,"Me and my wife have been here five times. It was amazing 4-5 years ago. Post covid the quality has went down.

The good is the hotel,scenery,and amazing staff. They really are trained well here. This is five star top notch service staff.

The bad is the food quality. Some meats are okish like the tomahawk and prawns. Others like the wagyu,lamb,and vast assortment of many dishes near in edible. The cheese and cold cut quality is good.

The biggest let down was the desserts. This used to be a positive here. On last Friday I hate to say nearly every dessert was low quality in taste many not baked properly. Selection of dessert was also way less then it used to be. Having a proper dessert selection is crucial to leaving guests satisfied at the end of a 5 star hotel buffet meal.

My other suggestion would be to stop with the absurd drink prices. Just raise the price of the buffet by 200 baht each and allow people to have free water and non alcoholic drinks. Nobody likes feeling scammed on drink prices.

I would say coming once to take in the scenery and well trained staff could be worth it to you. If you’re more of a foodie looking for a great meal unfortunately this buffet is fling behind."
ChZDSUhNMG9nS0VJQ0FnSUMyMnE3MFBBEAE,วชิระ ป้องนาลา,4,"We went there for a Sunday dinner buffet after seeing an ad in a booking website about unlimited lobster and Rossini . This was our first time there and we were very impressed by the  atmosphere and river side setting of this restaurant. It really deserves a 5-star rating.

The choices of the buffet were quite comprehensive , from grill river prawns, strip loin, prime ribs, raw oysters. sashimi, foie gras , a good number of French and Thai hot dishes, salad, cheese, and varieties of french desserts. Overall, food quality was very good and we particularly liked foie gras , raw oysters, land Rossini.

Regarding the Rossini  and lobsters. these were only available with the upgraded buffet package through the booking website we used. When we first tried to order these items, the waitress told us that the promotion had expired two months ago. We were a bit surprised to hear that but did not make a big fuss about it. We thought it was a false advertising from the booking website so we contacted them immediately and told them what the waitress told us. Not long after that, the waitress came back to tell us s that we could order those two special items.

Despite the above glitch, the service of the restaurant was excellent.

All in all, we had a good experience but if unlimited lobsters is what you are interested in, there is at least a better buffet restaurant (though 800 Baht more expensive)"
ChZDSUhNMG9nS0VJQ0FnSUNuOHVpVU9REAE,Thanaphat H,4,Went for group dinner celebration for our special occasion. Staffs are more attentive to foreigners instead of Thai as our table rarely got to check up or attention from staff. The foods not variety but taste good. The atmosphere was superb as located riverside. Very quiet and peaceful. Only felt double standard of being Thai in 5 stars hotel restaurant and felt that we do not deserve the staff attention when we are also the guests.
ChdDSUhNMG9nS0VJQ0FnSURPbWRyVThnRRAB,Ruby Lib,4,"I had breakfast and dinner at this restaurant while staying in the hotel. Very crowded. The breakfast was excellent, with a variety of foods and desserts. The dinner was an international buffet, it was quite simple, the food was low quality ingredients when compared to the expensive price. Drinking water and other beverages were not included in the buffet. The staff had good service but so difficult to call them. Credit card was acceptable. On top with vat and service charge."
Ci9DQUlRQUNvZENodHljRjlvT2tsQ2FGWTFjVU5wUjNKeUxVeGlOSEZaYm5CdU1IYxAB,Mark Lee,5,"Delicious,  great setting on the terrace where we ate. They have inside dining in air conditioning"
Ci9DQUlRQUNvZENodHljRjlvT2xvMk1qUnJWRzFhVEVSWlFYZDBSaTFaU1VaR1VtYxAB,Piti Wang.,5,We had the good time here. Also thank you K Sai for the great service mind.
ChZDSUhNMG9nS0VJQ0FnSUR5aC1HR1hnEAE,Weerasu Thanadechakul,5,"Had the opportunity to have a buffet dinner at the restaurant  Which are included in the promotion of the hotel  The food is available in many countries.  All dishes are delicious.  If not eating spicy  Can notify employees  Staff excellent service  The dining room, the day of service, is not too many people.  Because it is a normal day  And in the covid-19 range"
ChdDSUhNMG9nS0VJQ0FnSUR1OTlYWm5BRRAB,Anchii ATK,4,"Breakfast

สถานที่: มีทั้งแบบ indoor และ outdoor นั่งสบาย มีโต๊ะค่อนข้างเยอะ ไม่แออัดกันมาก ถ้า outdoor จะได้นั่งชมวิวริมน้ำ ส่วน indoor ก็จะอยู่ใกล้กับไลน์บุฟเฟ่

อาหาร: มีให้เลือกหลากหลาย แบบนานาชาติ มีทั้งไทย อินเดีย อเมริกัน วัตถุดิบที่ใช้สดใหม่สะอาด มีให้เลือกเยอะ ส่วนตัวชอบเบเกอรี่ มีให้เลือกเยอะดีและอร่อยมากด้วย มีน้ำผลไม้ให้เลือกเยอะมาก รวมถึงน้ำสกัดใส่ขวด ดีมากก

บริการ: พนักงานต้อนรับดีมากให้ความช่วยเหลือดี"
Ci9DQUlRQUNvZENodHljRjlvT2poSWFIbERUVXgxYzFCNU0yWndiRzU2YVVSQmMxRRAB,Siri Sook,4,บุฟเฟ่ต์มื้อเย็น หลากหลายเมนู บรรยากาศดี
ChZDSUhNMG9nS0VJQ0FnSUNjbjZYVFhBEAE,Charlie,5,My most favourite dinner buffet in Bangkok. The best! All foods are from good to excellent. The desserts won't let you down. Must try the ice cream. They got different themes from Monday to Sunday. I recommend the seafood night.
ChZDSUhNMG9nS0VJQ0FnSURydktEN0l3EAE,Younghwan Lim,1,"Not much seafood on the weekdays dinner.
They really should’ve informed that the menus on weekends and weekdays are different!
We were 8 people and i ordered 3 prawns per each person so in total 24 pieces but then they served 6 prawns. But i couldn’t be bothered to say anything. This hotel buffet has high price with cheap budget-saving attitude. Why don’t we go to normal restaurant instead of this expensive buffet.
Also you have to choose hot outside seats without air-conditioner or inside seats without view."
ChdDSUhNMG9nS0VJQ0FnSUR5cnQ3X3Z3RRAB,Geordie boy lost in Asia,4,"Good selection of high quality food. Starters where easily my favourite. Some good offers on at the moment. Various wines at 750++ Baht is great. Ended up eating far too much, but that's the danger of a buffet. Only one comment, staff are friendly and polite but you may need to ask several times for the same thing....But for sure its a great location and worth a visit"
ChZDSUhNMG9nS0VJQ0FnSUNlb091NE13EAE,Pia Suwannalert,4,"We wanted to visit Mei Jiang for lunch, but it was temporarily closed (only available as a Chef's table for dinner). So, we had Dim sum brunch instead. We loved crispy pork belly and deep-fried BBQ pork puffs. Highly recommend to try their dessert (chilled sago and pomelo in Mango cream), loved it."
ChdDSUhNMG9nS0VJQ0FnSUNwNDlTMjVBRRAB,Happy Happy,5,"Excellent services and food. Good quality buffet . If you book the buffet through EATIGO apps , you will get 30 to 50 % discount . The hotel provides ferry pick up from three pier such as Sathorn ."
ChdDSUhNMG9nS0VJQ0FnSURfdnIyQTR3RRAB,Jo Kiattiphoom,5,อาหารหลากหลาย  อร่อยมาก มีทั้งซีฟูต ของคาวเยอะดี และของหวานคือใหญ่เท่าห้องห้องนึงเลย รสชาติแต่ละอย่างก็อร่อย บรรยากาศริมน้ำเริดที่สุดแล้ว ชอบเนื้อน่างมากๆ และไอศครีมก็อร่อยมากๆ แนะนำให้ไปสักทุ่มนึงจะเห็นแม่น้ำตึกเิดไฟสวยมาก
Ci9DQUlRQUNvZENodHljRjlvT2t3ek4xaG9hWGRJYUdRMVNIRlFNa1ZVYWxaalIzYxAB,Arthur Khan,5,"We go for the night buffet on special occasions, it's always really good.

I think they hired a new pastry chef cause all the pastries and cakes were 10/10"
ChZDSUhNMG9nS0VJQ0FnSUNPdXItbmVREAE,Thanthip Trisurat EVE,5,"If you find a nice luxury eatery, it’s here.
There’s various international food and cute desserts moreover we had kindly service and polite with all staffs👏
We had a complimentary cake for anniversary birthday which is great taste ✨🙏"
ChdDSUhNMG9nS0VJQ0FnSUN5cTRmLTJBRRAB,Bartosz Brozek,3,"Pretty decent weekend buffet dinner with plenty to chose from, yet It was better in the past (no canadian lobster available this time). Emphasis is on seafood, selection is very decent, food quality varies, there’s meat too, but of rather average quality. Sections needed improvement are cheese and fruits, it’s just subpar compared to similar venues. Desserts were great though.
As it comes to breakfast, it was underwhelming, very first time in our lives we had to queue for a breakfast and it took us about 20 minutes. It was mind boggling, how poorly it was managed. Food quality was ok, but waiting for lots of missing items was again a painful experience."
ChZDSUhNMG9nS0VJQ0FnSURuNmVqelFnEAE,Peratham Wiriyathammabhum,5,"อร่อยดี คูปอง line shopping อย่างคุ้มครับ

Edit 14 Oct 24: promotion eatigo ถูกกว่า คราวหลังซื้อ eatigo"
ChdDSUhNMG9nS0VJQ0FnSURKcloyXy13RRAB,c l s,4,"We spent three days here and had a lot of breakfast choices.
He said that the taste can be adjusted and there is still a lot of room for improvement."
Ci9DQUlRQUNvZENodHljRjlvT25WbU4wTm5MVWN0Y2pkTVNUVk1SVTlxYWxKeWFHYxAB,Junior JR,5,อาหาร ทะเลสดมาก ปูอลาสก้า กินได้ไม่อั้น หอยเชลล์ เเละ กุ้งเผา ดีมาก ฟัวการที่ เเถมมา คือดีมากๆ
ChZDSUhNMG9nS0VJQ0FnSUNUbzR5d1JnEAE,Julien Vernet,5,"We really enjoyed the buffet, especially the oysters, Wagyu beef, and all the selection of desserts. The ice creams are delicious. We sat outside to enjoy the river view."
ChdDSUhNMG9nS0VJQ0FnSURObzZEcy13RRAB,Kiyah D,5,"Spent my birthday here and so glad I did. I had the most wonderful day lunching by the Chao Praya river. The ambiance and the food was amazing. The staff were ever so attentive and cognizant of my dietary restrictions. With that said, the menu is very extensive with many gf options to choose from, even gf pasta which is hard to come by here in BKK. I loved every moment of it and will definitely go back to enjoy the food and river view again.  The Mandarin Oriental never disappoints.. Beautiful. ⭐⭐⭐⭐⭐"
ChdDSUhNMG9nS0VNZWdwYUwtNWNfVnhRRRAB,J,3,"Great place for buffet however extremely deceived by the information. I went there on 14/06. No one was available to provide sashimi, no crabs as references.
Food is of great quality, it would have been a good 5/5 with proper informations and management."
Ci9DQUlRQUNvZENodHljRjlvT2xWaFIzVldXVlJsYkhWbmNIVnNUSEp4TUdKVlJsRRAB,Suphat Kosolsirisukkul,5,เป็นมื้อค่ำที่ดี กุ้งเผา หอยเซล ไม่อั้น และ อาหารอื่นๆอีกมากมาย บรรยากาศดี ริมน้ำลมเย็น  คุ้มค่า
ChdDSUhNMG9nS0VJQ0FnSUMtMTlmSjh3RRAB,青木実,5,Visited with my wife and enjoyed relaxing time and nice view. Recommended for those who want to escape from noise in town. We'll come back for sure.
ChZDSUhNMG9nS0VJQ0FnTUNJbEthZ0RnEAE,CA Cloete,1,"I don't understand what happened to our bill... we were supposed to get the 50% discount, but afterward, the entire bill totaled over 4000 Bhat. That's crazy - the food is mediocre at best. If I'm paying 4000 Bhat, it should at least taste the price tag. Also, why did your staff tell us ""one drink is included in the buffet"" when it wasn't at the end? Update your website and work on your communication. If you don't want people to have a 50% off buffet, then that's fair. But don't trick people into coming to your ""50% off buffet"" and then hit them with a bill that doesn't quite reflect that.

Update your website and your adds and please work on your communication with clients so that we know what we sign up for."
ChZDSUhNMG9nS0VJQ0FnSUNmdDRlMFJBEAE,Marilyn Ari-Rod,5,One of our favorite places in Thailand ! The service here is phenomenal! Everyone is so nice ! We celebrated NYE here and it was just amazing ! Highly recommend to everyone!
ChZDSUhNMG9nS0VJQ0FnTUNvdTdLR0l3EAE,Lalita Sriploy,1,"The quality has significantly declined recently. I used to enjoy the dinner buffet here quite often, but my last visit during Songkran was very disappointing. For example, the grilled prawns were not fresh at all—the texture was mushy. The oysters were very small. Most importantly, I ended up with food poisoning that night and vomited four times. Sadly, I don’t think I’ll be coming back."
ChdDSUhNMG9nS0VJQ0FnSUQ5bVAtVzZ3RRAB,saranporn poothong,5,"I had an outstanding experience here. The service was impeccable, the food was fantastic, and the atmosphere was also perfect. Thank you for the surprise cake that made our day memorable."
ChdDSUhNMG9nS0VJQ0FnSUNJbTd1Tmp3RRAB,GEDC Germany Education Center,3,คือบรรยากาศดี แต่อาหารไม่ค่อยสมราคาเท่าไหร่ แถมมีอาหารบางอย่างไม่พอให้ลูกค้าอีกต่างหาก ถ้าช้าก็อด ราคา buffet นี้ไม่รวมเครื่องดื่ม จะสั่งอะไรที ชะเง้อหา พนง จนคอยาว กว่าจะได้สั่ง ส่วนเรือรับส่งของโรงแรมนี่ แว๊น ได้อีก ซิ่งมาก 555
ChZDSUhNMG9nS0VJQ0FnSURucDRxYWZnEAE,Pisitkhun Siwaphituk,5,คุ้มมากครับ บริการดี อาหารอร่อยหลากหลาย คุณภาพดีมาก
ChdDSUhNMG9nS0VJQ0FnSURudnNqUTBRRRAB,Jay Poon,5,"What a wonderful dinner with great staff and great atmosphere, good food !! A bit of rain but they were prepared in advance"
ChdDSUhNMG9nS0VJQ0FnSURWM19IUjdnRRAB,Robert Blackwell,5,"In short, the evening was magnificent. Although I have dined at the Peninsula a few times over the years, I had the distinct impression that last night was the very best experience. The service was delightful and flawless. The food itself was far better than most buffets in Bangkok (I'm a long-time resident). Everyone had a perfect attitude, especially the Australian chef who could not have been more sociable and skilled.

We spent three hours at the Peninsula last night, which I know that we will never forget.

Keep it up, especially the decision to offer maybe less than other buffets but at a much higher quality. I, for one, am not impressed by an overabundance of food; what would make me return is the quality of what is on offer and in that respect they are doing a first-class job."
ChdDSUhNMG9nS0VJQ0FnSURieXBQN19BRRAB,C C,4,"Breakfast - good selection of food, love the free flow unlimited fresh mangoes.

Dinner buffet
- water is not included, you need to separately order and pay for it (while one pot of hot tea  is complementary).  This is so different from other buffets I have been to.

- The food selection is OK (not particularly great). Grill prawns are good

- check Eatigo for discounts"
Ci9DQUlRQUNvZENodHljRjlvT2tkb1NqUkpkbnBMZG1NemJYVTJiR2d3UldKR1VFRRAB,Jason M,5,"We stayed across the street from the Peninsula, and walked over to the cafe,  enjoyed our breakfast. Beautiful property. Service staff were wonderful."
ChZDSUhNMG9nS0VJQ0FnSUNVbU03ZmFBEAE,Supawit Chirayukool,5,"The food is fresh, the service is magnificent, and with the eatigo app, you could get the best price for this hidden gem buffet while enjoying the famous Thai river views."
ChZDSUhNMG9nS0VJQ0FnSUNsakl2a1ZREAE,Tugay Plor,5,"The location is very nice. Perfect for dates or just a chill time with friends.

We celebrated a friend’s birthday dinner here. Their service is spectacular. Everyone is friendly and accommodating. The food is also good. Lots of Spanish food choices when we visited (Friday night). I loved the buttered chicken and the lamb. Steak was also good, but I preferred to have it freshly cooked and with gravy.

I think, in addition to the beautifully riverside location, the best part of the experience is the dessert. Their choices are just scrumptious. I particularly loved the cheese cake and the chocolate tart. Their flan is also fantastic.

We stayed there until late, the staff was very gracious.

They also have a shuttle boat to send you across the river if you are taking the train."
ChZDSUhNMG9nS0VJQ0FnSUNEODduMVV3EAE,NiShan He,5,"A very nice night, thank you to the hotel for the surprise. The service is very attentive."
ChdDSUhNMG9nS0VJQ0FnSUR6cktmNDNRRRAB,W. M.,2,บรรยากาศดี อาหารไม่หลากหลาย รสชาติทั่วไป
ChZDSUhNMG9nS0VJQ0FnTUNJejRDcldnEAE,Abi Little,1,"Be very cautious. This place offers you a large discount and claims the buffet is $20 and that everything is included, but this isn't true. Actually, very little is included. Make sure you check everything. Otherwise, you will end up paying over $100 easily. The staff are also quite direct/ borderline rude. Please  be cautious."
Ci9DQUlRQUNvZENodHljRjlvT2poV1l5MWtTREJGVEV0elRESXdjRzVmTkV0YVdFRRAB,Chakkrit Srikaewin,5,โดยรวมดีทุกอย่าง อาหารสด อร่อย การบริการดีเยี่ยม 🙏
ChZDSUhNMG9nS0VJQ0FnSUR2bW9IRk9BEAE,Akarawin Tweekittikul,4,กลางคืน บรรยากาศริมน้ำดีมาก
ChZDSUhNMG9nS0VJQ0FnSUNEMEtuYkl3EAE,Paul Twiss,5,"A stunning restaurant set right on the Chao Praya river and part of the legendary Peninsular Hotel property. We had the evening buffet and the food was absolutely superb with a wide choice of dishes including seafood, sushi, sashimi salads, meat joints, pasta, thai dishes, cheeses and desserts. Everything was faultless and the service, as you would expect of auch a venerable establishment, is absolutely impeccable. There was some lovely msic from a lady who played guitar and had a great voice which added to the ambience. Highly highly recommended !"
ChdDSUhNMG9nS0VJQ0FnSUNRenZPcHRRRRAB,Felix Otto,5,Had a great lunch with my wife today. Great relaxed environment with fantastic food and service. Prime location directly by the river. Reasonably priced. Perfect spot for lunch.
ChdDSUhNMG9nS0VJQ0FnSUNabVlDR2hBRRAB,J Sohn,5,"Loved this place! Initially hesitated whether to visit here because of quite a number of negative reviews on Google Map, but had dinner using the Eatigo 50% discount. I ordered roasted wagyu steak, scallop and shrimp as well as hot americano, but there was no extra charge. I had to order still water with extra charge but the cheapest option was only around 80 Baht so very reasonable. Staffs were also all very attentive and kind -- maybe it was a couple staffs on certain days that made some reviewers here unhappy. I also enjoyed the way back to my hotel taking the complimentary cross-river boat offered by the hotel. I will definitely visit again if I come to Bang Kok later and recommend to my friends."
ChZDSUhNMG9nS0VJQ0FnSUM5aC1UTGVREAE,Chattan Kunjara Na Ayudhya,5,"River Cafe and Terrace at the Peninsula Bangkok must be one of the most charming riverside restaurants in the entire city. The varied menu features a number of mouthwatering salads, sandwiches and burgers, as well as pasta and pizza. There are also several classic Thai dishes and meaty mains like tenderloin steak and rack of lamb. My smoked salmon flatbread was divine, with fresh salmon atop a delicious, fluffy bread and cream. There was something relaxing about eating well-cooked comfort foods while watching boats ply the Chao Phraya River just meters away. The staff was uniformly lovely and extra helpful. It wasn’t my first time there and it won’t be the last."
ChdDSUhNMG9nS0VJQ0FnSUNvN2NpdmpnRRAB,Raad Hossain,5,Nice selection of food. Great cocktails. Lovely ambiance and the service is incredible.
ChZDSUhNMG9nS0VPYUI0cW5ZbDZhbVBBEAE,Paul Smith,5,"This is simply the best dinner buffet in Bangkok. Excellent selection, excellent quality and with Eatigo discounts excellent price."
ChZDSUhNMG9nS0VJQ0FnSUREa05hN053EAE,Ricardo To,1,"One of our travel companions has experienced symptoms of severe food poisoning after dining at the place.  There is severe vomiting frequently for a period of time and we had to visit a doctor and got a confirmed diagnosis.  We informed the hotel immediately about our situation right when the episodes happened and described more on our situation the next morning.
While the hotel promised to look into the matter and get back to us on their investigation result via email within 1 day or or 2, there still has not been any formal response from the hotel at all even until now.  There is also no explanation or solution of any kind offered by the establishment.  This is rather unacceptable for not responding to customers after making a promise.  Very disappointed, both in terms of the food as well as their customer services."
ChdDSUhNMG9nS0VJQ0FnSURpaVoyRWhBRRAB,T T,3,"The restaurant is located by the river with great ambiance perfect for family or date or nice occasions. The service was also good.

The decent range of food variety. The seafood was not fresh. I tried more than once I expected better from 5 star hotel standard. The lobster crab, prawns ain't the best. It was quite a disappointment in term of seafood."
ChdDSUhNMG9nS0VJQ0FnSURRMHYyYTZnRRAB,Dave Lusby,2,"Waiter completely forgot my drink, which should not happen at this price point.  They also brought my partner the wrong wine.  They apologized, but no accountability and they didn't even offer the drink that they finally brought after I had already eaten.  Then they put 10% service charge on the entire bill even though it's a buffet and they couldn't even serve our drinks right.
Peeled tiger shrimp were good, but they had mostly unpeeled tiger shrimp in the same container which were considerably smaller and not as good.  Beautiful view of the river, but inconsistent quality and poor service."
ChZDSUhNMG9nS0VJQ0FnSURlczR6a0VBEAE,James Lane,4,"River Prawn Buffet night (Friday)
- great ambiance
- great selection of hot foods
- the grilled prawns (OK), scallops (disappointing), and steak (Great) was cooked to order. One sub-standard scallop (on the shell) was the size of my pinkie finger-nail. 3 types of delicious steak.
- great selection of fresh fruit and desserts.
- delicious cheese but only 2 varieties and not enough cracker selection
- Best.. sea bass and steak"
ChdDSUhNMG9nS0VJQ0FnSURJMk5uemlnRRAB,Eswiss64,4,"We had a nice dinner at this restaurant, be part of the outlets in The Peninsula Hotel Bangkok. One is seated outdoor overlooking the river and enjoy the buffet dinner on offer for that night. We had booked for the French night. Service exceptional, whereas food is with mixed feelings. Part is excellent, part not so. On the other hand, a great place to have an romantic dinner."
ChZDSUhNMG9nS0VJQ0FnSUNzajhYd053EAE,jeff kovatch,5,"We had the best brunch ever here.  Was with five guys, all well traveled.  Several that lived in Vegas.  This is better then the Wynn and Bellagio buffet!  It’s that good.  The Sushi is amazing.  Duck, fantastic.  The Lobster claws and tails first rate and unlimited.  They have a singer and pianist!  Imagine?  World class desserts too.  The sticky rice was to die for.  Chairs very comfortable (which is important for long meals).  Service was exemplary.  I couldn’t believe how many employees they have.  The only negative is they charge for juice.  Odd?  Look at my pictures, it’s that good."
Ci9DQUlRQUNvZENodHljRjlvT25kRWNrUkVYek50U0ZVM1ZFVTJOWEJPWlVVMmNtYxAB,Gael Cote,5,"This is the best experience I have ever had, the cuisine was exceptional, service is very good"
ChZDSUhNMG9nS0VJQ0FnSURnZ05PUUhREAE,N N,5,Everything was great. Except I found spider web and tiny spider at one of the food station.
ChdDSUhNMG9nS0VJQ0FnSURKLXE3MHRRRRAB,john james,1,"Food so bad in 14 years never eat this bad.
Can’t believe reviews on here trust me not good we had discount on eat I go app. And still 3600 baht for 2 people .
Staff ok when I complained I couldn’t believe did not get any offer this is why I have to leave a true review. No offer just oh that was it . Jesus 3600 baht gone still hungry even the coconut smoothie was water down with milk only worst coconut smoothie  in the world . 5 star lol how I don’t know !
My dog would of not even had his dinner in here"
ChZDSUhNMG9nS0VJQ0FnSUM0OGVfRUp3EAE,Youngsook Love,3,The dinner was great but disappointed with the dessert. 5 stars hotel in Thailand normally they have great dessert but not here.
ChZDSUhNMG9nS0VJQ0FnSUQwdHBxYkNREAE,CCCH,5,"Simply excellent.
The French themed buffet dinner offered a wide range of mains and several choices of made-to-order grills.
The cheese selection was remarkable.
Desserts were just magnificent.
Be adviced, bev were costly but they had soft drinks free flow on the menu"
ChdDSUhNMG9nS0VJQ0FnSUNKcko2TTVRRRAB,D C,5,"Everything is perfect and world class, worth the name to be one of the best traditional five star hotels. Staff team is so friendly and helpful especially Tongkao who is extremely knowledgeable in his services!

Can’t wait to come back again."
ChZDSUhNMG9nS0VJQ0FnSURBc19XeFZBEAE,Reco O,4,"Stunning view, pricey menu.

Our servers were kind, but seemed a little disorganized. I ordered some lamb rack but it never showed up, and we were only a party of 2. The buffet selection wasn’t much but had some quality imports, there is room for improvements so hope they do better on our next visit.

For now, this seems to be a great place for drinks."
ChdDSUhNMG9nS0VJQ0FnSURrNWQtQ2x3RRAB,wallapa d.,5,"Impressive international buffet for dinner time. Special food themes vary daily; Italian, Asian, Seafood, Butcher day, South American, French, and Family day on Sunday. Food lines and choices are interesting and come with more options. Food tag available with food name and type  that also include the special icon such as pork, healthy food, contains nut, etc. which I think it's helpful. Indoor and outdoor tables with river view. Calm and nice atmosphere at riverside together with friendly and warm welcomed staffs (can be said ""everyone""). Truly impressive service and worth a visit. Happy and yummy meal."
ChdDSUhNMG9nS0VJQ0FnSUN1X3JHV3VnRRAB,Nithi Chee.,4,Fresh food. Wine not bad. Good for over all.
ChdDSUhNMG9nS0VJQ0FnSURPb3JXbDJ3RRAB,Johan Linde,4,"A nice ambiance on lovely grounds of The Peninsula, the brunch was good, not great…but the service was impeccable!"
ChdDSUhNMG9nS0VJQ0FnTURJMElDd3FRRRAB,Vincenzo Dubla,5,"Best buffet in town.
Great food choices and spectacular location riverside.
The service is excellent."
ChdDSUhNMG9nS0VJQ0FnTUNJaE5uam1RRRAB,Peter Hugentobler,5,One of the best buffet dinners in Bangkok. Beautiful terrace directly at the river.
ChdDSUhNMG9nS0VJQ0FnSUM0NTh1OXdBRRAB,Katsuma Tokitsu,5,"Stopped by for a quick lunch.
River side restaurant at The Peninsula hotel. There are outdoor tables as well as indoor ones with air-conditioning, and I sat indoor.
Ordered a burger called The Peninsula Burger which has juicy wagyu beef patty and good portioned foie gras.
Tasty, and I will comeback for this burger.

A la carte menu includes some Thai dishes like chicken satay, pad Thai, etc...."
ChdDSUhNMG9nS0VJQ0FnSURCOXBuLXlnRRAB,Philippe L.,5,"Having breakfast at the river café it's very pleasant, excellent team and good choice for  the hot and cold drinks, including incredible juice combinations.  a big thank  to the manager, Mr S."
ChdDSUhNMG9nS0VJQ0FnSURReF95dzhRRRAB,Barry Evan Blank,5,"Great food, Great service we had a seafood platter Totally Amazing 12 huge shrimp, 12  raw oysters, 12 oversized mussels, King Crab legs, 12 Prawns, 1 whole lobster,  and 12 clams steamed. Oh wow. Not to mention an amazing breakfast buffet and very friendly and helpful staff"
ChdDSUhNMG9nS0VJQ0FnSURCLXJ5YXVnRRAB,François NINO,5,"Nothing, absolutely nothing can suffer bad comments.

We had a so great meal, with so many delicious things for us to try.

The only regret we had is to don't have a belly big enough to try all."
ChdDSUhNMG9nS0VJQ0FnSUNNbV9mTzBBRRAB,Norika,4,"The varieties of foods, amazing service, and nice view."
ChdDSUhNMG9nS0VJQ0FnSURvcC11WGpRRRAB,James,5,"Here for breakfast, which was amazing. Excellent choice from the buffet. Fruits, eggs, bacon, breads, cheeses, lunch meats, muffins and more. Also excellent service."
ChdDSUhNMG9nS0VJQ0FnTUNJLUp2QnVnRRAB,Kamonsak Tongsiri,5,อาหารอร่อยมากกกก บรรยากาศดี พนักงานน่ารัก
ChdDSUhNMG9nS0VJQ0FnSURVd2NmS3lRRRAB,Sam Chan,3,The stars due to limited selection of food for buffet style service. The staff are helpful and friendly. One can find by the river or indoor with air conditioning.
ChZDSUhNMG9nS0VJQ0FnSUNoeHNISlN3EAE,Archira Chartsiri,5,"Excellence food, service, and atmosphere."
Ci9DQUlRQUNvZENodHljRjlvT2kxSGIwOU9hbGR3YWkxVVpsVlZjMUkyYkVsWVdsRRAB,049 Yubb,1,"ครั้งนี้เป็นการมาทานที่นี่เป็นครั้งแรก เราเลือกเซ็ต 649 บาท ก่อนเข้ามาพนักงานได้แจ้งไว้แล้วว่าลูกค้าเยอะ ออเดอร์พวกเนื้อและซีฟู้ดอาจจะใช้เวลานาน เราก็เข้าใจและโอเค เพราะคิดว่าสามารถเดินตักเมนูหมูหรือเมนูอื่น ๆ มารอได้

เราเข้าไปที่ร้าน 19:16 น. และเริ่มสั่งเมนูที่อยากทาน เช่น เนื้อและซีฟู้ด ปรากฏว่าเราได้ออเดอร์แรกคือเนื้อ มาถึงโต๊ะตอน 20:14 น. (รอประมาณ 1 ชั่วโมง) ส่วนเมนูกุ้งดอง ปูดองได้ประมาณ 19:51 น. ซึ่งถือว่ารอนานพอสมควร สำหรับเรื่องคุณภาพ รู้สึกว่าซีฟู้ดบางเมนูไม่ได้ตรงกับความคาดหวังเท่าไร สิ่งที่ทานแล้วโอเคที่สุดสำหรับเราคือหอยนางรม

หลังจากนั้นจึงไม่ได้สั่งอะไรเพิ่ม เพราะรู้สึกว่ารอค่อนข้างนาน เลยลองสั่งของหวาน (บิงซู) มาทานแทน แต่ก็บริการช้าประมาณ 30 นาทีเช่นกัน ทำให้เราตัดสินใจกลับก่อน

โดยรวมในวันที่ไป ลูกค้าค่อนข้างแน่น พนักงานดูเหมือนจะไม่เพียงพอกับจำนวนโต๊ะที่มี จึงอาจเป็นสาเหตุหลักที่ทำให้การรอค่อนข้างนาน สำหรับเราแล้ว รู้สึกว่าอาจจะไม่เหมาะกับช่วงเวลาที่คนเยอะ ๆ

ทั้งหมดนี้เป็น ประสบการณ์ส่วนตัว ของการมาทานครั้งแรก อาจจะไม่เหมือนกับท่านอื่น ๆ ที่เคยมาทานค่ะ 🙂"
Ci9DQUlRQUNvZENodHljRjlvT2xRelVsWXdlRmhpV21NMU5FeE9PR3RRUmpaelNIYxAB,Palty Wan,5,"มาทานเป็นรอบที่2
อร่อยค่ะ เลือกทานแบบ 329 เดินหยิบได้ตามสบาย
ชอบกิมจิที่นี้ไม่เปรี้ยวเกินไป เข้มข้น อาหารทานเล่นก็หลากหลาย พนักงานขยันเปลี่ยนตะแกรงมาก เรานั่งทาน1ชม น่าจะเปลี่ยนไป6รอบได้ ใส่ใจสุดๆ"
Ci9DQUlRQUNvZENodHljRjlvT2xKSk4xWmhZVTVsZUhsaVNYTXlOWGhzZUdoZmMzYxAB,Tuang H.,5,ร้านกว้างขวางสะอาดตา มี 3 ราคาให้เลือก(349+/499+/699+) ของคอยเติมตลอด ที่พนักงานคอยช่วยเหลือดีมากค่ะ โดยรวมแถวเมนูหลากหลายค่ะมาซ้ำแน่นอน เรามาช่วงร้านเพิ่งเปิด ก็เลยสบายๆหน่อย🤭😇
Ci9DQUlRQUNvZENodHljRjlvT2paeVMyWnVRVGhDT0RONWREZFNSWFJqZVVob1pGRRAB,zxtremedemon,5,"Food: 46.5/50. It’s good, with some options like the chicken and shrimp being phenomenal. Others are just okay.

Service: it’s actually pretty good for a buffet, 18/20. They clear plates within 1 minute and occasionally change the grill.

Atmosphere: it’s a bit dirty and uncomfortably hot. Eating should not feel like a sauna. The attached image shows the ac being set to 30, which is absolutely unacceptable. 16/20 at least it has some nice music

Value: 9.5/10, about 300 to 600 baht per person (300 recommended as the cheaper options taste much better and the beef is mid)

Total 90/100"
Ci9DQUlRQUNvZENodHljRjlvT2t3MGFtTXhPR0phVjAwd05sOTFOVE5GYVRGSmFFRRAB,Jah KS,5,ร้านบริการดี อาหารอร่อย คุ้มค่า ราคาเป็นกันเองสุดๆ ที่สำคัญมีที่จอดรถกว้างขวางมากๆเลยค่ะ ปกติไม่ค่อยชอบกินปิ้งย่างเกาหลีเลยแต่นี่มา 2 รอบแล้วภายใน 1 เดือน😍
Ci9DQUlRQUNvZENodHljRjlvT2xrMk5tOVlWbTg1VW5KdVRtdDZabkI0TkdwcFNrRRAB,Unchana Chittasopawadee,5,อาหารคุณภาพดีมากราคาจับต้องได้ไม่จำกัดเวลา ของอร่อยทุกอย่าง
Ci9DQUlRQUNvZENodHljRjlvT2w5TFQycFdkRTlKWldKbmRHdzBPV2N0T0d0RFQzYxAB,Pitakchai Thosadorn,5,"ร้านบุฟเฟต์ปิ้งย่างเกาหลี มี 2 ราคาด้วยกัน คือ Premium 599.- บาท และ Special 499.- ขอแตกต่างคือเมนูอาหารที่สามารถเลือกได้มากกว่าและหลากหลายกว่า ส่วนบัฟเฟใช้ที่เดียวกัน

เนื้อสัตว์ย่าง มีให้เลือกหลากหลายมาก มีเนื้อ หมู หมูสไลด์ ไก่ น้ำจิ้ม มีให้เลือกหลากหลายดี ตามภาพเลยครับ

ส่วนอาหารในไลบัฟเฟ่ต์ มีความหลากหลายดี ต้ม ผัด แกง ทอด มากมายดี

เครื่องดื่มมีเครื่องที่ soft drink แบบเติมไม่อั้น  ขนมหวานมีบิงซู ให้เลือกหลายอย่าง มีผลไม้ในไลน์บัฟเฟ่ต์อีกด้วย

ร้านสะอาด มีบริการเปลี่ยนกะทะ แบบไม่มีค่าบริการ มีที่นั่งมากมาย มีที่จอดรถสะดวกดีครับ"
Ci9DQUlRQUNvZENodHljRjlvT2xKTlNHTTVOMHhrY0dsWWNqVlZOMmxvTlV0QmNVRRAB,Mii Blue,5,"เราเลือก Buffet 599+ เป็นร้านบุฟเฟต์ไม่จำกัดเวลา ดีมากๆ นั่งทานได้เรื่อยๆชิลๆค่อยๆสั่ง (ทาน 2 คน รวม 1,298฿)
เราชอบปูม้าดองซีอิ๊ว กุ้งดองซีอิ๊ว อร่อยจริง หอยนางรมเกาหลีก็ดี ไส้วัวใหญ่หมักซอสเผ็ด ลิ้นวัว เนื้อAngus ดีมากๆ ต้องลองๆ มีกุ้งแม่น้ำผ่ากลางด้วยตัวไม่ใหญ่มาก แต่สด เนื้อกุ้งเด้งๆ ต้องสั่งๆ
น้องๆพนักงานและเจ้าของร้านบริการดีมาก สุภาพ น่ารักเอาใจใส่ดีมาก ลูกค้าค่อนข้างเยอะพนักงานก็บริการทั่วถึง ช่วยเปลี่ยนตะแกรงย่าง แนะนำการย่างเนื้อให้อร่อย"
Ci9DQUlRQUNvZENodHljRjlvT2w4eVVtUkhWemhXU1VwVVkzZE1lamxGY0RkWVJsRRAB,Chutikarn Kwannak,5,เมนูเยอะมาก เครื่องจิ้มเยอะมาก อาหารอร่อยทุกอย่าง มีเครื่องเคียงเยอะ มีใบงาด้วย มีอาหารเกาหลีหลายอย่าง มีเมนูเนื้อและซีฟู๊ด แซวม่อนดองก็มี มี 3 ราคา แต่ละราคาคุ้มมากๆ มีเพลง+จอทีวีให้ดู ติ่งฟินมากกก🥰
Ci9DQUlRQUNvZENodHljRjlvT2xkTWVUbFpZVTVHV1RseVkwUmZia2x5ZHpCbVpYYxAB,Alitsa June,5,"มากินค่อนข้างบ่อย รสชาติดี
อาหารคุณภาพดี
เจ้าของเป็นคนเกาหลี
มีสาขาที่อุดมสุขด้วย (สาขานี้ลูกชายหล่อยอกต่อนะ^^"
Ci9DQUlRQUNvZENodHljRjlvT21WVmQzZ3plRWwwVW1ORFZ6UkJTMU5SV1d0a2VYYxAB,โอเด็ต รีวิว,5,เป็นบุฟเฟต์ปิ้งย่างเกาหลี ที่ไม่จำกัดเวลา ไลน์อาหารเยอะมาก กิมจิดีมาก หมู เนื้อ ซีฟู้ดมีครบ ที่นั่งกว้างสบาย แอร์เย็น มาแล้วประทับใจค่ะ
Ci9DQUlRQUNvZENodHljRjlvT2xOSFZIZEdYM2xCYzAwMlQwaG5TVkI2ZEd0SVVrRRAB,YUWANUN PORNNARUENART,5,อาหารหลากหลาย ราคาดี และบริการดีมาก พนง ใส่ใจคอยเช็คเตาเปลี่ยนเตาให้ตลอด
Ci9DQUlRQUNvZENodHljRjlvT2kxaFJHb3djV3haWTNOelQzSlVWbmRrTjE5cVpGRRAB,KS,5,อร่อย มาตอน 4 โมงวันเสาร์คนไม่แน่น พนักงานบริการดี ย่างให้ด้วย
Ci9DQUlRQUNvZENodHljRjlvT2pJNU5GQlpaWFpoY0d0bWNGQnRRbWxMWVd0Vk1YYxAB,Sawitree Thip-inprom,5,ฝนตก กินปิ้งย่าง เป็นอะไรที่เข้ากันมากๆ เหมาะกับการมาสรรสันต์กับเพื่อนๆสุดๆ บรรยากาศไม่อึดอัด โต๊ะเยอะมากๆ มีเพลงให้ฟังเพลินๆ แนะนำเลยค่ะ
Ci9DQUlRQUNvZENodHljRjlvT21scmFtVm9WVWxLYVdJd2EzaFRWMUZXWVV0bVZGRRAB,Nalunchala Naynae,5,อร่อยและคุ้มค่า ทะเลดองคือที่สุดชอบม๊ากกกก บอกเลยอร่อยทุกอย่าง
Ci9DQUlRQUNvZENodHljRjlvT2xBMFlWaDRNR1ZGZG5VNE5WTnVTRU5GVm01b01XYxAB,Parkwan P,5,อร่อยค่า ของมีหลากหลายให้เลือกกิน ต๊อกอร่อยมากกกกก เปลี่ยนเตาเร็วมาก
Ci9DQUlRQUNvZENodHljRjlvT2xSUmFITlBVRkpsUVc0dFNYUnlibHBIUTBKdU0xRRAB,Gp Pare,5,มากินร้านนี้เป็นครั้งที่ 3 ติดใจมาก อาหารอร่อย เนื้อหมู ไส้วัวก็อร่อย เครื่องเคียงเยอะ มีอาหารเกาหลีให้เลือกกินตามใจ ใครสายเกาหลี ที่นี้ตอบโจทย์ค่ะ มาง่าย ที่จอดรถเยอะ
Ci9DQUlRQUNvZENodHljRjlvT2s5cU9TMUxYMUZyWldoV05scGlVVlZFYURkdU1VRRAB,Phanpatsorn Sriprapat,5,อาหารดี คุ้มค่า ราคา มีทัวร์ลง แต่ไม่วุ่นวาย ทัวร์ร้านนี้ เหมือนร้านลูกค้าเยอะปกติ บุฟเฟต์เกาหลียกให้ร้านนี้เป็น นัมเบอร์วัน
Ci9DQUlRQUNvZENodHljRjlvT21oNFUzQnBieTFQVWw5b1VYbzJZalZrTmpSdGNuYxAB,Chaya Nat,4,อาหารหลากหลาย อาจเดินเอาของไกลหน่อย แต่หมูมีคุณภาพ 4/5 เหมาะกับคนชอบนั่งชิวๆ เพราะไม่จำกัดเวลา แอร์เย็นสบาย
Ci9DQUlRQUNvZENodHljRjlvT2s5TVRWODFWelZwY2taaFUyODJhbDh6ZUVKdWFsRRAB,My_pakjira,5,"มากินที่นี่ตั้งแต่ก่อนโควิด มากินทุกปีประมาณ 6-7 ปีแล้ว ร้านยังทำมาตรฐานดีเหมือนเดิม
-อาหารสดใหม่ หมู เนื้อ อาหารทะเล
-มีอาหารเกาหลีให้เลือกหลากหลาย
-น้ำ : โค้ก (ปกติ&ซีโร่) แฟนต้า(ส้ม&แดง) สไปร์ท พีช ชามะลิ น้ำเปล่า
-ราคาให้ 3 เรท 329, 499, 599 ฿ เอาจริงแค่ 329 ก็คุ้มแล้วกับไลน์อาหาร
-ไอติมอร่อยมาก
-เจ้าของดูแลดีมาก มีการมาแนะนำวิธีการกิน การจิ้มว่าควรจิ้มกับอะไรบ้าง
-สามารถซื้อน้ำจิ้ม กิมจิ ผัก กลับบ้านได้
-ถ้ามากินช่วงเที่ยงคนจะโล่ง ๆ

**เพิ่มเติม**
-อยากให้ร้านเพิ่ม สเลอปี้ สับปะรด,ชาไทย,...
-อยากให้ปรับปรุงเรื่องห้องน้ำให้ไฟสว่างและสะอาดมากขึ้น"
Ci9DQUlRQUNvZENodHljRjlvT25CdWNtOWZWQzFZYkRaTlpFVmFUamxKV1VZMFdIYxAB,Spike Maven,5,"ตอนแรกเห็นรีวิว 1 ดาวจะไม่มาแล้วครับ
แต่ร้านอยู่ไม่ไกลมาก เลยอยากลองด้วยตัวเอง
สรุปสั้นๆ นะครับ ""100/100 ไม่หัก"" ราคาดี มีที่จอด เนื้อวัวและหมู ดีมากๆ ที่สำคัญ หั่นหนาเต็มคำ

พนักงานบริการดีสุดๆ กระตือรือร้นมากๆ เราไม่ต้องพูดอะไรเลย เค้าคอยเดินมาดูแลเก็บถาด เปลี่ยนถ่าน ให้ตลอดๆ แบบมองตาก็รู้ใจ introvert มากินได้ สบาย55555

ผมเชื่อว่าคงเป็นเพราะทางร้านเห็นรีวิวที่ไม่ดี และนำไปปรับปรุงโดยไม่ได้มัวแก้ตัวเหมือนอีกหลายๆ ที่

กลับมาอีกเป็นประจำแน่นอนครับ วันนี้วันศุกร์ ผมมา 20:00 คนค่อนข้างน้อย มาอุดหนุนร้านดีๆ กันเยอะๆ นะครับบ"
Ci9DQUlRQUNvZENodHljRjlvT2xoTmVWbDJVMUpQWlVKSmJsaHZjRVpIVUZSSk1GRRAB,piyakul chiewchanthong,5,อร่อยมากกกกก อิ่ม คุ้ม ที่จอดรถกว้างมาก อยู่ริมถนน เลยโรงบาลบางนามานิดนึง ให้ชิดซ้ายใกล้ๆสะพานลอยเตรียมเลี้ยว เดี่ยวเลย
Ci9DQUlRQUNvZENodHljRjlvT2tvdGRERlNNMGx1WnpGcmFrOWFlR0pYVjNCS05sRRAB,อัยยาวี ตันติพิสิทธิ์,4,"อาหารอร่อย สดใหม่ มีรายการอาหารให้เลือกหลายรายการ พนักงานให้การบริการด้วย ความสุภาพเเละรวดเร็ว และที่ชอบมาก เตาปิ้งที่นี่จะเปลี่ยนตะแกรงให้บ่อยโดยไม่ต้องเรียกเลยนะคะ คือใส่ใจลูกค้าทุกโต๊ะ
มีที่จอดรถสะดวกสบาย ที่สำคัญไม่จำกัดเวลาด้วยนะคะ👍👍👍✌️✌️✌️"
Ci9DQUlRQUNvZENodHljRjlvT2pSWVZuaHZWRmszV0RVMmQzcGxVbVI0VXpZM1pIYxAB,The Investor,4,ไม่ได้มาหลายปีมีการจัดพื้นที่ใหม่ กระชับพื้นที่กว่าเดิม กลิ่นเหมือนเดิม รสชาดอหารยังเหมือนเดิม เป็นสิ่งมี่คุ้นเคยตั้งแต่เปิดร้านมา คิดเงินก่อนแล้วค่อยกินสร้างควาทรงจำที่ดี แชร์เล่นกิจกรรมก็ยังมี ถือว่าเป็นร้านที่สร้างความทรงจำได้ดี
Ci9DQUlRQUNvZENodHljRjlvT2xBMFNXTjVjMU5QVGxoSVJFeEJlbVJETkhCZldWRRAB,Oat Adithep,5,อาหารอร่อยแทบทุกอย่าง พนักงานบริการดี เปลี่ยนกระทะทุกครั้งที่เริ่มไหม้ ไม่ต้องเรียก เดินมาเอง อันนี้ดีมาก วัตถุดิบก็ดี ของกินเล่นเยอะ อร่อย
Ci9DQUlRQUNvZENodHljRjlvT2pKcGNtMTZVMVpEUzFsVVJFbHZSM2N0TVd0aWFHYxAB,T. suntharee519,4,อาหารทุกอย่างอร่อย น้ำจิ้มอร่อย ติดอยู่อย่างเดียวค่ะเสิร์ฟอาหารทะเลช้ามากๆๆ ตอนเข้าร้านมาลูกค้ายังไม่ค่อยเยอะเลย แต่เสิร์ฟค่อนข้างช้า
ChZDSUhNMG9nS0VMT1M5cXlDa3MtdkZBEAE,ตามสไตล์ JaiSabai,4,อาหารเกาหลีแบบบุปเฟต์ไม่แพงมาก อาหารหลากหลาย เนื้อย่างบาร์บีคิว ต๊อกบกกี ข้าวยำทำเอง และอื่นๆอีกมากมาย แต่ข้อควรระวังกิมจิ จะรสเปรี้ยวอมเผ็ด (คนท้องไม่แข็งแรงพอไม่แนะนำให้ทานเยอะ)  ส่วนเมนูเครื่องดื่ม จะเติมไม่อั้น (จะบวกราคาเพิ่มจากราคาอาหาร/คน)
ChZDSUhNMG9nS0VKcmt6NTdpdU82eUxREAE,Yaowanut,5,"อาหารเยอะดี ของสด เครื่องเคียง กับข้าว ผักสด
ของทอด ข้าวยำ ผลไม้  น้ำจิ้ม ผลไม้ ไอศกรีม
ของลงตลอด ไม่ขาดตอน ผักสดสะอาด
ผลไม้ สับปะรด แตงโม แคนตาลูป ฉ่ำ หวานมาก
มีคนเกาหลีคอยเดินดูความเรียบร้อย อาจจะเป็นเจ้าของ คอยเดินดูตามโต๊ะ มาช่วยสอนปิ้งหมู ช่วยตัด แนะนำขั้นตอนการกินให้ลูกค้า
พนักงานเปลี่ยนตะแกรงให้บ่อยมากกกก
ประทับใจในการบริการมากค่ะ
เสียอย่างเดียว ที่โต๊ะค่อนข้างร้อนค่ะ แอร์ไม่ลง แล้วนั่งติดหน้าต่างพอดี ช่วงบ่ายร้อนแดดมากค่ะ
มีม่านแล้วแต่ก็ยังร้อนค่ะ แต่โต๊ะข้าง ๆ เย็นอยู่นะคะ"
Ci9DQUlRQUNvZENodHljRjlvT20xeWNUQkRlVmh6VG5SUGJFRlJNbGhyVlhreGFWRRAB,Vverfon,5,อาหารอร่อย มีให้เลือกหลากหลาย ราคาเริ่มต้นไม่แพง
Ci9DQUlRQUNvZENodHljRjlvT200MGRWOTJTWGRXVVdsWVJtdHdSbEZrTW5Wd1RYYxAB,pp pp,5,อาหารเกาหลีอร่อยมาก เครื่องเคียงเยอะหลากหลาย เติมได้ตลอด เนื้อคุณภาพดี ชิ้นใหญ่ นุ่ม อร่อยสมราคา บรรยากาศร้านดี ร้านเปิดเพลงเกาหลีฟังเพลินๆ เหมาะกับมากับเพื่อนและครอบครัวค่ะ
Ci9DQUlRQUNvZENodHljRjlvT2pOMFRUVkRTekJ0V21SQ1ltWnlOM3BJVVcxNVNIYxAB,Jessy Kladkham,5,ฟิลดี เนื้อมีคุณภาพ อาหารอร่อย ร้านสะอาด น่านั่ง เพลงดี บริการจากพนักงานก็ดีค่ะ มีแนะนำวิธีการทานให้อร่อยด้วยน่ารักมากค่ะ😁😁🥰 …
Ci9DQUlRQUNvZENodHljRjlvT2xGaVNIaGtaRk00T0ZSWVNXeEdTVEU0VTNKeGMyYxAB,กิ่งกาญจน์ ภัติศิริ,5,อาหารมีหลากหลาย อร่อย บรรยากาศดี มีพนักงานคอยเปลี่ยนตะแกรงตลอด โดยรวมถือว่าดีมากค่ะ
Ci9DQUlRQUNvZENodHljRjlvT210Wk1qaGZaa1kxYVZRdGFFOTVUV2xPU1d3NVIwRRAB,NuTTy P.,5,อาหารอร่อย หลากหลายดีค่ะ ปริมาณต่อจานไม่เยอะ ทำให้กินได้หลายอย่าง ราคาถือว่าไม่แรงมาก พนักงานเดินเปลี่ยนตะแกรงให้บ่อยมาก ดีมากเลยค่ะ
Ci9DQUlRQUNvZENodHljRjlvT2tRd1dHVndMV1phYjJVeE5qZExiVlZyVm5nM1VHYxAB,Wisut Chonlatarn,5,"ไม่ได้มานานมาก อร่อยคุ้มมาก มีเมนูใหม่ อย่างหมูสามชั้นดรายเอจ และสันคอหมูดรายเอจอีกด้วย
ปล. เมื่อก่อนมาบ่อยมากๆ"
ChZDSUhNMG9nS0VJQ0FnTUNRcnVUeFBREAE,So,5,"เป็นร้านปิ้งย่างสไตล์เกาหลีแท้ๆ เจ้าของร้านเป็นคนเกาหลี วัตถุดิบดี คุ้มค่า เหมาะสมกับราคา อร่อยมาก 🥘🥢🥓🍕🍧😋

: ไม่จำกัดเวลา ❌️
: เลือกราคาบุฟเฟ่ต์ที่ต้องการ และชำระเงินที่
เคาน์เตอร์ก่อนทาน 🧾
: ร้านใหญ่กว้างขวาง มีหลายโต๊ะ ไม่แออัด
: พนักงานบริการดีมาก เปลี่ยนตะแกรงปิ้งย่างตลอด"
Ci9DQUlRQUNvZENodHljRjlvT2tNMlF5MXJZbFpzUnpoU2FsUXRiRVJGVXpOZmRWRRAB,Gold Diamond,5,หมูสามชั้นดีมากก กรอบนอกนุ่มใน น้ำจิ้มอร่อย บริการดี พนักงานคอยเปลี่ยนตะแกรงให้ตลอด เครื่องเคียงอร่อยทุกอย่างง บรรยากาศดีเหมาะกับมาทานกับเพื่อนหรือครอบครัว🤤🍴
Ci9DQUlRQUNvZENodHljRjlvT2twUE5FUjRYM0F5ZUY4eWRFZGtiRkE1ZWxSdGVtYxAB,กานต์พิชชา ปลื้มใจ,5,อาหารอร่อย ราคาคุ้มค่าสุดๆ ทางร้านบริการดีมากค่ะแนะนำวิธีการทาน
Ci9DQUlRQUNvZENodHljRjlvT25WTFdXRjVZMkpxYVdzNFlsaHhWamxKZDNSeVVrRRAB,Sunantha Phol,5,เป็น1ในร้านอาหารเกาหลีที่ชอบมากร้านหนึ่งเลยค่ะน้ำจิ้มมีให้เลือกหลายแบบมีไลน์อาหารให้เลือกเยอะมากแต่ที่ชอบสุดคือเขาเรียกสลัดมักกะโรนีมันฝรั่งไหมไม่แน่ใจแต่อร่อยมากค่ะ
Ci9DQUlRQUNvZENodHljRjlvT21KWlRESTFOVzlFTTJGaVZqTk9jMkpwZGxCMVRXYxAB,Supichakorn Boonkasem,5,อาหารอร่อยมาก มีหลายราคา พิซซ่าชีส/คิมมารีอร่อยมาก พนักงานบริการดีมาก เปลี่ยนเตาให้ตลอดไม่ต้องเรียกเอง แนะนำค่า✨
Ci9DQUlRQUNvZENodHljRjlvT2w4eWMyYzJOMEprVWw5RFp6Ulhabk5JUjBOQmRtYxAB,วรรณศิริ ศรีอัดชา,3,อย่างอื่นเราโอเคทุกอย่างแต่ไม่ค่อยพอใจกับบริการของพนักงานไปทานครั้งแรกไม่แนะนำอะไรเลยว่าสั่งอาหารยังไงไม่มีเมนูให้ดู จนเราต้องขอเมนูเองถึงเอามาให้ปล่อยให้เรานั่งงงตั้งนาน เวลาจะสั่งออเดอร์แต่ละทีพนักงานไม่ค่อยเดินมาดูที่โต๊ะ พยายามคิดในแง่ดีวันนั้นอาจจะลูกค้าเยอะเด็กทำงานไม่ทัน แต่เราก็ยัง รู้สึกไม่พอใจกับสีหน้าท่าทางพนักงานอยู่ดีเวลามาเปลี่ยนเตาเคลียร์ของกินของเรากองไว้ที่เตาใหม่เหมือนขยะ ดูไม่น่ากินต่อ
Ci9DQUlRQUNvZENodHljRjlvT25KdVFYaE5XbHB6U1dGTk4ycEpkMEV5TFRaYWFWRRAB,Mineo,5,มีอาหารให้เลือกหลากหลาย เนื้อหมูหทักมาดี ย่างแล้วนุ่ม เครื่องเคียง ของกินเล่นเยอะ ดีมากๆ
Ci9DQUlRQUNvZENodHljRjlvT25sc01pMWFUa2wyUW5WZmMzbFVUMEpqVlRaUFRrRRAB,Kizaru Meganekko,5,อาหารอร่อยมาก มีเชฟหรือเจ้าของร้านก็ไม่รู้ที่เป็นคนเกาหลีมาคอยช่วยแนะนำวิธีการกิน การทำอาหารด้วย บรรยากาศร้านดีมาก
Ci9DQUlRQUNvZENodHljRjlvT2xOc01ucHRkR2xFU3premVXdGZYekZWVWsxRk0xRRAB,chollapin teerasangjan,5,มากินบ่อยมากๆค่ะ อร่อยสุดๆๆ พนักงานเดินมาเปลี่ยน้ตาจนเราต้องบอกใจเย็นๆ แต่ละอย่างถึงใจมากค่ะ คัดๆๆ
Ci9DQUlRQUNvZENodHljRjlvT2w5MVMzcDNUa1p1TURocVFuUm5jRXBoTm1wME0zYxAB,auttapong maesincee,5,คุ้มค่าทุกบาททุกสตางค์ ราคาดีมาก หมูมีให้เลือกหลายอย่างเลย
Ci9DQUlRQUNvZENodHljRjlvT2tWNWFYVTJUMDF0WWtGd09XOXNMVkJFVFdaaE9VRRAB,sivakorn onchulee,5,คุ้มค่าในราคา 329+ ประทับใจพนักงานเปลี่ยนกระทะให้บ่อยมากกกก แทบไม่มีคราบไหม้ในกระทะเลยชอบๆ
Ci9DQUlRQUNvZENodHljRjlvT2pCcVdXdHVTamxwVGtSQmRsTjJVamt4WWxWdllYYxAB,NonKKgC4,5,อร่อยคุ้มค่าเมนูหลากหลายราคาไม่แรงบริการดีมากเดินเปลี่ยนเตาบ่อย
Ci9DQUlRQUNvZENodHljRjlvT2xwQ1UwNU9abTlWVEdGUmJuUTVXRVJ6ZHpGS1pHYxAB,Pimchanok Ben,5,ร้านประจำ กินตั้งแต่สมัยแจกคูปองใช้ลดครั้งต่อไป อาหารอร่อย บริการดี ร้านกว้างไม่แออัด
Ci9DQUlRQUNvZENodHljRjlvT25SSGRuVlBVV2hvVlU5Q2VIa3hkekZoYTJSNmJHYxAB,Mongkol somprasong,5,"🔥 Korean BBQ Heaven at an Unbeatable Price! 🇰🇷🥢

If you’re craving a sizzling Korean BBQ experience without the wallet burn, this spot is an absolute gem. For just 300+ baht, you get unlimited time, which means no more watching the clock while grilling your meats to perfection. Here’s why this place deserves a solid spot on your food radar"
Ci9DQUlRQUNvZENodHljRjlvT2pSWVEwNUZZblZOYUcxTlpGZEJSMHhvTlRkbVMwRRAB,Ailada Malinin,5,กิมจิอร่อยมากถูกต้อง ใครคิดถึงปิ้งย่างสไตส์เกาหลี ต้องนึกถึงร้านนี้เลยค่ะ
Ci9DQUlRQUNvZENodHljRjlvT2w5VmJWSTJTR3RqZDBKbWREaDJZak5tVUVRemRsRRAB,ณัฐณิชา อุณหปาณี,5,อาหารอร่อย บรรยากาศดี พนักงานให้บริการดีมากค่ะ ไว้คราวหลังจะกลับมาทานอีกนะคะ🩷🩷🩷🎀
Ci9DQUlRQUNvZENodHljRjlvT2tWclNVOXBVV2RYWkZnMU5WcDRVbnBuZVdGM1JYYxAB,Christoffer Nordin,5,Absolutely delicious Korean barbecue the kimchi soup taste fantastic and so does their meat. I will definitely come back again.
Ci9DQUlRQUNvZENodHljRjlvT2sxTGJYaFBNVlpaVUdSNlV6QTRWakZCTFY4MFExRRAB,จิรเมธ จันทร์ตรี,5,อร่อยมาก บรรยากาศดี แถมไม่แออัด ตัวเด็ดเลยคือหมู dry นุ่มหวานจากเนื้อมาเต็ม
ChdDSUhNMG9nS0VLRDd6dk9QX1BlSXN3RRAB,Tractor DUMz,5,แฟคทอรี่บุฟเฟ่ต์ มาครั้งแรกครับ อาหารอร่อยมากจัดเต็มไม่จำกัดชั่วโมง ทานได้เต็มที่ แนะนำนะครับสายเกาหลีต้องไม่พลาด ผักทานกับหมูย่างเยอะมาก น้ำซุปกิมจิ น้ำซุปมิตซูก็อร่อยครับ แนะนำนะครับให้มาทานร้านนี้ อร่อยราคาไม่แพง 300 นิดนิดก็ทานได้แล้วจะมาอุดหนุนใหม่นะครับ 140-5-68
Ci9DQUlRQUNvZENodHljRjlvT2pKcVRXMUlOUzFaUTJORWFXUlNRVUYxZGkxR2FuYxAB,sasikan huayhongthong,5,อาหารอร่อยมากสะอาดเติมตลอด รอไม่นาน พนักงานเปลี่ยนตะแกงเตาให้เวลามันดำ เลิศ
Ci9DQUlRQUNvZENodHljRjlvT2xweVZHUjFSbFowTFMxb1NpMTZVV2RWWDJ0alVYYxAB,Online Yb,5,เป็นร้านหมูย่างที่1 ในใจ ไกลแค่ไหนก็มา อาหารหลากหลาย ต้นตำรับเกาหลีแท้ เจ้าของคนเกาหลี
Ci9DQUlRQUNvZENodHljRjlvT2xjeVowdHJaR0ZDV0ZjeldIcHFhelphVlZkNGJrRRAB,222 Aranya Kruengphutsa,5,อร่อยมากจ้า การบริการดีเลิศ คุ้มค่าสุดๆ
Ci9DQUlRQUNvZENodHljRjlvT205VlVFTXhZWGxNU2tSVFR6bG9Ta2RTU0ZKRGMxRRAB,นิยดา ผ่องศิวัฒนา,5,มากินครั้งแรกอร่อยมาก เพราะมีคนบอกต่อมาว่าร้านนี้อร่อย
Ci9DQUlRQUNvZENodHljRjlvT2tGMFprTjViMVZaZFVaS2NEWlFSVXBaZHpkT1JtYxAB,Jantarat Mahathumthip,5,อาหารอร่อย บริการดีมากๆ มีน้องคอยมาปิ้งย่างให้ด้วยค่ะ 10/10
Ci9DQUlRQUNvZENodHljRjlvT2pOcFVtWklZMmxGWHpGcE5tcExibFJhWlhkNFJuYxAB,WATUN NEWTON SRIWICHAI,5,อาหารอร่อยครับ น่าทานมากกก สะอาด มีหลายราคาให้เลือก น้องๆ พนักงานบริการดีมากครับ เปลี่ยนกระทะตลอด
Ci9DQUlRQUNvZENodHljRjlvT2pBNGEyWmlWV2xOVDB4NWQyUmtUemh6V1hwbWIwRRAB,Nattakit SKywalker,5,อร่อย มีของให้เลือกเยอะเลย พนักงานเปลี่ยนกระทะไว น้ำจิ้มอร่อย ของกินเล่นก็ดีมีเยอะครับ
ChdDSUhNMG9nS0VJQ0FnTUNBb3Byd2xnRRAB,Anyaphat Rattanachanchanon,5,มากินหลายรอบแล้ว สำหรับเรารสชาติอร่อยกว่าร้านอื่น❤️‍🔥โดยเฉพาะถ้ากินตามสูตรที่เจ้าของร้านแนะนำ (จิ้มเกลือน้ำมันงา+ผงถั่ว+ซัมจัง+กิมจิต้นหอม) ฟินมากก ของกินเล่นเยอะ รสชาติดี ปล.มีเนื้อหมูดรายเอจด้วย
Ci9DQUlRQUNvZENodHljRjlvT2xWRWVGWTBPRUV4UjNSM2JtRXpURzkxVWkxNWJsRRAB,Athiwuth Phanprechakij,5,คอร์สเริ่มต้น 379 บาท รวมเครื่องดื่มแล้วมีเฉพาะหมู ถ้าราคาสูงขึ้นไปกว่านั้นมีเนื้อกับมีซีฟู้ด พนักงานเปลี่ยนตะแกรงให้ตลอดดีมากไม่ต้องเรียกเลยในไลน์บุฟเฟ่ต์อาหารเกาหลีมีตัวเลือกหลากหลาย ราคานี้คุ้มมาก ที่จอดรถกว้างจอดสบาย เสียอย่างเดียวแอร์ไม่ค่อยเย็น
ChZDSUhNMG9nS0VJQ0FnTUNnLWQtdEpnEAE,Sarawut Chinpaisan,5,"Factory Buffet ร้านปิ้งย่างเกาหลีแท้ๆริมถนนบางนาตราดขาเข้า เจ้าของเป็นคนเกาหลี เปิดมานานแล้ว อาหารมีให้เลือกทานเยอะมาก เนื้อหมูมีให้เลือกทั้งหมักซอส หมักโคชูจัง หมักเกลือ Dry aged Wet age ส่วนของกินเล่นมีเกือบยี่สิบอย่าง เริ่มต้นที่ 379 บาทเน็ท (หมู) ส่วนราคาสูงขึ้นไปก็จะมีเนื้อวัวด้วย อาหารสด คุณภาพดีเลย กิมจิก็ดี ส่วนของกินเล่นก็อร่อย ที่ถูกใจที่สุดก็จาจังเมียนกับจับแช มีบริการย่างให้ด้วยนะ แต่ผมชอบย่างเอง 555 สถานที่กว้างขวาง น้องๆบริการดี ราคารวมน้ำและของหวานแล้วจ้า
#kongcuicine"
Ci9DQUlRQUNvZENodHljRjlvT25wWmFITjBaRTFFZWxJeWFqTmpNRzk1TlVaWmVXYxAB,Ashimaporn Amp Lowthanavijit,5,อร่อยมากค่ะ มีเนื้อให้เลือกหลากหลายเลย เราเลือกเซตเนื้อ ผักก็ตักไม่อั้น พนักงานบริการดีค่ะ
ChdDSUhNMG9nS0VJQ0FnTUNnaVBhR3dBRRAB,Pattana Pong,5,"บุฟเฟ่ต์สายปิ้งย่าง บริการแบบพรีเมียม

ถ้าใครกำลังมองหาร้านบุฟเฟ่ต์ปิ้งย่างที่ เกินราคา ทั้งคุณภาพวัตถุดิบและการบริการ Factory Buffet บางนา

- วัตถุดิบคุณภาพพรีเมียม – เนื้อหมูและเนื้อวัว มีทั้งหมูสันคอและหมูสามชั้น wet&dry aged และหมูหมัก ทั้งสันคอหมู หมูสามชั้น เนื้อดรายเอจ หรือแม้แต่ซีฟู้ดสด ๆ ก็มีให้เลือกเพียบ

- บริการดีเยี่ยม – จุดเด่นของที่นี่คือ เจ้าของร้านคนเกาหลี ลงมาบริการเอง

- ถ้าไม่อยากลงมือเอง พนักงานพร้อมช่วยย่างให้ แบบมือโปร ได้เนื้อสุกพอดี ๆ ไม่ต้องกลัวไหม้

- เครื่องเคียงแน่น ๆ สไตล์เกาหลี – กิมจิ ยำต้นหอม หัวไชเท้าดอง ต็อกบกกี ไก่ทอดเกาหลี และซุปมิโซะ จัดเต็มมาก

- อาหารเกาหลีทำสำเร็จก็มีเพียบ เป็นสิบอย่าง ไว้รองท้องระหว่างย่าง และผลไม้ ไอศครีมตัก

-  ที่จอดรถกว้างขวาง ทั้งด้านหน้าและด้านข้าง

ราคาบุฟเฟ่ต์มีให้เลือก 3 ราคา

329 บาท – เนื้อหมูปิ้งย่างและอาหารต่างๆ ไฮไลต์คือมีหมูสันคอและหมูสามชั้น wet&dry aged

499 บาท – เพิ่มเนื้อวัว

599 บาท – รวมทุกอย่างเพิ่มซีฟู๊ด

📍โลเคชัน: อยู่บนถนนบางนา-ตราด (ตรงข้ามเซ็นทรัลบางนา)

สรุปเป็นร้านที่จัดเต็มทุกอย่างให้ ควรมาลองซีกครั้ง"
Ci9DQUlRQUNvZENodHljRjlvT2xKQldtNDNMVEJ1TWxWa1UxODBTbVEzTjJoU1RsRRAB,Patlom,5,"กินกี่ครั้งก็อร่อยเหมือนเดิม
มี3คอร์ส หมู เนื้อ ทะเล
สายอาหารเกาหลี แนะนำเลยน้า"
Ci9DQUlRQUNvZENodHljRjlvT2tsR2NHZGZMV0Z1V25FelpYaGZhV1pqU2tod1psRRAB,ju pit,5,"10/10 - Delicious BBQ and Korean side dishes.
10/10 - Price is good for pork person.
6/10 - Staffs are ok, but no need staffs to service. (just self service)
10/10 - Huge car parking lots, with free parking."
Ci9DQUlRQUNvZENodHljRjlvT25wWWMyaE9NVVpWZVdKRVF6WlpTUzFIYVdGMFZsRRAB,Natt CJ,5,It is a nice place to have dinner. So delicious. You can enjoy family time together. 👍🏻
Ci9DQUlRQUNvZENodHljRjlvT2paUk9VbGpSMTlTYTI4elJtY3lRbFEzWkcxUFYzYxAB,KTR K (Rosie),5,Delicious BBQ pork with other tasty side dishes. Big restaurant and convenient. A lot of spaces of car parking. Helpful staffs also owner who are ready to serve us. Impressive ❤️ love Korean food
Ci9DQUlRQUNvZENodHljRjlvT2tSak1XcDNTMUpTUTJ0clZYWnRNMTlDUWtWMU1YYxAB,โสภิตา วิเศษสรรค์,5,มาทานครั้งแรก อาหารอร่อย หลากหลาย สะอาด และพี่พนักงานบริการดีมากๆค่าา
Ci9DQUlRQUNvZENodHljRjlvT25aaGNWVllSbEowVTE4eVdsTklTSFpxWDBFM1YwRRAB,Nuttachate Chamras,5,ร้านกว้างขวางที่นั่งๆ สบาย เตาร้อนเร็ว อาหารทานเล่นมีหรากหลาย เนื้อคุณภาพดี อร่อย ผักสด กิมจิอร่อย น้ำจิ้มกลมกล่อม
Ci9DQUlRQUNvZENodHljRjlvT20xTlVtNW1iVFZxVjJoRk16VmZPV055ZVV4SldHYxAB,Natty Llqoo,5,"Love everything here
Best and valuable buffet package
I chose Premium 599 & refilled drink 50 Thb

All you can eat, the meat is good, dry aged pork is delicious, there are including salmon and shrimp also with crab ... love ❤️

No time limit 😌"
Ci9DQUlRQUNvZENodHljRjlvT2tOME9HRjZSWEZQV0RCcE5WTTVWV0oyUVdoNU4xRRAB,Supaporn Ss,5,คนเยอะเลยค่ะเราไปวันพฤหัสราคามีให้เลือกเริ่มต้น3ร้อย+พนักคอยมาเปลี่ยนเตาให้ตลอดดีเลยค่ะอร่อยยยยย
Ci9DQUlRQUNvZENodHljRjlvT21oSVMwdDBaWHByZWxKRk1tTkpUSHBvYkY5cE9IYxAB,อาท อนุพงศ์,5,อาการอร่อย หลากหลาย พนักงานบริการดี คอยดู ย่างหมูไว้ลุกไปตักของก็มากลับให้ คอยดูเปลี่ยนตะอกรงให้ตลอด
ChdDSUhNMG9nS0VQeUYwSlM5OE5xZDRBRRAB,Chmpoo P.,5,"อร่อยแบบง่ายๆ ราคาน่ารัก
น้ำจิ้มถั่วคือดียยย
พนักงานบริการดี มีความใส่ใจ
* มีที่จอดรถเยอะมาก
จอดได้ทั้งหน้าร้าน และหลังร้าน"
ChdDSUhNMG9nS0VJQ0FnSUNmbDQzVm13RRAB,Nanny Tems,5,ยอมใจในเรื่องของไลน์อาหารเลย เยอะมากกก อร่อยมากก อร่อยทุกอย่าง คุ้มค่าคุ้มราคา ไม่เคยกินบุฟเฟ่ต์2ชม.เต็มที่ไหนมาก่อน กินที่นี่คือ2ชม.กว่า เลยไปอีก อิ่มจุกๆ ชอบุกอย่างเลย น้ำจิ้มอร่อย คุณภาพวัตถุดิบคือมาเต็มทุกอย่าง ต้องไปซ้ำบ่อยแน่นอน กะทะไหม้ พนง.เปลี่ยนให้โดยไม่ต้องขอเลย เปลี่ยนได้ไม่งกเลย ชอบมากค่ะ
Ci9DQUlRQUNvZENodHljRjlvT2pOemVXd3hlRzlNVEVsVlRFTjBlRTFJV21VeVQxRRAB,ศุภรัตน์ แบบดี,5,ใครที่กำลังมองหาร้านปิ้งย่างเกาหลี แนะนำร้านนี้เลยค่าาาา
ChZDSUhNMG9nS0VJQ0FnTUR3eV9QMURnEAE,ออ ปีหกเก้าต้องสอบติดราชการ,5,"เป็นร้านบุฟเฟ่ ที่ไม่จำกัดเวลา
ที่จอดรถด้านหน้าประมาณ6-8คัน แต่ด้านหลังโล่งและกว้างมากก
ในส่วนของอาหารแนะนำสั่งเป็นราคา 599 รวมVat จะตกที่600+ค่ะ ไลน์อาหารเยอะสุดๆ แซลม่อนเอย อะไรเอย ทั้งเนื้อ ทั้งผัก  คุณภาพดี อร่อย
พนักงานเปลี่ยนตะแกรงย่างให้บ่อย ประทับใจค่ะ ไปซ้ำแน่นอน
ปล.อาหารออกมาช้าไปหน่อยค่ะ อยากให้มาไวกว่านี้นิดนึง เพราะอิ่มเนื้อซะก่อน"
ChZDSUhNMG9nS0VJQ0FnSUN2cEp6UE93EAE,bank ntnu,5,379 บาทรวมน้ำ น้ำจิ้มอร่อยทุกตัว หมูดายเจออร่อยมาก นุ่มละมุน กิมจิก็อร่อยไม่เคยกินแบบนี้มาก่อน  ไข่ตุ๋นเนียนๆ  โดยรวมชอบมาก
Ci9DQUlRQUNvZENodHljRjlvT25OWVRIaGxXakpPWW14R1RrMUlaa0pzVGxsSFVFRRAB,Wanthip Jane,5,บริการดี รอคิวไม่นาน อาหารมีให้เลือกเยอะ
Ci9DQUlRQUNvZENodHljRjlvT2tvMU9HMXdVSGhsU1hCS1MxRTFOMjlWT1hCTWRtYxAB,Muay SkipLove,5,อาหารสดดีค่ะ อร่อย พนักงานใส่ใจเปลี่ยนเตาย่างให้ตลอด
ChdDSUhNMG9nS0VJQ0FnTUNveF95U3R3RRAB,Selenaa ppp,5,อร่อย สะอาด ของสดดี หมูเนื้อคือพรีเมียม มาทานหลายรอบแล้วราคาไม่แพงเลยถ้าเทียบกับคุณภาพ เจอคุณลุงเกาหลีเจ้าของร้านก็น่ารักมากกก พยายามแนะนำน้ำจิ้มให้ลองแล้วก็อร่อยจริงๆ
Ci9DQUlRQUNvZENodHljRjlvT2xGbWRVMVdhek5mVFdoNVkwZHpVMjA1UVRaaFNGRRAB,Wimonrat Hasup,5,อร่อยมาก กินตั้งแต่มหาลัย ขอบคุณที่เลี้ยงหนูจนโต (โตใหญ่) เริ่ดๆๆๆๆ
Ci9DQUlRQUNvZENodHljRjlvT21KR01WUTFOVXhCY21OV1gwOXNTRGhTWkhOMVQzYxAB,Patty Srisuwan,5,Soooo delicious. อร่อยมากทุกเมนู สดใหม่มาก พนักงานช่วยเหลือดีมาก กลับมาครั้งที่สองแล้วดีกว่าเดิมอีก ว้าว
Ci9DQUlRQUNvZENodHljRjlvT25KS1lTMUlaakpEUTFsbVh5MUlObVpHWmtGdVRXYxAB,Jessica Romari Huerta,5,"Nice place, great environment and food! Perfect for dinner with friends 🧡"
Ci9DQUlRQUNvZENodHljRjlvT2xGeGVsVjBUazVOU0VobGRXa3hjMmw0Y21aS1lXYxAB,Jirapa Sangtim,4,อร่อยจ้า เมนูหมูราคา 399 มากิน 2 คน 785 บาท 🥰
Ci9DQUlRQUNvZENodHljRjlvT2pNeFpHNDVhRTB0VTJwNFVVVkJVblZvV1hWV1dVRRAB,Sukanya Suksak,5,"ชอบหมูที่อยู่บนถาดไม้มากเลยค่ะ เข้าใจว่าเป็นหมู dryaged รสชาติและกลิ่นแตกต่างจากหมูธรรมดามาก รสชาติเข้มข้น

เครื่องเคียงมีหลากหลายมากๆ

การบริการก็ดีสุดๆ เปลี่ยนถาดย่างให้แบบไม่ต้องขอเลย

คุ้มราคาแน่นอนค่ะ"
Ci9DQUlRQUNvZENodHljRjlvT2xOd1VXNXRaVVZ1ZUdWUFYycHVia1EwZVdScGQxRRAB,Brian_boy win,1,สำหรับผมตอนนี้มันเปลี่ยนไปแล้วครับ หลังจากไม่ได้ไปประมาณ 4 เดือน หมูไดเอจ สามชั้น ของย่างต่างๆยังได้อยู่ แต่อาหารสำเร็จนี่ไม่ได้เลย ทุกอย่างเย็นชืดดดดด เพิ่งเคยเจอหมูบูลโกลกิใส่สามชั้น แทบจะสามชั้นล้วนๆ แล้วที่สำคัญสามชั้นมีแต่มัน ขนาดผมเป็นคนชอบกินมันเยอะเห็นแล้วยังกลัว ของน้อยก็ไม่เติม สั่งพิซซ่ามานี่เย็นชืดเหนียวอีกต่างหาก หมี่ดำไม่แน่ใจว่าเรียกว่าจาจังเหมี่ยนหรือเปล่า เย็นชืดและไม่เข้มข้น ข้าวสวยในหม้อเหลือประมาณ 15-20ของหม้อแถมอมเหลืองอีกต่างหาก กุ้งดองนี่ดองทั้งเปลือก เห็นแล้วรู้สึกว่าความพิถีพิถันการทำการเตรียมอาหารให้ได้ตามมาตรฐานได้แค่นี้จริงดิ จากที่เคยไปกินแล้วรู้สึกชอบ   มาครั้งนี้สำหรับผมร้านนี้ผมพอแล้วครับ
Ci9DQUlRQUNvZENodHljRjlvT2pCU1NsZzFYMWhvZEV0bU5sQm1lRkpYZWpGSlRFRRAB,วิริยอร บุญรัตนาคม,5,อาหารอร่อย มีให้เลือกหลายรายการ พนักงานบริการดีค่ะ 👍🤩
Ci9DQUlRQUNvZENodHljRjlvT25sZmNuQnRNbXBPVjJOb1ExRjRRbnBMWjNkUU0zYxAB,Weera Naksomsong,5,It is a nice place to have dinner. So delicious. You can enjoy family time together. 👍🏻
Ci9DQUlRQUNvZENodHljRjlvT2twTFFVRndhM1Z5VEdrM00yTklaR28xUWpjdE9GRRAB,aileen sawa,5,เนื้อมีให้เลือกหลากหลาย คุณภาพดีราคาไม่แรง
Ci9DQUlRQUNvZENodHljRjlvT2pObFdGbG9RbHA1U0dneVZ5MUNkRmxZUm5WUVQzYxAB,pang ko,5,อาหารสด สะอาด อร่อย มาซ้ำหลายรอบแล้วค่ะร้านนี้🤍
ChdDSUhNMG9nS0VJQ0FnTUNZdWRxQmxnRRAB,HaNgInGz.,4,"คุณภาพอาหารกับราคาค่อนข้างดี ของทะเลสด
การบริการ พนักงานรับออเดอร์ไปค่อนข้างนานกว่าจะได้อาหาร ตามออเดอร์หลายรอบถึงจะได้ สั่งอาหารต้องใช้วิธีจด ได้ขาดๆเกินๆ ควรใช้ระบบสั่งอาหารด้วยมือถือเหมือนร้านอื่นๆ จะได้ลดความผิดพลาดของออเดอร์"
Ci9DQUlRQUNvZENodHljRjlvT2tocFdVRnNXbFZtWDJWTFQzVnJWa2R5TVVVek9VRRAB,Keeratika V. (Poiily),5,บุฟเฟ่เกาหลีที่ดีงามมากร้านนึงย่านบางนา เนื้อดี หมูสามชั้นดรายเอจคือดีมาก เครื่องเคียงเยอะสุดๆ 🧡
Ci9DQUlRQUNvZENodHljRjlvT2xKeVExUnFRV05ZVjFsSlFsUnJZWE5JWXpKdVdIYxAB,C Piaz,5,ชอบมาก มาทานหลายครั้งประทับใจทุกครั้ง ของสดดี ไม่จำกัดเวลาด้วยนั่งทานได้ยาวๆ รวมน้ำ
ChdDSUhNMG9nS0VJQ0FnTURRM3F1dTdBRRAB,Arut Chanatangcharoen,3,บุฟเฟ่ต์หมู เริ่ม 379 โดนบังคับค่าน้ำรีฟิว เมนูให้เลือกเยอะ รสชาติธรรมดา มีผงถั่วให้จิ้ม  มีไอศครีมตัก พนักงานเปลี่ยนถาดย่างให้เรื่อยๆ บริการดี
Ci9DQUlRQUNvZENodHljRjlvT2pGWFVYWlFja2RQVkY5MGR5MXpVRGMyYms1dWVYYxAB,Qcx,5,พนักงานน่ารักมากค่ะ อาหารหลากหลายด้วย✨
ChdDSUhNMG9nS0VJQ0FnSUNmcWMyQnF3RRAB,นางสาวชุติมา พุ่มอําภา,5,กินไม่เป็นก็มีวิธีกินให้ทุกอย่างค้าบ รสชาติดี บริการเริ่ดๆๆ ตะแกรงย่างไม่ต้องขอให้เปลี่ยนเลยหากไหม้ดำพี่พนักงานเปลี่ยนให้ทันที ของทอดอร่อย ไลน์อาหารเยอะ มีใช้ชิมตามซีรีย์เกือบทุกอย่าง มาซ้ำแน่นอน🫶🏻
Ci9DQUlRQUNvZENodHljRjlvT2tad01IaDVSbkpKTTFORVlYRlBOMlpqTVZwMVdVRRAB,ครูปุ๋ม ฐานิฎา,5,"ทุกอย่างที่อยากลองกินและตักมา   อร่อยทู้กกก อย่าง จริงๆค่ะ
ปล. มากินครั้งที่ 3 แล้วจ้าาาาา (รูปแรกคือภาพที่มากินครั้งที่ 2 , รูปที่ 2 คือมากินครั้งที่ 3🤩)"
Ci9DQUlRQUNvZENodHljRjlvT21KeWIxOXdhVlJYYWxadFpYQkhMVFpRUzFwSlJWRRAB,nirunya srikeaw,5,อร่อยยย คุ้มค่า คุ้มราคาค่ะ เจ้าของร้านใจดี พนักงานบริการดี
Ci9DQUlRQUNvZENodHljRjlvT2xSNGFuQlNTRzFQTlRJdGQwNU1aaTF5VWpsVE0zYxAB,Paul Duncan Sr,3,"Disheveled experience was different from the others that I had previously experienced. I was shocked that I had to pay up front before I even enjoyed my meal! Then they sell packages by levels each level gives you more time allotment to enjoy the buffet so the more you pay the more time you get to play! For what I paid the food offerings were very basic I didn't see any upscale proteins available on the menu but if you paid the $1,299 Thai baht, did you see everything they have to offer. The service was very average at best I had to keep flagging someone down to get soup refilled and get another beer and that's what brought my meal to a quick end! The only bright spot was the beer was really cold and if you buy the top tier packages beer is included in the buffet. I would rather have better service at a better price point!"
Ci9DQUlRQUNvZENodHljRjlvT2tReU56Tm5YMWxmVkRZNWVGWnJhM2hJYTJSTFIyYxAB,Aa Aa,5,อาหารสดสะอาดมีให้เลือกมากมาย.น้ำจิ้มมีเยอะหลากหลาย.ไอศรีม.แพนเค้ก.บิงซู.ห้องน้ำสะอาด.ทานเสร๊จยังเอาน้ำกลับได้ด้วย
Ci9DQUlRQUNvZENodHljRjlvT25wNlRUSkhZMFJNUkZacU1YaHhPVVJQUTNReWEyYxAB,Art Suwarnatemiya,5,""" Fufu shabu ไตัหวันเจ้าแรกของเมืองไทยที่เปิดมายาวนานกว่า 12 ปี รสชาติยังดี วัตถุดิบเยี่ยมไม่เปลี่ยนแปลง ""
สมัยร้านนี้เปิดใหม่ๆบอกเลยว่าคิวยาวมาก พุงๆน้อยๆเป็นแฟนคลับร้านนี้ตั้งแต่สาขาพระราม 4 ส่วนตัวไม่ค่อยได้ทานบุฟเฟ่ต์แบบนี้บ่อยเท่าไหร่นัก แต่ถ้าอยากจะทานก็ต้องคิดถึงร้านฟู่ฟู่ทุกครั้ง
ร้านนี้ถึงจะเปิดมายาวนานแต่คุณภาพของวัตถุดิบ รสชาติ มีการพัฒนาเมนูใหม่ๆขึ้นอย่างไม่หยุดยั้ง วันนี้แวะมาสาขาซอยอารีย์ มีที่จอดรถกว้างขวาง ร้านใหญ่โตนั่งกันสบาย แต่ลูกค้าก็ยังมาอุดหนุนกันอย่างเนืองแน่น
บุฟเฟ่ต์ชาบูไต้หวัน FUFU เริ่มต้นราคา 688- Net แถมยังมีไอศกรีม Haagen-Dazs หลายรสชาติกินได้ไม่อั้น แค่มากินไอศครีมก็คุ้มแล้วร้านนี้
บุฟเฟ่ต์มี 3 ราคา 688, 988 ,1288 รวมเครื่องดื่ม กินได้ 1.45 นาที
น้ำซุปชาบูมีให้เลือก 7  แบบทั้ง หม่าล่า / ไต้หวัน / ต้มยำ / ซุปจีน / พริกไทยดำ / เห็ดหอม / กระเพาะปลา ส่วนตัวชอบกระเพาะปลาที่เพิ่งมีกลับมาเพราะว่ากลมกล่อม ซดแล้วชื่นใจ เอาเนื้อไปลวกก็อร่อยมาก อีกอย่างที่โดดเด่นของร้านนี้ก็คือน้ำจิ้มที่มีให้เลือกหลากหลาย เข้มข้นถูกใจอร่อยมาก ใครชอบแบบไหนเลือกผสมกันเองได้เลย หรือถ้าคิดไม่ออกก็ให้ที่ร้านช่วยทำให้
วัตถุดิบทั้งของสดและผัก รวมถึงลูกชิ้นต่างๆวางเรียงรายกันอย่างสะอาดสะอ้าน ยาวสุดลูกหูลูกตา ใครชอบอะไรไปหยิบตักมาวางกันบนโต๊ะได้เลยส่วนตัววันนี้ทานชุด  1,288 ชอบเนื้อ Fufu Premium wagyu ของออสเตรเลียสั่งมาอย่างละจาน รวมถึงลูกชิ้นที่แสนอร่อยของร้านนี้ กุ้งสดของร้านนี้ก็ตัวใหญ่ยักษ์เนื้อเด้งดึ๋งฟินสุดๆ
มากินครั้งนี้ก็ยังคงประทับใจเหมือนเดิมไม่มีเปลี่ยนสำหรับร้านชาบูไต้หวันร้านนี้
📌 FuFu Taiwanese Shabu Ari
🕐 11.30-22.00"
Ci9DQUlRQUNvZENodHljRjlvT2pZMlNtNWhOazlvY2kxNFJXVlBTRVV0V1RKZmFXYxAB,Tanachai Tundulyasaree,5,"มีโปรโมชั่น ราคาไม่ถูก 500 บาทต่อคน

โดยรวมชอบ น้ำซุปดี เนื้อดี หมูดี ของให้เลือกเยอะ น้ำให้เลือกเยอะ มีขนมหลายอย่าง ทั้งสั่งและทำเอง

แนะนำให้สั่งมาเยอะๆทีเดียวก่อน เพราะทยอยสั่งช่วงหลังจะต้องรอคิว

แนะนำไปโดนกันได้เลย"
Ci9DQUlRQUNvZENodHljRjlvT2tOS1duZDVhMVpQVDFCTFpqVjFjM2R2ZUVOeFVtYxAB,Bewara Forday,5,"Fufu Shabu  ร้านบุฟเฟต์
ที่มีหลายราคาให้เลือก
เอาใจชาบู 488 net ไม่รวมไอศครีม
ใครสายหวานสายไอศครีม
แนะนำ ราคา 688. Net
มีไอศครีมไฮเกนดาส
ถึง 8 รสในไลน์ให้ตักไม่อั้น
ยังมีราคา 988 ,1288 ที่ยิ่งเพิ่มเมนู
มีความน่ากินเพิ่มขึ้น

ส่วนตัวชอบ 688  เพราะมีไอศครีม
คุ้มมากกก.  แต่ที่คุ้มกว่า
ก่อนไปกินให้เช็คโปรหน้าเพจ
บางเดือน บางช่วงมีโปรลดเพิ่ม
เช่น ก.ค. รีวิวลด 100 บาท

ปล.ช่วงนี้สาขาอารีย์ปรับปรุงเครื่องปรับ
อากาศ เลยอาจจะร้อนนิดนะ แต่ไม่มาก"
Ci9DQUlRQUNvZENodHljRjlvT25sd09WQnRkWGhLVVRGSFRWQTVVVmhRTldGdVNHYxAB,Phimagine,5,"วันนี้ไปทานมาในราคา 688 NET ร้านอาหารภายในสะอาด พนักงานเรียบร้อยดี ของตักมีเยอะมากกก ทั้งเนื้อวัวและหมูไม่เหนียวเลย นุ่มมาก มีที่ปรุงน้ำจิ้มหลากหลายให้ทำได้เอง
ส่วนมากกินเนื้อวัวและของหวานไปเยอะมาก โดยเฉพาะไอศกรีม 😭 ส่วนตัวว่าไอศกรีมธรรมดามาก เค้กไต้หวันแห้งจัด ต้องกินคู่กับไอศกรีมจริงๆ
ชอบไอศกรีมถั่วตัด และพานาคอตต้ามากที่สุด ✨ ที่นี่มีที่ทำแพนเค้กและก็สายไหม แนะนำให้มาลองทำแพนเค้กนะคะ น่าจะสนุกดี แต่นี่ไม่ได้ทำกินเลย เผลอตัวไปกินหนักอย่างอื่นแทน 😔"
Ci9DQUlRQUNvZENodHljRjlvT21VMU9VNXpNV2R4TmtZM2VuZEdkRGxLZWkxbE5FRRAB,Rachapon,5,ร้านบุฟเฟ่ต์ ชาบู หม่าล่า มีสามเรตราคาตั้งแต่ 4++ - 1+++ ไลน์อาหารให้เลือกเยอะมาก ของกินเล่น ของหวาน เนื้อ กับ ขนม สั่งทางqr ของเสริม ซีฟู้ดจัดเต็มมาก ผักก็มีให้เลือกเยอะ ชอบ ผักเส้น ตักได้เลย มีให้เลือกเยอะมาก น้ำจิ้มปรุงได้เลย ไอเท็มเยอะ หรือสูตรทางร้าน อาหารที่ต้องแสกนสั่ง มาช้านิดนึง บางทีก็ไม่ครบ รสชาติโดนรวมอร่อยใช้ได้เลย ซุปดี
Ci9DQUlRQUNvZENodHljRjlvT2tVeVJVRldkRmxyY3pNd2N6WTNOM1JSZHpnek9YYxAB,Rungsiri Th,5,ชาบูหมาล่าสไตล์ไต้หวัน มีน้ำซุปหลากหลาย สะอาด เนื้อคุณภาพดี ลูกชิ้นปลาหมึกอร่อยมากกกก..อย่าลืมเก็บท้องไว้กินของหวานด้วยนะคะ มีไอศกรีมฮาเก้นดาซ โมเว่นพิค บิงซูไต้หวันในบุพเฟ่ด้วย คุ้มมากกกก
Ci9DQUlRQUNvZENodHljRjlvT2t0TmF5MUZOVUZxWTFKbGJWaDBVVUZzZUVkWE9YYxAB,Aon LadyAon,5,ของกินเยอะมากเมนูเยอะดี 688 มีบุฟเฟ่เบียร์ด้วย รอบนี้สั่ง 988.- มีซีฟู๊ดกับเนื่อวากริล
Ci9DQUlRQUNvZENodHljRjlvT205eGJIUmtVVGRpVUdoMVVtVmpSbVk0TmxkeVUzYxAB,刘平鑫Pim,5,"แวะมากิน FuFu Shabu ประทับใจมาก น้ำซุปดี ของสดจัดเต็ม โดยเฉพาะพวกเนื้อกับหมูสไลซ์มาดี

ที่ชอบอีกอย่างคือมีไอศกรีม Häagen-Dazs กับ Mövenpick ให้กินไม่อั้น อันนี้แหละที่รู้สึกว่าคุ้มมาก ตักวนไปหลายรอบ 😅

พนักงานก็บริการดี เติมของตลอด อิ่มอร่อยมาก"
Ci9DQUlRQUNvZENodHljRjlvT21kSFEzbE5SMDFJVTFkV05XcGxaMk51UWtOZlJXYxAB,Far Farrissa,5,เนื้อดีมากๆ ไลน์อาหารเยอะ ผักสด สะอาด น้ำจิ้มอร่อยและมีให้เลือกหลายแบบ พนักงานบริการดี และไอติมอร่อยมีให้เลือกหลายรส หลายแบรนด์ถูกใจมาก ซ้ำหลายรอบสุดๆ
Ci9DQUlRQUNvZENodHljRjlvT2pWdlJVVjJWbEowTkU0MFFVbEVORkJtUlRSalVFRRAB,B. T.,5,"วันอาทิตย์บ่ายคนไม่เยอะ นำรถมาได้มีที่จอดเยอะ
เดือนนี้มี promotion -100 บาทแค่รีวิวให้สาขา

🥘ชอบความหลากหลายของเมนู เติมตลอด
🍦ชอบ Häagen-Dazs, ไม่อั้น
🍭มีเครื่องทำ cotton candy, crepes
พนักงานคอยเข้ามาถาม คอยช่วยเหลือตลอด

สาขานี้สะอาดดูแลดีโดยเฉพาะตรงสเตชั่นตักอาหาร-น้ำ-น้ำจิ้ม"
Ci9DQUlRQUNvZENodHljRjlvT2xCeGFVcG5hRXAwVWtwdWFTMTVTbnBpTTNaVE1FRRAB,Petch Manopawitr,5,One of the best Taiwanese Shabu in Thailand for sure. Great Mala soup. Premium meats and the best ice-creams available (Haagen-Dazs and Movenpick) - a combined 11 flavour of buffet icecream!!
Ci9DQUlRQUNvZENodHljRjlvT2tvM1R6SlFUMVZYWkZCT2NHRXRYMlE0YlVwU1NFRRAB,Nararit Chaiwong,5,มากี่ทีก็ไม่ผิดหวัง วัตถุดิบใหญ่และสดมากๆ โดยเฉพาะกุ้งที่แกะให้เรียบร้อยแล้วค่อนข้างสบายเวลากิน
Ci9DQUlRQUNvZENodHljRjlvT25GaWJYbzNOV1JxUVhCNlRHeEtaMlZuYkdKRGJsRRAB,Arunchai Peerakachorn,5,อร่อย ของมีคุณภาพ วากิวดี กุ้งลายเสือคือดวีย์ มีไอติมฮาเกนดาส
ChdDSUhNMG9nS0VJQ0FnTURvazlpdHhBRRAB,가을Kam,5,"- บรรยากาศร้านดี ตกแต่งสวยงาม โล่งสบาย มีพื้นที่นั่งรองรับลูกค้าจำนวนมาก
- ร้านมีพื้นที่จอดรถฟรี จำนวนมาก
- เมนูขอองคาว และของทานเล่นขนม เครื่องดื่มมีหลากหลายให้เลือก
- พนักงานบริการดี จองโต๊ะมาทาน 15 คนจัดเตรียมเพื่อนที่รอให้เรียบร้อย
- มีเมนูให้ดูเลือกทาน ราคามี 3 ราคา NET.
Taste of Taiwan 688 บาท ทานได้ 1 ชม. 45 นาที
Blue Ocean 988 บาท ทานได้ 2 ชม
FuFu Miracle 1,288 บาท ทานได้ 2 ชม.
- โดยรวมราคาไม่แพงเมื่อเทียบกับคุณภาพอาหารในร้าน
- ภาชนะสะอาดมีอุปกรณ์อำนวยควาทสะดวกครย
- 1 หม้อ สามารถเลือกได้ 2 น้ำซุป
- ร้านมีพื้นที่รองรับรถวีลแชร์
- ร้านสามารถสแกนจ่าย และบัตรเครดิต
- หากมาจำนวน 10 คนขึ้นไปแนะนำให้โทรจอง"
Ci9DQUlRQUNvZENodHljRjlvT2xkTGRreGlTSFZQU1dSNlVHMTNOblJ1Wmpsbk9FRRAB,NW NW,5,เป็นร้านที่ชอบน้ำซุปมากๆ หม่าล่าเผ็ดชากำลังดี ไม่มันเกิน วัตถุดิบดี มีของให้เลือกหลากหลาย โดยเฉพาะผัก มีหลายอย่างมาก และที่สำคัญไอติมอร่อยมากค่ะ🥰
Ci9DQUlRQUNvZENodHljRjlvT2xCcExVaG5lV1pKVTJsVlNIUjNUa1Z4V2pSQ01tYxAB,noi,5,พี่พนักงานน่ารัก อาหารอร่อย บรรยากาศดีมากๆค่ะ มาทานวันที่ฝนตกอร่อยยอิ่มฟินมากค่ะ ทำแพนเค้กสายไหมสนุกมากค่ะ5555555
Ci9DQUlRQUNvZENodHljRjlvT2pKRFUxSmFPRTlEVG5OSVkyVm9Wa1ZIWkd4eFZFRRAB,Aiztipaya Tipaya,4,ชาบูธรรมดามากมีไอติมฮาเก้นดาสตอนนี้มีโปร555เมื่อชื้อคูปอง4 ใบ ถ้าเลือกได้จะไม่ไปซ้ำไม่อร่อย
Ci9DQUlRQUNvZENodHljRjlvT21oMk5taDVUVzVYZVVaVGVXbHBVMEUzWmxkTlkzYxAB,Anchern Ruengchai,5,อร่อย วัตถุดิบดี น้ำจิ้มดี มีไอติมฮาเก้นด๊าซ มีที่จอดรถ ราคาไม่แพง
Ci9DQUlRQUNvZENodHljRjlvT2pOVVltSnBaVE5ZY3pWUWNVTmZiWGREV1dSRVZuYxAB,Chanita VI.,5,อาหารคุณภาพดี สะอาด ซุปและน้ำจิัมอร่อย บุฟเฟต์รวม Haagen-Dazs และ Movenpick และเบียร์สิงห์ คุ้มค่ามาก
Ci9DQUlRQUNvZENodHljRjlvT2pKRFowcHdjRWN6UTFoMFRqQldaMjlNVjB0b05VRRAB,rarinthorn thammakulkrajang,5,ชอบมาก อาหารหลากหลาย ของสด อร่อยมากมีที่จอดรถ  ตินิดเดียว รู้สึกว่า อาหารที่สั่งไปผ่าน QR code ออกช้า
ChdDSUhNMG9nS0VJQ0FnTUNBd3VDXzFBRRAB,โอเคได้อยู่ OkDaiYu,5,"ประทับใจมาก วัตถุดิบเค้าสดใหม่ คุณภาพดีมากจริงๆ ค่ะ ไม่ว่าจะเป็นเนื้อวากิวออสเตรเลีย เนื้อออสเตรเลีย หมูคุโรบูตะ ซีฟู้ดสดๆ หรือผัก ทุกอย่างคือดีงามไปหมด น้ำซุปก็มีให้เลือกหลากหลาย รสชาติเข้มข้น กลมกล่อม

นอกจากวัตถุดิบจะดีแล้ว บรรยากาศร้านก็ดีมากๆ ค่ะ ร้านตกแต่งสวยงาม สะอาดตา พนักงานบริการดี เป็นกันเอง คอยดูแลเอาใจใส่ลูกค้าตลอดเวลา ที่สำคัญคือราคาเค้าก็สมเหตุสมผล  คุ้มค่ากับคุณภาพอาหารที่ได้รับ ใครที่อยากลองทานชาบูไต้หวันต้นตำรับแท้ๆ เราแนะนำร้านนี้เลยค่ะ รับรองไม่ผิดหวังแน่นอน!"
ChdDSUhNMG9nS0VJQ0FnSURYLXRxYzNnRRAB,Janny Pat,5,อร่อย คุ้มราคา ที่จอดรถเยอะ มีไอศครีมฮาเก้นดาสหลายรสมาก มีเบนแอนด์เจอนี่ มีโมเว่นพิก ไอศครีมถ้่วตัด บิงซู สายไหม แพนเค้ก และขนมอีกมากมาย สายหวานต้องชอบสิ่งนี้ เนื้อดี อาหารอร่อย วัตถุดิบดี หลายหลาย ดีมากค่ะ
ChdDSUhNMG9nS0VJQ0FnSUNEdHQzenZnRRAB,Panyada Inthun,5,"เป็นร้าน Mala shabu buffet ที่เรียกได้ว่าคุ้มค่าที่สุด เพราะราคาเริ่มต้นแค่ 688 net ก็ได้ทานทุกอย่างแล้ว เนื้อที่ให้สำหรับเซ็ตเริ่มต้นก็คุณภาพดี และยังมีไอศครีม จาก Ben and Jerry’s, Haagen-Dazz, Movenpick แค่นี้ก็คุ้มมากแล้ว แต่ถ้าขยับไปที่ ตัวกลาง 988 จะได้เนื้อแบบจัดเต็มมาก สำหรับสายเนื้อมี Australian Wagyu มาให้สั่งได้ไม่อั้น ลายสวย สไลด์มาชิ้นกำลังดี สำหรับสายอาหารทะเลก็ได้ซีฟู้ดแบบจัดเต็ม กุ้งแดงสเปนสดมาก หอยนางรมไซส์ใหญ่ สด ๆ น้ำซุปที่นี่ก็หอมเครื่องเทศกำลังดี คนที่ชอบทานผักก็มีให้เลือกหลายชนิด เรียกได้ว่า จบครบที่ร้านเดียว มาซ้ำบ่อยมากค่ะ
IG: Timmyeong"
Ci9DQUlRQUNvZENodHljRjlvT2xaR1dVcDBNbmhoYVZaeFZHcEVNWEpqVERkR1NGRRAB,natt k,5,น้ำซุปเข้มข้น อาหารทีให้เลือกหลายหลาย โดยรวมอร่อยค่ะ
ChdDSUhNMG9nS0VOYWlxOW1vMmVHU21RRRAB,Nattapob Pornplanamai,5,อร่อยมาก เนื้อใช้ได้ ลูกชิ้นปลาหมึกอร่อยสุดๆ ช่วงนี้เบียร์ฟรี ปกติมีไอติมราคาแพงบุฟ รสชาติหลากหลาย ไปวันปกติคนน้อย สบายๆไม่ต้องรอคิว แนะนำมากๆๆๆๆๆๆสำหรับคนชอบไอติม ไส้เป็ดกรุบๆดีมากครับ
ChZDSUhNMG9nS0VPM3M3SnVfek5idFlBEAE,PKe,5,"โดดเด่นที่ของหวาน มี Häagen-Dazs หลายรสชาติเลย
อาหารทั่วไปรสชาติมาตรฐาน กุ้งสด ผักให้เลือกตักเยอะ น้ำจิ้มมีให้ตักตามที่ชอบ"
ChZDSUhNMG9nS0VJQ0FnSUNYOE9USGFREAE,Apple Rungrat,5,ฟูฟู ชาบูสไตล์ไต้หวัน ในย่านอารีย์ มาครั้งแรก ประทับใจมากกกกก น้ำจิ้มหลากหลาย แต่เราชอบน้ำจิ้มฟูฟูแบบใส เติมพริกกระเทียม  อร่อย รสชาติคล้ายๆ พอนสึ  น้ำซุบมีเลือก 7 รส เราเลือกหมาล่าและซุบดำ เข้มข้นมาก วัตถุดิบดี ทั้งเนื้อ ซีฟู้ด ลูกชิ้นต่างๆ พวกเส้นก้อหนึบมาก ทั้งเส้นมันเล็ก มันม่วง วุ้นเส้น ของหวานก้อไม่น้อยหน้า มีหลากหลายแถมอร่อยแทบทุกอย่าง ทั้ง ชีสเค้ก พานาคอตต้า เจลลี่ บิงซู หรืออยากสนุกทำของหวานเอง ก้อมี แพนเค้ก และสายไหม แถมตอนนี้มีโปรโมชั่น เพียงท่านละ 488.- ถูกจายฝุดฝุดค่า
Ci9DQUlRQUNvZENodHljRjlvT2tweFRGZDJVWE5DYlhNdFVVdFhlREZRVEhwR1ExRRAB,Sirat Wong-in,5,แค่ราคาเริ่มต้นก็คุ้มค่ามาก เนื้อใบพายนุ่มมาก น้ำจิ้มเด๋ด ไอติมมาเต็ม
ChdDSUhNMG9nS0VJQ0FnSUNmb3JlYzNRRRAB,AngAng Ang,5,"ร้านชาบูที่มีความหลากหลายของอาหารอย่างมาก มีบาร์น้ำจิ้มปรุงเองไปเลยจ้า
เนื้อสัตว์มี หมู เนื้อ อาหารทะเล(ตักเอง) มีผักหลากหลายอยากกินไรก็เลือกได้เลย
ไลน์ขนมหวานเป็นไอติม haagen dazs(แบบตัก) movenpick(แบบตัก) magnum hershey's nestle (แท่ง) มีสายไหม แพนเค้ก ชานมไข่มุก อีกเยอะเเยะ

ร้านมีที่จอดรถนะคะ"
Ci9DQUlRQUNvZENodHljRjlvT2t4dlFuWlZPWGhNTmtReFFXczFkV1UxVUU1elYzYxAB,Dukdae BigBunnY,5,"คุ้มจะบ้าจะบอ 488net/ไม่ได้ติมกับเบียร์
688net/ได้haagendaz mövenpick ใครสายติมจิ้มอันนี้เลย
เนื้อดี ไรดี คุ้ม ไม่จุกจิก มีที่จอด
พนักงานดีมากเลย ขอชื่นชม/มาซ้ำก็ยังยืนยันว่าพนักงานมีเซอวิทมายด์ที่ดีจิงๆ
น้ำกดกลับได้ด้วย เลิฟ"
Ci9DQUlRQUNvZENodHljRjlvT21WcVkwaDJYMDFyUlZGeWJqUldiRTlUWDFwMlRVRRAB,Supawan jaitia,5,อาหารอร่อยย คุณภาพวัตถุดิบดี บริการดีมากค่ะ
ChdDSUhNMG9nS0VJQ0FnSUNuMWVISl9RRRAB,Noppakorn Thamsuaidee,4,โทรมาถามรสชาติไอศกรีมฮาเก้นดาส พนักงานแจ้งได้ครบถ้วนทั้งหมด 8 รส 16 ช่อง และประทับใจตรงที่จองแล้วได้ที่นั่งใกล้ไอศกรีม และตักง่ายมากค่ะ ไม่แข็งเลย อาหารอร่อย
Ci9DQUlRQUNvZENodHljRjlvT25FdE1USXplbFpOY3kxNGFpMVdNMnRYVTBZelFYYxAB,Cindy Chayuda,4,"A no brainer shabu place, good quality food and service. A place that I will come back in the future. Recommend blue ocean course. With GG map review with get 100thb discount to 899net"
Ci9DQUlRQUNvZENodHljRjlvT204MFJWVk1jV2h5Y3psa1RVNUZaWGM1Y3paUFltYxAB,Juss DKsW,5,"อร่อย ที่จอดรถกว้าง หมาล่าไม่เผ็ดมาก ไม่ฉุน ของเยอะ เนื้อนุ่ม สะอาด กว้างขวางค่าาาา
ของหวานบุฟ มี magnum"
ChZDSUhNMG9nS0VJQ0FnSURkMl9DTElnEAE,Vimlet Kir,5,ร้านนี้เป็นร้านชาบูสไตล์ไต้หวัน เพราะฉะนั้นรสชาติน้ำซุปหมาล่าจะอ่อนกว่าสูตรของจีน แต่โดยรวมก็ยังถือว่าอร่อย วัตถุดิบสด จริงๆราคาที่ 688 ก็ถือว่าคุ้มมากแล้ว ใครชอบลูกชิ้นอยากให้ลองสั่งลูกชิ้นที่ต้องสั่งผ่าน QR code อร่อยกว่าตัวที่ต้องตักที่บาร์เยอะ ส่วนตัวชอบขนมหวานของร้านนี้สุด แพนเค้กอร่อยมาก ไอศกรีมก็เป็นแบรนด์ขึ้นชื่อทั้งนั้น
ChdDSUhNMG9nS0VJQ0FnSUNIaDRDeThRRRAB,S Chan,5,"เป็นร้านชาบูุไต้หวัน ที่ชอบทานเป็นประจำ เพราะมีไอศรีมทั้ง haagendazs movenpick ben&jerry และ ไอติมแม็กนั่ม ให้ทานได้ๆไม่อั้น อาหารบนเคานเตอร์ ก็หลากหลาย กุ้งสดตัวใหญ่

สาขาที่มาทานเป็นสาขาประจำ (ซอยอารีย์) มีที่จอดรถสะดวกมาก ร้านสะอาด ใหญ่ โล่งนั่งสบาย

ราคาปกติ มีโปรโมชั่นหลากหลาย คุ้ม"
ChdDSUhNMG9nS0VJQ0FnSURabVlyZWxnRRAB,พลศิษฏ์ พี่พานิช,5,ฟู่ฟู่ สาขาอารีย์ ที่จอดรถกว้างขวาง คนไม่เยอะมาก ร้านโปร่งโล่ง สะอาด กว้างขวาง บุฟเฟต์ชาบู มีน้ำซุปให้เลือกหลายอย่าง สามารถเลือกได้มากสุด2 ชนิด มาคนเดียวก็เป็นหม้อเล็กได้น้ำซุป2 ช่องด้วย ราคาบุฟเฟต์เริ่มต้นค่อนข้างสูง แต่คุณภาพอาหารก็ดีเหมาะสมราคา อาหารสด สะอาด หลากหลาย ลูกชิ้นที่นี่ดีมาก อร่อยทุกอย่าง เสียดายราคาเริ่มต้นมีเนื้อสัตว์น้อยไปหน่อย น้ำจิ้มปรุงตามสูตรก็อร่อยใช้ได้ น้ำซุปหม่าล่าเข้มข้นดี ส่วนของหวานนี่ดีมาก มีไอครีมให้เลือกเยอะมาก มีที่ทำแพนเค้ก เครื่องทำสายไหม เครื่องทำบิงซู ชาชมไข่มุก
ChZDSUhNMG9nS0VJQ0FnSUNUaS1ld1VREAE,Uncle Phan,5,"ร้านชาบูสไตล์ ใต้หวัน มีให้เลือก 3 แพ็คเกจ คือ tase of Taiwan (หมู+เนื้อ) 688net blue ocean (เพิ่มทะเล) 988net และ fufu miracle (มีเมนูพิเศษให้เลือก) 1288net โดยจะมีผักให้เลือกเยอะมาก และของทานเล่นก็มีพอสมควร ไอศกรีมมีสามแบรนด์ คือ haagen dazs,moven pick และ ben&jerry’s มุมของหวานมีทั้งที่ทำแพนเค้กและสายไหม กับไอศกรีมแท่ง กับของหวานแบบถ้วย ที่ร้านมีที่จอดรถและห้องน้ำในตัว พนักงานบริการดี แนะนำและมีการปรุงน้ำจิ้มสูตรของทางร้านมาให้"
ChdDSUhNMG9nS0VOMkdzdlMwOU92MzBRRRAB,HIPSKULL Pomade,5,"อัพเดท ไอติมใหม่ อยากให้สัก 100 ดาว
ชอบมากค่ะ ไอติมแบบตักเอง และมีหลายรสชาตที่มากขึ้น
ถูกใจคนอ้วนค่ะ ไอเลิฟ💜❤️ …"
ChZDSUhNMG9nS0VJQ0FnSUM3NWY3ZE9nEAE,Peach Thamanun,5,"🌼 วันธรรมดาคนไม่เยอะ ไม่ต้องรอคิวเลยค่ะ
🌴 วัตถุดิบสดใหม่มากๆ มีให้เลือกเยอะ
⚡️ ราคาดีไม่เเพงเลย มีตั้งเเต่ 4XX จนถึง 1XXX เลยค่ะ
🤎 ของหวานก็ดีมากๆ อร่อยทุกอย่าง"
ChZDSUhNMG9nS0VQVElyN0hub29tYmZnEAE,ioilka,5,ซุปหม่าล่าเข้มข้นดี เนื้อดีไม่เหนียว อาหารให้เลือกหลากหลาย พวกลูกชิ้นอร่อย
ChZDSUhNMG9nS0VJQ0FnSURSZzZXZFJnEAE,Chanokchon (JEAB) Wutimanee,5,"เป็นสายมูค่ะ มูย่าง มูปิ้ง มูสามชั้นน! 🐷
ไปค่าวันนี้ชาวสายมูสามชั้นแบบเราจะไปพากินบุฟเฟต์ชาบูสไตล์ไต้หวันแท้เจ้าแรกในไทย ชื่อร้านว่า FUFU SHABU
ที่สาขาอารีย์ สาขานี้เขาทำใหม่ บรรยากาศดี ลานจอดรถใหญ่แบบตะโกน! มุมขนมกว้างมาก มีห้องส่วนตัวดีมาก ทำร้านใหม่แค่ไหนแต่รสชาติอร่อยเหมือนเดิมเลยจ๊ะ

มาๆ เรามาเริ่มเลอะ เราเลือกกินราคา 688 บาทค่ะ ✅

นั่งปุ๊บจัดมาเลยซุปหม่าล่า และซุปไต้หวัน (แนะนำต้องลอง) และบอกพี่พนักงานว่าเอาทุกอย่าง อย่างละ 1 !
ระหว่างที่รอเนื้อที่เราสั่งไป เราก็เดินไปตักของโปรดกันค่ะ มีให้เลือกเยอะมากก ไม่ว่าจะเป็น ลูกชิ้นต่างๆ, ผัก, เส้น, พวกเนื้อหม่าล่าต่างๆ และของดีคือ ซีฟู้ดค่า จัดมาแบบพูนๆ~ ตั้งใจมากดูจากภาพ
น้ำก็เลือกกดไปเลยค่ะ ชอบแบบไหนมีหมด ของหวานก็เริ่ดเพราะมีพานาคอตต้ามะยงชิด ผลไม้ในฤดูกาลนี้ ส่วนไอศกรีมไม่พูดไม่ได้เลย ร้านไหนให้มากกว่านี้มั้ยค่ะ ร้านนี้ให้แม็กนั่มจ้า และไอครีมพรีเมียมอย่าง Ben & Jerry และ Hassgengaz และ Movenpick อีก มันเริ่ดเนอะ กินกันเบาหวานขึ้นตาแน่นอน ยังจ๊ะ ยังไม่หมด เขามีบิงซู และสานฝันทำแพนเค้กให้ด้วย 👩🏻‍🍳
ตักเพลินๆ แปปเดียวพี่พนักงานก็มมาเสิร์ฟเนื้อแล้ว เนื้อออสต่างๆ ชิ้นใหญ่นุ่มมากและยังมีเนื้อเป็ด เด็ดมาก เรามันสายเนื้ออยู่แล้ว จะบอกว่าอร่อยมาก เนื้อนุ่ม ลงน้ำพอสุก มาจิ้มน้ำจิ้มสูตรฟู่ฟู่ สูตรของร้าน เข้ากันมาก!!! 💖

ส่วนหม่าล่าที่นี่เขาซดได้นะแก คล่องคอสุด ไม่มันเลี่ยนเว่อร์ กินเนื้อกันจุกๆไปจ้าวันนี้ อิ่มคุ้มมากถ้าเทียบกับราคา

ใครสายเนื้อแบบเรา ต้องรีบมาลองกันแล้วค่าา~"
ChZDSUhNMG9nS0VJQ0FnSUQ5OGRLWUd3EAE,Ssor M.,5,"มาทานครั้งแรกก็ประทับใจเลยจ้าาา เพิ่มเป็นร้านในดวงใจอีกหนึ่งร้านเลยค่ะ เพราะทำให้หายคิดถึงชาบูหมาล่าที่ไต้หวันได้เป็นอย่างดีค่ะ
อาหาร ซุปฟู่ฟู่และซุปหมาล่าคือดีมากๆ ไม่เผ็ดชาจนกินไม่ได้ เนื้อดีมาก อาหารอื่นๆก็ดีงาม ผัก ลูกชิ้น หลากหลาย ของหวานเครื่องดื่มให้เลือกเยอะ และน้ำจิ้มตามสูตรของร้านคือเริ่ดดดดด
ร้าน กว้างขวาง โล่ง สะอาดสะอ้าน บาร์อาหารสะอาด จัดเรียงสวยงาม
พนักงานบริการดีมาก ยิ้มแย้ม พูดจาดี แนะนำโปรโมชั่น"
ChdDSUhNMG9nS0VJQ0FnSUNkMUpPT25nRRAB,Muttika Rittiyong,4,เนื้อดีมากสำหรับราคานี้ ส่วนขอที่อยู่ที่บาร์ก็หลากหลาย ผักเยอะมาก มีปวยเล้งด้วยดีมากๆ ลูกชิ้นก็เยอะมากเช่นกัน ของหวานมีให้เลือกเยอะ ไอติมมีหลายยี่ห้อมาก กินแต่ฮาเกนดาสกับแมคนั่ม
ChdDSUhNMG9nS0VJQ0FnSUNuaDlDcTdBRRAB,THIDARAT CHANSIRI,5,บรรยาดีค่ะ อาหารสด สะอาด พนักงานบริการดีมาก น้ำจิ้มละลานตาไปเลย ลูกชิ้นกุ้งคือ the best ของหวานก็เลิศ ไอศครีมดีมากกกก ชอบสุด ๆ
Ci9DQUlRQUNvZENodHljRjlvT2pWbk1WTjNSRUZIT1hCWWVFSTVlRVIyV0dOSFdGRRAB,Bua Oucharoen,4,อร่อย ซุปดำกำลังดีไม่เค็มเกิน ไอติมเยอะมากกก
ChZDSUhNMG9nS0VJQ0FnSUN4MmR1VWR3EAE,รัชนก แท่นรัตน์,5,"ร้าน FUFU shabu สาขาอารีย์ อยู่ใกล้ที่พักแต่ดันไม่เคยมาซะได้ นี่มีโอกาสได้มากับเพื่อน ร้านนี้เค้าเป็นบุฟเฟต์ชาบูสไตล์ไต้หวันรสชาติดีตกใจ อาหารทะเลสดดี น่ากิน เดินไปตักได้ตามใจชอบ และยังมีเมนูให้สั่งเพิ่มด้วย ทั้ง กุ้ง ปู ปลา  หอยเชลล์ตัวใหญ่มากก เนื้อคือดีย์ คนรักเนื้อคือเตรียมตัวรับแรงปะทะความฟิน ความจุกได้เลย เอาลงไปลวกกับหม่าล่าเคี้ยวทีเเทบละลาย นุ่มมาก แนะนำให้สั่ง Australian Wagyu ชิ้นใหญ่กว่าหน้าอ่ะ นี่จัดไปหลายถาดมาก พุงกางสุดๆ แต่ก็ต้องเหลือท้องไว้ให้ของหวาน เพราะที่นี่ไอศครีมเค้าคือ Häagen-Dazs ของชอบ เพราะมันแพง 555  และยังมี Mövenpick และ Ben and Jerry’s  มีแบบแท่งๆในตู้อีก  นี้แบบว่าเดินไปหยิบแบบไม่เกรงใจใครละนะ  คุ้มไม่ไหวจัดเต็มสุดๆ นี่ยังกินของหวานไม่ครบเลยนะ พานาคอนต้าอีก เดินตักไม่หยุดเลยนะ ตื่นเต้นมาก เหมือนมาเจอโลกใหม่ วงการชาบูบุฟเฟต เข้าแล้วออกยากจริงๆ อยู่ใกล้ซะด้วย เรามาทานห้องส่วนตัวกับเพื่อนๆในรุ่น คือสะอาดใหม่ และพื้นที่กว้างมาก  ลืมบอกเรากินราคา 1,288 บาท 2 ชม. อิ่ม จุก อร่อย ซดซุปหม่าล่าเพลินจนลืมตัว"
ChZDSUhNMG9nS0VJQ0FnSUN4b2E3bmJREAE,Putawan Ramkaew,5,"ฤกษ์งามยามดี วันนี้ไปกินชาบูกับเพื่อนสาวที่ FUFU Shabu สาขาอารีย์ เงินเดือนเหลือก็จัดชุด 1,288 มาเลอออ วู่วามสุดๆ 555555555 เรามาช่วงเย็นๆคนยังไม่ค่อยเยอะมาก เลยขอพาทัวร์ดูของกินในร้านกันก่อนค่ะ ไลน์อาหารเยอะมากกกก มีโซนผัก โซนลูกชิ้น และก็โซนเนื้อต่างๆ เลือกอย่างละเม็ดก็อิ่มละ น้ำจิ้มก็สามารถปรุงเองได้เลย แต่เราว่าน้ำจิ้มของทางร้านคือปังแล้ว ยิ่งกินกับเนื้อยิ่งฟินนนน 🤤🥩

เลือกมุมโต๊ะได้แล้วก็บรรเลงเพลงชาบูของสองสาวกันเลยค่ะ เราสั่งเป็นน้ำซุปหม่าล่า โหแบบ อร่อยมาก พนักงานบอกว่า หม่าล่าที่นี่ซดได้ ไม่มันเลี่ยน เพราะไม่ใช้ไขมันวัว  ใครชอบหม่าล่านี่ถูกใจแน่นอน โคตรถึงงง ละสายเนื้อต้องร้องกรี้ดดด เนื้อดีมาก อร่อยมากทุกคนนนน ยิ่งลวกกับน้ำซุปหม่าล่านะ ยิ่งเข้ากัน เนื้อเขานุ่มจริง ลายเนื้อสวยด้วย แสดงว่าเขาคัดมาดีจริง มีนี่อีกเซ็ตทะเลก็คือฉ่ำาาา หอยเชลล์ชีสอร่อยมากกกดูหน้าดิว่าอร่อยแค่ไหน สั่งบ่อยมากเลย ร้านจะเจ๊งมั้ยง่ะ555555 โอ้ยไม่อยากบรรยายมากดูรูปเอาละกันว่าดีย์ขนาดไหน 💖

ตบท้ายด้วยชานมไข่มุก 🧋 และไอติม 🍦 อยากบอกว่าชาไข่มุกคือดีมากกกก ไม่หวานแบบชานมไข่มุกทั่วไป หอมกลิ่นชากินกับชาบูไม่เลี่ยนเด้อออ ไอติมก็อร่อยมากกก นี่เลือกไม่ถูกเลย เขามีไอติมแท่งๆในตู้อีกนะ มีโซนทำแพนเค้กด้วย แอบชิมของเพื่อนแป้งเขาอร่อยนะ ใดๆแล้วนั้นไปกินกันค่ะทุกคนนนน กินได้นานถึง 2 ชม.ไปเลย เอ็นจอยอีตติ้งค่าาาา 👍🏻👍🏻👍🏻👍🏻"
ChZDSUhNMG9nS0VJQ0FnSUNudFpPT1VBEAE,WerZlot Sleinir,4,"เนื้อดีมาก แต่เนื้อรอนานมาก 20 นาที ช้าเกินไป

ถ้าจะมากิน ให้มาเวลาที่ไม่ใช่เวลากินทั่วไปเช่น บ่าย3
ควรสั่งอย่างเดียวกันเยอะๆต่อครั้งเช่น เนื้อออสสันนอก x6 แล้วกดส่งออเดอร์ ไม่ควรสั่งหลายอย่างในออเดอร์เดียวเพราะจะทำให้รอนานมากขึ้น ส่วนของกินอร่อยมาก ไอศกรีมคนรุมไฮเกนดาสเยอะ จริงๆ movenpick กับ ben&jerry’s ก็อร่อยนะ ใครจะมาคำนวนเวลากินดีๆนะ รู้สึกเวลากินไปไวมาก บุฟ 688 จะให้เวลา 1ชม 45 นาที"
ChZDSUhNMG9nS0VJQ0FnSUN4cktDWldREAE,Thanathac Kijanjaroen,5,"ของคาวไม่เน้น เน้นของหวาน มาเพื่อไอศกรีมถั่วตัดผักชี  FUFU Shabu สาขาอารีย์โฉมใหม่ ดีงามเกินราคา บรรยกาศดีมาก ฟีลไต้หวันสุดๆ ไอติมตักเองได้เลย แล้วก็ชอบตรงที่เขามีให้ได้ทำแพนเค้กเองด้วย เคยแต่ยืนดูแม่ค้าทำ คราวนี้ต้องลงมาทำเองนะ ไม่งั้นไม่ได้กิน5555 แล้วก็มีข้าวหมูตุ๋น บะหมี่ผัด อาหาร Hot Dish อร่อยทุกเมนู ราคา688 แต่คุ้มค่าเกินราคา น้ำซุปฟหม่าล่าใครมาต้องได้ลอง หมูสไลด์ เป็ดสไลด์ พรีเมี่ยมมาก ของหวานเยอะมากหลากหลาย โดยเฉพาะไอศกรีม มาทุกแบรนด์ดัง Ben&Jerry, Haagen-Dazs และ Movenpick เป็นร้านเดียวนะ ที่เห็นมี3แบรนด์ในไลน์บุฟ ขนาดนี้"
ChdDSUhNMG9nS0VJQ0FnSUNIN3ZuUDhRRRAB,monton kotchadate,5,ดูรีวิวมาเพราะอยากกินไอติมอร่อยๆ มาที่นี่คือตอบโจทย์เลย ได้กินไอศครีมดีๆอย่างที่หวังเลย ฮาเก้นดาส เบนแอนด์เจอรี่ มูฟเว่นพิค ไหนจะแม็คนั่มอีก ฟูลฟิลมาก แล้วไลน์อาหารสำหรับราคา688 ก็เยอะจุใจ เนื้อสไลด์ให้ใหม่ๆทุกจาน กุ้ง แซลม่อน สดจี๋เลยครับ
ChdDSUhNMG9nS0VJQ0FnSUROOE83Rmt3RRAB,J SS,4,"เป็นร้านชาบูไต้หวันที่มากินค่อนข้างบ่อย

สาขานี้มีที่จอดรถประมาณ 20 คัน  สามารถโทรจองที่นั่งได้

คุณภาพอาหารและน้ำซุปดีมากมีเครื่องดื่มของหวานที่ครบครันและหลากหลาย น้ำจิ้มอร่อย มีอาหารให้สั่งในระบบกับที่ต้องเดินตักเอง

การบริการในภาพรวมระดับกลางกลางพนักงานส่วนใหญ่จะเป็นชาวต่างประเทศซึ่งบางทีอาจสื่อสารไม่ค่อยเข้าใจกันมากนัก ทำให้เหนื่อยในการต้องมานั่งแปลภาษา

และภายในร้านเปิดเพลงค่อนข้างดังเกินไป  ซึ่งบางเพลงไม่เหมาะกับบรรยากาศร้านเลยไม่แน่ใจว่าพนักงานอาจเปิดเพลงส่วนตัวของตัวเองซึ่งส่วนนี้ควรมีการปรับปรุง"
Ci9DQUlRQUNvZENodHljRjlvT21wQmMyZFNkVVJ1V1dnNFR6aGFWMFpEY2pKdmVIYxAB,PRADITPETCH SAETANG,5,อร่อย อาหารทะเลสด ไอติมดี แม็กนั่ม Haagen daz Movenpiz
ChZDSUhNMG9nS0VJQ0FnSUNub19HRWJBEAE,Natharat Sri,5,"อาหารอร่อย ออกไวมาก พนักงานบริการดี หน้าตายิ้มแย้มมากค่าา
ซุปหม่าล่าอร่อยสุดๆ น้ำจิ้มดือมากก ไอศกรีมฮาเกนดาร์สแบบไม่อั้น คุ้มมากกกกกกกกกกกกกกกกกกกกกกก"
ChZDSUhNMG9nS0VJQ0FnSUNwdDZQU0Z3EAE,นวดล สุทธิวรยานนท์,5,"บุฟเฟต์ไอศครีม เอ้ย บุฟเฟต์ชาบูไต้หวัน

วันหยุดควรโทรไปสำรองที่นั่ง ที่จอดรถกว้างขวาง

สามารถเลือกน้ำซุปได้ 2 รสชาติ

น้ำซุปต้มยำกุ้งอร่อย สั่งมันกุ้งเพิ่มได้อีก

เนือหมู อกเป็ด นุ่มอร่อย ไม่ได้ลองเนื้อวัว

มีบาร์ผักต่างๆ อาหารทะเล อาทิเช่น แซลมอน

กุ้ง ปลาหมึก หอยเชลล์( ต้มแล้วตัวเล็กไปหน่อย )

มีของหวานหลากหลายมาก ที่สั่งได้ในราคาชุดเริ่มต้น

เป้าปิง สายไหม ไอศกรีมถั่วตัด

ครอฟเฟิล พานาคอตต้า ไอศกรีมหลายแบรนด์

Haagen-dazs, Movenpick, Ben & Jerry’s

Walls, Nestle มาทานไอศครีมก็คุ้มแล้วครับ

ทางร้านเปลี่ยนรสชาติไอศกรีมบ่อย ไว้ต้องกลับมาทาน"
ChdDSUhNMG9nS0VJQ0FnSUN4amRmU2pnRRAB,chadar .e,5,"วันนี้มีร้านแนะนำ ชาบูหม่าล่า “Fufu shabu” สาขาอารีย์ เค้าเพิ่งรีโนเวทใหม่  มีที่จอดรถนะ
เดินเข้าร้านปุ๊ป กลิ่นหม่าล่าตีหน้า แบบไม่เกรงใจเลย หอมมากกก ไม่รอช้า จิ้มราคา 1,288 แล้วลุกไปตักอาหารเลย ระหว่างตักกลับมาเนื้อ กับน้ำซุบของเราก็พร้อมแล้ว รวดเร็วทันใจคนหิว เราถ่ายรูปเมนูมาให้ด้วย ลองดูว่าอยากกินอันไหน แนะนำสายเนื้อคือต้องโดนราคานี้นะ จะได้กิน  Australian Wagyu ละลายมาก ส่วนใครไม่กินเนื้ออย่างเพื่อนเราที่มากิน แกก็จัดซีฟู้ดไปเลยแบบจุกๆ ยังกะรถทะเลคว่ำที่โต๊พ หอยเอย กุ้งเอย ปลาเอย สดดี ของเค้าพรีเมียมว่าไม่ได้นะ ไปชาบูมาก็หลายร้าน ครั้งนี้ต้องยกให้ร้านนี้ ยอมจริง ของหวานก็มีเยอะ  ไอศกรีมเอย แพนเค้กเอย  สายไหม เป่าปิง ชานมไข่มุกเอย มีนี่ด้วยๆๆ Croffle แล้วก็ไอศกรีมถั่วตัด  ไอศกรีมอย่างเยอะอ่ะ มีฮ้าเก้นดาส มูเว่นพิค และ เบนด์ด้วยนะ หายากนะที่มีหลายแบรนด์ขนาดนี้ แถมมีไอศกรีมแมกนั่มอีก คุ้มสุดๆ  ใครชอบชาบูบุฟเฟต์หม่าล่าต้องมาลอง กินหม่าล่าสายพานจนเบื่อ ต้องมากินนี้จุกๆ อร่อยจริง  ไปเลยคุ้มมาก"
ChdDSUhNMG9nS0VJQ0FnSURIbkw3d2pBRRAB,yuyu,4,"ชาบูไต้หวันย่านอารีย์
หมูโอเค เนื้อพอไหว
ไอติมอร่อย ครอฟเฟิลอร่อยดี
พนักงานเซอร์วิสดี แต่ทำบิลผิดเนื้อได้ช้าไป20 นาที เค้าก้มาขอโทษ
มีที่จอดรถ"
ChZDSUhNMG9nS0VJQ0FnSUN4ZzZqZUJ3EAE,sanassa vichitvigrom,5,"ปกติไม่ใช่สายชาบูเลย มากินแบบงงๆ โดนเพื่อนที่ออฟฟิศลากมา
เพื่อนบอกต้องมาให้ได้สักครั้ง นี่ก็เอออะไป จะเรียกว่าครั้งแรกที่มาที่นี่ก็ได้ ร้าน FUFU ชาบู สาขาอารีย์
กลายเป็นว่าเปิดโลกวงการบุฟเฟ่ต์ชาบูไปเลย ความตาลายต้องยกให้ เดินตักไม่ถูกเลย ด้วยความงงของตัวเองเลยให้เพื่อนตักมาเสิร์ฟให้เราก่อน 5555 กินแบบไม่ได้คาดหวังอะไร แต่พอเข้าปากแล้วมันแบบ อร่อยอะ เราว่ามันต้องดีมาตั้งแต่เนื้อ น้ำซุปและน้ำจิ้ม มันลงตัวไปหมด ขอโทษที่เราอาจจะจำชื่ออาหารที่กินไม่ค่อยได้เลยขอแปะเมนูมาให้ดูเลย
ของหวานก็ไม่น้อยหน้านะจ่ะ เราจำชื่อได้ๆ มีไอศกรีมถั่วตัดผักชี อันนี้ดี แนะนำๆ แพนเค้ก พานาคอดต้า ไอติมเจ้าดัง  Movenpick, Ben & Jerry และ Hassgengaz
อ่อ มีราคาหลายเรทน้า ลองไปเบิ่งก่อน อร่อย คุ้ม ขนาดชั้นที่ไม่ใช่สายชาบูยังต้องยอม เลยอยากให้ได้ไปลองกันน้า"
Ci9DQUlRQUNvZENodHljRjlvT21OTFRrcFhSalpZUXpkclZtdzJURGx0TkVKRU4xRRAB,thitiporn jitpitayanupap,5,เป็นชาบูที่คุ้มค่าคุ้มราคามากค่ะ เนื้อดีมาก ในเรทราคาเท่านี้ ไอติมเยอะ มีหลายรสชาติเลยค่ะ
Ci9DQUlRQUNvZENodHljRjlvT2toc2JHaG1WSGhoVG1KRWMwZElUbUV6VVVWNWJtYxAB,Supamas Poolsri,5,คุ้มค่ามาก อาหารคุณภาพเกินราคา
ChZDSUhNMG9nS0VJQ0FnSUN4b2RPOE5BEAE,Mondit Thumniramon,5,"วันนี้อยากกินชาบูหม่าล่ามาก เลยลองไป google “ชาบูหม่าล่า บุฟเฟ่ต์” แล้วก็เจอร้านนี้ Fufu shabu ดูน่ากินดีและใกล้บ้าน ราคาพอ ๆ กับร้านที่เคยกิน ที่สำคัญคือ เป็นคนชอบกินไอติมมาก หลังมื้ออาหารคาวหนัก ๆ ต้องจัด ซึ่งร้านนี้เค้ามี ฮาเก้นดาส ด้วยทำให้ตัดสินใจไปต้องไปลองให้ได้ละ
เรามาสาขาอารีย์ เพราะใกล้บ้าน โทรมาถามทางร้านก่อนละว่ามีที่จอดรถมั้ย พนักงานเล่นมุกว่า เอามา 5 คันก็พอจอด55555 พอมาถึงคือจริงอย่างที่นางบอก ที่จอดรถใหญ่มากและเป็นของทางร้านเองเลยด้วย ถ้าเดินทางมาด้วยรถส่วนตัวคือสะดวกสุด ๆ
เข้ามาถึงพนักงานก็มาต้อนรับทันทีและพาเราไปนั่งที่โต๊ะ เราเลือกแบบราคาเริ่มต้น เพราะมีงบเท่านี้555 ไม่ใช่อะไรปกติไม่ชอบกินบุฟเฟ่ต์ราคาสูงมาก เพราะราคานั้นจะชอบไปกินโอมากาเสะมากกว่า ราคาเริ่มต้นคือ 688 บาท NET ! จบทีเดียว ได้ทั้งอาหาร เครื่องดิ่มและของหวาน โดย 688 สามารถกินได้ 1.45 ขั่วโมงนะ ถ้าแพงกว่านั้นน่าจะได้ 2 ชม
เริ่มต้นที่เราต้องสั่งน้ำซุปก่อนโดยเลือกได้ 2 น้ำซุป ก็มาร้านหม่าล่าเนอะ ก็สั่งซุปหม่าล่าครับ standard เลยอีกซุปนึงก็เลือกเป็นนำ้ดำตามที่ชอบกินครับ น้ำซุปหม่าล่าเข้มข้นและค่อนข้างเผ็ดเลยนะ ใครไม่ทานเผ็ดต้องระวังนิดนึงนะครับ
สำหรับอาหารคาว จะมี 2 ส่วนคือแบบตักเองกับแบบสั่ง โดยแบบสั่ง รอบแรกเราสั่งทุกอย่างไปอย่างละ 1 เพราะขอชิมก่อนอันไหนอร่อย555 เนื้อคือดีๆๆๆ มากๆๆๆ หอมนุ่มหวาน ละลายในปากเลย ส่วนอย่างอื่นก็รสชาติมาตรฐาน คือ มันมีเนื้อ หมู เป็ด สามอย่างหลัก ๆ แล้วก็พวกลูกชิ้นนะ ทีเด็ดคือมี ชีสสสสส ที่เอามาต้มกับเนื้อ กินคู่กันฟินมาก อร่อยจัดๆ ส่วนแบบตัก เราตักมาทุกอย่างเลย เพราะน่ากินหมด มีครบ หมู ไก่ ปลา เครื่องใน ผัก ลูกชิ้น ใครชอบกินอะไรรับรองว่ามีให้เลือกครบแน่นอน ไฮไลต์คือ โซนอาหารทะเล ที่มี ปลาแซลม่อนและหอยเชลล์ตักได้ไม่อั้นแบบจุก ๆ
น้ำจิ้มทางร้านก็มีมาให้เลือกทานแบบครบทุกรสจริง ๆ ตั้งแต่ น้ำจิ้มพอนสึสูตรพิเศษของทางร้านคือใส่ไข่สดลงไปด้วย น้ำจิ้มสุกี้ยากี้และน้ำจิ้มหม่าล่า แนะนำให้ตักมาลองให้หมดเลยนะ ถ้าใครปรุงไม่เป็น สามารถแจ้งพนักงานให้ช่วยทำให้ได้ด้วยนะครับ
สำหรับ Drink Bar ก็มาครบทั้งน้ำอัดลม น้ำหวาน น้ำชา นะและปิดท้ายคือไฮไลต์ที่แท้ทรู ของหวานจ้า โดนตกมาเพราะ ฮาเก้นดาส แต่มันมีพีคกว่านั้นคือ Ben&Jerrrrry ที่ชอบกินมาก ๆ แต่ไม่ค่อยมีโอกาสได้กินนะ เลยหวดไป 3 ถ้วยเลย เป็นการปิดท้ายที่ฟินมาก"
ChdDSUhNMG9nS0VJQ0FnSUNuLThPMXdBRRAB,บัณฑิตา หนูช่วย,5,"ชาบูที่มามีหมาล่า อร่อยมากกกกก มากินโปร688 net มันเริ่ดตรงมีไอศกรีม haagen Dazs movepick มีแม็กนั่มด้วย สวรรค์คนรักของหวานมากจ้า แต่พวกของทะเลก็ดีนะ กุ้งเด้งดึ๋งๆตึงๆไม่หย่อนเลยจ่ะ ผักมีให้เลือกเยอะ มีสาหร่ายวากาเมะ กินจนเป็นนางเงือกได้เลย สรุปคือเริ่ด มีโปรลดราคาอีกมากมาย สรุปคือดี มากินข่ะสาว
อ่อ มีที่จอดรถด้วย จอดได้10คัน++ บรื้นๆมาได้ค่ะ"
ChdDSUhNMG9nS0VJQ0FnSUNXX09yZjNBRRAB,S.Kidsanar แบกพุงไปกิน,5,FuFu ชาบู เป็นร้านชาบูที่เราเพิ่งเคยทานเป็นครั้งแรก ด้วยความที่มีโปร KTC งัย เลยจัด Blue Ocean ไปเลยจร้าาาาาา แต่เสียดายถ่ายรูปมารีวิวให้ดูน้อยไปหน่อย แต่จะบอกว่าไปทานเถอะ แค่ตัวราคาเริ่มต้นอาหารก็หลากหลายจนทานไม่ไหวแล้ว เราเล่น Blue Ocean เพราะอยากกินปู กุ้งลายเสือ และเนื้อหล่ะ ส่วนน้ำซุปก็มีให้เลือกหลายตัว เราเลือกซุปพริกไทดำกับซุปต้มยำแบบ half half ส่วนในราคาเริ่มต้น ลูกชิ้นให้เลือกหลากหลายมาก เนื้อสัตว์ก็จะมีหมู หอย ปูอัด ผัก เต้าหู้ ฯลฯ ที่สำคัญมีหัวแซลมอนต้มซีอิ๊ว ข้าวหน้าหมู ข้าวผัดกระเทียม แจ่มจริง น้ำจิ้มมีมากมายให้เลือก ของหวานเจอฮาเกนดาซเชียวนา แถมยังมีแพนเค้กให้ทำเอง สายไหมให้ปั่นเอง ชานมไข่มุกก็มี เครื่องดื่มเลือกกดตามสบายเลยจร้าาาา...
ChZDSUhNMG9nS0VJQ0FnSURSby1PLWJBEAE,cha cha,5,"อยากมาป้ายยาสายชาบูหม่าล่า 🥘🥢 วันนี้เราไปกินร้าน FUFU มาออยู่เเถวอารีย์ เปิด gps ไป หาเจอง่ายมาก ร้านมีที่จอดรถด้วย ร้านกว้างคนไม่ค่อยเยอะมาก เราไปถึงไม่ต้องรอคิวก็ได้โต๊ะเลย เราเลือกเป็นราคา 688 บาทมา น้ำซุปเค้าจะมีหลายเเบบ เเต่เราเลือกเป็นหม่าล่ากับซุปไต้หวัน ส่วนตัวลองชิมหม่าล่าเเล้วชอบนะ ไม่เผ็ดจนลิ้นชา รสชาติเเบบคนไม่กินเผ็ดก็กินได้
พอสั่งน้ำซุปกับของใดๆ เสร็จก็เริ่มไปตักของกันเลอออ จะบอกมามีให้เลือกเยอะมากกก ผักเห็นได้เลยว่าสดมาก ! กอไก่ล้านตัว ของทุกอย่างสะอาดหมดเลย มีทั้งหมู กุ้ง หอยเชลล์ เเซลม่อน ลูกชิ้นชีส ฟองเต้าหู้ เส้นมัน ครบทุกอย่าง 🤣 (พิมพ์ไปยังหิวอีกรอบ) สิ่งที่ชอบอีกอย่างคือน้ำจิ้มของร้าน เราเอาไข่ไก่มาใส่ด้วย นัวมากกกกกก ไอเลิฟ ❤️ ตักมาเเบบจุกๆ พอกินควาเสร็จเเล้วก็ต้องต่อของหวาน ก็คือมีให้เลือกเยอะเหมือนเดิม555 เราอาจจะถ่ายมาไม่หมด เเต่มีทั้งไอติม Ben & Jerry’s / Häagen-Dazs และ Mövenpick  ของหวานเยอะมาก Croffle เราเอามาตักไอติมกินพร้อมกัน อย่างฟิน  , ไอศกรีมถั่วตัดผักชี ดีงาม, สายไหม , แพนเค้ก , พานาคอดต้า เยอะไปหมด5555 เเกก็คุ้มเกิ้นนน สำหรับใครอ่านมาจนถึงตรงจะบอกไปลองเถอะค่าาา เเต่อย่าไปเยอะนะ ไม่อยากรอคิววว 😭"
Ci9DQUlRQUNvZENodHljRjlvT21aRmRpMXdMVGhFTkdST09XcHZTUzB0YUdSQmVXYxAB,ธนัท เจียรนัยกูร,5,รสชาติโอเคครับ น้ำจิ้มหลากหลาย ที่สำคัญไอศครีมhaagen-dazsมีให้เลือกหลายรสมาก แค่กินไอศครีมก็คุ้มแล้ว
ChdDSUhNMG9nS0VJQ0FnSUN4N3J2VDZBRRAB,saku ra,5,น้ำซุปคือดีย์ เป็นหม่าล่าไต้หวัน  ซดได้ไม่มันมากกก เนื้อ Australian Wagyu มันโดนมากอ่ะ  ชิ้นใหญ่นุ่มมาก กินแล้วละลายในปากได้เลย อาหารทะเลคือสดด กุ้งตัวใหญ่มากก หอยยก็มีหลากหลายย ปลาแซลมอลล ปลาต่างๆคือมันดีไม่คาวเลยเวลากิน ไปกินมาหลายร้านไม่เคยเห็นตรงที่ทำน้ำจิ้มมคือ เค้าจะมีตัวแยกไข่แดงกับไข่ขาว ให้สำหรับคนที่ชอบทานน้ำจิ้มใส่ไข่แดง พอเอาเนื้อออมาจุ่มกินนนคือมันอร่อยยยและฟินมากกกกกค่ะ  ของหวานก็คือ เยอะมาก แนะนำ ไอศกรีมถั่วตัดผักชี อร่อยสุด
Ci9DQUlRQUNvZENodHljRjlvT25CMlJGQlNkbUU1V21OUE5VUm9ORVpIYVdOR1FsRRAB,Ponsiri K.,5,เคยมากินเมื่อ 8-9 ปีที่แล้วตอนนั้นอร่อยมาก วันนี้กลับมากินอีกทีก็อร่อยเหมือนเดิม คุณภาพไม่ตกเลย บริการดี โดยรวมแล้วประทับใจ จะกลับมากินอีก
ChdDSUhNMG9nS0VJQ0FnSURINC1tX3lRRRAB,Veeravat Changkeb,4,"น้ำซุปหม่าล่า-น้ำดำอร่อยมาก เข้มข้น
หมูคุโรบุตะดี แต่เนื้อมีให้เลือกน้อยไปนิด
ไอติมเยอะดีหลายแบรนด์ หลายรสชาต"
Ci9DQUlRQUNvZENodHljRjlvT201cGRESlVVMDl0T1d4WllXTTNPRk50ZURSM1kzYxAB,intira thongsom,5,อร่อย ของดี มีของให้เลือกเยอะ ไอติมอร่อย
ChZDSUhNMG9nS0VJQ0FnSUR0eUlMWFl3EAE,CHAT SS,5,บุฟฯชาบูไต้หวันที่ 1 ในใจ...ดีไปหมดชอบทุกอย่างจะมากินกับเพื่อน พาพ่อแม่มากิน จนพาลูกมากินทุกคนชอบหมดโดยเฉพาะครั้งล่าสุดเจอตู้คีบตุ๊กตา(กว่าเราจะมารีวิวตู้น่าจะไปสาขาอื่นแล้ว😅) ลูกคือกรี๊ดหนักมากกระโดดตะแง้วๆ ส่วนของกินไม่ต้องพูดถึงมาทีไรเด็กๆเจริญอาหารทุกรอบ ยิ่งตอนนี้เค้าปรับส่วนสูงราคาเด็กแล้วคือดีต่อใจอิพ่ออิแม่มากค่ะ ร้านกว้างไม่อึดอัด ที่จอดรถดีงามสุดๆในย่านอารีย์
ChdDSUhNMG9nS0VJQ0FnSUN4d3BmdHZRRRAB,Pakaphong Sawatdee,5,"ชอบมากจนต้องขอแชร์ ใครชอบกินชาบูไต้หวันแท้ รีบตามมาที่ FUFU SHABU เลยครับ ร้านอยู่ตรงแถวอารีย์ เห็นว่าเป็นเจ้าแรกในไทยแถมตัวร้านเพิ่งปรับปรุงมาใหม่ด้วย วันนี้ผมทานเป็นเซต Blue ocean 988 net นะครับ

🍲 ซุปที่สั่งจะสั่งมา 2 แบบคือ ซุปหม่าล่า+ซุปไต้หวัน ซุปหม่าล่าหอมอร่อยดี ไม่เลี่ยน ถามพนักงานเเล้วเขาบอกว่าเพราะที่นี่ไม่ใช้ไขมันวัวครับ ตักซดกินได้เลย

🥩🦐🧀 จบพาร์ทน้ำซุปก็ต้องต่อด้วยเนื้อกับของกิน! มีของให้เลือกตักเลือกสั่งเยอะดีนะ ถ้าเทียบกับราคา แถมแต่ละอย่างคือพรีเมี่ยมทั้งนั้น กุ้ง 4 แบบ, ปูม้า, หอยนางรมเกาหลี, เนื้อเป็ด, เนื้อแกะ, เนื้อออส พิมพ์ไปหิวไป อยากไปซ้ำ5555 นอกจากพวกเนื้อก็มีลูกชิ้นอร่อย ๆ กับชีสนัว ๆ แล้วก็ผัดหม่าล่ากับเนื้อเต๋าจักรพรรดิด้วยนะ

🍧🍦 ขอปิดท้ายด้วยโซนของหวานสุดโปรด มีกระเพาะเหลืออีกข้างไว้ให้ของหวาน ทั้ง พานาคอดต้า, บิงซู, แพนเค้ก(ทำเองสนุกมาก555), ครอฟเฟิ่ล, เยลลี่ แล้วก็ไอติมที่เป็นทีเด็ดของโซนเลย ในตู้มีแม็กนั่มไปจนถึงไอติมพรีเมี่ยมจาก Ben & Jerry,hagendaz, Movenpick อร่อยจนตักรัวๆน้ำตาลขึ้นก็ไม่สนใจแล้ว"
ChZDSUhNMG9nS0VJQ0FnTUNBMXAzcGJnEAE,Pongrat Chandranee,5,"บุฟเฟ่ต์ 488 net มีเมนูให้เลือกเยอะมาก
หมู เนื้อ ซีฟู้ด ลูกชิ้น ขนมหวาน
น้ำจิ้มก็หลากหลาย วัตถุดิบคุณภาพดี
มีที่จอดรถสะดวกสบาย"
ChdDSUhNMG9nS0VJQ0FnSUNvdVBxVXRnRRAB,Inthira Vittayasomboon,4,เนื้อดีของดี โดยเฉพาะไอติมคือดีงาม 499++ (+7% +10%) ซุปพริกไทยดำรสชาติเข้มข้น ส่วนซุปเห็ดหอม หอมดี แต่รสจืดไปนิด ส่วนของกินเล่น ของหวาน และบรรดาของสด เนื้อต่างๆ สด ..
ChZDSUhNMG9nS0VJQ0FnTURBN29EYWNREAE,Zonmon Mali,4,ราคาสมเหตุผล นอกจากไอศครีมทึ่ขึ้นชื่อ ในเมนูที่สั่ง ไอติมถั่วตัดก็อร่อยค่ะ
Ci9DQUlRQUNvZENodHljRjlvT2tGMlJqWk1hM0pCYW01emJsZHJSbE5ITFRVNGVWRRAB,Chrismeen .K,5,มาทานราคา 688+ ประจำ คุณภาพวัตถุดิบดี น้ำซุป น้ำจิ้มอร่อย ราคานี้มีเบียร์บุฟเฟต์ด้วยครับ
ChZDSUhNMG9nS0VJQ0FnSUNueU5Ta0ZREAE,Pa SoLucky168,5,"By far my favourite Shabu Hotpot. Clean and quality with various options. Desserts are great, a lot of choices. Totally recommend."
ChZDSUhNMG9nS0VJQ0FnSUN4LUs3ZEx3EAE,Thippawan Kaewarun,5,"กินบุฟเฟ่ต์อาทิตย์ละ 3 ครั้งได้ นี่กิน Fufu Shabu ติดกันมา 3 อาทิตย์ละ ไม่รู้ติดใจอะไรนักหนา รู้แต่ว่ามันอร่อย คุ้มราคา ปกติกินสาขาพระราม 4 วันนี้ลองกินที่ อารีย์มา เรากินราคา 1,288 บาท น้ำชุปเป็นหม่าล่า และซุปต้นตำหรับไต้หวัน  ใครจะว่ายังไงแต่รู้สึกว่าชอบรสชาติหม่าล่าที่นี่สุดละ มันไต้หวันแท้ๆ จะไม่เหมือนหม่าล่าจีนๆ ที่เคยกิน ชอบกินแนวนี้มากกว่า กินได้เรื่อยๆเลยมันไม่เลี่ยน ถ้าชอบเผ็ดๆขอพริกเพิ่มได้นะ ไม่คิดเงินเพิ่ม เริ่ดค่ะ  ในส่วนของเนื้อพรีเมียมมาก คุ้มกับเงินที่จ่ายไป555 เนื้อวากิว Australian  ชิ้นใหญ่มาก ฟินสุดๆ  ใครชอบกินซีฟู้ดสดๆ ก็มาลองได้  ประทับใจสุดคือกุ้งอาเจนติน่าและหอยเชลล์อร่อยแบบแสงออกปาก  อยากให้ทุกคนไปลอง"
ChdDSUhNMG9nS0VJQ0FnSUN4NWItSTNBRRAB,loveisinthemoment,5,"ใครไปกินบุฟเฟ่ก็ต้องรู้อยู่ละว่ามีของหวานใช่มะ ล่าสุดไปร้าน Fufu Shabu สาขาอารีย์มา ร้านนี้ยอมรับว่าบุฟเฟ่เขาจัดหนักจัดเต็ม ซุปหลายแบบ แต่ไปทีต้องซุปหม่าล่าonly เนื้อนุ่มปากสุด น้ำจิ้มยิ่งทีเด็ด รสชาติเฉพาะตัวสุดๆ แต่อย่างว่าทานของคาวก็ต้องตามด้วยของหวาน ในส่วนของเมนูของหวานทางร้านมีให้เลือกค่อนข้างหลากหลายเมนูเลย ทั้งชานมไต้หวัน แพนเค้กที่ต้อง DIY เอาเอง ไอศกรีม Häagen-Dazs , Ben&Jerry และ MOVENPICK ที่ทานได้แบบไม่อั้น สรุปนะ ต้องไปลอง ไม่ลองแล้วจะเสียใจ"
ChZDSUhNMG9nS0VJQ0FnSUQ2MTgzT053EAE,Sora Yano chanel,5,สุดยอดของร้านนี้คือ น้ำจิ้ม น้ำซุป และลูกชิ้นที่ไม่เหมือนใคร พนักงานบริการดี ใครชอบซีฟู๊ดก็สั่งแบบ 699++ แต่แค่ 499++ก็คิดว่าเพียงพอแล้ว เพราะมีอาหารทะเลบุฟเฟ่ต์เหมือนกันแค่ไม่มีปู แต่เนื้อนี่สุดยอดของความฟินกินแทบละลายในปาก ถ้ามาคนเดียวไม่ต้องจองโต๊ะแต่ถ้ามา 2 รนขึ้นไปแนะนำโทรจองล่วงหน้าเพราะโต๊ะเต็มเร็วมาก
ChdDSUhNMG9nS0VJQ0FnTURJcHNyN25nRRAB,Tai S.,5,"ห่างหายไปหลายปี  รอบนี้กลับไปกิน ประทับใจมากค่ะ

📌อาหารอร่อย สด สะอาด
📌น้ำจิ้มสูตรฟู่ฟู่ และน้ำจิ้มสุกี้อร่อย
📌น้ำซุปหมาล่าอร่อยเลย
📌ไอติมแน่นๆ เหมือนเดิม ฮาร์เกนดาสอร่อยและมีหลายรสมาก
📌ที่จอดเพียบ

ราคาบุฟเฟ่ห์ไม่แรง คุ้มค่ะ"
ChdDSUhNMG9nS0VJQ0FnSUNuMWRyVDdBRRAB,S. M.,3,"Everything is good but SERVICE IS SUPER SLOW. VERY DIFFICULT TO GET STAFF'S ATTENTION.
Taiwanese hot pot (buffet-style). All the meat, seafood and veg are fresh and delicious. However, service is quite slow so you should order a lot in advance through the QR code. Otherwise you have to wait around 30mins per time whenever you place in your sliced meat order."
ChdDSUhNMG9nS0VJQ0FnSUNQcnNfOHVBRRAB,Prakit,5,"สายบุฟเฟ่ต์ที่ชอบวัตถุดิบสดและคุณภาพดีขึ้นมาหน่อย แถมมีของหวานเป็นไอศกรีมแบรนด์เนม เช่น Haegen Diaz, Ben & Jerry แนะนำ Fufu เลยครับ น้ำซุปและน้ำจิ้มอร่อย ซุปหมาล่าถ้าเข้มข้นกว่านี้อีกนิดจะดีมาก"
ChZDSUhNMG9nS0VJQ0FnSUN4MmFXQ0R3EAE,pang 23,5,"ไปค่าวันนี้เราจะไปพากินบุฟเฟต์ชาบูสไตล์ไต้หวัน  ชื่อร้านว่า FUFU SHABU ที่สาขาอารีย์ สาขานี้ทำร้านใหม่แต่รสชาติอร่อยเหมือนเดิมเลย เราเลือกกินราคา 688 บาทค่ะ กินได้ 1.45 ชม.อย่างแรกเลยอยากให้สั่งซุปหม่าล่า แนะนำต้องลอง ของที่ให้ตักก็เยอะมาก ไม่ว่าจะเป็น ลูกชิ้นต่างๆ, ผัก, เส้น, พวกเนื้อหม่าล่าต่างๆ ผัดหมี่อร่อยมากกก  รวมถึงซีฟู้ดค่า น้ำก็เลือกกดไปเลย ชอบแบบไหนมีหมด  เนื้อคือดีย์ หมูสันคอก็ดี สไลด์มาแบบพอดีคำ ไม่เหนียว และยังมีเนื้อเป็ด เด็ดมาก เรามันสายเนื้ออยู่แล้ว จะบอกว่าอร่อยมาก เนื้อนุ่ม ลงน้ำพอสุก มาจิ้มน้ำจิ้มสูตรฟู่ฟู่ สูตรที่ร้าน มีตอกไข่แดงลงไปด้วย เข้ากันมาก!ของหวานก็น่ากินไปหมด เช่น ไอศกรีมคิดแคท พานาคอดต้า แพนเค้ก ชาไข่มุก ไอศกรีม ฮาเก้นดาส มูเวนพิค ของเบนด์แอนด์ เจอรี่ก็มีอีกนะ  ใครสายบุฟเฟต์อยากบอกว่าคุ้ม ต้องลอง"
ChdDSUhNMG9nS0VJQ0FnSURSZy1YcjlnRRAB,สิทธา คูณพิสิฐโชติ,5,"รีวิวร้านชาบูไม่ลับที่ที่บ้านชอบมากก อร่อยสุดๆ
FUFU บุฟเฟต์ชาบูสไตล์ไต้หวันแท้เจ้าแรกในไทย อยู่ตรงอารีย์เขาปรับโฉมใหม่ด้วย แต่รสชาติคือดีย์ อร่อยเหมือนเดิม ขับรถมาจอดได้เลยคือที่จอดรถกว้างอลังมากก ภายในร้านคือสะอาดกว้างสบาย นี่นั่งกินเป็นแบบห้องส่วนตัวฟีลเม้าไปกินไป (เราไปกับครอบครัวเลยจองห้องส่วนตัว)  เรากินหัวละ 1,288 บาทเพราะมีคนเลี้ยง
ระหว่างรอเนื้อใดๆ ก็ไปตักข้าว ผัก ลูกชิ้นแบบมีให้เลือกเยอะมาก ของทะเลปลาหมึก ปลาแซลม่อนก็มี  ทีเด็ดคือน้ำจิ้มฟู่ฟู่กับสุกี้คือมันนัวแบบบอกไม่ถูก จิ้มกับเนื้อคือฟิน น้ำก็มีให้เลือกเยอะถ้าใครสายชานมก็ตักชานมไข่มุกไปเลยจ้า ตัวหลักที่อยากแนะนำคือตัว เนื้อออสวากิว กับ ตัวคารุบิ คือมันนุ่มมาก ฟินมาก ซีฟู้ดก็เริ่ดแบบไม่ต้องพูดเยอะ มีครบทั้งหอย กุ้ง ปู ปลา สดไม่คาวเลย ซดกับน้ำซุปหม่าล่าคือกำลังดี คือปกตินี่ไม่ใช่สายหม่าล่าแต่ที่นี่กินแล้วไม่เลี่ยนกินเพลิน ปิดท้ายด้วยของหวาน ไอศกรีมคือมีให้เลือกเยอะมาก เอาจริงๆแค่กินไอติมก็คุ้มแล้ว มีทั้ง ฮาเก้น-ดาส,  มูเวนพิค และ เบนแอนด์เจอร์รีส์, แบรนด์ดังทั้งนั้นเอาให้คุ้ม พวกพานาคอดต้า บิงซูก็มี ทีเด็ดคือมีให้ทำแพนเค้กด้วยจ้า กินทุกครั้งต้องมาวาดสักรูป2รูปพร้อมโรยท๊อปปิ้ง บอกเลยคุ้มเกิน เดินแทบไม่ไหว555555 ใครสายชาบูแนะนำไปลอง"
ChdDSUhNMG9nS0VJQ0FnSUN4aExybzdnRRAB,TEERAPONG MOOLNAMANG (Qty),5,"Fufu shabu เค้ามีหลายสาขา แต่เพื่อนชวนกิน สาขาอารีย์ เพราะเค้าเพิ่งรีโนเวทใหม่  เรามากินเซ็ต 988 บาท กินได้ 2 ชม. อาหารในไลน์คือดือสำหรับเรา มีทั้งเนื้อออสเตรเลีย หมูสไลด์ กุ้งอาเจนติน่าหวานมากอันนี้แนะนำให้สั่งเลย แล้วยังมีกุ้งแม่น้ำ หอยนางรม บลา ๆใครเป็นสายซีฟู้ดรับรองถูกใจแน่นอนจ้า คุ้มมากแม่  มีแซลม่อนดองด้วยนะ กินป่นกันไปหมด5555  เอาอะไรมาไม่คุ้ม

ปกติหาข้าวกินแถวอารีย์คือไม่มีที่จะให้จอดเลย แต่ที่นี่เค้ามีที่จอดให้เลยก็ถือว่าดีนะ แถมมีโปรบัตรเครดิตด้วย ละก็ใครที่อยากพาน้อง ๆ หนู ๆ มาทานด้วย ถ้าสูงไม่เกิน 100 กินฟรีไปเลยจ้า นี่เห็นคุณพ่อคุณแม่พาลูก ๆ มาทานกันเยอะเลย ถ้ามารถไฟฟ้าลง BTS อารีย์ เดินเข้ามาในซอยได้เลยแต่เดินไกลหน่อย แนะนำให้นั่งวินตรงหน้าปากซอยเข้ามาจ้า"
ChZDSUhNMG9nS0VJQ0FnSUN4X2VPakpBEAE,Nunnaphat Prakobporncharoen,5,"ไม่ได้มากิน FUFU Shabu  นาน วันนี้เลยจัด เซท miracle 1,288 ไปเลย ก็คือยังปังเหมือนเดิม โดนใจสายเนื้อสุดๆ เค้ามีเนื้อหลายแบบให้เลือกเลย ที่โดนใจสุดคือ  เนื้อวากิวออสเตเรีย ชิ้นใหญ่มาก เต็มๆคำ  มีให้เลือกหลากหลายอยู่ ชอบ คารุบิ คือนุ่มมาก   ตัวสันคอธรมดาที่ไม่ใช่วากิวก็ดีนะ  แถมน้ำจิ้มยังผสมได้ตามใจชอบ แต่เบสน้ำจิ้มคือเด็ด ผสมยังไงก็อร่อย น้ำก็มีให้กดแบบหลากหลาย และสุดท้ายปิดด้วยมุมขนม ไอติมจุกๆไปเลย 4 ตู้ มีครบทุกแบรนด์ ส่วนตัวชอบ Ben & jerry อยู่แล้ว ตักไปทานคู่กับแพนเค้กทำเองก็คือฟิน เราไปแบบจองห้องส่วนตัว กว้างนะ จุกคนได้เยอะ เอาจริงบอกเลยว่าอิ่มคุ้มราคามากกกก ต้องไปอีกแน่นอน !! อยากให้ทุกคนที่รักการกินได้ไปลอง"
Ci9DQUlRQUNvZENodHljRjlvT2pGaFgyOXdObFUyUkVJMGNITXpZbmhhVWxBd2IwRRAB,Bhukittat Kittiratthapass,5,อาหารดีงามเหมือนเดิมทุกครั้งที่มา รอบนี้ renovate ใหม่ดีกว่าเดิม
ChZDSUhNMG9nS0VJQ0FnSURSdzZuZURREAE,Nattakarn (TOEI) Chalermwit,5,บรรยากาศใหม่ รสชาติอร่อยเหมือนเดิม เรามาทานห้องส่วนตัวกับเพื่อนๆคือสะอาดและพื้นที่กว้างมาก และชอบหอยเชลล์สดและใหญ่มาก และซีฟู้ดอย่างอื่นก็คือดีงาม กุ้งสด หอยใหญ่  เนื้อวัวนำเข้าเลยนะ แนะนำสั่ง Australian Wagyu ชิ้นใหญ่นุ่มมาก อร่อย
ChZDSUhNMG9nS0VJQ0FnSURHc1pTN1JBEAE,Thaweechot Tatiyapermpoon,4,"รสชาติ / Taste - 8/10
บริการ / Service - 8/10
ราคา / Price - 10/10
บรรยากาศ / Ambiance - 9/10
ที่จอดรถ / Parking - 10/10

แนะนำ - ชาบูไต้หวัน

Recommendations - Taiwanese shabu.

ต้องกิน - เนื้อออส / ลูกชิ้นเห็ดหอม / ลูกชื้นกระเพาะหมู / ไอติมไฮเกนดาสราแมคคาเดเมีย

Must eat - Aussie beef, pork meat balls with enoki mushroom and pork stomach and Häagen Dazs macadamia ice cream.

ข้อดี - อร่อย / มีที่จอดรถกว้างขวาง

What to expect - Tasty. Lots of parking spaces.

ข้อติ - เวลาจำกัดไปหน่อย น่าจะให้ 2 ชั่วโมง

Don’t be surprised - Too limited eating time. Should be at least 2 hours.

อัพเดท (8 สค 2565) (รูปที่ 10-12) - ความอร่อยน่อยลง หรือเราคิดไปเอง หรือเพราะไม่มีลูกชิ้นเห็ดหอมกับลูกชิ้นกระเพาะหมูแล้ว

Updates (8 Aug 2022) (pic 10-12) - Has it become less tasty or it is just me or because they don’t serve two of my favourite meat balls (pork mushroom and pork stomach) anymore."
ChdDSUhNMG9nS0VJQ0FnSUN4eHREaHN3RRAB,Lingung Joy,5,"มากินครั้งที่สามแล้วจ้า แต่ยังไม่เคยรีวิวสักที เลยขออวยนางสักหน่อย  FUFU ชาบู สาขาอารีย์ อร่อยสมคำล่ำลือ ความละลานตาต้องยกให้ที่นี่ ร้านกว้างมีหลายโซน นั่งแล้วไม่อึดอัด  แต่ขอรีวิวอาหารก่อน น้ำซุปสูตรเด็ด อยากขอสูตรต่อเลย น้ำซุปดียังไม่พอ เนื้อนุ่มมาก มีหลายแบบให้เลือก เลยขอแปะเมนูมาให้ได้ดูกันไปเลย ผักเขาก็หลากหลาย มีตั้งแต่สากเบือยันเรือรบ ขนมาทั้งสวน อาหารทะเลอีก กุ้ง หอย ปู ปลา มีหมด เอาจริงๆก็อยากกินทั้งหมด แต่กินไม่ทันจริงๆ เพราะมันเยอะมาก กินของคาวเสร็จก็ต้องต่อด้วยของหวาน ไอติมเต็มตู้เลย แบบตักก็มี บริหารกำลังข้อแขนกันไป พานาคอดต้าจุกมาก ขอแนบรูป ที่เห็นทั้งหมดนี่ราคา 688 นะ แต่ความคุ้มเกินเบอร์ เพราะนี่ก็ไปกินมาสามครั้งละ ก็ติดใจทุกรั้ง เวลากิน 1.45 น. เออใช่ เอามีแบบห้องส่วนตัวด้วยนะ คนอยู่ได้เยอะ เป็นครอบครัวใหญ่ไปเลย ค่าห้องเพิ่มอีก 1,000 นึง
ร้านอยู่นี่นะ  FUFU shabu สาขาอารีย์"
ChZDSUhNMG9nS0VJQ0FnSUR4cnMyNFBnEAE,Eye Thamolwan,5,บอกต่อความอร่อย ร้านลับที่ไม่ลับ เพราะใครๆก็รู้จัก ฟู่ฟู่ชาบู บุฟเฟต์สไตล์ไต้หวัน มีของให้เดินตักเยอะแยะไปหมด รีวิวไม่ถูกเลย เราชอบเนื้อวากิวที่สุด เนื้อสไลซ์มาแบบพอดี ไม่หนา หรือบางเกิน จุ่มในซุปหม่าล่าแล้วกินนะ คือแบบเคี้ยวได้แบบละลายในปาก เนื้อนุ่มๆ มีความฉ่ำ ฟินอยู่ กินคู่กับน้ำจิ้มฟู่ฟู่ที่ตอกไข่ด้วยนะ อยากบอกว่ามันดีมากอ่ะ ไม่ลองไม่รู้จริงๆว่าความฟินเป็นยังไง เมนูอื่นๆก็มีให้เลือกเยอะนะ ทั้งผักที่สดมาก แถมลูกชิ้นนี้อย่างเยอะ แถมอร่อยด้วย ที่ขาดไม่ได้สุดท้ายเลยน่าจะเป็นของหวาน เช่น พานาคอดต้า ชาไข่มุก แพนเค้ก ไอติมแท่งในตู้ แล้วก็ไอติมสามตู้ ชื่อ Ben & Jerry และ Hassgengaz และ Movenpick เพื่อนแอบกระซิบว่าเป็นไอติมพรีเมียมเลย เราเลยตักไปเยอะนิสนึง รวมๆคือประทับใจ เรากินราคา 988 เวลา 2 ชม.
Ci9DQUlRQUNvZENodHljRjlvT2xoemEyMHlTeTFWWmxrME9YUktVM1l0U2xkSWFsRRAB,Vitty Twitty,5,"ร้านชาบูที่หนึ่งในใจตอนนี้ละครับ ทุกๆ อย่างลงตัว คุณภาพอาหารมาดีเลยครับ ผักสด น้ำซุป น้ำจิ้มรสชาติดี

แถมมีไอติมให้กินอีกเพียบ"
ChdDSUhNMG9nS0VJQ0FnSUNXaklXTjdRRRAB,Gunn_Tor,5,"กินมาตั้งแต่ร้านเปิด ถ.พระราม๔. คลองตัน น้องสาวรู้จักหุ้นส่วนร้านท่านนึงรวมตัวกัน นำสูตรชาบูหม่าล่าไต้หวัน เจ้าดังมาเปิดขายในกรุงเทพฯเป็นที่แรก เปิดสาขาใหม่อารีย์ ใกล้บ้านไม่ต้องไปทางนู้นแล้ว สบายเลยทีนี้
จนตามไปกินร้านแท้ๆที่ไต้หวัน ในไทเป* กลับมาต้องกลับมากินฟู่ฟู่ตลอด พอให้หายคิดถึงไต้หวัน
เนื้อคุณภาพดีครับชิ้นใหญ่ ตักอาหารกันให้พอกินอย่าให้เหลือทิ้ง ไลน์เนื้อ ไลน์ผัก ไลน์ขนม ไอศกรีม ใหญ่มาก หมด มาเติมใหม่ตลอด น้องๆพนักงานเอาใจใส่ลูกค้าดีมาก ดูแลตลอด ช่วงโควิด19. ทำเอาชะงักไปเหมือนกัน ขอให้กลับมาเปิดเต็มรูปแบบในเร็ววันนะครับ รักร้านนี้มาก กินกันมาเกือบ 10ปี.ขอให้อยู่กันไปนานๆครับ"
Ci9DQUlRQUNvZENodHljRjlvT21WeVZHdHRhSFJTVmtOaWFteHdZbmhzZFRsWlRtYxAB,Manussawee Plengsanguan,3,ทุกอย่างดีหมด แต่คนคุมที่จอดรถใช้ไม่ได้เลย เราไปทานตอนที่ที่จอดรถเต็ม พนักงานผู้ชายก็ไม่ให้เข้าจอด เราก็ถามว่าแล้วไปจอดตรงไหนได้บ้างคะ พนักงานพูดแต่ว่าที่จอดเต็มครับเราก็ไม่มีที่จอดสำรอง เราเลยถามอีกว่าไปจอดตรงไหนได้อีกบ้าง พนักงานพูดว่าไม่รู้ครับไม่มีแล้ว แล้วในกรณีแบบนี้ถ้าไม่มีที่จอดรถก็จะไม่รับลูกค้าเลยหรอคะ แนะนำก็ได้ว่าลูกค้าต้องหาจอดตามซอยอะไรก็ว่าไป เฟลมาก พูดแต่ไม่รู้แก้ไขสถานการณ์อะไรไม่ได้เลย
ChZDSUhNMG9nS0VJQ0FnSUNIbFpiY0xBEAE,บุษบงกชณ์ แสงวัฒนะ,5,มีอาหารหลากหลาย ภายในร้านกว้าง พนักงานบริการดี รายการอาหารที่สั่งได้เร็ว รายการอาหารคุ้มกับราคา
ChZDSUhNMG9nS0VJQ0FnSURSZy1pX1hREAE,top xl,5,"วันนี้จะขอมารีวิวหน่อย พอดีมีโอกาสได้ไปร้านชาบูสไตล์ไต้หวันกับร้าน FUFU Shabu สาขาอารีย์โฉมใหม่ เขาทำใหม่ บรรยากาศดี มุมของให้ตักเยอะมาก แถมมีมุมห้องส่วนตัวด้วย ใครที่อยากมากินฟีลส่วนตัวกับเพื่อนๆ แนะนำเลยดี วันนี้เลือกกินราคา 688 บาท เลือกเป็นซุปไต้หวันและซุปหม่าล่า ระหว่างที่รอสั่งกับพี่พนักงาน ก็ไปเดินตักของ มีให้เลือกเยอะมาก  เราชอบกินลูกชิ้น อยากจะบอกว่า FuFu  มีให้เลือกเยอะจนตาลายมาก แถม น้ำจิ้มชอบมาก อร่อยดี ชอบน้ำจิ้มสูตรฟู่ฟู่ของทางร้าน ตอนจิ้มกินอร่อยนัวๆไปเลยกับเนื้อ น้ำก็มีให้เลือกกด ชอบอะไรเลือกได้เลย ของหวานก็เยอะมากหลากหลาย โดยเฉพาะไอศกรีม มาทุกแบรนด์ดัง Ben&Jerry, Haagen-Dazs และ Movenpick  แล้วยังมีให้ทำบิงซูและแพนเค้กอีก และที่เราชอบมากคือไอติมถั่วตัดผักชีที่อร่อยมาก อารมณ์เหมือนกินที่ไต้หวันเลย  จริงๆ คือแบบเลือกกินทั้งคาวทั้งหวานกันจุใจไปเลย คุ้มมากวันนี้กินกันจนอิ่มไปเลยย"
ChZDSUhNMG9nS0VJQ0FnSURIaXBEeFF3EAE,Methinee S,5,"เนื้อและของทะเลสดดีมาก คุณภาพดีมาก น้ำจิ้มมีให้เลือกหลากหลาย ไอศกรีมมีทั้ง Hagendaz, Movenpick, Ben&Jerry และ Magnum อร่อยมากๆ"
ChdDSUhNMG9nS0VJQ0FnSUR4eDZ2TGt3RRAB,Araya Prathompas (Seafah),5,"คุ้มเกินคาดดด!! ปกติไม่ใช่คนที่ชอบทำรีวิวอะไร แต่มีโอกาสได้ไปลอง FuFuShabu สาขาอารีย์ที่เค้าว่ามันเพิ่งปรับปรุงใหม่ ด้วย buffet ราคาเริ่มต้น 688 NET ไม่มีบวกเพิ่มแล้ว เลยคิดว่าต้องขอเอามารีวิว ถ่ายรูปไม่เน้นสวย เน้นจริง เนื้อที่มากับราคานี้เป็นเนื้ออย่างดีจากออสเตรเลีย เนื้อบางนุ่มแบบไม่ต้องเคี้ยวเยอะก็ละลายลงท้องแบบไม่ต้องพยายาม ราคานี้เป็นเนื้ออย่างดีจากออสเตรเลีย เนื้อบางนุ่มแบบไม่ต้องเคี้ยวเยอะ เค้ามีให้เลือกหลากหลายอยู่ เรื่องของเส้น ผัก เดอะเห็ด เต้าหู้ทุกสายพันธุ์ นี่คงไม่ต้องพูดถึง จัดหนักแบบโคตรรรรรรรร เลือกกินกันตาลายเลย ของหวานขอยกให้ไอติมมม นี่คือยืน 1 อ่ะ มาทั้ง Ben & Jerry, Hassgengaz และ Movenpick จัดเต็มให้หมดทุกอย่าง มาแล้วก็ต้องจัด ถ้าใครสายไอติมแท่งก็มีให้เลือก ทั้งแมคนัมและคิทแคท สรุปคือ ชอบ อร่อย คุ้ม ของหวานโคตรบันเทิง จบการรายงานสวัสดี"
Ci9DQUlRQUNvZENodHljRjlvT2xRNWFtMTFUakJCWnpGMWNVMXhlakZCZWpVdFVVRRAB,Intan Saraswati,5,"Ordered ala carte as we’re aiming for the better part of meat. We had oyster blade, short ribs, premium wagyu tongue, dan large intestine. Everything was juicy and great, even my 5yo daughter can chew them super fast. Beef is really a good quality (they stated it was tokushima mitsuboshi beef)
The short ribs was super juicy, we ended up reordering 3x.
Dipping sauce was also good. I personally loved the yuzu, taking it in turn with wasabi and sesame oil.

W"
Ci9DQUlRQUNvZENodHljRjlvT200NE9ERnZlbE52WW01SllsTXpNRzlLWWpKbVVFRRAB,Maitte,5,"I enjoy coming here for Japanese style BBQ, Yakiniku. The price is reasonable and the meat variety  and side dished are plenty for the buffet set. For the 888 B set you can have 4 different beef options plus chicken and pork. With the 1275B set you can have all of the 1 set plus a premium beef (only 1 per 2 people) plus beef entrails, if that's your thing to enjoy eating them.
The service is attentive. And the highball drink is delicious, very smooth and balanced as they use the original Japanese whiskey 🥃. One of my favourite times is calling for table service with the chicken toy squeegee on the side of the table."
Ci9DQUlRQUNvZENodHljRjlvT2pjd1VrbG9Zblo0VFZaRE5GTkJVWEpKYUdacmMxRRAB,ME3NGY • ミンチー,5,"อีกหนึ่งร้านยากินิคุที่เป็น hidden gem ในย่านสุขุมวิทนี้ ที่ร้านใช้เนื้อ Tokushima Mitsuboshi Beef ซึ่งเป็นวากิวเกรดพรีเมี่ยมจากจังหวัด Tokushima ระดับ A4-A5 พอย่างด้วยเตาถ่านแล้วหอม นุ่มละลายลิ้นมากๆ ปกติร้านจะขายเป็น a la carte แต่วันธรรมดาจันทร์-ศุกร์จะมีโปรโมชั่นบุฟเฟ่ต์มี 2 ราคาคือ 1080+ และ 1599+ บาท และบุฟเฟ่ต์เบียร์สด Asahi ในราคา 298 บาท ทานได้ในเวลา 90 นาที เจ้าของร้านและพนักงานบริการดีมากๆ คอยเปลี่ยนถ่านกับตะแกรงให้ตลอด ถ้ามาแนะนำให้โทรจองล่วงหน้าจะดีกว่า เพราะลูกค้าคนญี่ปุ่นเยอะมากๆ

🥩 ยากินิคุ
🚘 ร้านไม่มีที่จอดรถ สามารถจอดรถได้ที่ EmQuartier จอดฟรี 2 ชั่วโมงแรก เดินต่อประมาณ 450 เมตร
🚊 สถานีพร้อมพงษ์ เดินประมาณ 450 เมตร"
Ci9DQUlRQUNvZENodHljRjlvT2xwVlNWVkJXamRrVGtOUVVqZE5Ta1YzTmpGdmIyYxAB,N N (Pom),4,"นี่เป็นครั้งแรกเลยที่เราได้กินเนื้อจากเกาะชิโกกู ร้านนำเข้า Awa Kuro Beef จากฟาร์มของเค้าเองในจังหวัด Tokushima ที่ร้านมีเครื่องในให้ลองสั่งหลากหลายพอสมควรด้วย
Sirloin หอมหวานกินเปล่าๆไม่ต้องจิ้มก็ได้ Tenderloin สั่งมาลองแบบไม่ราดซอสเนื้อมาแบบชิ้นหนาประมาณ 1 ซม. แต่เนื้อสีจะคล่ำหน่อย ย่างแล้วนุ่มใช้กรรไกรตัดเบาๆขาด"
Ci9DQUlRQUNvZENodHljRjlvT25CaFUyZDZZVkF5Y0dVM1ZITTBZelpUWVVwZlNHYxAB,Inggie tae,5,เนื้อนุ่มคุณภาพดีมากกกกกก ไม่มีกลิ่นคาว/กลิ่นเหม็นๆเลย ประทับใจมันปูด้วยใส่เนื้อปูมาให้เต็มๆ แถมอร่อยยันน้ำจิ้มจริงๆ แถมชอบให้ทางร้านย่างให้ฟรีได้ด้วยนะ ประทับใจสุดๆ
Ci9DQUlRQUNvZENodHljRjlvT2pVMVFsUldRVEp2V0dWaU1YZFlOMG96TjBneVNFRRAB,A,5,"Wasn’t feeling great today, so when I finally had a quiet moment I came to try the hamburger steak my friend had been raving about. The meat was incredibly juicy, the sauce had great depth, and everything was full of flavor. Even the rice was perfect. As a Japanese living in Bangkok, I feel lucky to be able to enjoy this kind of taste here. I’ll definitely be back. おいしく、とてもよかったんです！ありがとう！またきます😋"
Ci9DQUlRQUNvZENodHljRjlvT21ObVVWWldkVE5ZV1dSUVdUVmxOMnh1TlU1Q1VHYxAB,Nawacharee P,3,"Was an alright experience. The place was small and sticky and the seating was uncomfortable but the food was okay.

Beef quality was relatively good but nothing mind blowing. The size of the beef order is good, not too big so we can try different things. Their side dishes are small and kimchi smelled a little weird.

Staffs had interesting vibe. One guy was really nice and friendly to us, other people were kinda off-putting and were not attentive at all. We had to keep asking them to change the grill or put in more fire.

No parking at all, we parked at EmQuartier and walked over. It was a short 7 minute walk.

Quality to value is okay. It was an alright experience. Might be good for bigger party but we probably won’t be back."
Ci9DQUlRQUNvZENodHljRjlvT2xKbGJFRnBSa1E0VG1NeVZUWkhOMHRLUjFkYUxVRRAB,Narinpaat Guin,5,"เนื้อดีม๊าก ที่ร้านมีแบบบุฟเฟ่ต์ด้วยนะคะ ราคาไม่แพง
แต่เราสั่งแบบจานเดี่ยวนะ
ไม่มีที่จอดรถนะคะ ต้องจอดรถหน้าปากซอยที่ tops supermarket ค่ะ"
Ci9DQUlRQUNvZENodHljRjlvT21ONmFuTlBaamc1TkZselMwaG5WR1Z5WkdST1EyYxAB,Kanna October,5,"Exquisite Japanese Beef BBQ place. The beef is sourced from their exclusive farm in Tokushima, Japan. All food are well prepared. Staffs were friendly and attentive. This is my first visit but this place have ranked up and made it to top rated Yakiniku place for me."
Ci9DQUlRQUNvZENodHljRjlvT2pSUWVXVlBYMmRrWWs1S05YRkhXRTFSVTBkTE9HYxAB,Shin Thaw,5,"I visited this place for dinner, having heard great things from friends. Located around the phrom phong area, it's a true gem for yakiniku lovers! The wagyu beef was exquisitely marbled, offering a rich flavor without being too heavy. Each cut we tried was delightful, leaving us pondering what to pick next time😊

The ambiance was warm and welcoming, with excellent service that made our dining experience even more pleasurable. The staff were attentive and provided helpful grilling tips. With the quality of beef and overall experience, the pricing felt more than reasonable! I look forward to returning with friends to explore more beef cuts and enjoy a memorable time together."
Ci9DQUlRQUNvZENodHljRjlvT2toWGMxQldSekEzWjBwcE5WTXhjbTExY2pSck9HYxAB,Pasin Humbert,3,"Overall it is alright in terms of meat quality and service. I am actually doubting if the meat (Brisket and Sirloin) is synthetic as they are too well uniformed, the fat of the sirloin is too clean cut. The color is on a pale pink side and the texture after cooking is questionable. I can only assure the diamond cut is real beef.

The staff lacks knowledge of their own menu as well."
Ci9DQUlRQUNvZENodHljRjlvT25CRFpWaEJUelZ2UzFoVmExVlFiamQxVEZSQ2NXYxAB,J C,5,"ร้านเนื้อย่างเตาถ่าน เนื้อคือดีย์มากกก หอมกลิ่นเนื้อ นุ่มกำลังดี มีหลากหลายส่วนให้เลือกสั่ง มีแบบบุฟเฟ่ 2 ราคา 888+ และ 1298+ แค่ราคาเริ่มต้นก็คุ้มมาก ๆ เครื่องเคียงมีให้เลือกหลากหลาย แต่ถ้าอยากดื่มก็มี unlimited drink Beer 298.- ร้านไม่มีที่จอดรถ ต้องไปจอดที่ Top แล้วเดินมาที่ร้านนะค่ะ
#สายเนื้อ #อร่อยบอกต่อ"
Ci9DQUlRQUNvZENodHljRjlvT2tzdExUVkhVMUYxUVdSd1pqaGtiaTFmY1ZKQlkxRRAB,Chatchaya kamnerdthong,5,เนื้อ Premium Harami นุ่มอร่อย พนักงานน่ารักเป็นกันเอง ช่วยย่างให้ด้วย มันปูอร่อย
Ci9DQUlRQUNvZENodHljRjlvT21rMmFVcFJiR1l3TkZsVFJXazVVa2hvYWtNMk9XYxAB,Kiattichai Chatchumsai,5,"I recently visited a yakiniku spot for dinner after discovering it on Google Maps. It was my first time there, and I must say, it was an excellent choice! Located in the vibrant Phrom Phong area, this place offers a fantastic selection of Wagyu and other beef cuts. The marbling of the meat was perfect, giving it a rich but not overwhelming taste. The atmosphere was cozy, and the staff provided exceptional service, offering grilling tips and ensuring a pleasant experience.😊

The quality of the meat and the ambiance justify the prices, making it a great option for special occasions or casual dining in Phrom Phong. I am already looking forward to my next visit, where I plan to try a platter with different beef cuts and possibly invite some friends to share the experience. Overall, I’d rate this spot a strong 10/10 for both food and service!✨"
Ci9DQUlRQUNvZENodHljRjlvT2xsVFVFeEVWRTVYVkMxQmRscHVSbEpOTnpJNVlYYxAB,Kot Soonthronsuk,5,"It was my first visit for dinner after discovering the place on Google Maps. I'm glad I did! The ambiance was warm and welcoming, and the staff were attentive with grilling tips.

Located around phrom phong, it's a great spot to enjoy some authentic yakiniku. The Wagyu and other beef cuts had an exquisite marbling, with the aroma filling the air as they grilled to perfection.

Each cut was tender and flavorful. I was impressed by the variety on offer; it made choosing a fun experience 😊 Given the quality and the cozy atmosphere, I found the price very reasonable. I'm already planning to come back with friends to explore more cuts and sides!"
Ci9DQUlRQUNvZENodHljRjlvT20wNVpVdHpjVGt4YmtoTFNGZHBPVVZxYUVScU9YYxAB,Toe Aung,5,"I discovered this spot through a friend's recommendation and have been back multiple times for dinner. The wagyu here is incredibly delicious! 🥰 The balance of fat in the wagyu cuts provides a rich flavor without being too heavy. The aroma as it grills is delightful, and there's a wide range of beef cuts to choose from, making each visit exciting. The atmosphere and service are warm and welcoming, with helpful staff ready to guide you. In the bustling area of Phrom Phong, you’ll find the quality and price satisfying for yakiniku. Next time, I’m eager to explore more diverse cuts and share the experience with friends."
ChZDSUhNMG9nS0VNYmI2cy1Ud2RYRFNBEAE,Ckn,5,"I really enjoy eating yakiniku. I’ve been to many different restaurants, and this is my third time dining at this one just this month. I’m very impressed the quality of the meat is excellent: tender and delicious, definitely worth the price. The atmosphere is similar to yakiniku restaurants in Japan. The staff provide great service, and it’s conveniently located."
Ci9DQUlRQUNvZENodHljRjlvT2xsZlFqTnhVVGxmWWxGWllVeDBWblI0Y1VkNFZWRRAB,Napaskamol Sillapachai,4,เนื้อดีมากวันนี้สั่งเป็นเซต โอมากาเซะ ดีมากคุ้มเลย รสชาติเนื้อปลื้มเลย และสั่งแฮมเบอก์ก็ดีเลยนุ่มรสชาติกำลังดี 👍☺️🤩😋
ChZDSUhNMG9nS0VNNmo0b1RTdnFpNmFnEAE,Gourmet Advisor,3,"The meat wasn’t particularly impressive, but it was tasty. The soup, cold noodles, and curry rice I had at the end of the meal were especially good.
The box seats on the first floor are small and a bit cramped. On the second floor, there are two tables for eight people each, which can be used as private rooms for larger groups."
Ci9DQUlRQUNvZENodHljRjlvT2sxT1FtSlRZMFpPVkMwNWEyZExabHBvWkZseldFRRAB,Nuch Suppanuch,4,I like their meats but the stove was not hot enough for grilling. (It’s hot but better be hotter to make the food tastier). Service was okay. No parking space available.
Ci9DQUlRQUNvZENodHljRjlvT25GaldGRXdVVUZ3YkdWUmJuVmliVGhIT0RkYU4wRRAB,Pitchapon Jirawongsapan,5,"I recently visited a lovely yakiniku spot on a friend's recommendation for a dinner outing. My first time here, and the experience was delightful. The Wagyu had an excellent balance of fat, offering a rich yet not overpowering flavor. There were plenty of beef cuts to choose from."
ChdDSUhNMG9nS0VNeXEzTV8wZ3NXTy13RRAB,Mana Salem,5,"If you're craving an exceptional yakiniku experience in Bangkok, look no further than 298 Nikuya Yakiniku near Sukhumvit.  Tucked away in Soi Sukhumvit 41, this gem offers a delightful escape into the world of premium grilled meats. From the moment you step inside, you're greeted with a warm and inviting atmosphere.
The star of the show, of course, is the quality of the meat. Each cut is beautifully marbled and bursting with flavor, promising a melt-in-your-mouth sensation with every bite. Whether you're a fan of tender wagyu or succulent karubi, their selection is sure to impress even the most discerning palates.
Beyond the fantastic food, the service at 298 Nikuya is truly commendable. The staff are attentive, friendly, and always ready to assist, ensuring a smooth and enjoyable dining experience. The ambiance is perfect for a relaxed dinner with friends or a special occasion.
With its convenient location just a stone's throw from the bustling Sukhumvit area, 298 Nikuya Yakiniku is a must-visit for anyone seeking a top-notch yakiniku experience in Bangkok. Highly recommended."
Ci9DQUlRQUNvZENodHljRjlvT2kwNVlYQkZPVWR2WlRGME5IVTJWazFOWTJKMmNXYxAB,Sompong,5,ร้านนี้เนื้ออร่อยมากกกก เนื้อนุ่ม ละลายในปาก 100/10 สามารถจอดรถได้ที่ท็อป
ChZDSUhNMG9nS0VJQ0FnTUNBaGVlMUNnEAE,BLS,5,"We loved our meal here. We made reservations on a Sunday at 7pm. The restaurant was busy. The steak melted in our mouths. We ordered ala cart and the portions were generous. I recommend the tenderloin, skirt steak and the watermelon salad. We enjoyed listening to the squeezable chickens for service."
Ci9DQUlRQUNvZENodHljRjlvT2twNmFtSXhPRzVhY0VKZmVGUkpRekJsVVdkMFVIYxAB,rujirabhorn K.,5,อาหารอร่อย เนื้อนุ่ม หอม อยากให้มาลองเซ็ตในภาพคู่กับยำแตงกวาค่ะ
ChZDSUhNMG9nS0VJQ0FnSUN2bnJUbENREAE,Patra Patrapak,5,ร้านเนื้อย่างเล็กๆแต่คุณภาพดีมากเหมือนนั่งกินที่ญี่ปุ่น เนื้อวากิวเกรดดีราคาไม่แรง นุ่มละลายในปาก ให้ 10/10 เป็นร้านโปรดตอนนี้ ถ้าอยากกินเนื้อวากิวญี่ปุ่นดีๆแนะนำ
Ci9DQUlRQUNvZENodHljRjlvT2pSVlpYbE5TMjF4Y0d3dGRrdzVXR05aVUZOWGRtYxAB,Sita PaPai,5,อาหารอร่อยมากคะ เนื้ออร่อยดีนะคะ ร้านบริการดีคะ คุ้มค่ามากคะ
ChZDSUhNMG9nS0VJQ0FnTUN3LUxmVUhREAE,chay kim,5,"Food is absolutely good and they have many options to choose. Wide price range. So it doesn’t matter how much your budget is. Starting with B90 (Hamburger) to many other    meal options. Definitely, beef is absolutely great. It’s charcoal grills. It’s cost effective !!"
Ci9DQUlRQUNvZENodHljRjlvT21OV2VVTnhZV0U1TlZCQk9WUlRTVEF4UjI4dFVYYxAB,Varocha Siriluk,5,เนื้อดีดีมากเลยค่ะ วัตถุดิบคุณภาพ ราคาไม่แพง คุ้มค่ะ
ChdDSUhNMG9nS0VJQ0FnTURBbXZtZGp3RRAB,Top Siam,5,"เนื้อดี ย่างอร่อยฟิน สั่งแบบบุฟเฟต์
เนื้อ sirlion takoshima นุ่มละลาย
ถ้าแบบอะลาคาร์ท สั่งพรีเมี่ยมจะยิ่งดีไปอีกนะ
น้ำจิ้มมีหลายอย่างมาก
เครื่องเคียงก็เยอะ กิมจิอร่อย ไว้จะมากินอีก"
Ci9DQUlRQUNvZENodHljRjlvT2xFM1p6aFBkRFZOU25ZNVpGUlZlSEJmTFdkS0xXYxAB,Suwannee Srisom,5,"เนื้อดีคุณภาพสมราคาพนักงานบริการดียินดีบริการลูกค้า
ชอบยูเกะ"
Ci9DQUlRQUNvZENodHljRjlvT2pWVGIxRjVNRlpNTWxsT1VtTlFVelYxVEVFMWFtYxAB,Film Kaopaiboon,5,อาหารอร่อย บริการดีมากค่ะ พี่ๆพนักงานใจดีมาก ประทับใจสุดๆ
ChZDSUhNMG9nS0VJQ0FnTUNBbThXZ2VBEAE,Hartmut Limprecht,5,"Really nice little Yakiniku restaurant! Really fresh meat and delicious! The waiters are really awesome and taking good care of you. Good selection of beef, chicken and pork but also some veggie selection. Will be back!"
ChdDSUhNMG9nS0VJQ0FnSUNYeExMS2tBRRAB,Fon Sukanya,5,คือดี นอกจากเนื้อจะอร่อยเหมือนกินที่ญี่ปุ่นแล้ว ยังมีอาหารอย่างอื่นที่หลายหลายและอร่อยมากๆด้วย “ที่ชอบที่สุดคือสายดื่มบุ่ฟเฟ่ต์เหล้าคุ้มมากกกก แถมมีคาราโอแกะให้ร้องด้วยชั้น2 เหมาะมากับเพื่อนเยอะๆ แล้วพากันเมากลับบ้านไม่ถูก”^ - ^
Ci9DQUlRQUNvZENodHljRjlvT2xBM2NXMVhaalV4YWxZd1YxcDFWWE53U0haelJWRRAB,Seksan Mhanthanorm,5,มาสุขุมวิทก็ได้กินเนื้อย่างคุณภาพญี่ปุ่น บรรยากาศร้านดี พนักงานเป็นกันเอง
Ci9DQUlRQUNvZENodHljRjlvT25KTU0xRllZV2M1UVc5aWNuQlpOblZmYnpjMFdHYxAB,suthasinee prajanuraks,5,"Great service, good quality beef 👍🏼"
ChZDSUhNMG9nS0VJQ0FnSURid2FhYVNREAE,John T,5,"A great, almost secret Japanese place.  The tiny burgers are fantastic.  Order without sauce.  The sauce is good but the beef is so delicate the sauce overwhelms it. The rice is also exceptional, whether part of a bowl or standing alone as onigiri."
ChdDSUhNMG9nS0VJQ0FnTUNvM2EzMzdBRRAB,khwanjai sukkumarn,5,เนื้อดีมากๆๆๆ ฟีลไปกินที่ญี่ปุ่นเลยค่ะ  น้องพนักงานคือน่ารักมาก Service ดีมาก ใจเย็นกะลูกค้ามากๆ เวลาที่ลูกค้าถามเยอะก็ไม่เคยแสดงสีหน้าใดๆ เลย รวมๆ คือดีมาก ไปซ้ำแน่นอน
Ci9DQUlRQUNvZENodHljRjlvT21sd2RVTmtMVE5rVmpSTmVrdElSR2RhTm5GR1ozYxAB,Cz champ,5,เนื้อดีนุ่มอร่อย คุ้มครับ บรรยากาศดี แนะนำ
ChZDSUhNMG9nS0VJQ0FnSUNadkl5dldREAE,Gmtn Rnt,5,"อาหารได้ตามสมราคา ปริมาณเท่ากับในรูป อร่อยมาก ถูกใจสายนักชิมแบบเราสุด อร่อยถูกปากมาก ถ้ามีโอกาสก็อยากจะไปกินซ้ำๆ
การบริการ พนักงานน่ารัก ทัศนคติดี เป็นกันเองมาก
บรรยากาศคือแบบเย็นฉ่ำ ถูกใจสายขี้ร้อนแบบเราสุดๆ กินไปรับบรรยากาศความฉ่ำๆ มีเบียร์หลากหลาย รสชาติดี อร่อยมาก
ไอเราก็กินเก่งด้วยไง ทีลำบากแย่เลย แบบคือต้องมาลอง มันอร่อยแบบ อร่อยจริง
แล้วแบบสลัด298 นิคุยะ อร่อยฉ่ำอะ ความไก่ฉ่ำๆเค็มหน่อย เปรี้ยวนิด ผักกรอบผักสด
สลัดอีกตัวเป็นสลัดแตงโม ความที่แตงโมสดชื่นอยู่แล้วพอมาเจอชีส ความเปรี้ยวคืออร่อยแบบมีเงินเท่าไหร่ฉันพร้อมเปย์ให้อาหารร้านนี้เลย อยากให้ทุกคนมาลองจริง!!"
ChdDSUhNMG9nS0VJQ0FnSURkdmFMazN3RRAB,Kanarnek Rungkajornsak,5,"เนื้อคุณภาพดี ทานอร่อยมากคุ้มราคา พนักงานบริการดีมาก ร้านสะอาด เดินทางไม่ยากติด bts มีบุฟเฟต์ เครื่องดื่ม 298 บาท(เบียร์ ,contrail 90 นาที)"
ChdDSUhNMG9nS0VJQ0FnSURiaWI2b2dRRRAB,Chotiros K.,5,เนื้อคุณภาพดีมาก ถ้าชอบมันแทรกเยอะๆแนะนำเลย น้ำจิ้มก็อร่อย พนักงานคอยบริการตลอด แนะนำมากๆค่ะ
Ci9DQUlRQUNvZENodHljRjlvT2pSa1J6Qm5RVVoyVkRKV2Rta3hlVlp2UzFWSGFuYxAB,Suthida Phisranson,5,อร่อยค่ะ เนื้อดี น้ำจิ้มมีให้เลือกเยอะ
Ci9DQUlRQUNvZENodHljRjlvT2s5SE5sSlZlRmh5TkdOdmRrY3lhRmhTYVZWRlJYYxAB,TANYARAT P.,4,"The beef was very fresh, tender, and flavorful. Nice presentation and good quality overall."
ChZDSUhNMG9nS0VJQ0FnSUR4MU5mOVpnEAE,Tera Aungruttanun,5,เนื้อย่างสไตล์ญี่ปุ่น ใช้เตาถ่าน พร้อมระบบดูดควัน เนื้อคุณภาพดีมากครับ เป็นเนื้อจากฟาร์มที่ญี่ปุ่นส่งตรงมาเลย ผมทานชุดพิเศษ และชุดโอมากาเซะ เชฟจัดให้ ได้ลิ้มลองรสชาดเนื้อที่หลากหลาย เพลินมากๆ เลย เครื่องดื่มก็มีให้เลือกครบทุกอย่าง ราคาดีงามด้วยครับ ถือว่าเครื่องดื่มถูกมากสำหรับร้านแถวนั้น มานั่งดื่มแกล้มเนื้อย่างหลังเลิกงาน หรือในวันหยุด กับเพื่อนๆ หรือครอบครัว ผมว่าฟินเลยนะ^^
Ci9DQUlRQUNvZENodHljRjlvT2xoVmNUVlFZak15YldKWlNtSlZWbFpUUzNoYVZtYxAB,Reyna,5,"Got the lunch buffet. It was very quiet at 2pm, so we had the staff’s full attention. The meats were of very good quality. Especially enjoyed the sirloin and diamond karubi.

Nut helped us with grilling the meat. Enjoyed my time here very much!"
ChZDSUhNMG9nS0VJQ0FnSUNINTRHRVNnEAE,Pann Toe,5,"The quality of Wagyu left me speechless, it just melted in my mouth and even in the middle of meal , we started to feel sleepy from the good food😋
The service is prompt and quick , my favorite thing is that chicken toy we need to squeeze when we want to call a server . It was fun as well
Absolute 10/10 and should not be missing this out when you’re in bangkok"
ChZDSUhNMG9nS0VJQ0FnSUNyM29DblBnEAE,Sujinda Jarubhat (CuteCuteChannel),5,"I absolutely love discovering hidden gems! This place offers great value for money, with top-notch beef quality that makes you feel like you're dining in Japan. The service is excellent, with friendly and polite staff. The only downside is the limited parking space, but you'll easily find parking nearby."
ChZDSUhNMG9nS0VJQ0FnTURnd3JPeFJREAE,Bussakorn Nunthavichitra,5,เนื้อคุณภาพดี ไปวันอาทิตย์เป็น a la carte รออาหารไม่นาน พนักงานให้บริการดีค่ะ
ChZDSUhNMG9nS0VJQ0FnSUN2NTUyU2FREAE,Nonlani Gottschalk,5,บรรยากาศดีมาก หาร้านอาหารญี่ปุ่นบรรยากาศแบบนี้มานาน เนื้ออร่อยมาก พาแม่กับป้ามากิน คือลอยกันเลย บริการดีมากด้วย
Ci9DQUlRQUNvZENodHljRjlvT2tKWGJteGFiakV3V0U5allYaE9iM1JhYkdjM1UzYxAB,mayura saimoon,5,"We came here several time with friends and family. Always enjoyed the food here.
The staffs always helpful and super polite . Definitely we come back here again soon."
ChdDSUhNMG9nS0VJQ0FnSURiaFlDUDV3RRAB,Shy A,5,Really nice hidden spot in an alley with PREMIUM cuts of beef. The marbling on the meat is absolutely amazing and just melts in your mouth. Service is top notch too. Highly recommend!
Ci9DQUlRQUNvZENodHljRjlvT2pONVJFZ3dObWM0VTBSamNWQkpNemh3WlhZeGFVRRAB,My MJ,5,เนื้ออร่อยมากก ชอบกิวทัน(ลิ้นวัว) หนากำลังดี ถ้าย่างแบบแร์หน่อยคือเข้าถึงรสชาติเนื้อเลย พนักงานน่ารักและบริการดีมากค่ะ บรรยากาศร้านไม่อึดอัดเลย
ChdDSUhNMG9nS0VJQ0FnSUN2dnFlNmtRRRAB,saowaluck banchoblab,5,อร่อยมาก เนื้อ คือที่สุดดดเจ้าของร้านทำฟาร์มและคัดเลือกเนื้อมาเอง นิพพานได้ค่ะ มี supreme buffet ด้วยค่ะ คุ้มมม
ChdDSUhNMG9nS0VJQ0FnSUN2NTYzSHBnRRAB,Moritz Gottschalk,5,"Beef like l had it only in Japan before. Highly recommended!

Update: Came for a second time for the buffet and still super happy. Everything was perfect."
ChdDSUhNMG9nS0VJQ0FnSUNya3VPUjBnRRAB,JC Chen,5,"Great little hidden place and the meat quality is good.

The store isn’t very big but the service is great.

Would def come back and if you are around this area, make sure to give it a try"
ChdDSUhNMG9nS0VJQ0FnSUN2czg3ZGl3RRAB,Bundit Yongratanasiri,5,Very delicious. We have 888 Baht buffet. Beef quality is premium and Korean Namul is also superb. Really recommend.
ChZDSUhNMG9nS0VJQ0FnSUM3bl9YNmRBEAE,Gatwadee Pormkaw,5,อร่อยมากๆเนื้อดีมากแนะนำบรรยากาศดีพนักงานน่ารักบริการเร็วมากินทุกครั้งที่มากรุงเทพ
Ci9DQUlRQUNvZENodHljRjlvT20xRldUZHVkbEZMT1V4b1dXcEZPVzlpUlhCNVpHYxAB,Pattaraporn Kongnarong,5,อร่อยมาก มาหลายรอบแล้ววว
ChZDSUhNMG9nS0VJQ0FnTUNRcUptaWV3EAE,Amira Yunu,5,มาทานที่นี่กับสามีครั้งแรก อาหารอร่อย พนักงานบริการดี แนะนำอาหารให้ ดีค่ะ
ChdDSUhNMG9nS0VJQ0FnSUM3bl9XWGpnRRAB,Nick Jachowski,5,Great Japanese grilled meat place for a chill dinner with delicious and exotic dishes and a wide variety of good drinks 👍. I've come here a few times now and every time it's been amazing. Highly recommended for business dinners or just a night out with good food and high balls.
ChdDSUhNMG9nS0VJQ0FnSURmbTVLWnN3RRAB,manita tiratrakoonwichaya,5,เนื้อนุ่ม คุณภาพดี เครื่องในเข้มข้น เหมาะกับสายเครื่องในมากๆ ถ่านดี ไฟแรงมาก
Ci9DQUlRQUNvZENodHljRjlvT21OM1FqSkpUa1JzVm5SUE4wSmxjR3hSWmtSU1drRRAB,fonfon,5,อาหารอร่อยค่ะ  พนักบริการดีมากค่ัะ  แนะนำเลยค่ะ
ChdDSUhNMG9nS0VJQ0FnSUN6NmJMYjFnRRAB,Toey Thanaa,5,"Highly recommended for the best yakiniku near thonglor. Japanese vibes, Tasteful and lots of dipping sauces 🥩🥩🥩🥩 yummm"
ChdDSUhNMG9nS0VJQ0FnSUNadk5xanlBRRAB,TG Tiger,5,เครื่องในสด สะอาด ลิ้นวัวที่ห่อต้นหอมคือความคิดดีมากอะ เอาความฉุนต้นหอมมากลบความคาวลิ้น แต่ลองชิ้มลิ้นวัวแล้วก็ประหลาดใจอยู่นะ ร้านอื่นคือคาวอะ แต่ร้านนี้เขาทำไม่ให้คาว ไม่ให้มีกลิ่นได้ไง เจ้าของร้านคือแบบหล่อ ใจดี เซฟก็มารยาทดี พนักงานเฟรนลี่ไปอีก ส่วนตัวได้ลองชิมเครื่องในหลายร้านมากนะ แต่แบบว่า คาวมีกลิ่น แต่สำหรับ298 คือดี ยกให้เป็นร้านที่1ในใจ🫶💗
ChZDSUhNMG9nS0VJQ0FnSUR4bC16Tk5REAE,Brandon H,5,"Some of the best beef we've had in Bangkok! Great food, drinks, and service. Awesome addition to an already great alley of businesses."
ChZDSUhNMG9nS0VJQ0FnTUNBdVpiTVhnEAE,Putti Maktara,5,ร้านเล็กๆ จัดร้านบรรยากาศเหมือนที่ญี่ปุ่นดี เนื้อคุณภาพดี นุ่มมาก
Ci9DQUlRQUNvZENodHljRjlvT25KaFQwbG1hM1F6VEdsTk9HWlllR3hWV205T1VXYxAB,Akkarush Sungka,4,อร่อยดีครับ เยี่ยม เยี่ยม ราคาแรงไปนิด
ChZDSUhNMG9nS0VJQ0FnSURfd0t6elBREAE,thewaterdoodler,5,"Really delicious selection of beef and good service! It’s tucked away in a small street, but one should really give it a go if you’re craving for Yakiniku :>"
Ci9DQUlRQUNvZENodHljRjlvT205T2NsWTRZVUUwZUhCb1JHczNjbTFNYWxadlJuYxAB,nick chang,5,อาหารอร่อย ร้านอยู่ใกล้รถไฟฟ้าเดินทางมาสะดวกมีห้องส่วนตัวโอเคเลย
ChZDSUhNMG9nS0VJQ0FnSUN2czdha0VBEAE,Golf Prinya,5,เพื่อนแนะนำมา อร่อยไม่ผิดหวังเลย บุฟเฟ่ต์คุ้มค่ามาก ไว้มาอีกครับ
ChZDSUhNMG9nS0VJQ0FnSUR2ejZuLWZBEAE,Pare C.,5,Great quality of yakiniku beef. Delicious dishes. Japanese-like vibes and stellar service. Lunch menu is varied and affordable. Recommended.
ChdDSUhNMG9nS0VJQ0FnSUNIbk51ZXdRRRAB,Jaree Jantrapirom,5,"The beef was really good! I tried the buffet for 888 THB per person, and it was definitely worth it."
ChZDSUhNMG9nS0VJQ0FnSUNadlB6aFpBEAE,เจบี เจ,5,เนื้อร้านนี้คือดีเวอร์ พนักงานน่ารักสุด ถ่านไฟแรงดีเริ่ด เบาะนั่งสบายสุดไรสุด มีเบียร์สดด้วย รสชาติส่วนตัวคิดว่าอร่อยแต่แรงนิดหน่อย ยังไม่ทันหมดเเก้วก็มึนละ อาหารที่ชอบแล้วรู้สึกอร่อยสุดๆ ก็คงเป็นข้าวหน้าต้นหอมอะ ความไข่เยิ้มๆ ข้าวหนึบต้นหอมตัดเลี่ยน มีสาหร่ายอีก เริ่ดเกิ้นบางที บรรยากาศดี แอร์เย็น พอมีถ่ายอยู่ข้างหน้าเราปกติร้านอื่นจะร้อน แต่แบบร้านนี้ไม่เลย แอร์เย็น
ChdDSUhNMG9nS0VJQ0FnSUNGeThQdHBBRRAB,Charlie Withayachamnankul,5,"AMAZING food yakiniku slow served on imported japanese lava rock. The temperature leads to All meats being perfectly cook, fragrant and not piping hot.

Their homemade miso with veggies is also to die for. I searched yakiniku and stumbled upon this place, holy wow, I’ll be back!

(Even their rice tastes heavenly!)

Oh, the staff who grills for you is also super nice and friendly, I feel very at home and know that Im in the good hands of the owner who respects his staff and customers, oishi! ❤️👏🏻"
ChdDSUhNMG9nS0VJQ0FnSUNyM3BEUmdRRRAB,Julavasa Saardyen,5,อร่อยมากๆเลยและดีสุดเหมือนกินอยู่ที่ญี่ปุ่น เนื้อนุ่ม สชัดเริ่ด
ChZDSUhNMG9nS0VJQ0FnSURIaWZmUFBBEAE,Response CList,3,"One restaurant, two personalities: the lady with glass was an angel, her excellent English was really a plus ! She served several different dishes drinks and carefully introduced them, like in Japan! But the lady without glasses seems just waked up.... and not ready for work yet, I felt guilty to bother her... overall I will not come back if with friends since the service level varies in dB level, but for personal dinning it's OK."
ChZDSUhNMG9nS0VJQ0FnSUM3MFl6aElREAE,Khemmachart Rattanaprasob,5,เนื้อนำเข้าจากญี่ปุ่น เกรด AAA นุ่ม ละลายในปาก แนะนำเลยครับ
Ci9DQUlRQUNvZENodHljRjlvT2t4SmNUTnFVVEp5T0hneWRtVTVlVms1VVdNdFRtYxAB,nar v,5,เนื้อดีมาก พนักงานบริการดีเช่นกัน
ChdDSUhNMG9nS0VJQ0FnTUNvb19xZ193RRAB,chi K,5,Very authentic Japanese yakiniku place. Fresh beef and friendly staff.
ChdDSUhNMG9nS0VJQ0FnSUM5ODdhTGpBRRAB,Taka,5,This restaurant serves true Japanese Wagyu (beef) meats. All the meats are so tender and tasty.
ChdDSUhNMG9nS0VJQ0FnSUNEaFpiYjFRRRAB,ST Lim,5,"A hidden gem in Sukhumvit. The beef is fantastic, and the service is impeccable. Double thumbs up!"
Ci9DQUlRQUNvZENodHljRjlvT20xU1ltTkNZMUZTU1V4R05sTjFhVXROT0d0RE9WRRAB,หนาน หนุ่ย,5,เนื้อคุณภาพ วัตถุดิบสดใหม่ บริการดีครับ
ChZDSUhNMG9nS0VJQ0FnSURuOWN1OERnEAE,Manyaphit S. (Michelle),5,"Very good service and beef quality.
Recommended dish: tongue"
Ci9DQUlRQUNvZENodHljRjlvT2xWT056VktNRzVXUjNoRlkyVkdNWE5TYjB0UVdtYxAB,Patchakorn Onsuwan,5,"เนื้อดีมาก มาหลายครั้งประทับใจทุกครั้งครับ
บรรยากาศดี เนื้ออร่อย แนะนำดีมาก"
Ci9DQUlRQUNvZENodHljRjlvT2t0YVRVeGhWRWQyWlhscGJ6WlZWbU5pVjNwTFpYYxAB,It's Me,5,"What a treat. I like it, my guests liked it. Everyone liked it!"
Ci9DQUlRQUNvZENodHljRjlvT2w5blJrdEtiV3hPYlRsUmFsWmhRbk5tY1dzelZrRRAB,Nueatip Dejpratakchai,4,Good quality of beef and service so nice
Ci9DQUlRQUNvZENodHljRjlvT2pWMVlqRTNPSGN4U2xGd1VUSjJiekZJYW10cVMyYxAB,เสกศิริชัย พรรษา,5,เนื้อดีบิบบับอร่อยพนักงานบริการดีค่ะพูดจาไพเราะเนื้ออร่อยมากดีทุกอย่างค่ะ
ChZDSUhNMG9nS0VJQ0FnSUNydjlLaEx3EAE,Panpradap Piyanakorn,5,ปรับเป็นบุฟเฟ่อร่อยมากค่ะ มาทานกันเยอะๆนะคะ
Ci9DQUlRQUNvZENodHljRjlvT25rNGRUbEtiMnh6VWpGS1VUTllhR3M0TFRGM2FVRRAB,Ron Hoffman,5,"Perfect.
Great service,  delicious food,  good atmosphere,  definitely a place to come back to"
Ci9DQUlRQUNvZENodHljRjlvT205U2NEZDVZM1JrTFd3NFpsUmZMVUpFY0ZWelJuYxAB,Anna Pumhiran,5,"Amazing fresh delicious pork belly and meat, worth it"
ChdDSUhNMG9nS0VJQ0FnTURBck8tQThRRRAB,PIA (PANG),5,บรรยากาศเหมือนอยู่ญี่ปุ่น นั่งสบาย บริการดี เสียงไม่ดัง นั่งคุยกันได้
ChdDSUhNMG9nS0VMZVFoTnVfMDh2dmtBRRAB,Htet Myat,5,The meat quality was superb for the price. A real hidden gem. Was sceptical about overwhelming reviews but this one is a real gem. The serving time was fast and the service was great. 5 stars all the way😋😋
ChZDSUhNMG9nS0VJQ0FnTUNBbXUzVE9BEAE,Berserkay,5,Really good meat and great service. Recommend the place for a great dinner.
ChdDSUhNMG9nS0VJQ0FnSUN2NUxYTnVRRRAB,rinsai Pongvasa,5,"This became our favorite since the first time here!! Best yakiniku with reasonable price, came back again after a week because we both really craving it after the first try!!!"
ChdDSUhNMG9nS0VJQ0FnSUR2ejRuN2h3RRAB,Terlinolite ILOVEINDEX,5,เนื้อคารุบิ อร่อยมากครับ บรรยากาศทานตอนกลางวันเหมือนร้านที่ญี่ปุ่นครับ
Ci9DQUlRQUNvZENodHljRjlvT2xVelEwcDZNVUpPTFRKRk5HNHhaMmRZTkhkMmVXYxAB,hui diao,5,Great food and a cozy place
ChZDSUhNMG9nS0VJQ0FnSUN2NmQzVGF3EAE,James JS,5,Elite service with smile. 100000% Worth the price especially in the central of Bangkok! Great staff!! Recommended!!!! So happy!
ChdDSUhNMG9nS0VJQ0FnSUN2czg3ZG9nRRAB,Danu Hunskunatai,5,Buffet 888++ เนื้อคุณภาพดี รสชาติอร่อย
ChdDSUhNMG9nS0VJQ0FnSURmc1pMYXBBRRAB,Panida Wongkomjun,5,เนื้ออร่อยมาก สด นุ่ม ละมุน นัวร์ลิ้นมาก ยิ่งลิ้นวัวคือที่สุด พนักงานบริการดีมากน่ารักใส่ใจ ร้านสะอาด อาหารอร่อย เปิดและปิดเวลากำลังดีมาก แนะนำต้องลอง
ChdDSUhNMG9nS0VPaWszLV9BNnZqRmpnRRAB,TIPAPAN JUNGPRABHA,5,วันนี้มาทานที่โออิชิเอสทีเรี่ยมเซ็นทรัลเวสต์เกตมีโปรวัยเก๋าอาหารเยอะมากค่ะอร่อยทุกอย่างที่นั่งสะดวกสบายเลือกทานอาหารได้ไม่จำกัดเลย มารับประทานโปรโมชั่นวัยเก๋าก่อนหมดเขตสิ้นเดือนมิยนี้ค่ะ คุ้มค่ามากเลยค่ะ
Ci9DQUlRQUNvZENodHljRjlvT2xjdFkwVjVOMFJWYm5GTVlXSjNSVEF0WmkwMVFVRRAB,อยากลดน้ําหนักแต่ของกินแซ่บเกิน,5,อร่อย สด สะอาด ชอบมาก จริงๆ ส่วนตัวกินแค่ Oishi grand ก็เพียงพอแล้ว แต่เวสเกตมีอีทเทอเรียมซึ่งราคาสูงกว่า ก็เลยนานๆ กินที ชอบทุกอย่าง แต่คิดว่าขนมจีนน้ำยาไม่ค่อยมีรสชาติ ออกไปทางเผ็ดจืด นอกนั้นเมนูอื่นอร่อยหมดเลย
Ci9DQUlRQUNvZENodHljRjlvT2xoVVFsQXdRa3cxZFRCdFVtdzFNSFZMWkY5dWRVRRAB,Bouya Mom,5,"มาใช้โปร Grab Dine-Out เรากดมาได้ 495 บาท จาก 759 บาท ถือว่าคุ้มสุดๆ

สาขานี้มาใช้บริการบ่อย แต่พึ่งรีวิวครั้ง อาหารที่นี่ค่อนข้างเยอะ มาวันเสาร์คือคนเยอะมาก แต่อาหารก็เติมไม่ขาด
อาหารทุกสเตชั่นทำดีหมด รสชาติดี สด สะอาดดีมาก ขนม กาแฟ คือเลิศ ยังรักษามาตรฐานของโออิชิ

น้องพนักงานบริการดี เก็บจาน เคลียโต๊ะตลอด เรียกขอเติมไฟได้ตลอด"
ChZDSUhNMG9nS0VJQ0FnTUNnanA3aU13EAE,Thananont Krittayawiwat,4,"ไม่ได้มาเสียนาน
Oishi Eaterium Westgate
ยังคงมีความคุ้มค่า เมื่อเทียบราคา กับ วัตถุดิบ
ซื้อผ่าน Oishi Delivery ราคา 700 นิดๆ/ท่าน

- ซาซิมิ ใช้ได้นะครับ มีทูน่า หอยปีกนก แซลม่อน ปลาเนื้อขาว
- ซูชิ หน้าหลากหลาย มีหน้าปลาไหลย่างด้วย ตัวข้าวไม่เยอะไป รสชาติข้าวดีครับ แต่ข้าวแน่นและแข็งไปนิด

- ที่ชอบที่สุด คือ ปลาฮาลิบัทย่างซอสมิโสะชาเขียว เนื้อปลาสด หวาน หอม หนังกรอบ ซอสให้น้อยไปนิด เมนูนี้อร่อยครับ

- เมนูซูชิไข่แซลม่อนและโทโร่สับ เป็นอีกเมนูที่คุ้มค่า แม้ไข่ปลาจะเล็กไปนิดแต่ราคานี้ มีให้ทาน ผมว่าคุ้มค่ามาก

- หอยแมลงภู่นิวซีแลนด์อบเนยกระเทียม เป็นอีกเมนูที่อร่อย หอยตัวใหญ่ อบมาดี รสแน่น เครื่องแน่น ทานกับน้ำจิ้มซีฟู้ดเข้ากัน

- หม้อไฟเนื้อ น้ำซุป หวาน หอม กลมกล่อม เนื้อนุ่ม ติที่ให้เนื้อมาน้อยมาก 2แผ่นบางๆ จะสั่งเพิ่มแต่เนื้อก็คงไม่ได้

- เมนูเนื้อเทปัน ไม่ผ่าน เนื้อติดผังผืด มีส่วนเหนียว ย่างมาสุกไป รสชาติจืดไป ควรแต่งรสอีกหน่อย ผักเคียงก็ไม่น่าทาน

- ผักกาดแก้วผัดมิโสะ อร่อยครับ อร่อยเลยล่ะ ควรสั่งมาทาน

- หัวปลาแซลม่อนต้มซีอิ๊ว อร่อยครับ น้ำต้มหวานกลมกล่อม หอมขิง ผักเปื่อย

- ขนมหวานลองคากิโกริ รสชาติดีครับ ท็อปด้วยไอศครีม1ลูก

เมนูอื่นๆยังมีให้เลือกอีกพอสมควร
รวมๆผมว่า ส่วนใหญ่ทำออกมาดี ถ้าชอบแนวญี่ปุ่น คุ้มค่ามากครับ
มากันได้"
Ci9DQUlRQUNvZENodHljRjlvT21Gb1ZISjFUMHBMUVdSNlJGTkdhbGhmWW05a1NWRRAB,กันตพัฒน์ อนันตวุฒิศักดิ์,5,เป็นครั้งแรกที่ได้มาทานสาขานี้   อาหารคุณภาพดี อร่อย ชอบ แซลมอน ทูน่า ซาซิมิสด สะอาด อาหารได้ไว พนักงานบริการดีครับ
ChZDSUhNMG9nS0VPXzgyY3Yza01YVGZREAE,RazZi NaJa,5,บอกเลยอร่อยทุกอย่างค่ะ อาหารสดใหม่ทุกรายการ นั่งทานได้นาน 1 ช.ม 45 นาที เลย ราคา 699/คน ทานได้ทุกเมนู 🤗🤗🤗
ChdDSUhNMG9nS0VJQ0FnSURmbHZmM2pRRRAB,MAYśRONG Family,3,"เคยไปเมื่อ นานมาแล้ว
เหมือนอาหารจะเยอะ หลากหลายกว่านี้นะ
แต่รอบนี้ไป อาหารน้อยลง ไม่หลากหลายเท่าไร
อาหารที่สั่งทำ ก็จะเป็นสเต็กต่างๆ ซ๊ะส่วนมาก
รายการอาหารน้อยลง แต่ราคาเท่าเดิม
ไม่รู้สาขาอื่นเป็นเหมือนกันไหม
แต่คงพอแล้ว กับสาขาเวสเกต

พนักงาน สุภาพ บริการดี ให้คำแนะนำต่างๆได้ดี

ซื้อคูปองผ่าน ลาซาด้า ถูกกว่าหน้าร้านนิสนุง"
ChZDSUhNMG9nS0VJQ0FnTUNneG82bVdBEAE,Paphada Amornuratkul,5,"พอเปลี่ยนมาเป็น eaterium คุณภาพแซลมอน ดีขึ้นเยอะเลย แนะนำ ท้องปลาแซลมอน ฟินมาก
แต่ อาหารไม่หลากหลายเท่า buffet ปกติ

ร้านอยู่ชั้น 3 มองเห็น น้ำพุ ทางเขื่อมกับสะพานลอย แต่ภายในร้านดูทึบไปนิด ซึ่งเหมือนกันทุกสาขา

พนง. น่ารัก คอยมาเคลียร์จานเร็ว สั่ง bingsu แบบเล็กก็จัดให้ แถมมาส่งให้ถึงโต๊ะ  ( แม้ว่าจะไม่รู้เราโต๊ะไหน)

มีเมนู ใหม่พวก ยำ แก้เลี่ยนมาด้วย คือ ดี
เมนูอื่นๆ ปกติ แต่ ปลาดิบ ดีแบบ ไม่เสียดายเงิน"
Ci9DQUlRQUNvZENodHljRjlvT2xGMFl5MURZVGxuTWxCQ1dUVjVNbTVzV0dwTmJHYxAB,Rinrita Ferrari,4,ไปทานช่วงค่ำแล้ว อาหารจึงดูจัดวางไม่ค่อยน่าทานเท่าไหร่
ChdDSUhNMG9nS0VJQ0FnSUNYbWFIUmhRRRAB,Supphawich S. (Edy),4,ไลน์อาหารมีให้เลือกหลากหลายมากครับ ตั้งแต่ ซาชิมิ ชาบู เทมปุระ เทปันยากิ ซุปกา ผัก ผลไม้ ขนมหวาน สามารถใช้บัตรที่โต้ะในการแสกนสั่งอาหารได้เลยสะดวกมากๆ
Ci9DQUlRQUNvZENodHljRjlvT25wNmIzcHhYM00xU0daV1JGcHBSRWRYZDJWSU1tYxAB,ป๋าเอ็กซ์-๑'- Lim,4,ไม่ได้มากินนาน ยังอร่อยเหมือนเดิม
ChdDSUhNMG9nS0VJQ0FnSUQyNkpPVjR3RRAB,Shin Meagain,3,"เมนูน้อย ไม่หลากหลาย ซาซิมิดูไม่ค่อยสด
ล่าสุดมาทานวันที่ 16มิย66 พื้นที่มีการปรับปรุงอยู่ แซลมอนจัดใส่จานไม่ค่อยน่าทาน  อาหารบางอย่างสั่งผ่าน QR code ก็สะดวกดี"
ChdDSUhNMG9nS0VJQ0FnSUNiaGZQNTV3RRAB,MAXIMUS,5,รสชาติดีพอใช้ได้ ก็เป็นบุฟเฟต์เจ้าแรกๆอีกร้าน ที่มีมาเนิ่นนาน อาหารก็ครบคาวหวาน ติ่มซำ แล้วแต่ชอบเลย ก็รักษาคุณภาพมาตรฐานต่อไปครับ 👍👍👍
ChdDSUhNMG9nS0VJQ0FnSURUZ3ZiTHVnRRAB,kate space,4,"อาหารคุณภาพดี ปกติทานที่สาขารัตนาธิเบศก์ก็รู้สึกว่าที่นี่อร่อยกว่านิดหน่อย
แต่เมนูพิเศษประจำเดือนที่เป็นปูนิ่มที่ให้สั่งได้คนละ 1 จาน ไม่ว้าววเลย คือมันไม่พิเศษ มาเสริฟแบบเย็นชืด ไม่ถูกปาก ถ้ามีเมนูพิเศษแล้วไม่ทำให้ประทับใจ ไม่ต้องทำจะดีกว่านะ"
Ci9DQUlRQUNvZENodHljRjlvT2w5cFREUjJWMFZQYlROa1FsaDJRMUU0UmtoMVJrRRAB,Ausadang Sudhom,5,บรรยากาศร้านดี วัตถุดิบอาหารดี มีหลายเมนูให้เลือกกินเยอะมากๆ สมราคามากครับ 😋♥️
ChdDSUhNMG9nS0VJQ0FnSURwb3Z5TGl3RRAB,H2O,4,"บุฟเฟต์อาหารญี่ปุ่น + นานาชาตินิด ๆ ที่มีของกินให้เลือกเยอะ มีทั้งหยิบเองได้ กับต้องสั่งตามออเดอร์ซึ่งต้องกดผ่านเครื่อง สั่งได้มากสุดแค่ 3 ออเดอร์ต่อรอบ
- ของดิบสดอยู่ คุณภาพดี ไม่เหม็นคาว แต่ตัวไข่แซลมอนรู้สึกยังไม่ค่อยสด
- เติมของค่อนข้างช้า ไม่ทันใจเท่าไร
- รสชาติอาหารกลาง ๆ ไม่ถึงกับอร่อย
- ขนมหวานมีให้เลือกเยอะ ตัวบิงซูเต้าหู้ชาเขียวอร่อยดี แนะนำจ้า"
ChZDSUhNMG9nS0VJQ0FnSUNmam8tQ0hREAE,Jakkarpat S,5,รสชาติโอเคเลยตัววัตถุดิบสดสะอาด ตอนไปทานมีโปรโมชั่นพอดีถือว่าคุ้มมาก ไลน์อาหารก็ครบเครื่องไม่ว่าจะเป็น อาหารคาว ของหวาน ติ่มซำ ที่ชอบมากสุดน่าจะเป็นบิงซูแคนตาลูป แถมพี่ๆพนักงานบริการดีมากประทับใจสุด
ChZDSUhNMG9nS0VJQ0FnSUNKc1BHZ0RnEAE,Stace Nelson (Bull),4,"The food was well prepared and pretty good comparative to Japanese cuisine.  Restaurant is undergoing renovations so atmosphere was not the best.  Service was prompt and the restaurant was clean with a wide selection of food, desert, and drink items.  Credit card was no problem.  Price was higher than the quality of the food for this area."
ChdDSUhNMG9nS0VJQ0FnSUR5NU1iWG53RRAB,Athit Upakan,4,ร้านนี้ตั้งอยู่เซ็นทรัลเวสเกตชั้น3 ข้างศูนย์อาหาร เป็นบุฟเฟ่ต์ราคาหัวละ 599฿ อาหารมีให้เลือกทานหลายอย่าง ทั้งซาซิมิ ซูชิ เทปันยากิ สปาเกตี้ สุกี้ยากี้ สเต็ก อาหารไทย สลัด ผลไม้ ไอศครีม ของหวาน เครื่องดื่มต่างๆ อาหารรสชาติถือว่าโอเค หลายๆอย่างรสชาติอร่อยดี น่าจะมีเมนูอาหารให้หลากหลายกว่านี้อีกหน่อย พนักงานบริการดีทุกคน
ChdDSUhNMG9nS0VJQ0FnSURsajkybWxBRRAB,Kiatkorn Panyavuddhiwongg,5,"Changed name to Oishi Eatarium for a couple months, this Oishi restaurant just repositioned itself to be upgrated premium buffet. Be adviced that they increased the price up to 759 baht per head. More new dishes ,desserts and drinks. No more clipping to order food at kitchen liKe before. The restaurant offers you the acrylic board Ticket Scan containing barcode enable you to order foods by scanning on the parnel right at the kitchen session you like. They added up surfclam in sashimi session. Hotate with squid ink sauce [ Shinjuku graffiti ] made my day. Shimeji fried with miso sauce was also good, a bit too sweet though.  GRILLED HALIBUT WITH MISO-GREEN TEA SAUCE is recommended, so appetizing. The new dessert Bingsu on top with mochi and tofu curd was great, you must not miss out."
ChdDSUhNMG9nS0VJQ0FnSURXb3RtdnRnRRAB,panda tong,4,ร้านประจำ กับความคุ้มค่า หลากหลาย ทานง่าย ราคาปรับขึ้นมา ช่วงนี้มีโปรส่วนลด 100 บาท โหลดจากแอพ เทปันกุ้งใหญ่กว่าเดิม
Ci9DQUlRQUNvZENodHljRjlvT25OdVpFMXZTRzkyUW5CT1ptMDJjR1JEVFZCMmFVRRAB,B a,1,ครั้งนี้คงเป็นครั้งสุดท้ายกับการใช้บริการ ค้าบริการคนละ 759บาท แต่ไลน์อาหารลดลงไปเยอะมากๆ  จัดว่าเป็นการลดต้นทุนการผลิตได้แย่มากๆ เปรียบคือ ค่าบริการกับอาหารที่นำเสนอไม่สมดุลกันเลย ไม่สมกับเป็นร้านอาหารญี่ปุ่นที่ชื่อ โออิชิ เหมือนเมื่อก่อน  วันนี้ได้เข้าไปทานมีทั้งส้มตำ ( งง มากๆร้านอาหารญี่ปุ่นมีส้มตำ 🤣🤣)  เมื่อก่อนมีทั้งปลาไข่ เดี่ยวนี้ก็ไม่มี คุณภาพอาหารแต่ละจานที่มาเสริฟ์ อยากให้ติดลบ (ถ้ามี)
ChdDSUhNMG9nS0VJQ0FnSURhdnJHRDRBRRAB,ศุภญาการ์เมนท์ เสื้อยืด เสื้อโปโล เสื้อกาวน์ ชุดสครับ ถุงผ้า,5,การบริหารจัดการร้านช่วงโควิด ทำได้ดีมากๆ การสั่งอาหารต้องสั่งจากเมนูออนไลน์ ต้องมีโทรศัพท์มือถือพร้อมไวไฟไปนะคะ มิเช่นนั้นเช็คอินและสั่งอาหารไม่ได้ในช่วงโควิด แต่อาหารและการบริการยังยอดเยี่ยมเหมือนเดิม ไม่อนุญาตให้ไปตักอาหาร แต่พนักงานจะมาเสริพให้ ราคาค่อนข้างสูง แต่เทียบกับคุณภาพอาหารก็คุ้มค่า รายการอาหารหลากหลาย ความสะอาดและการยริการยอดเยี่ยมคะ
Ci9DQUlRQUNvZENodHljRjlvT20xU1NHbFpiMEkyWmpCbVltcHlVM0ZOWkhrMmEzYxAB,Pisit P,1,พนักงานสาขานี้ไม่ผ่านไม่มีความบริการกระตือรือร้นแค่บอกว่ามีสมาชิกในแอ๊ปฝากทำให้หน่อยไม่ทำเฉยสั่งเกตมีแต่คุ่ยกัน
ChZDSUhNMG9nS0VJQ0FnSUNmeDdqc2NBEAE,Kasidit Rujarkom,2,รสชาติเหมือนเดิม อาหารไม่ปรุงสดเท่าไหร่ ของร้อนก็เย็น ขนาดสั่งกระทะร้อนยังไม่ร้อนเลย ของทอดก้ทอดทิ้ง ซาซึมิก็กลางๆ แนะนำว่าราคานี้ไปร้านอื่นเถอะไม่ประทับใจ เมื่อก่อนเป็นร้านประจำบ้าน ตอนนี้ราคาแพงเกินไปสวนทางกับคุณภาพ แบรนเป็นetheriumแต่นี้มัน buffe เมื่อก่อนชัดๆ ลาขาดละแบรนนี้
Ci9DQUlRQUNvZENodHljRjlvT2paUVNEZHNaRTVZVkRCNlFYUkVkRTVUZDJZeVQzYxAB,Kaotung ข้าวตางค์ Koryaa แม่กอญ่า,5,ลายอาหารน้อยกว่าสมัยก่อนมากๆ
ChdDSUhNMG9nS0VJQ0FnSUNDekxIYV9RRRAB,attpocari,4,ร้านบุฟเฟ่ต์อาหารญี่ปุ่นในตำนาน กินตั้งแต่หัวละ 199฿ จนถึง 599฿ แล้ว อาหารก็ยังค่อนข้างคงคุณภาพไว้ได้ดี มากินไม่เคยผิดหวัง
ChdDSUhNMG9nS0VJQ0FnSURnM3Z5N3NBRRAB,อุษณี ศรีอําไพ,4,สายกินไม่ควรพลาดอยู่แล้วกับร้านนี้ คุ้มค่า อร่อยมาก อร่อยเกินราคา วัตถุดิบคุณภาพดีมากๆ
ChZDSUhNMG9nS0VJQ0FnSUNoMDlHdlFREAE,Ekanan Chompanich,4,"โดยรวมก็ถือว่าค่อนข้างคุ้มราคา แต่น่าจะมีเครื่องดื่มพวก Coke zero , Pepsi Max จะดีมากเครื่องดื่มที่ร้านมีแต่พวกน้ำตาลสูงอย่างเดียวเลย ขนาดสุกี้ตี๋น้อยยังมี Coke zero"
ChZDSUhNMG9nS0VJQ0FnSURNbHVmMWFREAE,P.c Tham,4,ของกินเยอะดีแต่ราคาก็สูงเน้น ปลาดิบ อิ่ม มาก อร่อยดีแต่กินบ่อยๆมีเลี่ยน ต้องนานๆครั้ง
ChZDSUhNMG9nS0VJQ0FnSUNQak1hc0dBEAE,Chang Namchok,5,"สาขานี้ มีเด็กเยอะมากครับ
ใครเกลียดเด็ก อาจจะรำคานได้"
ChZDSUhNMG9nS0VJQ0FnTUNJeEtmV0J3EAE,Supattra Tantipitham,5,บุฟเฟ เน้นทานปลาได้โปรตีนเน้นๆๆ
Ci9DQUlRQUNvZENodHljRjlvT25aMlEyOVdjSEZxY2sxQ2IxWTBZMEZsVlhWYVJsRRAB,Slot Pom,5,ราคานี้พอดีรับได้
ChdDSUhNMG9nS0VJQ0FnSUNsaWY3RGd3RRAB,Vittaya,4,"อาหารไม่ค่อยต่างกับโออิชิธรรมดาเท่าไหร่
ดีตรงปลาดิบเติมไว มีหอยปีกนก"
ChZDSUhNMG9nS0VJQ0FnSURwNU9McE9BEAE,Nokkiwinoi Janny,4,"กินเพลินๆดี ของหวานเด็ดมากกก🤣
แต่รู้สึกความหลากหลายอาหารน้อยกว่าเดิมนะ …"
ChZDSUhNMG9nS0VJQ0FnSUMxbnFiZ1dBEAE,Job Nobpawong Na Ayudthaya,1,"Lot of empty space, if you would like to try you can but if you can not take risk. Please go away from this restaurant."
ChZDSUhNMG9nS0VJQ0FnSUNRNjdhM1BREAE,SD Surakit,4,โออิชิบุพเฟต์ อยู่ชั้น3 ใกล้ food court ราคาเฉลี่ยหัวละ 600 ทานได้ 105นาที
ChZDSUhNMG9nS0VJQ0FnSUNVN0pPWUJBEAE,สุชัจจ์ จงจงจง,4,599อร่อยดี แนะนำเมนูเกี๊ยวซ่าอบชีสเลย
ChZDSUhNMG9nS0VLT3Y3TlM2NTREN0NREAE,Camin Sa-ngiamluksana,5,อาหารอร่อย สดใหม่ อาหารออกค่อนข้างไว
ChZDSUhNMG9nS0VJQ0FnTURncjUzclVREAE,Cake Cake,4,ไลน์อาหารน้อยกว่าเดิมเยอะมากๆค่ะ แต่คุณภาพอาหารดี อร่อยเหมือนเดิม บรรยากาศร้านดี มาช่วงมีโปรร่วมบัตรเครดิตจะคุ้มค่ามากๆค่ะ
ChZDSUhNMG9nS0VJQ0FnSUNCelBLQlRREAE,Freeze Kiwii,3,อร่อยค่ะที่พนักงานบริการดี บริการได้ดีแต่ประเด็นคือควรจัดระบบให้ดีกว่านี้ อาหารมีก้างเยอะมากค่ะจริงๆระดับโออิชิไม่น่าทำสะเพราเท่าแบบนี้
ChdDSUhNMG9nS0VJQ0FnSUM2XzhyVzZRRRAB,Captain of Qatar,3,อาหารโอเค ช่วงแรกออกไว ช่วงหลังๆ ออกช้า ต้องตาม
ChdDSUhNMG9nS0VJQ0FnSURmNXFhOGlRRRAB,Wasu klinkaew,5,อาหารหลากหลาย สด สะอาด มาตราฐานโออิชิ
ChZDSUhNMG9nS0VJQ0FnTURJNV9MeFBREAE,ฟ้าหลังฝน วันสดใส,5,ไปประจำที่เซ็นทรัลเวตเกต บางใหญ่ ไปจนพนักงานจำได้ อาหารคุณภาพดี ราคาแบบนี้ถือว่าคุ้มสุด
ChdDSUhNMG9nS0VJQ0FnSURWaDRpNXN3RRAB,Adirek_DOA Adirek DOA Toxic,2,ผมมาทานครั้งแรกตอนเปิดร้านใหม่ อาหารดี บริการดี แต่..พอมาทานล่าสุดเมื่อเดือน ต.ค 66 ที่ผ่าน อาหารเริ่มไม่ค่อยเวิร์ค สั่งอาหารที่ต้องกริลล์ไป มาเสริ์ฟนี่ เย็นเจี๊ยบมาเลย ผมว่าคุณภาพแย่ลงนะ จากวันที่เปิดตัวแรกๆ แล้วราคาค่าอาหารไม่ได้ถูกๆ ควรปรับปรุง วันแรกๆ เสริฟโดยใส่จานเหล็กมาร้อนๆ หลังๆ ใส่จานเซรามิคมา เย็นมาเลย คุณภาพไม่ได้เลย ผมเลยไม่ไปใช้บริการอีกเลย
ChdDSUhNMG9nS0VJQ0FnSUNGbmZmaTRnRRAB,NATOEY,4,"หัวละ 759฿
มีการปรับร้านใหม่"
ChZDSUhNMG9nS0VJQ0FnSUNCMzRMLWZBEAE,Hassawat KHS.,4,เมนูไม่เยอะเหมือนเมื่อก่อน อาหารเติมไว หลากหลาย
Ci9DQUlRQUNvZENodHljRjlvT2kxNlNWRlNiV0pWTUdkb2JYSjFVV0pDZVZKVmQwRRAB,Jinny Soontorn,5,ชอบค่ะ🤣
ChdDSUhNMG9nS0VJQ0FnSURYdHQyczRnRRAB,Manoon Khwan,2,ไม่คุ้มค่า เคยกอนเซนทรัลรัตนา 5XX มาที่ 7XX  โซนอาหารนานาชาติ หมดไม่เติม สเต๊ก Teppanyaki ไม่ร้อน เนื้อ กุ้ง แห้ง เหมือนทำค้างแล้ว ตักมาเสริฟ ติมซัม ไม่มี สถานที่แคบ ครั้งเดียวพอ
ChdDSUhNMG9nS0VJQ0FnSUNKd0xYQ3VnRRAB,Ruangsak R,3,ร้านนี้เก่าแก่ กำลัง renovate อาหารดูน้อยๆ การจัดเรียงอาหารไม่ดี คุณภาพอาหารพอใช้ได้ แต่แซลมอนเป็นเศษ ไม่มีชิ้นใหญ่ๆ พนักงานไม่ค่อยกระตือรือร้น
ChdDSUhNMG9nS0VJQ0FnSUNHeF9McDRRRRAB,Yothin S. (Oldman),4,"เป็นร้านบุฟเฟ่ที่ทานบ่อยที่สุด อาหารอร่อยเกือบทุกอย่าง ทั้งซูชิ ซาชิมิ เทปันยากิ ติ่มซำ
อาหารปรุงสุกพวกผัดผัก ช่วงหลังทำได้ดีมากครับ
ชอบที่สุดก็ขนมหวาน ทั้งบานอฟฟี่ และพานาคอตต้า ทานได้ไม่เบื่อเลย
ราคาก็สูงอยู่สักหน่อย แต่ก็เหมาะกับคุณภาพของวัตถุดิบครับ
จะติก็พวกอาหารจานร้อน บางครั้งถ้าคนเยอะจะออกช้าไปหน่อย
ส่วนแซลม่อนบางครั้งก็ไม่ค่อยสวยนะครับ สาขาน้อยไปหน่อย ส่วนมากเปลี่ยนเป็นอีทาเลี่ยมหมด ท่บ้านจะไปทานที่เวสเกตตลอด รอคิวไม่นานเกินไป

It is the most popular buffet restaurant.  Almost everything is delicious, including sushi, sashimi, teppanyaki, dim sum.
cooked food stir fried vegetables  The latter is doing very well.
My favorite is sweets, banoffee and panna cotta.  I can't eat at all.
The price is a bit high.  But it is suitable for the quality of raw materials.
Like the hot dishes  Sometimes if it's crowded, it's a little late.
As for salmon, sometimes it's not very pretty.  little branch  Most of them changed to ethalium.  At home, I go to eat at Westgate all the time.  The queue was not too long."
ChZDSUhNMG9nS0VJQ0FnSUNoX0lyTE5REAE,Jakkrin Chinnakhotra (Hugo),4,มาเถอะ!!! เดินทางสะดวก อาหารสดใหม่ บริการก็ดี
ChdDSUhNMG9nS0VJQ0FnSUN0cl9UeGxnRRAB,benjawan klinudom,5,อาหารหลากหลาย พนักงานให้บริการดี
ChZDSUhNMG9nS0VJQ0FnSURqMmVYUkl3EAE,varakarn paditsuwan,2,อาหารไม่สมราคาเลย อาหารไม่ร้อน เนื้อเหนียว ลูกกุ้ง นึกว่าอาหารเด็ก ของหมดเติมช้า ราคาแพงขึ้น ของน้อยกว่าเดิม คงเป็นครั้งสุดท้าย
ChdDSUhNMG9nS0VJQ0FnSURNdll2M19RRRAB,Pattanun Tanalerdpoonsin,1,"การบริการแย่มาก ตั้งแต่เดินเข้าหน้าร้าน พนักงานยืนกันเป็นกลุ่ม แต่ไม่สนใจรับลูกค้า มีหันมามองและเชิญเข้าร้านเพียงคนเดียว ยังไม่เท่านั้น พอเชิญให้เลือกโต๊ะ ยังไม่ทันได้นั่ง พนักงานถามว่าสะดวกชำระเงินเลยมั๊ยคะ (คิดเองว่า พนักงานคงคิดว่าไม่มีตังมากินรึเปล่านะ) เลยบอกว่าได้ค่ะ ชำระเลย .... ไม่แน่ใจเหมือนกันว่ากฎของที่นี่ ลูกค้ายังไม่ทันได้นั่งก็ถามแบบนี้เลยหรอ แต่ไปกินที่สาขาอื่นก็ไม่เคยได้รับการต้อนรับแบบนี้  พอจะเดินไปตักน้ำ พนักงานเดินออกจากประตูมาทั้งๆที่ก็เห็นว่าเรากำลังเดินมา พนักงานคนนั้นก็เดินตัดหน้าไปอย่างกระชั้นชิด เหมือนมองไม่เห็นยังไงยังงั้น ที่อื่นพอพนักงานเห็นลูกค้าถือของถือแก้ว เค้าก็จะมองและหยุดให้ไปก่อน ยังไงผู้จัดการ หรือผู้ดูแลควรตักเตือนหรือปลูกฝังพนักงานด้วยนะคะว่าลูกค้าบางท่านแต่งกายธรรมดาใช่ว่าจะไม่มีเงินจ่าย ไม่ควรเลือกปฏิบัติ ในเมื่อลูกค้ากล้าเดินเข้ามาที่ร้านคุณ แสดงว่าเค้าก็สามารถจ่ายค่าอาหารได้เช่นกัน บางที่แพงกว่านี้ยังไม่เคยได้รับการปฏิบัติแบบนี้เลย ยังไงฝากถึงผู้ใหญ่ที่ดูแลด้วยนะคะ ควรปรับปรุงเรื่องการบริการอย่างยิ่ง

*เข้าใจว่าลูกค้าไม่ใช่พระเจ้า แต่เค้าก็เสียตังมาค่ะ

**ไม่ได้จะมองไม่ดีเพียงแต่อยากจะให้ปรับปรุงเรื่องการเลือกปฏิบัติ หากเน้นในเรื่องนี้ลูกค้าที่เข้ามาใช้บริการจะประทับใจมาก

คนที่ไม่เคยโดนแบบนี้อาจไม่เข้าใจค่ะ"
ChZDSUhNMG9nS0VJQ0FnSURXNWEtZmRnEAE,Babybomba Virgin,3,ราคาอย่างเดียวที่มาตรฐาน นอกนั้นไม่มาตรฐานเลย อาหารมีให้เลือกน้อย เทปันยากิพันปี เสิร์ฟช้าแล้ว 1 สั่งเทปันหมู คิดว่าปาหัวหมาแตกอะ มัน overcooked น้พมันที่มีในสามภพ จบในจานข้าพเจ้าจานเดียวเลยจ้า เทปันหมูตกมัน ร้านสะอาด อุปกรณ์สะอาด บริการอื่น ๆ ดี ยกเว้นครัวร้อน ไม่ผ่าน
ChZDSUhNMG9nS0VJQ0FnSUQtbFA2WVZBEAE,Marc Combes,2,"We came in 8 people for lunch.  Despite the restaurant being fairly empty, the attendant couldn't accommodate sitting us all at the same table.  First, she wanted to sit our 2-year old and 3-year old together separately at their own table, far away from us; talk about clueless... I can't recommend the place for groups of more than 6 people. And as for the food, not a whole lot of choice, compared to other Oishi Buffet restaurants, or how they used to be several years ago.  Disappointing experience."
ChdDSUhNMG9nS0VJQ0FnSURSMDd2ZjlnRRAB,Visarn Unkanawarapan,3,"รสชาติมาตรฐานของร้านในเครือ
ราคาถูกกว่าเมื่อเทียบกับร้านแนวบุฟเฟ่ต์

ร้านอื่นๆในพื้นที่

ความหลากหลายของอาหารจะน้อยกว่า
อีกยี่ห้อ ในเครือ"
ChdDSUhNMG9nS0VJQ0FnSUNXMHJMSmpBRRAB,วิโรจน์ สุวรรณพันธ์,5,"อาหารอร่อย ปลาดิบน่าทานและอื่นๆอีกหลายเมนู ในเวลา 1.30 ชม.
คุ้มค่าในราคา 629 บาท"
ChZDSUhNMG9nS0VJQ0FnSUNSdl9DcVBREAE,กมล เรืองศักดิ์,4,วันนี้ อาหาร เหมือนกับ กลิ่น.ตุ๊ ๆ  น่าจะเก็บ ไว้ หรือตุน ไว้เยอะ ความเย็นไม่พอ จึง มีกลิ่น รสชาติ คล้ายกับ ใกล้จะเน่า แต่ไม่เสีย
ChZDSUhNMG9nS0VJQ0FnSURlejdIQklBEAE,นิติชา กงแก้ว,5,"ร้านประจำ อาหารอร่อย หลากหลาย สะอาด
พนักงานสุภาพ บริการดีเสมอ กินตั้งแต่เวสเกตเปิดจนถึงวันนี้ที่สาขานี้ ไม่เคยมีประสบการณ์แย่ที่นี่เลย"
ChZDSUhNMG9nS0VJQ0FnSUNJbXM3bVRnEAE,Karan Suksomkit,4,อาหารหลากหลาย ซูชิพอใช้ มีติ่มซำให้เลือกทานได้ กุ้งมีเมนูเดียวให้นำคลิบไปหนีบ ของขวานรสชาดไม่ถูกปาก
ChZDSUhNMG9nS0VJQ0FnSUNuNDlXbGRREAE,oadkung suparp,5,ดีครับ ไลน์อาหารเยอะดี ใช้คูปองที่ซื้อไว้ราคาดี สะดวกมาก
ChdDSUhNMG9nS0VJQ0FnSURCeC1LNThnRRAB,Neena Mintra,5,ไปทานช่วงมีโปรโมชั่น โดยใช้บัตรกรุงไทย มา 2 ท่านฟรี 1 ท่าน ทานคุ้มมากเลยค่ะ
ChdDSUhNMG9nS0VJQ0FnSUNvdm8zdDF3RRAB,I'mmukk H.,5,ชอบกินแซบม่อนค่ะ
ChdDSUhNMG9nS0VJQ0FnSUQxaDlId3JnRRAB,Nicha Kriengprasert,5,"Variety food
Meet expectation🌟🌟"
ChZDSUhNMG9nS0VJQ0FnSUNlNXVfSFFREAE,Pinit Saengkaew,4,ใช้ได้นะครับ แต่ขี้เหนียวกุ้งกรอบ ไม่เอาออกมาวางให้เห็น ใครไม่รู้ว่ามีก็อดไป 😕 …
ChdDSUhNMG9nS0VJQ0FnSUQtdTRXSG9nRRAB,Suebpong Sutthiruck,4,อาหารดีมีคุณภาพ ราคาเหมาะสม มีเมนูอาหารให้เลือกทานเยอะพอสมควร
ChdDSUhNMG9nS0VJQ0FnSUR4ejhURDBBRRAB,พัทธมน6 นาคะรัตน์6,1,แพ๊งแพง ไม่สมราคาเมื่อเทียบกับจำนวนเมนูและคุณภาพอาหาร😭😭
ChdDSUhNMG9nS0VJQ0FnSUNCOXJHMi13RRAB,Take On Me,5,อาหารอร่อย เยอะพอสมควร  แค่นี้ก็ทานไม่หมดทุกอย่างแล้วจ้า
ChZDSUhNMG9nS0VJQ0FnSUN5X3JMR1FBEAE,MagnetDD Shop,5,หลากหลาย
ChdDSUhNMG9nS0VOajJnWVNJbEw2Vm1RRRAB,Thanapon Subgranon,5,อาหารหลากหลาย อร่อย ถูกใจมาก
ChdDSUhNMG9nS0VJQ0FnSUQyZ1p1VjZnRRAB,SAICHOL RATANA,4,บริการดี + อร่อยเหมือนเดิม แต่ขึ้นราคาอีกแล้ว
ChZDSUhNMG9nS0VJQ0FnSUNlenBEQUpnEAE,Akarach Rujiranon,4,ที่ชอบที่สุดกลายเป็น เทปันยากิ @sep2022 เดี๋ยวมีอะไรใหม่จะไปลองอีก
ChZDSUhNMG9nS0VJQ0FnSUNJcTl5a1h3EAE,Kitakorn Jatiyanon,5,ราคาตอนนี้(7/12/61)  569฿ ยังไม่รวมvatอีก7%
ChdDSUhNMG9nS0VJQ0FnSUR1cVBHdHJRRRAB,หนึ่ง,5,คุณภาพอาหารดีมาก ราคาย่อมเยาว์กว่าเดิม
ChZDSUhNMG9nS0VJQ0FnSUNSX2ViU2N3EAE,Life is a journey by beeboy,4,คุ้มค่าเพราะใช้โปรโมชั้นในราคาพิเศษ
ChZDSUhNMG9nS0VJQ0FnSUNacFlmM1lBEAE,Keerin Mekhora,5,สมกับราคา ไม่ถึงกับว้าวว บิวซูค่อนข้างหวาน
ChZDSUhNMG9nS0VJQ0FnSUNSc19fWkN3EAE,Sunita C,1,อาหารไม่ค่อยสดและร้านไม่สะอาด
ChZDSUhNMG9nS0VJQ0FnSUR1czV2LUJnEAE,Wanchai Srisamer,5,คุ้มค่าคุ้มราคา
ChdDSUhNMG9nS0VJQ0FnSUNJX3NiRXRBRRAB,Ipim Pa,5,อร่อยมากค่ะคุ้มสุดๆๆๆ อิ่มมาก😂 …
ChZDSUhNMG9nS0VJQ0FnSUQtdjlqVEN3EAE,Oxxy Ler,4,คุณภาพอาหาร และวัตถุดิบ น้อยลงกว่าเดิม
ChdDSUhNMG9nS0VJQ0FnSUQtOHBuQjNBRRAB,Jirapan Khamsithy,4,I like it. Clean and testy. A lot of choice. Good service.
ChdDSUhNMG9nS0VJQ0FnSUR5MjRpdDhRRRAB,สรณ์มนัส กอบประเสริฐศรี,5,อร่อยเหมือนเดิม แต่ราคาค่อยๆเพิ่มขึ้น
ChZDSUhNMG9nS0VJQ0FnSURnOEthUEh3EAE,Paiboon Rachatasakorn,3,ไม่ค่อยอร่อย สู้สาขาอื่นไม่ได้
ChdDSUhNMG9nS0VJQ0FnSUREeU4zMXlBRRAB,Yunkit Chan,3,"Everything just ok.
Not much food variety."
ChdDSUhNMG9nS0VJQ0FnSUNRdDRlUy1RRRAB,Paradorn Tonthong,4,อยู่ชั้น 3 ห้างเซ็นทรัลพลาซาเวสต์เกต ใกล้กับ food park
ChdDSUhNMG9nS0VJQ0FnSUNHN28zWDlBRRAB,Phanuwat Thongchat,4,หลากหลาย และอร่อย คออาหารญี่ปุ่นต้องชอบ
ChdDSUhNMG9nS0VJQ0FnSUN1OXJEeTZ3RRAB,Nuttawut “Aof” Ledvijidtum,4,ไลน์อาหารน้อยลง ราคาแพงขึ้นนิด
ChdDSUhNMG9nS0VJQ0FnSUN1NXY3STdnRRAB,khuntapom,2,ไม่มีอะไรใหม่ จะมีแต่ของลดลง
ChZDSUhNMG9nS0VJQ0FnSUNzNnRHYVRBEAE,Somchai Udommongcolkit,2,อาหารและภาชนะขาดเกือบตลอดเวลา
ChZDSUhNMG9nS0VJQ0FnSUN1bGFtVmR3EAE,NerAPa NeNA,4,มีอาหารให้เลือกหลากหลายอย่าง
ChZDSUhNMG9nS0VJQ0FnSURSOU5fb2J3EAE,Mr. Weeradej,4,สาขานี้บริการดีครับ
ChZDSUhNMG9nS0VJQ0FnSURpZ1lpWVpBEAE,George Luechai,5,อาหารเยอะมากอร่อยหลายอย่าง
ChZDSUhNMG9nS0VJQ0FnSUQwcjQ3d1p3EAE,พงษ์เทพ สุทธิอนันต์,5,อิ่มมาก
ChdDSUhNMG9nS0VJQ0FnSUQ2NTRYNXZRRRAB,sarawut wong,5,บริการดี อาหารอร่อย
ChdDSUhNMG9nS0VJQ0FnSUN4eHIzajd3RRAB,Kanokwan Phetpun,5,ก็สมราคาค่ะ
ChdDSUhNMG9nS0VJQ0FnSUNrcGZtT2lRRRAB,wallop hamethanon,4,ของน้อยไปนิด
ChdDSUhNMG9nS0VJQ0FnSURteGZPVWxBRRAB,เที่ยวไหนจัง แม่ชอบถาม,5,อร่อย
ChdDSUhNMG9nS0VJQ0FnSUM0eUlHUHVRRRAB,P kitty53,3,Fine
Ci9DQUlRQUNvZENodHljRjlvT21OUFdYbDBYMGhoVDJSM2FXbHphR3d5TmtveGNrRRAB,tle thiti,4,"ร้านอยู่ชั้น2 ร้านค่อนข้างใหญ่ เรียกคิวเร็ว ทาน 399 รวมvat 427บาท ตอนนี้มีโปรแลกคะแนนของ ktc 699คะแนนลดเพิ่มอีก120 บาท

ส่วนตัวพนักงานโอเค คอยเก็บชาม เก็บจาน เติมน้ำจิ้ม น้ำซุปตลอด ไลน์อาหารก็โอเค
ซูชิ แกงกระหรี่ของทอด ไอศกรีม เครื่องดื่ม อาหารบนสายพายก็โอเค วัตถุดิบก็ไม่ได้แย่กลางๆ น้ำซุปต้มยำรสชาติกลางๆ"
Ci9DQUlRQUNvZENodHljRjlvT205dFUyRklUbFJSTms5V01FcFNTVGs1Vm1nd2FIYxAB,ธัญชนก แพทย์พิทักษ์,5,อร่อยทุกครั้งที่กิน ของเยอะดีค่ะพนักงานเติมของเต็มสายพานตลอดค่ะ
ChZDSUhNMG9nS0VJQ0FnSURueG9tbU9nEAE,Wisaroot S.,4,"กินที่นี่หลายครั้งมาก ๆ นับไม่ถ้วน แต่เพิ่งได้มารีวิว
- อาหารที่นี่อร่อยครับ ทั้งชาบู ซูชิ และของกินเล่น มีให้เลือกได้หลายอย่างบนสายพาน
- ถ้าเป็นวันหยุดยาว วันหยุด เสาร์ อาทิตย์ หรือวันเงินเดือนออก ที่นี่จะคนเยอะมาก ใครจะมา แนะนำวางแผนเรื่องเวลาให้ดีครับ

* อยากฝากถึงสาขา ไปกินวันไหนไม่รู้จำไม่ได้ วันนั้นไม่มีเนื้อสไลด์ติดมันมาเลยบนสายพาน เลยขอพนักงาน และสิ่งได้ที่มา มันไม่ใช่เนื้อสไลด์ติดมัน คุณภาพต่ำมาก แย่มาก"
Ci9DQUlRQUNvZENodHljRjlvT25OalFXSmtaVll0Y2xJeVdWSlhZV2R4TFVkRGJXYxAB,Pattawikarn Chaengmongkhon,1,แย่มากๆ ในการบริการ ไปนั่งไม่ถึง5นาที ยังไม่ทันได้เริ่มทาน พนง.เสริฟ ทำ น้ำจิ้มหกใส่เสื้อ กางเกง ทั้งชุด ไม่ได้รับการรับผิดชอบ ใดๆ  แค่คำขอโทษ ส่งๆ ชุดเสียหายทั้งชุด แย่มากๆๆๆ แย่ที่สุด
ChZDSUhNMG9nS0VJQ0FnTUN3Z2FpWEtREAE,City of Angels,5,"Affordable buffet for unlimited meat and seafood. You can get dishes from the conveyor belt as they come round or order from the app. Friendly staff and quick service. Plenty of side dishes, drinks and vegetables."
ChZDSUhNMG9nS0VPR05pckwtX1B1aVFBEAE,Jimmy L.,5,I really like this buffet. I usually get the cheapest cause I don't see value in the more expensive options. I like the fact that the food just keep coming out on a rotary machine and there are sushi on the side that I can eat. The drinks are not sweet which is another good thing I like
ChdDSUhNMG9nS0VJQ0FnSUR6Nkltbl9RRRAB,FaNgZ WTF,4,"ไม้ได้กินชาบูชินานมากก รอบนี้อยากลองชิมข้าวซอย ฝีมือเชฟอ้อฟ มาสเตอร์เชฟ เราสั่งเป็นโปร Platinum สั่งผ่าน Hungry hub แค่ 555 บาทเน็ต กิน2คน ประหยัดได้เยอะอยู่นะ 😆 โปรนี้เนื้อดี มีให้เลือกเยอะ ข้าวซอยเข้มข้น มีของทานเล่น มีซูชิด้วย

“ชาบูชิ มาเหนือ”
ซุปข้าวซอยทงคตสึหม่าล่า
บูตะไส้อั่ว และหมี่กรอบ
เอบิเท็นมิโซะหม่าล่า, ไส้อั่วมากิ และหมูม้วนเมืองเหนือ
มีซอสข้าวซอยให้จิ้มด้วย อร่อย แปลกใหม่ดี

รวมๆก็คุ้ม อร่อย ของหวานมีผลไม้ กับไอศกรีม
พนง.ที่นี่น่ารัก บริการดี"
ChZDSUhNMG9nS0VJQ0FnSURQaDRteE1nEAE,Koy Wiriya,5,ชาบูชิ ซีฟู้ดพาราไดซ์ หอยเชลล์ หมึกกระดอง กุ้งสด ปลาอิซุมิได หอยตลับ อาหารสดใหม่ พนักงานบริการดีมากๆๆๆ
ChZDSUhNMG9nS0VJQ0FnSUMxNGZmYkZnEAE,phiphob sodsee,4,Food is not too expensive. Buffet is quite adequate in the term of quantity and quality. You can pick three kinds of soup and unlimited meats and vegetable. There are sushi bar that will be all you can eat.
Ci9DQUlRQUNvZENodHljRjlvT2sxTWFuWkllVk5QUzFsSVZFWTFXVmhtZUdoeVdVRRAB,feelingb Nolimit,5,"อาหารสด  ยกเว้นเกี๊ยวซ่า
พนักงานบริการดี  น่ารัก  ชอบเต้นด้วย5555"
ChdDSUhNMG9nS0VJQ0FnSUN0M1lTdjF3RRAB,Fa,5,ร้านอยู่ชั้น2 โซนร้านอาหารด้านนอกเมกะบางนา สั่งบุฟเฟ่ต์ราคาต่อหัวคนละ 399 ไลน์อาหารเยอะดี น้ำซุปต้มยำอร่อย พนักงานสุภาพ
ChZDSUhNMG9nS0VJQ0FnSURod2ZtREFREAE,อังคณา มากู่,2,ดีลลลทุกอย่างพนักงานพาร์ทไทม์คือดีมากกเก็บจานให้ตลอดไม่รอให้ถึง6-7ใบเลยบริการดีแต่แอร์ไม่เย็นเลยยยจริงๆร้อนมากกบวกกับควันจากเตาไปอีกยิ่งอบเพื่อนคือเหงือออกเลย
ChZDSUhNMG9nS0VJQ0FnSUR5NUtIYWVBEAE,kasi vorawat,5,ใครชอบหยิบอาหารสายพานนั่งทานเพลินๆก็คงต้องแวะมา อาหารมีให้เลือกเยอะ รวมถึงน้ำซุปที่มีให้เลือกสี่แบบ ของหวานของทอดซูชิปลาดิบมี มาตรฐานเหมือนเดิมครับ
ChdDSUhNMG9nS0VJQ0FnSURjMzVudXd3RRAB,Bebe Supree,4,"Value for money shabu and basic Japanese dishes e.g sushi, tempura etc.
(399 THB per person for 75 minutes buffet ).
Can order on website using QR code for individual hot pot.
Good service."
ChZDSUhNMG9nS0VJQ0FnSUNKMDhhRkdREAE,Puspita Magdalena,4,"Restaurant concept is nice, but limited fresh meat as more processed food coming through (meat balls, fish balls, pork balls) but I love the option range. The staff were nice and friendly, eventhough we had little language barrier but they tried their best 👌"
ChZDSUhNMG9nS0VJQ0FnSUNuMDZ1VUt3EAE,Soul_Master,4,ราคาเริ่มต้น 399+(427 net) เน้นกินกุ้งเทมปุระอย่างเดียวก็คุ้มล่ะ อย่างก็กินเป็นกับแกล้มแก้เลี่ยน
ChZDSUhNMG9nS0VJQ0FnSUN3dlp6Z1pBEAE,Treamprom Klinhom (Sunday),5,Shabushi สาขานี้ต้องใช้แอป QQ นะ คือคนเยอะมาก เลยต้องจองคิวไว้ก่อนแล้วค่อยกลับมาตอนเรียกคิวครับ อาหารก็อร่อยตามฉบับ Shabushi ครับ หิว ๆ มานี่จัดหนักเลยแหละ
ChdDSUhNMG9nS0VJQ0FnSUN6dy03VXFRRRAB,Noom Thailand,5,ราคาอาจจะปานกลางแต่ก็คุ้มโดยอาหารหลากหลายผมชอบเกี๊ยวซ่าและข้าวปลาปั้นเเซลมอน อาหารสดดี เตรื่องดื่มน้ำพั้นรสชาติดี ปรกติชอใน้ำอัดลมผมยังดื่มน้ำพั้นเลย ตบท้ายผลไม้แตงโม สับปะรด ไอติมปิดท้ายอิ่มจุกๆ ที่ชอบที่นี่ใช้แต้มสะสมบัตรเครดิตรมาเป็นส่วนลดได้ครับ
Ci9DQUlRQUNvZENodHljRjlvT2poSVJrZzFjR1Z2UXprd1EwMUNXVlJTZFdsUVEwRRAB,ชลธิชา,5,มาหลายครั้งแล้วไม่เคยผิดหวัง อาหารอร่อยสม่ำเสมอ บรรยากาศอบอุ่น นั่งสบายเหมือนทานข้าวอยู่บ้าน
ChZDSUhNMG9nS0VJQ0FnSUNNMjltdklBEAE,Duangjai J,3,ให้เวลาทาน้อยลง ซูชิน้อยมาก เนื้อปลาบางเฉียบ อยากให้มีไอศกรีมรสสตรอเบอร์รี่
ChZDSUhNMG9nS0VJQ0FnSUNfZ29EcGVnEAE,Andreas Storm,5,Very good food and fast service at affordable price. Will be back many times.
ChZDSUhNMG9nS0VJQ0FnSURCNU4yblVBEAE,ไปกินไปเที่ยว กับoppa,5,สั่งชุด599 เหมาะสำหรับคนชอบทานเนื้อมากๆ มีชุด399 เน้นเมนูหมู เมนูมีให้เลือกไม่มาก
ChdDSUhNMG9nS0VJQ0FnSUR3bUxDVXlnRRAB,Itsara Phanit,4,ราคา400บาทมีทอน คุ้มสุดในชาบูบนห้างแล้ว แต่ถ้าสายเนื้ออาจจะช้ำใจบ้าง เพราะเนื้ออร่อยๆออกไม่ถี่ นั่งไป90นาทีได้เนื้อจานอร่อยๆแค่4จาน แต่ก็ยังกินอีกแหละถ้ามาครั้ง
ChdDSUhNMG9nS0VJQ0FnSURleE5xMF93RRAB,Aom Jipo,5,ไปถึงตั้งแต่10.00ของวันอาทิตย์ คนเริ่มเยอะแล้ว อาหารออกเร็วดีที่สายพาน กุ้งตัวใหญ่ดี เด้ง อร่อย
ChZDSUhNMG9nS0VJQ0FnSURndnV5WVpBEAE,Kennii71,5,"คนเยอะมาก รอคิวนาน
แต่ก็เข้าใจหละ ค้าขาย ใครอยากให้คนเข้าร้านน้อย
พนักงวานบริการดีครับ สายพานก็ปกติทั่วไปเหมือนร้านอื่นๆ แต่ที่ดีกว่าสาขาอื่น คืออาหารพร่องไป เติมเร็ว เติมตลอด ไม่เหมือนบางสาขาที่ไม่ค่อยเติม"
ChZDSUhNMG9nS0VJQ0FnSUNVMDVmVUR3EAE,Wouter Hazenbroek,4,"Crowded place with always fresh producs. It's a delight coming here and being recognised as regular guests we often get our preferred seat, right on the middle of the action. The food circulates and is constantly refilled. The separate sushi counters are well maintained. Although the temperature can go up quiet a bit and some new manager/supervisor seem to need some time to adapt to a ""welcome my dear guests"" culture (not a glimpse of a smile would come off the man with glasses face) we are sure you will have a great experience at this Shabushi in Mega Bagna"
Ci9DQUlRQUNvZENodHljRjlvT2toNVozTmlOVUZGYkhVMVNGRnRkekpZUlhaSWMzYxAB,Rakchanok Plong,2,กุ้งเทมปุระเหนี่ยวเหมือนแป้งไม่สุก กรอบอยู่ด้านเดียว
ChZDSUhNMG9nS0VJQ0FnTUNneFpHbklnEAE,Phanida Sangdee,1,รสชาติน้ำซุปจืดทุกอัน ผักเน่าผักดำ เนื้อสัตว์ไม่สด โดยรวมคือไม่อร่อยมากๆผิดหวังมาก ร้านเดูไม่สะอาด ราคาก็แพงกว่าร้านอื่น
ChZDSUhNMG9nS0VJQ0FnSUMwel9XcERBEAE,natthavee klinsrisuk,1,"ผิดหวังกับสาขา Mega bangna มาก
ถ้วยชามไม่สะอาด คราบอาหารติดอยู่ขอบภาชนะ นี่ไม่ใช่ครั้งแรกที่เจอที่สาขานี้"
ChdDSUhNMG9nS0VJQ0FnSUMtMnFYa2d3RRAB,Bestpeace Pornpitaksit,5,อาหารดีใช้ได้ตามราคา โต๊ะมีชำรุดบ้าง
ChdDSUhNMG9nS0VJQ0FnTUNneGNudnl3RRAB,สุจิตรา ตวนกู,1,ไปทานมาล่าสุด 19/2/2568 คือห่วยแตกมาก ผักเน่า เนื้อหมูไม่สดไม่สะอาด ราคาก็แพงคุณภาพไม่ได้เลย เสียดายตังมาก
ChdDSUhNMG9nS0VJQ0FnSUQydS1tUXdBRRAB,Ratanaporn Poltham,5,วันธรรมดา เงียบมากค่ะ มาแล้วต้องบูชา น้ำมันก๊าช
ChdDSUhNMG9nS0VJQ0FnSURQazlqWmtBRRAB,Kailert Bunlert (Atom),5,วันนี้ไปรับประทานที่ร้าน Shabu Shi แล้วประทับใจในบริการมากครับ ตอนนั้นมือผมโดนของบาดเล็กน้อย เลยแจ้งพนักงานไป ทางพนักงานรีบช่วยเหลือทันที แต่เนื่องจากที่ร้านไม่มีพลาสเตอร์ เขาอาสาเดินไปซื้อมาให้ด้วยตัวเอง ทำให้รู้สึกว่าใส่ใจลูกค้าจริง ๆ บริการแบบนี้น่าชื่นชมมากครับ
ChZDSUhNMG9nS0VJQ0FnSUNvOTVQZ1l3EAE,Maggy Smith,5,We are major Shabushi lovers. Any special occasion we love to have dinner here! The dark soup base is amazing. And the conveyor belt full of delightful meats and veggies is so fun for adults and kids alike! The chrysanthemum tea on tap goes so well with shabu. There is also soda water on the fountain machine- which is hard to find in Isaan! Followed up dinner with a heaping bowl of green tea ice cream!
ChdDSUhNMG9nS0VJQ0FnSUNzMEtENW9BRRAB,จิรพัฒน์ สุขหล้า,5,อร่อย บริการดี อาหารมีคุณภาพ
ChZDSUhNMG9nS0VJQ0FnSUNTdWYtVFdBEAE,นกหนวด G.,4,โปรฯใหม่ที่ได้ลองไปกินวันแรกสำหรับสายเนื้ออย่างผมต้องบอกว่า....ประทับใจในคุณภาพของเนื้อและการบริการมากครับ
ChZDSUhNMG9nS0VQV0twcmZzNmRPU1BREAE,สวยกว่านี้มีอีกไหม,1,มีแมลงวันเกาะตามอาหาร ไม่หน้าทานกินสมควรดูแลสุขอานามัยนะค่ะ
ChdDSUhNMG9nS0VJQ0FnSUNXbHZEVXFBRRAB,ThongPoon Channal,5,ของเยอะ สะอาด อร่อย รอคิวไม่นาน
ChZDSUhNMG9nS0VJQ0FnSURRamZpWVlREAE,บ่าวอุบล คนฮิมเขื่อน,4,บุฟเฟ่ต์399บ.ครับ เวลา1.5ชม. คนเยอะมากครับรอคิวนานด้วย แต่ก็บริการดีครับ
ChdDSUhNMG9nS0VJQ0FnSUQyamVLbl9BRRAB,Wanwisa Noisumdang,4,วันนี้ช่วง18:40ไปใช้บริการที่สาขาMega Bangna การบริการดีมากๆเลยนะคะ น้องผู้ชายตัวอ้วนท้วมเสื้อสีขาวน่าจะเป็นพาร์ทไทม์ก็บริการดีนะคะพูดจาสุภาพมากค่ะขอน้ำจิ้มงา วุ้นเส้น หมูบดไปก็ได้ของไวมากเลยค่ะเป็นคนกระตือรือร้นมากแล้วก็ตอนทานใกล้จะเสร็จเรียกน้องผู้หญิงคนนึงให้เติมน้ำจิ้มงาให้ด้วยค่ะน้องสังเกตลูกค้าด้วยนะคะถามอีกด้วยว่ารับน้ำจิ้มสุกี้ด้วยไหมอีกคนนึงเป็นน้องผู้ชายตัวสูงผิวขาวค่ะน้องยืนอยู่โซนทางเข้าร้านคอยเก็บจานตลอดไม่ต้องเรียกเลยเดินเก็บเก่งมาก ตอนเช็คบิลไม่มีเงินสดให้Tips พอจ่ายเงินเสร็จอดไม่ได้ที่จะไปกดเงินแล้ววนกลับมาให้Tips รู้สึกประทับใจการบริการมากๆเลยค่ะ รสชาติซุปดำไม่ค่อยเข้มข้นเท่าไหร่  ส่วนน้ำจิ้มงาอร่อยมากๆโดยรวมรสชาติอาหารดีมากค่ะ ปรับปรุงแค่ซุปก็พอค่ะ
ChZDSUhNMG9nS0VJQ0FnSUNXNEl1NFlBEAE,ศุภกร หาญเกษม,5,"เมื่อวานวันที่ 14/2/65 มีโอกาสเข้าใช้บริการ 2 ท่าน ด้วยโปรโมชั่น 499.บาท / ท่าน ดีใจกับทางร้านนะครับ ที่มีคนเข้ารับบริการหนาแน่นมากๆ ต้องมีการรอรับบัตรคิว กันอย่างอุ่นหนาฝาครั่ง น้องๆทุกท่านตั้งใจให้บริการเป็นอย่างดียิ่ง เต็มใจให้บริการทุกคน ถึงแม้ลูกค้าจะเยอะ แต่ผมสังเกตุดู ไม่เห็นน้องๆพนง.คนไหน แสดงออกซึ่งอาการที่ไม่น่ารักเลยนะครับแต่ก็อาจมีบางช่วงที่ อาหารพวก ซูชิ ปูอัด ของทอด ข้าว แกงกะหรี่ ขาดไปบ้างเป็นบางช่วงเนื่องด้วย ลูกค้าเข้าใช้บริการเยอะ แต่ พนง.กผ้พยายาม นำออกมาเติมให้ทันความต้องการ
#ไม่ได้เป็นหน้าม้าเข้ามาเขียนเชียร์นะครับ ดีก็ชื่นชม ของหมดเติมไม่ทัน ก็แจ้งเพื่อปรับปรุงการบริการ ช่วยๆๆกันครับ"
ChZDSUhNMG9nS0VJQ0FnSUROd3NhektBEAE,พัฒนพงศ์ เกื้อศิริกุล,5,มาที่นี่ของกินเล่นบางอย่างออกช้าช่วงมีของดำกุ้งเทมปุระดำไม่ออกเลย ช่วงนี้มีเกี้ยวทอดนั่ง1.30ชม.ไม่ออกมาให้ลองเลย บางอย่างออกช้ายังได้บ้าง
ChdDSUhNMG9nS0VJQ0FnSUNZMDVLejl3RRAB,PikaPiPi,3,"พนักงานต้อนรับผู้ชายที่อยู่ภายในร้าน ตรงที่นั่งทานแบบบาร์ให้การต้อนรับดีมาก ไหว้สวย และตอนใกล้หมดเวลาก็มีการเตือน รวมถึงแนะนำให้ชำระเงินก่อน แล้วนั่งทานไอศกรีมต่อจนหมดถ้วยได้ จะได้ไม่เสียค่าเกินเวลา น่ารัก 😊

ส่วนพนักงานเสิร์ฟก็ดูแลเรื่องเก็บจานเปล่าให้บ่อยๆ ทำให้โต๊ะว่าง ทานได้สะดวก และสะอาด เพราะโต๊ะบาร์จะค่อนข้างพื้นที่จำกัด แต่อยากเพิ่มเติมเรื่องการบอกกล่าวก่อนเก็บจ่ายสักนิดก็ยังดี โดยส่วนมากจะพูดนะ ขออนุญาตเก็บจาน แต่บางทีไม่ได้พูด จู่ๆ มือก็ยื่นยาวมาจากข้างหลัง คว้าจานหายไป เราก็ตกใจนะ...ฝากด้วย 😎"
ChZDSUhNMG9nS0VJQ0FnSURTNS1pVVBnEAE,Peter “Pete” F,4,All you can eat buffet. Freshly made with a conveyer belt constantly replenishing the menu. Side dishes of sushi and fried dumplings plentiful. A wonderful experience at very reasonable prices. Dessert is several different flavored ice creams. I recommend taking the hour option so you don't have to rush.
ChZDSUhNMG9nS0VJQ0FnSUNBaEwyT0l3EAE,Thanet Puengprom,5,อาหารคุณภารมาตรนฐานชาบูชิ สายพาน อาหารออกมาเรื่อยๆ การบริการ ดี คุณภาพอาหารดี อาหารไม่มีขาด พนักงาน เติมตลอด ส่วนอาหารปรุงสุขพวก ซูชิ ก็ มีไม่ขาดพนักงานเติมเรื่อยๆ โดยรวมแล้วใช่ได้คุณคุ้มค่า คุ้มราคา ส่วนเรื่องความสะอาดถือว่าผ่าน   การบริหารจัดการ ลำดับลูกการเข้าร้านถือว่า โดยรวม ผ่าน ไว้จะแวะไปใช้บริการใหม่ ครับ
ChZDSUhNMG9nS0VJQ0FnSURZc29pcUxREAE,Kotchp. P,3,ไปสองรอบหลังคือพาน้องกับแม่ไป กับอีกรอบพาแฟนไป ไม่แน่ใจว่าเป็นช่วงคนในร้านเยอะหรือว่าพนักงานมันน้อย เพราะว่าอย่างครั้งที่พาแม่ไป ที่โลตัสพลัสมอล์ พนักงานไม่ได้เอาชุดถ้วยตะเกียบ จานมาให้ รวมถึงน้ำจิ้มด้วย สุดท้ายไม่มีพนักงานเดินผ่านมาสักทีเลยแอบเดินไปหยิบตรงตู้ที่เขาเทไว้เองแถมตอนเรียกพนักงานเติมน้ำซุป พนักงานพยักหน้ารับเรียบร้อย กินจนอิ่ม นั่งคิดเล่นๆว่าจะมาเติมให้มั้ยก็ไม่! พนักงานคนนั้นก็ยังเดินผ่านไปมาโต๊ะเราตลอด สงสัยลืม!! :(  รอบที่พาแฟนไปกินที่เมกะบางนาง พนักงานก็ไม่ได้เอาน้ำจิ้มมาให้เช่นกันนั่งลวกของรอก็สักพักนึงก็ไม่มีมา แต่มีพนักงานเดินไปมา เลยเรียกขอเอาแทน
ChZDSUhNMG9nS0VJQ0FnSUN1dWZYT1J3EAE,Natchalee Tongprajiad,3,สดวกมีสินค้าครบทุกอย่างตั้งแต่ร้านอาหาร ผลไม้เกรดดีๆ เสียอย่างเดียวลูกคัาเดินเล่นเวลาซื้อสินค้าไม่มีถุงใส่ต้องหอบผลไม้ไปด้วยการหอบ  เขามากินอาหารแล้วเห็นผลไม้(ราคาก็แพง)แต่ไม่มีถุงใส่ให้(กล่องหนึ่งเป็นพันนะองุ่นน่ะและสตอรเบอรี)ไม่โอเครค่ะ
ChZDSUhNMG9nS0VJQ0FnSUNzZzhYZGVBEAE,Pornpun Jantima,2,ยังมีน้องแมลงวันบินในร้าน และเกาะอาหารด้วย
ChdDSUhNMG9nS0VJQ0FnSUNZeXZiUXR3RRAB,Boat Tid Tiew,4,อาหารสะอาด รสชาติอร่อยดีครับ แต่ของบางอย่างไม่มีเสริฟตามสายพาน ต้องขอจากพนักงานเอาเอง ลูกค้าใช้บริการค่อนข้างเยอะทาก ทำให้พนักงานดูแลไม่ทั่วถึงเท่าที่ควร แต่โดยรวมถือว่าโอเครครับ ;)
ChdDSUhNMG9nS0VJQ0FnSURjLXRuZDNnRRAB,Ratchapon Sungkum,1,ไปมาล่าสุดสาขานี้ไม่ปลื้มเลย อาหารให้สั่งเป็นรอบๆ ทางครอบครัวสั่งได้แค่2รอบ จากนั้นสั่งอาหารก็ไม่มีมาอีก คิดว่าครั้งสุดท้ายที่จะทานสาขานี้ ทานได้แค่20นาที ของส่งแค่2รอบ 4คน 1500กว่าบาทไม่อิ่มกันเลย ต้องออกไปหาอย่างอื่นทานแทน ฝากด้วยนะครับ
ChdDSUhNMG9nS0VJQ0FnSUN5Xy1tZ3pnRRAB,CAPTAIN ZIPPO,1,พนักงานต้อนรับวิ่งไปหยิบชานมไข่มุกที่แกร๊บมาส่ง เราก็ยืนรอพอนางเดินกลับมาก็ไม่ได้สนใจอะไร คือต้องไปเรียกไปบอกว่ามากี่คนยังไง พนักงานคือต้องให้เรียก ลูกค้าไปขอคุณใช่ไหมสรุป ? แบบนี้เรียกพนักงานต้อนรับหรอ ? หิวไม่เท่าไหร่มาเจอแบบนี้คือหมดอารมณ์กิน ! เจ้าของแบรนด์คือควรมาอ่านนะ พิจารณาเอาพนักงานแบบนี้มาทำงานคือส่งผลถึงแบรนด์จริงจัง คือต่อให้ถูกก็คือไม่กินอีก
ChZDSUhNMG9nS0VJQ0FnSURLaDRHVkZnEAE,Lita maleehual,4,อาหารอร่อย ซูชิก็ถือว่าok พนักงานบริการดี
ChdDSUhNMG9nS0VJQ0FnSURwMWZHcGdRRRAB,Fonnaka ATIKROnBUNYARAS,5,เคยกินนำ้ซุปต้มยำของชาบูมาเป็น10ปีเมื่อวันที่15สิงหาคม66ที่ผ่านมาไปกินนำ้ซุปต้มยำรสชาติไม่เหมือนเดิมอีกต่อไปแล้วน่าเสียดายสูตรเดิมอร่อยอยู่แล้วไม่น่าเลยจริงๆ🥲
ChdDSUhNMG9nS0VJQ0FnSUMwbU9mbnFnRRAB,Cibo cibo,1,อาหารอร่อย กินประจำ แต่ไม่ใช่สาขานี้ค่ะ สาขานี้เจอทัวร์คนจีน สกปรกมาก ใช้มือหยิบอาหารแถมเลือกเอาแต่ชิ้นที่อยากได้ อันที่เหลือก้อปล่อยในจาน บางคนก้อเอาของกินไปทิ้งจานเปล่าไว้หมุนมา ขยะกองเต็มโต๊ะ. คุยตะโกนข้ามหัวคนนั่งข้างเสียงดังมาก นำ้ลายกระเด็นเต็มหน้าเต็มแก้ว กินมูมมามจนไม่น่าเข้าเลยค่ะ ถ้าจัดโซนทัวร์จีนนั่งแยกเป็นส่วนๆไม่มานั่งรวมกับคนอื่นจะดีกว่านี้ค่ะ นั่งข้างๆกินแทบไม่ลง เสียบรรยากาศมากค่ะ
ChZDSUhNMG9nS0VJQ0FnSUNjM1llT0FREAE,จิตติ นุกูลกิจ,5,ชอบชอบ อร่อยมากครับ
ChdDSUhNMG9nS0VJQ0FnSUNCdHJ2LW9RRRAB,Rebel Channel,2,เคยเป็นชาบูชิสาขาที่บริการดีมาก อาหารเต็ม แต่หลังๆนี่ ไปมาหลายรอบละ เทมปุระ ไม่เคยได้กิน ไปตั้งแต่ 11 โมง กว่าจะได้กิน เกือบจะหมดเวลาละ แอร์ไม่เย็น นั่งกินไป เหงื่อแตกไป ล่าสุด ปูอัดหมดอีก กว่าจะยกมาเสิฟก็จะหมดเวลา ห่วยแตกอะ สาขานี้
ChdDSUhNMG9nS0VJQ0FnSURnenVYaHlnRRAB,Phasit Trisupsatit,5,"Price per person: 399 baht.
Shabushi is a Japanese hot pot, buffet restaurant that uses a convoy belt to serve its customers. All the customers have to do is to select what they want to eat and wait for the correct dish to pass by their seat. In the event that a customer cannot find what they want, they can call a waiter and tell the waiter the dish they want and the chef will prepare one immediately. The sauce is delicious and there are condiment (chili, onion, and lemon) to customize the sauce to one’s desire. Hot pot is not the only thing that Shabushi provide, it also provide sushi, grilled food, drink bar, fruit, and ice cream. Overall, Shabushi has an affordable price per person and an above average food variety."
ChdDSUhNMG9nS0VJQ0FnSUNZcE9mNXNRRRAB,Mos S,4,"Always good food.
Först time sit bar and eat, you get small pot for cooking, perfect"
ChdDSUhNMG9nS0VJQ0FnSUR0cDkyWl9RRRAB,กะปุก ปุ๊ก ปุ๊ก,5,ชื่นชมเจ้าหน้าและพนักงานทุกคน  ลูกค้าเยอะ แต่ทุกคนบริการแข็งขันมากๆ สาขาไกล้ก็มีแต่ฉั้นก็มาที่นี่ประจำ55555
ChdDSUhNMG9nS0VJQ0FnSUN3ak5UYm93RRAB,Potjanee Paisuwan,4,"It is fun to bring family eating on a long rolling bar.  Many choice of food, quality is fine standard acceptable. I like their concept discounting 50% for kids) baby is free  it is fair price when I bring many kids with me . But just annoy it is too short time I could not enjoy my food cause need to feed kids with hot pot when they finished it was run out of time. I like some meat and icecream. Just annoying with clam, It was some spoiled and have sand inside it transferred to other food in pot."
ChZDSUhNMG9nS0VJQ0FnSURrLVByX0d3EAE,rasu peace,3,"วันเสาร์-อาทิตย์และนักขัตฤดษ์ ลูกค้าจะเยอะมากต้องรอคิวนาน อาหารเป็นชาบู บุพเฟ่ต์ มีซูชิ ,ปลาซะบะ ,เทมปุระ ปลาไข่ชุปแป้งทอดและของหวานเป็นไอศครีม ผลไม้ ฟรุตสลัด ถ้าอาหารที่อยู่ตามสายพานไม่มีมาสามารถขอกับพนักงานได้ ของสด หลากหลาย มีน้ำซุปให้เลือก ได้ 3แบบ  จำกัดเวลาการทาน รับชำระเงินสดและบัตรเครดิต"
ChdDSUhNMG9nS0VJQ0FnSUN6M3ZfYzl3RRAB,Phalida Arunpong,5,เป็นร้านขนาดเล็ก แต่บริการเร็ว รสชาติอาหารก็โอเค อร่อย ที่จอดรถสะดวกสบาย
ChZDSUhNMG9nS0VJQ0FnSURrNzRhUUlnEAE,Jantarut Kawattipa,3,"I like this shabu but!!  They don't have squid not much seafood.. Beef has just few typs and noodles has just one type.. Not OK... Everything is fresh.. Soup is good but.. This year I feel like the quality is dropped..
ชอบทานชาบูนี้แต่เมื่อวานนี้ มีเส้นเหลือเมนูเดียวคืออุด้ง. (คือเราชอบเส้นเล็กของที่นี่) ไม่มีปลาหมึก อยากให้มี หอยก็มีชนิดเดียว อาหารสดค่ะ แต่ เราว่าไม่สมราคาเท่าไหร่"
ChZDSUhNMG9nS0VJQ0FnSUNDa2RuOElBEAE,Warin “Wawa” TINWIRUT,1,"พนักงานโอเคนะ เเต่ผจก. ร้านเราว่าต้องปรับปรุง เราไปกับครอบครัว 6 คน จองโต๊ะไว้ พนักงานเดินมาบอกว่าเข้าได้เเล้ว ก็เดินเข้าไปเจอผจก. เเล้วคือโต๊ะมันยังไม่พร้อม เราก็ไม่ได้ว่าอะไร เข้าใจว่าผิดกันได้ ก็ไม่ได้ตำหนิพนักงาน เเต่จังหวะที่เดินไปโต๊ะผจก. พูดเสียดังเเละเเข็งมองมาที่กลุ่มเราว่า ""โต๊ะยังไม่พร้อม ก็บอกแล้ว ก็บอกแล้ว ก็บอกแล้วว่ายังไม่พร้อม"" พูดซ้ำๆ ใส่กลุ่มเรา คือเเย่มากนะ เราไม่ได้โวยวายอะไรเลยด้วย ก็เดินไปรอดีๆ เเล้วคือนี่เดินมาตามที่พนักงานคุณบอก เราผิดหรอ?"
ChdDSUhNMG9nS0VJQ0FnSUNVeC0zUGd3RRAB,อมร แสงสกุล,2,คิวมากรอนานอาหารงั้นๆถ้าอยู่ท้ายสายพานอะไรดีๆแทบไม่ได้กินกุ้งตัวเล็กกว่าของHOTPOTมากอร่อยแต่ซูชิดีนะที่แฟนกับลูกชอบถ้างั้นไม่ได้กินตังค์ผมหรอก
ChdDSUhNMG9nS0VJQ0FnSUNVa0xDTXh3RRAB,Kaewta Supannachot,5,"My favorite restaurant, must go there."
ChdDSUhNMG9nS0VJQ0FnSURrLS1YbHJ3RRAB,RULESDARK THEZERO,5,อาหารอร่อย บริการรวดเร็ว หัวหน้าพนักงานดูแลเอาใจใส่ลูกค้าดีมาก ไปครั้งไหนก็ประทับใจทุกครั้ง อยากให้รักษาการบริการที่ดีแบบนี้ต่อไป
ChZDSUhNMG9nS0VJQ0FnSUNSNnNMT0dBEAE,วัชรพล รัตนมาลี,4,ไปล่าสุดอากาศในร้านร้อนมากเหมือนไม่มีแอร์เลยแอบผิดหวังนิดๆอาหารการบริการดีแต่ทนร้อนไม่ไหวก็เลยรีบกินรีบไป
ChZDSUhNMG9nS0VJQ0FnSURnOHRqWE1BEAE,Intime ร้านทํากุญแจรีโมทรถยนต์ ปั๊มกุญแจimmobilizer กรอบพับ,5,คนเยอะสุดๆครับ แต่ก็มีอาหารเติ่มเรื่อยๆ ไม่ขาดสาย ปรุงสุขใหม่ตลอดครับ ขนาดร้านใหญ่มากแต่คนก็เข้าเต็มตลอดครับ
ChZDSUhNMG9nS0VJQ0FnSURrdV9XRE9nEAE,Chalermporn Suksomkit,5,หลากหลายเมนู ที่สุดของบุพเฟ่ชาบู
ChZDSUhNMG9nS0VJQ0FnSURoc1pPNUpREAE,Thawal Chatsomsanga,5,"Delicious, reasonable price"
ChZDSUhNMG9nS0VJQ0FnSUNIckptUENBEAE,George Cheriyan,5,Nice place. Slightly bigger than the outlet in Central Bangna. A variety of food to savour.
ChdDSUhNMG9nS0VJQ0FnSUNtX3RTd2d3RRAB,De Mo Net,3,🥢 …
ChdDSUhNMG9nS0VJQ0FnSURNOE9POGpBRRAB,Korrakod Leelacharoenthong,4,รสชาติอาหารและบริการดี แต่เรื่องความสะอาดต้องปรับปรุง เพราะมีแมลงวันเกาะตามของสดตามสายพาน
ChdDSUhNMG9nS0VJQ0FnTUNZdVlQMHl3RRAB,zozo smile,4,Good
ChZDSUhNMG9nS0VJQ0FnSURHczhYclRBEAE,nakin satid,5,ยังคงเป็นตำนานอาหารสายพานเหมือนเดิมครับ ไม่ได้มานั่งทานแบบนี้มาสองปีแล้ว ... รู้สึกดีอ่ะ ..
ChZDSUhNMG9nS0VJQ0FnSUN6OS1YMkZBEAE,Memi Freya,3,อาหารอร่อยบริการดีมีน้ำให้เติมมีของให้เลือกหลากหลาย
ChdDSUhNMG9nS0VJQ0FnSUNBaHNqZS1nRRAB,Jdacer Zfour,4,ก้ออร่อยดี ของดี แต่คนแน่น บาร์เยอะ โต๊ะน้อย พนักงานดีมาก ราคาแพงกลางๆ
ChdDSUhNMG9nS0VJQ0FnSUQwbGVidXV3RRAB,Babo Boba,4,อาหารมีให้เลือกเยอะ พนักงานต้อนรับดีมาก แต่อาจต้องรอคิวนานสำหรับวีคเอ็น
ChdDSUhNMG9nS0VJQ0FnSURna3JqTG5BRRAB,I,4,"ให้ตามมาตรฐานร้านระดับนี้ควรมี ซึ่งดีอยู่แล้วครับ
พอดีไปเจอสาขาอื่นที่ที่บริการดีกว่า"
Ci9DQUlRQUNvZENodHljRjlvT2xOdk9EZHRWV0ZqVDB0VlpHUlhNVmhuV25wcmJHYxAB,Sudarat Poltong,3,อาหารไม่ค่อยอร่อย
ChZDSUhNMG9nS0VJQ0FnSUQ4czU3WVh3EAE,Panya Karan,5,อิ่มอร่อยดี
ChZDSUhNMG9nS0VJQ0FnSURud01lQ1lBEAE,S S,4,เตาเสีย เนื้อวัวแบบพรีเมียม พนักงาน serve ได้ช้ามาก
ChZDSUhNMG9nS0VJQ0FnSURTaVlHRkNBEAE,กรกนก เลื่อมวิทยากุล,5,สาขานี้น้องๆ ให้บริการดี น่ารัก เอาใจใส่ลูกค้าไม่เหมือนสาขาอื่น(ระแวกบางนา)
ChZDSUhNMG9nS0VJQ0FnSUNZbFotNlZREAE,Natthida P.,5,เป็นร้านสุกี้ชาบูที่คุ้มค่าที่สุด มีกุ้งแกะเปลือก เนื้อวัวด้วย อร่อยเสมอ
ChZDSUhNMG9nS0VJQ0FnSURPaDlXbGFnEAE,LEN,4,Had a great lunch here. The selection was great! Worth if for the price u pay. I'll recommend this place anytime!
ChZDSUhNMG9nS0VJQ0FnSURDM3VyLVNREAE,Pitiwat K.,3,ไปร้านนี้ทีไรพนักงานแ***ชอบบอกโต๊ะเต็ม  ต้องเดินไปหาผู้จัดการถึงจะได้กิน
ChdDSUhNMG9nS0VJQ0FnSURvenUzRTdRRRAB,Apple P PinkPink,3,ของน้อยกว่าที่ซีคอนฯศรีนครินทร์ค่ะ ซูชิมีแค่ไม่กี่หน้า มีให้เลือกแค่2ถาดเอง
ChZDSUhNMG9nS0VJQ0FnSUNZNC1laFNBEAE,BKKfyi,1,มาตอนสามทุ่มไม่มีของบนสายพาน สั่งเพิ่มได้เนื้อมีกลิ่นเหม็นเน่าอีก
ChZDSUhNMG9nS0VJQ0FnSURoMDVfdFhnEAE,sirinrat somroutvong,3,การบริการดี แต่อาหารมีให้เลือกน้อยกว่าเมื่อก่อน
ChZDSUhNMG9nS0VJQ0FnSUN3OTVXYWNBEAE,frank fw,4,All you can eat
ChZDSUhNMG9nS0VJQ0FnSUROanJtbFpREAE,Jarucha Songkijkanchit,5,สาขานี้..บริการดีค่ะ( แต่มีบางสาขาที่ไม่ปลื้มน๊ะค๊ะ)
ChZDSUhNMG9nS0VJQ0FnSUNlck1hNVRREAE,Rak PhotoMan,5,อร่อยๆๆ ใกล้ๆบ้าน
ChdDSUhNMG9nS0VJQ0FnSUNtNHRPWGlRRRAB,Tum Phuket Channel,5,อร่อยชอบ//หลังจากทำงานเหนื่อยก็แวะไปเติมพลังที่นี้ตลอด
ChZDSUhNMG9nS0VJQ0FnSUN5a3Bhb1lREAE,Yaowa Luck,5,มีอาหารให้เลือกหลากหลายดี
ChdDSUhNMG9nS0VJQ0FnSUNpc2ZuLXVBRRAB,Kaiju Gojira,5,เสียดายไม่มีปลาหมึก หมึกกรอบ แต่พนักงานน่ารัก ดูแลดี
ChZDSUhNMG9nS0VJQ0FnSUNLdnBDS1ZBEAE,Nattasit Poonnakasem,5,โชคดีมาตอนที่ไม่ต้องรอคิวตลอด ร้านใหญ่ ที่นั่งเยอะ
ChZDSUhNMG9nS0VJQ0FnSURVbWJlNUZ3EAE,All Japan S,3,Buffer กินกระจาย แต่เมนูเจ๋งๆเข่นเนื้อไม่ค่อยมาเลย
ChdDSUhNMG9nS0VJQ0FnSUNSc3VhbXR3RRAB,HuuN,4,อร่อยดีตามแบบ shabushi แต่เรื่องอากาศร้อนปรับปรุงทีครับ ร้อนมาก
ChZDSUhNMG9nS0VJQ0FnSUR3cUw3eUZnEAE,Top T,4,Good pricing. Okay service. Food was great. The place get very busy sometime.
ChdDSUhNMG9nS0VJQ0FnSUNja1pIRWh3RRAB,Kanokporn Phimson,5,อาหารอร่อยมากๆหลากหลาย บริการลูกค้าด้วยใจ
ChdDSUhNMG9nS0VJQ0FnSUNDeElpN3JnRRAB,สันติภาพ,4,พาหมาน้อยมาเที่ยว
ChdDSUhNMG9nS0VJQ0FnSURNeXNidmpBRRAB,Vitchumon Sukkasem,5,คนเยอะมากแต่อาหารก็มาไวมากเช่นกันที่นี้
ChZDSUhNMG9nS0VJQ0FnSUNpbDRMVVV3EAE,Jattrin Jadjantuek,4,มาตรฐานชาบูชิครับ ของลงสายพ่นตลอดไม่มีขาด
ChZDSUhNMG9nS0VJQ0FnSUQyMUoyUGRBEAE,Nattarat Juntien,4,อร่อย มากิน 4 คน คนละหม้ออร่อยดีค่ะ
ChZDSUhNMG9nS0VJQ0FnSURBNTlHcVlREAE,Kantawan kongsuwan,3,ของสายพานน้อย วิ่งอยู่ไม่กี่อย่าง ภาชนะไม่ค่อยสะอาด
ChZDSUhNMG9nS0VJQ0FnSUNwbjhmd0lREAE,tanus klewsanit,5,"บริการดี พนักงานเยอะ แอร์เย็นมาก
อาหารหลากหลาย"
ChZDSUhNMG9nS0VJQ0FnSUNSMGE3aUFnEAE,Sira S. Silarak,3,แอบติเรื่องความสะอาดของร้าน ไม่ดีเท่าที่ควร
Ci9DQUlRQUNvZENodHljRjlvT21wUGFUVXRUVXh1UWs4eU9WOXVhWFprTjBZMFQwRRAB,Tata6969,3,เข้าไปถึงต้องเลือกเลยทันทีว่าจะราคา 219 บาทหรือ 299 รอ 18 นาทีกว่าอาหารจานแรกจะมาไม่ได้รอคิวนาน ได้นั่งชั้นบนมีอยู่ทั้งหมด 11 โต๊ะตู้กดเป๊ปซี่อยู่ข้างล่างใครเข่าไม่ดี ค่อนข้างลำบาก โต๊ะตักน้ำจิ้มต่อคิวนานจังหวะที่เราเข้าไปคนค่อนข้างเยอะ ไปถึงร้าน 17.21 น อาหารจานแรกมา 17:39 น  สั่งน้ำซุปหมาล่าเพิ่มอีก 59 บาทจากราคาบุฟเฟ่ต์ ชมอย่างเดียวคือเนื้อหมูสดมาก
Ci9DQUlRQUNvZENodHljRjlvT2tkeVF6WkZOVFpIVG5sMVpHVjJOWHBGTTFONFJtYxAB,โอเด็ต รีวิว,5,"บุฟเฟ่ต์หมาล่าที่มีไส้เป็ดไม่อั้นในราคา 219++ ที่บรรทัดทอง ข้อดีคือน้ำซุปอร่อย ไม่เลี่ยน ไม่แพง อิ่มไม่อั้น 1 ชั่วโมงครึ่ง

ไลน์อาหาร มีทั้งหมูสามชั้น หมูสันคอ หมูสันนอก ฟองเต้าหู้ทอด ไส้เป็ด เลือดเป็ด ปลาดอลลี่ ปลาหมึกบั้ง เส้นมันเทศ บะหมี่ไข่ บะหมี่หยก เห็ดออรินจิ เห็ดเข็มทอง ลูกชิ้นต่างๆ เฟรนฟรายและไอศกรีม

ที่โอเด็ตชอบมากที่สุดคือ ไส้เป็ด และฟองเต้าหู้ทอด ที่เสิร์ฟไม่อั้น เข้ากันดีกับน้ำซุปหมาล่าสุดๆ โซนน้ำจิ้ม เดินปรุงเองหรือจะปรุงตามสูตรด้านบนได้เลยค่ะ น้ำซุปมีให้เลือก 5 ซุป ดังนี้ ซุปหมาล่า ซุปกระดูกหมู ซุปมะเขือเทศ ซุปสุกี้น้ำดำ ซุปต้มยำกุ้ง

บุฟเฟ่ต์ที่นี่ทานได้ชั่วโมงครึ่ง มีทั้งหมด 4 ราคา 219/299/399/499 ไม่รวมน้ำ refill 39 บาท และ vat 7% นะคะ

ใครอยากกินบุฟเฟ่ต์หมาล่าคุ้มๆ ตามพิกัดมาที่ หม้อไฟอั่งเปา บรรทัดทอง ลง BTS สนามกีฬาแห่งชาติ เดินตรงมาทางแยกเจริญผล 800 เมตร ร้านจะอยู่ติดกับมนต์นมสด เปิดตั้งแต่เที่ยงถึงห้าทุ่มครึ่งทุกวัน จอดรถได้ที่ Stadium One นะคะ

📍หม้อไฟอั่งเปา บรรทัดทอง
พิกัด: Stadium One บรรทัดทอง ติดกับมนต์นมสด
⏰️ เวลาเปิด: 12:00 - 23:30น. ทุกวัน
🚗 การเดินทาง: BTS สนามกีฬาแห่งชาติ หรือ รถยนต์ส่วนตัว จอดที่ Stadium One"
Ci9DQUlRQUNvZENodHljRjlvT2taQlpDMXVaV1V0TUZaNk5IaFhZMkpIY0ZGWVEzYxAB,wirassaya thobdan,4,รสชาติกลางๆ ไปจนถึงอร่อย มีหลายราคา ราคาเริ่มต้นมีหมู 3 แบบ มีผักเยอะ ฟองเต้าหู้ เส้นมัน ลูกชิ้น ปลาดอลลี่ สูตรน้ำจิ้มสามก๊กอร่อยดี โดยรวมโอเคเลย
Ci9DQUlRQUNvZENodHljRjlvT2t3M2RERnBOMmRRYzFSc2NWWnRhVlpoTkZKcFIzYxAB,Sita Kim,4,โดยรวมดีมาก อาหารมาเร็ว สั่งแล้วได้เลยไม่ต้องรอ น้ำจิ้มก็ปรุงตามใจเราได้เลย คุ้มมากในราคา 219 ต่อคน แต่ตินิสนึง เฟรนฟายทอดทิ้งไว้นานแล้ว น้องยมไปหน่อย ค่อนข้างเหนียว ถ้าเป็นไปได้ ทอดออกทีละนิดกำลังดีหรือไม่ตัดน้องออกแล้วเเพิ่มเป็นเมนูอื่นดีกว่า
Ci9DQUlRQUNvZENodHljRjlvT25sNlRHWk9TMlJsYlZGdlNsOUlTa1pqZGxwTU5VRRAB,Marisa,1,ร้านดูสกปรกดูเก่าอ่า พนักงานเดินเตะเก้าอี้ไม่ขอโทษ มาปรับไฟที่หม้อไม่ขออนุญาต ยืนคุยกันเสียงดัง ของไม่คุ้มค่ากับราคา เฟรนฟรายก็แข็ง อร่อยแค่น้ำจิ้ม
Ci9DQUlRQUNvZENodHljRjlvT2tsS1REWlRUMDVhYzBwS1kwb3dlSHAwYkdjd1dsRRAB,Savarose Vituvinit,1,ให้ดาวเดียวยังเสียดายค่ะ สกปรก เรามาตามที่เขารีวิวกันคืองงว่าร้านดังได้ไง ไม่ตรงปก บวกอีกหลายค่ามาก ทานแบบ 299 สรุปจ่ายจริง 393 คือเสียดายเงิน เสียดายความตั้งใจจะไปกิน ทุกอย่างคือขึ้นราหมด ปิดร้านไปเถอะค่ะ ดูถูกผู้บริโภคเกิน
Ci9DQUlRQUNvZENodHljRjlvT21OaE9YYzNPSEpJV0RoVFFqUnhVamxoTURjd2JuYxAB,lostin lee,1,ไม่ประทับใจเลยไปมาเมื่อวันศุกร์ที่แล้วคิดว่าร้านอยู่ตรงบรรทัดทองย่านดังขนาดนี้คงได้มาตรฐานหน่อยแต่ไม่เลย สิ่งแรกที่พบคือร้านไม่สะอาดเลย อาหารไม่สะอาด ถาดอาหารที่ใส่พวกหมูมาคือสกปรกมากมีคราบอะไรไม่รู้ไม่แน่ใจว่าได้ล้างหรือเปล่า สกปรกจริงๆค่ะ รสชาติอาหารพอใช้ได้แต่ความสะอาดไม่ผ่านเลย แก้วน้ำ ถ้วยตรงที่ตักไอศกรีมสกปรกมากๆกินไปไม่มีความสุข วันนั้นเลยไม่ได้กินไอศกรีมเพราะดูสกปรกเกินกินไม่ลง ตอนทานอยู่พนักงานเดินมาแจ้งว่าหมดเวลาทานแล้วก็คิดว่าหมดไวจังเลยงงๆแต่เราไม่ทราบว่าเราเข้าไปกี่โมงเพราะเขาไม่ให้ใบเสร็จอะไรเลยตอนเข้าไปก็ไม่แจ้งว่าทานได้กี่นาที ถามตอนได้อาหารแล้วถึงทราบว่าทานได้ชั่วโมงครึ่ง พอพนักงานมาแจ้งแฟนก็ยังกินไม่เสร็จแต่เราก็ไปจ่ายเงินถึงเห็นใบเสร็จว่าเหลืออีก20นาทีเลยแจ้งแคชเชียร์ แคชเชียร์ขอโทษและบอกพนักงานแจ้งผิดโต๊ะให้กลับไปทานต่อได้ ซึ่งตอนนั้นทุกคนก็เซ็งมากแล้วเลยไม่ทานต่อก็เลยกลับ สรุปเป็นประสบการ์ณที่แย่มากเราเห็นรีวิวในtiktokว่าดีคุ้มราคาเลยตั้งใจมาทาน เดินจากที่จอดรถไกลมากเพื่อมาทานที่นี่แต่เจอแบบนี้ไม่ไหวจริงๆ ไม่ซ้ำและไม่แนะนำใครเด็ดขาดค่ะ ปรับปรุงด้วยนะคะขอร้องจากใจ
ChZDSUhNMG9nS0VJQ0FnTUN3cmFpcUVREAE,MARRY PHO-TI-KAEW,5,"มีมี่มีร้านชาบูหม้อไฟ #ย่านสามย่าน
มาแนะนำทุกคนค่ะ
ที่นี่ #หม้อไฟอั่งเปา 🍲🫕🥘

บุฟเฟ่หมาล่าย่านบรรทัดทอง ราคา 219฿ บอกได้คำเดียวว่าาาา คุ้มมว๊ากกกก!!! 🫶🫶🫶

ไส้เป็ด ฟองเต้าหู้ทอง เส้นมันเทศ สั่งได้ไม่อัเนที่สำคัญมีน้ำซุปให้เราเลือกเยอะมากเลย

เพราะไม่ได้มีดีแค่น้ำซุปหม่าล่าน้าาา
แต่ยังมีซุปน้ำดำ กระดูกหมู แบบ เข้มข้นมากก 😋🫶🫶

ที่สำคัญเดินทางสะดวก ปิดดึก ที่นั่งสบายด้วยย

ไปค่าทุกคนไปทานกันน~~ 😋😋🫶🫶

พิกัด📍หม้อไฟอั่งเปา บรรทัดทอง
🚗 จอดรถได้ที่ สเตเดียมวัน เอาใบเสร็จเป็นส่วนลดค่าที่จอดได้
หรือจะนั่ง bts ลงสนามกีฬาแห่งชาติ
⏰ เปิด 12.00 น.-23.00 น. ปิดวันจันทร์

#หม้อไฟอั่งเปา #ร้านปิดดึก #ร้านอาหารบรรทัดทอง #ของกินบรรทัดทอง #ของอร่อยบรรทัดทอง #บุฟเฟ่บรรทัดทอง #รีวิวร้านบรรทัดทอง #รีวิวร้านอาหารบรรทัดทอง"
ChZDSUhNMG9nS0VJQ0FnTURBay1URlB3EAE,Eurng Manita,4,"ทานเซ็ต 219+ ไปค่ะ ส่วนใหญ่ราคานี้จะเน้นที่หมูค่ะ จะมีที่พิเศษมาหน่อยก็จะเป็นฟองเต้าหู้ทอด, ไส้เป็ดค่ะ ซุปถ้าเลือก 3 อย่างเพิ่ม 99 บาท ซุปหม่าล่า, กระดูกหมู, น้ำดำ อร่อยเลยค่ะ น้ำจิ้มต้องปรุงเอง, เครื่องดื่มบริการตัวเองส่วนใหญ่เป็นน้ำหวานกับน้ำอัดลมค่ะ มีไอศรีมด้วย การเสิร์ฟอาหารค่อนข้างที่จะช้านิดนึงค่ะ ของทานเล่นสั่งเฟรนฟรายมา ค่อนข้างที่จะไม่ได้เลยค่ะ ไม่ร้อน ไม่กรอบ ไปในเชิงเหนียวๆ ทานได้ 1.30 ชั่วโมง"
ChdDSUhNMG9nS0VJQ0FnTURJdy1qeXl3RRAB,titisuda nxts,1,ไม่อร่อยเลยอะ คือเป็นครั้งแรกที่กินหม่าล่าแล้วเสียดายตังขนาดนี้ น้ำซุปกระดูกหมูจืดมาก หมูเนื้อสดพอใช้แต่คุณภาพไม่ไหวเลย เนื้อเหนียว สามชั้นหามันไม่เจอ ไม่มีน้ำจิ้มงา เข้าไปสิ่งที่อร่อยคือฟองเต้าหู้ทอดกับไอติม ของทอดนี่ไม่ต้องพูดถึง ไม่ได้หวังให้กรอบสดใหม่ขนาดนั้นแต่นี่มันแข็งโป๊กเย็นชืด
ChZDSUhNMG9nS0VJQ0FnSUNfdmNQaVF3EAE,nice manan,5,เป็นร้านหม่าล่าที่ให้เป็นอันดับ1 แบบไม่อวยใดๆ มากินหลายรอบมากกกกก รสชาติน้ำซุปหม่าล่าไม่เหมือนร้านอื่นเลย ไม่เลี่ยน ไม่มันจนเกินไป ราคาไม่แพงด้วย
Ci9DQUlRQUNvZENodHljRjlvT25OR1VtaFVaRWRNTW1obVNsQTJkWE42VTJ4RFUyYxAB,kunjira rojpaisarnkit,1,ไปมาเมื่อสักครู่ ในร้านมีลูกค้าน้อยมาก แล้วได้รับแจ้งว่าบุฟเฟ่ต์ต้องมา 2 คนขึ้นไป แล้วมาคนเดียวเลยไม่ได้ทานค่ะ อยากให้มีการแจ้งไว้ให้ละเอียดว่าไม่รับลูกค้า1ท่านค่ะ จะได้ไม่ต้องเสียเวลามาค่ะ
ChZDSUhNMG9nS0VMUEItOG5CNHRub1lBEAE,Ploypailin Pathinthanapon,5,"อั่งเป่าหม่าล่าชาบู (ANG PAO HOT POT) 🧧🍲

หม้อไฟหม่าล่าสไตล์เสฉวนแท้ๆ
น้ำซุป น้ำจิ้ม เมนูหลากหลาย “ไส้เป็ด ฟองเต้าหู้ทอด เนื้อ"" สั่งได้ไม่อั้น รสชาติเข้มข้น ราคาดีย์ มีไอติม ete อร่อยครบ จบในร้านเดียว 🤤👏🏻

🔥Promotion Buffet 219++ ทานได้แบบจุกๆ 1.30 ชม.

⏱️OPEN : 12.00 - 23.30 น.
📍ร้านอยู่ในโครงการ Stadium One บรรทัดทอง (ข้างมนต์นมสด)
🚇BTS สนามกีฬาแห่งชาติ เดินตรงมานิดนึงถึงเล้ยยย เดินทางง่าย สะดวกมั่กก ~

#fyp #อร่อยบอกต่อ #อร่อย  #อร่อยไปกิน #อร่อยไปแดก #foodie #foodchannel #Tiktokพากิน #ปักหมุดร้านอร่อย #ร้านอร่อยบอกต่อ
#promotion #ชาบูหม่าล่า #ชาบู #shabu #buffet #อั่งเป่า #อั่งเป่าหม่าล่าชาบู #angpaohotpot #บรรทัดทอง #บรรทัดทองมีของอร่อย"
Ci9DQUlRQUNvZENodHljRjlvT205V2RHeE5RblJuUjBRd09GcEdZeTFoU0dWNmVWRRAB,Busarakham Leadpattanchat,1,หนีไปจ้า ที่สุดของความไม่ตรงปก ทั้งความสะอาด ความคุ้มค่า รสชาติ ไม่ได้เลยสักอย่าง ไปกินร้านอื่นเถอะ🤬👎
ChZDSUhNMG9nS0VJQ0FnSURfaGVUU0l3EAE,Rusnee T,5,นั่งรถจากศรีนครินทร์มาถึงนี้ตามรีวิวในติ้กต้อกกก คุ้มค่ามากๆๆ น้ำจิ้มอร่อย ไส้เป็ดดีมากกก ไม่อั้น คุ้มกว่านี้ไม่มีแล้ว ช่วงนี้มีโปร จาก 299/219 399/299 499/399 ใครยังไม่ลองต้องมาลอง ส่วนเรานั้นกลับมากินซ้ำแน่นอน
Ci9DQUlRQUNvZENodHljRjlvT2kxMlFVOWhhUzF2VW05dmJuQm1XRUV5YzFZNGNFRRAB,Pond fyp,1,แต่ก่อนชอบมาก อยากให้ร้านพัฒนาไปในทางที่ดีอ่า จากหม้อเต็มเตาเหลือหม้อเล็กแค่นี้ ตะเกียบก็ขึ้นราหมดอันนี้ไม่ไหวจริงๆ
ChZDSUhNMG9nS0VJQ0FnSUQ3LTdxZ2N3EAE,นอน ว่างๆ,5,"นอนว่างๆพากิน บุฟเฟ่ต์หม่าล่าเปิดใหม่บรรทัดทอง
จัดโปร! แค่  𝟐𝟏𝟗.- บาทได้ ฟองเต้าหู้ทอด เส้นมันเทศ ไส้เป็ด ไม่อั้น โคตรคุ้มม! 🤩

เป็นร้าน หม่าล่าหม้อไฟ สไตล์เสฉวน🏮
รายการอาหารเยอะมาก สายไหนก็ถูกใจแน่นอน
🥘น้ำซุป 𝟑 ช่อง 𝟑 แบบ ซุปให้เลือกเยอะ
ไม่ได้มีแค่หม่าล่า น้ำดำ กระดูกหมู ก็มี เข้มข้นมาก
🥫มีบาร์นำ้จิ้มตักได้ตามชอบ !

เดินทางง่าย ปิดดึก ที่นั่งดี แอร์เย็นฉำ่ ไม่อั้น 𝟏:𝟑𝟎 ชม."
ChZDSUhNMG9nS0VJQ0FnSUN2MThUWkdBEAE,yuii2you,5,เป็นบุฟเฟ่ต์ชาบูหมาล่า ย่านบรรทัดทอง ที่ราคาโปรเพียง 219- อีกทั้งรสชาติยังถูกต้อง ตามต้นตำหรับ ราคานี้ยังมีฟองเต้าหู้ และไส้เป็ดแบบไม่อั้นด้วยน้าาา
ChZDSUhNMG9nS0VJQ0FnSURMbEx5QUpREAE,Jingjai Review,5,"การเดินทาง:
ร้านหม้อไฟอั่งเปา ตั้งอยู่บนถนนบรรทัดทอง ห่างจาก BTS สถานีราชเทวี ประมาณ 500 เมตร
สามารถเดินทางมาได้สะดวกหลายทาง ทั้งรถยนต์ส่วนตัว, รถไฟฟ้า BTS, หรือแท็กซี่

บรรยากาศ:
ร้านตกแต่งสไตล์โมเดิร์น เรียบง่าย โทนสีแดง-ดำ
แสงไฟสว่างไสว เหมาะกับการถ่ายรูป
โต๊ะเก้าอี้จัดวางอย่างเหมาะสม ไม่แออัด

อาหาร:
219 เครื่องดื่มรีฟิลและไอศกรีมไม่อั้น + 39 บาท + Vat 7% (Net 276 บาทค่ะ)
น้ำซุปมีให้เลือก 2 แบบ คือ ซุปหมาล่า และซุปคอลลาเจน
วัตถุดิบสดใหม่ มีให้เลือกหลากหลาย ทั้งเนื้อสัตว์, อาหารทะเล, ผัก, ลูกชิ้น, เต้าหู้ ฯลฯ
น้ำจิ้มมีให้เลือกหลายชนิด ปรุงรสได้ตามชอบ
ของหวานมีไอศกรีมให้บริการ"
Ci9DQUlRQUNvZENodHljRjlvT2xSbVgycHFlR2hEUW5aS2FsaExhM2RoVEc1UmJFRRAB,Note Nantapol,1,"219  หมาล่าเพิ่ม 59

น้ำจิ้มสุกี้ธรรมดา ไม่มีน้ำจิ้มเหมือนร้านหมาล่า

เมนูอาหารไม่เยอะ

กลับมาบ้านคอแห้งทั้งคืน"
Ci9DQUlRQUNvZENodHljRjlvT2kxTFUwMTVla3hXTjNORk0xVXlSak4yZWpkMFltYxAB,Earn Patcharee,2,อาหารถ้าเทียบกับราคาก็รู้สึกว่าเฉยๆไม่ได้คุ้มค่า สั่งไส้เป็ด ตับหมู เลือดเป็ดแต่ทุกอย่างถูกรวมมาในชามเดียวกัน พนักงานบริการลูกค้าแบบงงๆจะเติมน้ำ จะหรี่ไฟ จะเก็บของก็ยื่นมือเข้าไปดื้อๆไม่มีการบอกกล่าวขณะที่ลูกค้าทานอาหาร ร้านค่อนข้างเล็ก มีเศษอาหารตกตามพื้นและโต๊ะเครื่องปรุงเลอะเทอะ พนักงานบริเวณที่กดบัตรคิวก็ดูงงๆลูกค้ายืนคุยด้วยแต่กลับตอบแชทในไลน์
Ci9DQUlRQUNvZENodHljRjlvT204dFJrOUhSRTUyYVZoaFVsSnRhRkF4WjA5T2RuYxAB,Tw KANYANAT,2,"อย่าเชื่อรีวิวตต.เยอะ ที่สุดของความไม่ตรงปก ทั้งเมนู ทั้งร้าน ทั้งรสชาติ ไม่ตรงปกสักอย่าง พนง.แคชเชียร์ที่ตัวอวบๆเหมือนไม่อยากทำงานไม่ยิ้มแย้มไม่ต้อนรับไม่แนะนำอะไรเลย จนต้องถาม พนักงานเสิร์ฟว่าตอนนี้มีโปร 199 ใช่ไหม พนักงานเสิร์ฟก็บอกว่าไม่รู้ต้องถามพนักงานแคชเชียร์ แต่พนักงานเสิร์ฟน่ารักนะ บริการดี คาดหวังไว้เยอะเพราะรีวิวในตต.ดีมาก แต่ของจริงคือไม่ได้เลยซักอย่างหลังโต๊ะมีแมลงสาบตายอยู่พนักงานเห็นก็ไม่เก็บแต่นี่ไม่ได้เป็นคนกลัวก็เลยปล่อยไว้งั้นแหละดูดิว่าเขาจะเก็บเมื่อไหร่ จานชามช้อนตะเกียบดูเก่าๆ โดยรวมก็คือไม่ค่อยสะอาดเมนูน้อย แต่ให้คะแนนหมูดูมีคุณภาพดีไม่เหม็น แต่เฟรนช์ฟรายส์คือเหนียวมากเหมือนทอดไว้ตั้งแต่เช้า โดยรวมก็คือไม่ประทับใจซักอย่างคงไม่ไปซ้ำแน่นอน
ปล. ในรีวิวบอกว่าไม่มีบวกอะไรเพิ่มแล้ว ราคานี้จบเลยแต่พอไปบวกเพิ่มทุกอย่างช่ำ แล้วไม่แจ้งไม่แนะนำอะไรเลยซักอย่าง สภาพ"
ChZDSUhNMG9nS0VJQ0FnSUN6Nk96d09REAE,김티티,3,"หม่าล่าแบบบุฟเฟ่ต์ มีให้เลือก 3 ราคา
คือ 219+, 299+ และ 399+ ไม่รวม VAT 7%
และถ้าอยากทานน้ำซุปหม่าล่า บวกเพิ่ม 59฿
เลือกทานแบบแพงสุด 399+ Vat7% + ซุปหม่าล่า 59฿ + เครื่องดื่มรีฟิล 39฿
ทานได้ 1 ชม 30 นาที
ทางร้านเริ่มจับเวลาตั้งแต่ออกบิลตรงหน้าเค้าเตอร์
โดยยังไม่ทันได้เดินไปที่โต๊ะและยังไม่ทันได้เริ่มสั่งอาหารเลย
ซึ่งรู้สึกแปลกใจ เพราะปกติไม่เคยเจอแบบนี้
ร้านไม่ค่อยสะอาด โต๊ะมัน เหมือนไม่ได้เช็ดโต๊ะ ต้องเอาทิชชูเปียกมาเช็ดอีกที
มีบาร์น้ำจิ้ม ซึ่งดูไม่เป็นระเบียบ และไม่ค่อยสะอาด ถ้วยใส่น้ำจิ้มที่วางอยู่มันมาก
อาหารเฉยๆ พนักงานยืนจับกลุ่มคุย ต้องคอยเรียก แต่ถ้าเรียกก็มาให้บริการ
แต่พนักงานตรงเค้าเตอร์คิดเงินโอเค ตอนเลือกว่าจะกินราคาไหน คอยให้คำแนะนำดี"
ChdDSUhNMG9nS0VJQ0FnSUNfMzhUcXlRRRAB,Gene,5,"good value of shabu mala. The restaurant has two floors but most of time still has long queue. The table design very well so won't have smoke too much from the pot. They have many price option, I would recommend to choose at least 299 one. I give it 5 stars because its good value."
ChZDSUhNMG9nS0VJQ0FnTURBdnBuREtnEAE,Kik Thada,5,น้ำซุปหม่าล่าเข้มข้นหอมเครื่องเทศอร่อยมาก กุ้งแก้วกับไส้เป็ดสดและอร่อย น้ำจิ้มอร่อยปรุงเองตามใจชอบ มากินบ่อยมากอย่างน้อยเดือนละ2ครั้งเลย
ChZDSUhNMG9nS0VJQ0FnTURJeFlxREZnEAE,Jidapa Samphunjaroen,4,"ของสดกับผักคุณภาพดี ชอบเส้นมันเทศ น้ำจิ้มอร่อย ซุปอร่อย ไม่เค็มเกิน หมูนุ่ม ไอศกรีมอร่อย มีหลายรสชาติมากๆ

แต่ของทอดไม่ร้อนเลย ชืดและเหนียวมาก
น้ำรีฟิล ก็ไม่รวมน้ำเปล่า

บริการโอเค เสิร์ฟอาหารไว เก็บจานไว
โชคดีไปตอนคนไม่เยอะเลยไม่ต้องรอคิว
รวมๆ คือสมราคา ถ้าอยากกินฮอตพอตราคาไม่แพงมาก"
ChdDSUhNMG9nS0VOM0lfSXpsazVLcG9nRRAB,View Life,4,น้ำซุปรสชาติกลางๆ ถ้าเทียวกับตี๋น้อยยังอ่อนกว่าอยู่นิดๆ ส่วนวัตถุดิบ สด สะอาด สะอาดมากด้วย พนักงานดูแลดีมาก
ChZDSUhNMG9nS0VJQ0FnSURIcnRTUFZBEAE,cleanny channel,1,เนื้อคนละเกรดกับภาพในเมนู ร้านค่อนข้างสกปรก ตอนเซ็ทเครื่องมือจานช้อน ช้อนมีคราบมันหม่าล่าทุกคัน สเตชั่นน้ำก็ไม่สะอาด ถังน้ำแข็งมีคราบเลอะเยอะมากๆ ที่ตักน้ำแข็งก็ไปอยู่ในถังรวมกัน พนักงานอธิบายการสั่งอาหารเร็วมากค่ะไม่ค่อยรู้เรื่อง รสชาติทานได้ค่อนข้างอร่อย แต่ไม่สะอาด ตอนเราทานเหมือนเราเหลือเวลา20นาที แต่อาหารเรายังไม่หมด เราไม่ได้จะสั่งเกินเวลานะคะ แต่เราจะนั่งทานให้หมด เหมือนแคชเชียร์แจ้งว่า ไม่ได้ค่ะ ต้องตามเวลา เราถามว่าแล้วถ้าอาหารเหลือล่ะคะ คือไม่ได้จะสั่งเพิ่มแต่จะขอนั่งต่อเพื่อทานให้หมด แคชเชียร์บอกว่า ก็ให้เอาคืนค่ะ คืนได้เลยตอนนี้ ตะโกนพูดตรงแคชเชียร์นั่นแหละค่ะกับลูกค้า  เราทำงานกับอาหารการบริการ เรารู้สึกว่า การที่ให้ลูกค้าเอาอาหารที่สั่งมาไว้บนโต๊ะแล้วเก็บคืน มันไม่สะอาดเลยค่ะ สั่งมาแล้ว เเล้วเก็บไป ??? น้ำลงน้ำลาย เข้าไปหมดละมั้งคะ จะเก็บไปเสิร์ฟโต๊ะอื่น เหมือนเร่งให้เรารีบกิน แต่เรากินหมดค่ะ แล้วขอบอกว่าครั้งเดียวค่ะร้านนี้ 388 ไม่คุ้มค่ะ ราคาก็ปกติแต่บริการ ความสะอาด คุณภาพอาหาร ไม่สมราคา อยากให้เทรนพนักงานเยอะๆเกี่ยวกับการบริการ มารยาท ข้อมูลอาหาร ขอบคุณค่ะ
ChdDSUhNMG9nS0VJQ0FnSURudE1PVHF3RRAB,akkarapong amrungjitchai,5,หม้อไฟอั่งเปาร้านบุฟเฟ่ต์หมาล่าที่คุ้มราคามากๆเริ่มต้น 219 บาทเองเพราะว่าวัตถุดิบมีให้เลือกพอประมาณสำหรับราคาเริ่มต้นหรือถ้าใครอยากกินวัตถุดิบหลากหลายก็อาจจะเพิ่มราคาขึ้นมาหน่อยแต่เป็นราคาเริ่มต้นที่ค่อนข้างคุ้มราคาสำหรับสายมาล่าชาบูค่อนข้างแนะนำเพราะว่ารสชาติจะเหมาะกับคนไทยไม่เค็มแล้วก็ค่อนข้างจะเบาเบาสามารถกินได้เรื่อยเรื่อยไม่เลี่ยนหรือว่าเผ็ดจนเกินไปใครที่อยากกินหมาล่าเราไม่ได้ต้องการรสเผ็ดมากจะเหมาะกับที่นี่ส่วนวัตถุดิบเค้าก็ค่อนข้างดีสดใหม่ทุกอย่างคุ้มกับราคาเริ่มต้น 219 บาทมีเครื่องดื่มไอติมมีของหวานให้พร้อมสายชาบูหมาล่าก็สามารถแวะมาได้
ChZDSUhNMG9nS0VJQ0FnSUN0cjQyWEt3EAE,Muttika Rittiyong,3,ตอนที่ไปทานรอคิวไม่นาน เนื้อโอเค แต่สไลซ์บางมากๆเลย ผักเยอะดี ปรุงน้ำจิ้มมั่วๆเลยไม่ค่อยจะอร่อยเท่าไหร่ ซุปโอเค
ChdDSUhNMG9nS0VJQ0FnTUNnbEtXZDBBRRAB,wrya s,5,หลังๆมาคุณภาพอาหารแย่ น้ำซุปกระดูกหมูใสและจืดมาก ล่าสุดน้ำจิ้มเปลี่ยนเป็นสุกี้ หวานมาก ไม่มีความเข้ากัน อยากให้ร้านกลับมาทำวัตถุดิบเหมือนเดิม ซึ่งลูกค้ากินตั้งแต่ยังเป็น A lar cart จนมาทำเป็นบุฟเฟ่ต์ รสชาติอาหารเปลี่ยนไปเยอะมาก
ChdDSUhNMG9nS0VJQ0FnSUNWLWFfWHV3RRAB,Onair Special,3,"กินตัวโปร 299 น้ำซุปหมาล่า +59 น้ำรีฟิล +39 ยังไม่รวม vat กินได้ 1.30 ชั่วโมง

สั่งของผ่านระบบ กว่าของจะมาก็เกือบ 20 นาทีละ เสริฟของก็ไม่ค่อยตรงกับจำนวนที่สั่ง สั่งน้ำซุปกระดูกหมูกับหมาล่าอร่อยดี แต่ไม่ค่อยเข้มข้นเท่าไหร่ ไส้เป็ดดี เนื้อออสดี เกี๊ยวซ่าแข็งไปหน่อย ดีที่ตัวน้ำจิ้มสุกี้เด็ดอยู่ ไม่มีน้ำจิ้มงา โดยรวมไม่ค่อยประทับใจเท่าไหร่ คงแค่ครั้งเดียวพอ รู้สึกเสียเปรียบเรื่องเวลามาก"
ChZDSUhNMG9nS0VJQ0FnSURmMzl1QlJ3EAE,Luvie TRCNR (Emmly),3,"ชามช้อนและของต่างๆภายในร้านไม่ค่อยสะอาดเท่าที่ควร
เนื้อหมูบางชนิดเหนียว
ไม่มีซอสงา
แต่กุ้งเด้งดี
รสชาติน้ำซุปพอใช้ได้"
ChZDSUhNMG9nS0VJQ0FnSUM1eXBHZUpBEAE,Nat Lim,3,ถือว่าโอเค ราคาไม่แพง แต่น้ำรีฟิวไม่มีน้ำเปล่าให้ ต้องเสียเงินเพิ่ม ช่วงหลังอาหารจะออกช้ามากกกกก ต้องตามจากพนักงาน น้ำจิ้มงาไม่อร่อยเลย ส่วนพวกเนื้อ หมู ผัก ก็โอเค คุณภาพตามราคา กุ้งแกะให้แล้ว ไส้เป็ดโอเค ปลาดอลลี่คุณภาพแย่ไม่อร่อย โดยรวมถ้าต้องจ่ายแพงกว่านี้จะไม่กิน แต่ราคาโปรโมชั่นถือว่าสมราคา ไม่ถูกไม่แพง
ChdDSUhNMG9nS0VJQ0FnSURWcmFuQXVBRRAB,windy weeya,5,"โปร219+vat+เครื่องดื่ม39 จะหมดโปร31ธคนี้นะคะ นีบมาาาก่อนหมดโปร หลังจากนี้คิดว่าราคาไม่ค่อยคุ้ม ตัวเลือกอาหารน้อย ราคาเริ่ม299+++

อาหารสดสะอาด อร่อย น้ำจิ้มทำเองมีสูตรแปะ ร้านคนเยอะตลอด รอแต่ไม่นาน กินได้1.30ชม ไอติมอร่อย สั่งอาหารทางQr สะดวก พนง เติมซุปตลอด"
ChdDSUhNMG9nS0VJQ0FnSURSaGZha19BRRAB,S.Kidsanar แบกพุงไปกิน,5,"Angpao Mala Hotpot (ร้านหม้อไฟอั่งเปา) เป็นร้านหม้อไฟหม่าล่ารสเด็ดย่านบรรทัดทอง ตรงข้ามโลตัสพระราม 1 เป็นร้านที่ขาย Alacart พอได้โต๊ะพนักงานจะเอาแท็ปมาให้เราสั่งอาหาร น้ำซุปให้เลือกหลากหลาย 1 หม้อเลือกได้ 3 ซุป เราเลยเลือก ซุปหม่าล่า ซุปกระดูกหมู และซุปมะเขือเทศ จากนั้นก็เลือกอาหารอื่นๆ เนื้อสัตว์ ผัก ของกินเล่น พอกดสั่งเสร็จพนักงานจะเอาแท็ปเก็บ จากนั้นก็ไปตักน้ำจิ้ม ที่ร้านจะมีสูตรน้ำจิ้มติดไว้ แต่จะตามสูตรหรือไม่ก็สุดแต่ น้ำจิ้มสุกี้ น้ำจิ้มซีฟู๊ดอร่อยค่ะ... เนื้อหั่นเต๋าคือดีตั้งแต่ตอนเสิร์ฟมาพร้อมกับไอซ์ ลวกสักแพ็บ นุ่มมาก เนื้ออื่นๆ ก็โอเคอยู่ ราคาอาหารแต่ละจานก็ค่อนข้างสูง แต่เมื่อเทียบกับการบริการก็รับได้นะ ตอนกินเสร็จ ก่อนเช็คบิล พนักงานจะเสิร์ฟน้ำส้มยูสุหนึ่งคนต่อหนึ่งแก้ว สดชื่นดี จะดีกว่านี้ถ้ามาเป็นเกล็ดน้ำแข็ง พอดีวันที่ไปทาน เป็นวันเกิดลูกสาว สมัครสมาชิกเลย ใช้ส่วนลดได้อีก 30% check in ใน ig/fb จับอั่งเปาได้หมูสไลด์ 1 จาน ใช้ภายใน 1 เดือน เบ็ดเสร็จวันนี้ 3 คน จ่ายไป 2,485.61 บาท เฉลี่ยคนละ 828 บาท อิ่มแบบจุกๆๆๆๆๆ #แนะนำ ค่ะ"
ChdDSUhNMG9nS0VJQ0FnTURBek5pWDlRRRAB,Chonticha Khanluang,5,น้ำซุปรสชาติดี น้ำจิ้มอร่อยปรุงง่าย รออาหารไม่นาน คุ้ม
ChdDSUhNMG9nS0VJQ0FnSUMxMDlQbS1BRRAB,Pyae Phyoe,3,"If you want to eat Mala hotpot with reasonable budget, this restaurant is okay. For my personal point of view, the mala soup is not very strong. The staff are helpful and you don’t need to wait for a long time for your order."
ChdDSUhNMG9nS0VJQ0FnSUNfbzdLaDlBRRAB,Sai Siritra,2,จากลูกค้าประจำ สู้ การกินครั้งสุดท้าย  birth but with me ปกติไปกินร้านนี้เป็นประจำอาทิตย์ละ2ครั้งได้ อาหารอร่อย แต่มาวันนี้คือไม่ได้จริงๆเนื้อออสติดมัน แข็ง เหนียว สีเหลืองๆอีก แบบ อะไรวะเนี้ย ไม่ผ่านเอามากๆ น้ำซุปไม่เข้มข้ม  แก้วน้ำ แก้วน้ำก็คือรอประมาณ10- 15 นาที  ก็ยังไม่ได้ก็เลยขึ้นมานั่งกินต่อพอลงไปมีแก้วพลาสติกที่แบบเอ่อไม่ใช่ของร้านก็คิดในใจทำไมไม่ ก็ยังไม่ได้ก็เลยขึ้นมานั่งกินต่อพอลงไปมีแก้วพลาสติกที่แบบเอ่อไม่ใช่ของร้านก็คิดในใจทำไมไม่เอามาให้ตั้งแต่ตอนแรกปล่อยให้ลูกค้ารอทำไม  สวนน้ำที่แช่ที่ตักไอติมไม่เคยจะเปลี่ยนเลยไปกี่ครั้งก็คือน้ำสกปรกเหมือนเดิมจ้ะบริการแย่ นั่งรอคิวอยู่ จู่ๆมีคนอบครัวนึงเดินเข้าไปแล้วได้คิวเลย เราก็สงสัยและรู้สึกไม่พอใจ ก็ไม่ถามพนง.ต้อนรับ ก็บอกเขาจองมา แล้วนี้ก็เลยพูดกลับไปว่า ก็เคยโทรมาถามที่ร้านว่าจองได้ไหม นางตอบจองไม่ได้ ละถามกลับทำไมเขาจองได้ นางบอกต้องจอง6คนขึ้นไป นร่ก็อ้าวไม่เห็นเคยรู้เลย แล้วฉันก็พูดกลับไปว่างั้นคนที่มารอคิวก่อนหน้านี้ก็คือต้องรอต่อไปหรอซื้อแบบโกรธแล้ว งั้นก็พูดไม่ดีกลับใส่จ้าทั้งคู่เลยจ้ามีพนักงานต้อนรับกับพนักงานแคชเชียร์สองคนแหละที่อยู่ประจำงั้นก็พูดไม่ดีกลับใส่จ้าทั้งคู่เลยจ้ามีพนักงานต้อนรับกับพนักงานแคชเชียร์สองคนแหละที่อยู่ประจำอ่ะ
Ci9DQUlRQUNvZENodHljRjlvT25JeVZIWnpabVV4TUVSdlUyVTVkMHhLWW0wd1pYYxAB,Arnon Pok,5,วัตถุดิบดี ราคากลางๆ ไม่แพง ไม่ถูก
ChZDSUhNMG9nS0VJQ0FnSUNIajlDaWJnEAE,Rosesy Story,5,หม้อไฟอร่อยมากเลยค่ะที่ไปนะคะกินเป็นชาบูหม่าล่าแต่ว่าต้องเพิ่มเงิน 59 บาทนะคะสำหรับซุปหมาล่าแล้วก็เป็นน้ำซุปกระดูกหมูอร่อยมากค่ะเข้มข้นสุดๆไปเลยแต่อันนี้จะเป็นบุฟเฟ่ต์นะคะเริ่มต้น 219 น้ำดื่มรีฟิล 39 มีไส้เป็ดด้วยนะคะแล้วก็มีอีก 2 ราคานะคะน่าจะ 300 กว่ากับ 500 กว่าค่ะไม่แน่ใจแต่ว่าลองไปกินกันได้นะคะอร่อยมากค่ะน้องพนักงานบริการดีมากค่ะแล้วก็เป็นกันเองค่ะส่วนของหวานก็มีไอศครีมนะคะรสชาติเยอะมากๆเลยค่ะอันนี้ให้ 10 เต็ม 10 แล้วก็มีน้ำดื่มรีฟิลประมาณ 6-7 อย่างค่ะซึ่งจะเป็นน้ำอัดลมแล้วก็จะเป็นน้ำเปล่าแล้วก็น้ำชาเขียวชามะนาวอะไรแบบนี้ค่ะแต่ว่ารสชาติโอเคมากเลยค่ะจะไปซ้ำอีกแน่นอนค่ะ
Ci9DQUlRQUNvZENodHljRjlvT2tObGNtOUxWMU5VYlVJNWJURnNaM2g2VWsweWVuYxAB,นิตยา 016,1,อาหารรสชาติโอเค แต่การบริการติดลบมากค่า ไม่มีการบอกหรืออธิบายอะไรก่อนเริ่มทาน เรานั่งชั้นสอง ไม่มีไอติมและโค๊ก แต่ชั้น1มี เราทานเสร็จแล้วพึ่งมาเห็น จริงๆถ้าจะไม่มีให้บนชั้นสอง ก็ควรแจ้งแขกบ้างนะคะว่างด้านล่างมี ถ้าจะทำราคาต่ำแต่คุณภาพก็ต่ำไปด้วย แบบนี้ทำราคาให้สูงและปรับคุณภาพให้สูงด้วยดีกว่านะคะ อีกอย่างอาหารที่หมดก็ไม่มีอะไรทดแทน แบบนี้อย่าเรียกตัวเองว่าบุฟเฟต์ค่า
ChdDSUhNMG9nS0VJQ0FnSUNCclpXM21RRRAB,Mullika Sinthaveelert,5,ซุปหมาล่าเผ็ดร้อนอย่างเด็ดอร่อยมากจริงๆ ไม่ต้องใช้น้ำจิ้มเลยค่ะเพราะซุปรสชาติเข้มข้นดีอยู่แล้ว ชอบเนื้อติดมัน สาหร่ายวากาเมะ ผักต่างๆ เห็ดเข็มทอง ฟองเต้าหู้ อาโหร่ยยยย😀
ChZDSUhNMG9nS0VJQ0FnSUNmXzRTaE1nEAE,Sumol,4,"This is a popular 90-minute-all you can eat Mala/Shabu hot pot for young Gen, university students and food lovers lately. With the price, moderate quality of meat, choices of ingredients and ice-cream, the offer attracts people to be here.
The ambience is quite simple and you may need to queue for dining here."
ChZDSUhNMG9nS0VJQ0FnSURmMFB6Wk93EAE,reviewtamjai,3,ราคาถูกแต่ของให้เลือกน้อยมากกกก น้ำซุปหมาล่าต้องบวก 59 น้ำซุปกระดูกหมูก็ชืดมาก สั่งหมูสามชั้น สภาพนั้นคือหมูสามชั้นหรอไม่แน่ใจ สั่งเฟรนส์ฟรายส์คือ เหมือนทอดค้างคืน แข็งเหนียวมาก พูดตรงๆว่าก็ผิดหวังถึงจะไม่ได้คาดหวังไว้เลย
ChdDSUhNMG9nS0VJQ0FnSUQ3MXNUU2pRRRAB,Nantana,1,เนื้อไม่ตรงปกแบบรุนแรงมากกกก เนื้อที่เมนูกับเนื้อที่ได้คือคนละเกรดอย่างชัดเจน น้ำซุปจางๆ ที่พอกินได้ของร้านนี้มีแค่ หมั่นโถวกับข้าวเหนียวทอดแค่นั้น ครั้งเดียวเท่านั้น ร้านดูถูกลูกค้ามากที่ทำแบบนี้ เนื้อวากิวที่ไหนหน้าตาแบบนี้ทุเรศสุดๆ
ChdDSUhNMG9nS0VJQ0FnSUQtLVlmN2xnRRAB,Bamroung Tangsanga,3,"ร้านเปิดใหม่ติดกับมนต์นมสด
เป็นจิ้มจุ่มหมาล่าครับ
————-
เปิดใหม่ราคาสูงเพราะขายแบบอลาคาสคนไม่เต็มร้าน
พอเปลียนรูปแบบเป็นบุฟเฟต์แบบจัดเต็มเกินคุ้ม จึงมีลูกค้ารอคิวตรึมทุกวัน ขออนุญาตปรับเป็น4ดสวให้ก่อนเลย ว่างๆจะไปชิมอีกครั้งว่าจะได้5ดาวไหม วัยรุ่นที่ยังไม่เคยมาแถวStadium one ที่นี่ก็นับเป็นจุดเช็คอินอีก1ที่มาตั้งแต่สามคนน่าสนุกกับการใช้บริการนะครับ มาคนเดียวเหงาเกินเชิญผมไปนั่งเป็นเพื่อนก็ได้555"
ChZDSUhNMG9nS0VJQ0FnSUM1c2RPVU5BEAE,ไปด้วยกัน Be Together,5,หม้อไฟอั่งเปา อร่อยชอบๆ ไปจัดโปรเปิดร้าน 219 ได้ไส้เป็ด ฟองเต้าหู้ไม่อั้นด้วย น้ำจิ้มเด็ดต้องไปลอง
ChZDSUhNMG9nS0VJQ0FnSURCd3FfeGNnEAE,Nilobon Suoeng,3,"ข้อดี ซุปมะเขือเทศอร่อย ข้อเสีย ห้องน้ำเหม็นมาก
น้ำซุปหม่าล่าเฉยๆ ซุปมะเขือเทศอร่อยดียิ่งต้มยิ่งอร่อย ซุปกระดูกหมูไม่ว้าว เนื้อวัวใช้ได้ แต่เครื่องเคียงไม่หลากหลายและเฉยๆ ราคาสามซุป 380฿ ค่าน้ำจิ้มคนละ 30฿ เนื้อวัวจานใหญ่ประมาณ 270฿ แต่มีไม่กี่ชิ้น ลูกชิ้น 90฿ ผัก 55฿ ต่อจาน ไส้เป็ดเหนียวไป

ราคาไม่ใช่ปัญหา รสชาติพอไปได้ แต่ระหว่างเสิร์ฟ พนักงานเก็บโต๊ะทำจานหล่น แรงมาก เศษอาหารกระเด็น ทิชชู่ในห้องน้ำ เปื้อนอะไรไม่รู้เป็นรอย น่าจะทั้งม้วนเลย  แถมกลิ่นห้องน้ำฉุนมาก ไม่รู้ว่าเป็นระบบระบายอากาศหรือการทำความสะอาด ทานมาอิ่มๆพอเข้าห้องน้ำแล้วจะอ้วกเลยค่ะ"
ChZDSUhNMG9nS0VJQ0FnSURudWFuUEhREAE,sama muay,3,ส่วนตัวติดเรื่องความสะอาดค่ะ ส่วนตัวมองว่าไม่ควรวางบิลบนอาหารที่จะเสิร์ฟเลย แก้วน้ำควรอบให้แห้งก่อนนำมาวางให้ลูกค้าใช้ พนักงานบริการโอเคค่ะ อยากแนะนำให้พยายามทำความสะอาดบ่อยๆ
ChZDSUhNMG9nS0VJQ0FnSUMzbElyMEJnEAE,Phakamas Boonpa,1,สั่งราคาแพงสุด กินได้1.30ชม. คุณภาพของเนื้อไม่ตรงปกเลย( อันนี้ทานได้ไม่ซีค่ะ) พนักงานเอาหม้อน้ำซุปมาให้รอนานมากเกือบ20นาที คือเราต้องเสียเวลาไป20นาทีกับการรอหม้อ งงมาก เอาอะไรมากินทันคะ  สั่งพวกของทานเล่นรอนานมากกกก ได้ของไม่ครบ นี่สั่งข้าวสวยไปตั้งแต่เข้าไปในร้านจนจะออกจากร้านยังไม่ได้ของที่สั่งไปเลย สั่งไก่คาระเกะตั้งแต่เข้าร้านได้ของตอนเหลือเวลา10นาที ทวนออเดอร์ไป2รอบ ก็ไม่ได้ การจัดการแย่มากค่ะ อีกอย่างขึ้นชื่อว่าหม่าล่าก็มีน้ำจิ้มถั่วมั้ยคะ? ครั้งแรกและครั้งเดียวค่ะ 1/10 ปล.ติเพื่อให้ทางร้านปรับปรุงนะคะ หวังว่าจะปรับปรุงค่ะ
ChZDSUhNMG9nS0VJQ0FnSURCanJxNVlBEAE,Honey Hobbies R.,5,"เห็นช่วงนี้ แถวบรรทัดทอง กำลังฮิตทานหม้อไฟหม่าล่า มีคนเข้าทานตลอด เลยมาลองทานดู ไม่ได้เป็นแบบบุฟเฟต์ ก็โอเค เพราะทานไม่เยอะ มองดูเมนูตอนแรกตกใจกับราคาน้ำซุป เพราะถ้าสั่งแค่น้ำซุป  3 ซุป (หมาล่า, กระดูกหมูคอลลาเจน, มะเขือเทศ) ไม่รวมราคาเนื้อต่างๆ ก็ราคาตั้ง 380฿ แต่พอไล่ดูเมนู ก็มีแบบสั่งน้ำซุปอย่างเดียวก็แค่ 100 กว่าบาท และเมนูเนื้อสัตว์ก็ราคาสมเหตุผล พอเข้ามาทาน ก็เข้าใจเลยว่า ทำไมน้ำซุปราคาสูง เพราะหม้อใหญ่และลึกมาก ทานน้ำซุปแค่ช่องเดียวก็เหมือนทานแบบหม้อเดี่ยวใบใหญ่ เนื้อหมูก็ชิ้นใหญ่ ไม่สไลด์บางๆ สามารถตักน้ำจิ้มแบบไม่อั้นคิดราคาท่านละ 40฿ น้ำจิ้มแบบผสมเองได้ มีสูตรบอก สนุกดีในการผสมทานเอง โดยรวมแล้ว อร่อยดีค่ะ น้ำซุปหมาล่าแบบเลิศ ทานแล้วลิ้นชาเลย ช่วงนี้มาทานในช่วงตรุษจีนได้เค้กส้มและน้ำยูสุฟรีค่ะ และเช็คอินและแชร์ก็ได้จับอั่งเปา สนุกดี ราคารวมทานสองคนแบบพอประมาณก็ 900 กว่าบาท สมัครสมาชิก 199฿ ลดไป 30% ครั้งแรกที่ทาน โอเคดีค่าา ☺️"
ChZDSUhNMG9nS0VJQ0FnTURBa0lqS2NREAE,Sangtawan Ruangchaisri,5,เพิ่งเคยกินหม่าล่าครั้งแรก ร้านนี้อร่อยมากก น้ำซุปและน้ำจิ้ม เนื้อก็ดีเลยย
ChZDSUhNMG9nS0VJQ0FnSUNueV9YRlNBEAE,Marisa Keiwphung,3,ขอรีวิวตาทความจริงเพราะอยากให้ปรับปรุงจริงๆนะคะ  อาหารอร่อยมากวัตถุดิบดีสมราคาเลยแต่ร้านสกปกมากจริงๆ แก้วน้ำเหมือนล้างเสร้จเอาขึ้นมาวางเลยเปียกน้ำชุ่มๆแก้วไม่สะอาด จานช้อนเปียกไม่สะอาดพื้นร้านคือไม่ต้องพูด จริงๆร้านอยู่ย่านนั้นควรทำร้านให้สะอาดกว่านี้นะคะอยากให้ทางร้านมองเห็นปัญหาและนำไปปรับปรุงจากใจจริงค่ะ แต่อาหารอร่อยจริงๆ
ChdDSUhNMG9nS0VJQ0FnSUNyME5faHRnRRAB,Thanakorn Sanguansangchaikul,4,โดยรวมถือว่ารสชาติดีถ้าเทียบกับราคาประมาณนี้ มีไอติมในบุฟเฟ่ต์ด้วย เสียอย่างเดียวตอนสแกนสั่งอาหารส่วนที่เป็นเนื้อสัตว์พวกหมูกดได้แค่อย่างละ3 เพิ่มมากกว่านั้นไม่ได้
ChZDSUhNMG9nS0VJQ0FnSUNqdW9YMVhnEAE,saiy s,4,"🍵บุฟเฟ่ เริ่มต้น 219++
น้ำเพิ่มคนละ39฿ หมาล่าเพิ่ม59฿
พนักงานไม่ค่อยบริการ ต้องเรียกเอง ทำอะไรเอง เห็นของขาดก็ไม่เติม อาหารมาช้าขาดตอน

🐔 ราคาถูกสุด มีหมู สันคอ ลูกชิ้น หมี่หยกไส้เป็ด ไอติม ฯลฯ

🏘️ห้องน้ำ : เข้าไม่ได้ รอคิวนาน น้ำไหลน้อย ใครริจะขี้ระวัง ขนาดน้ำล้างก็อกปกติน้ำไหลน้อยมากแทบไม่ไหล"
ChdDSUhNMG9nS0VJQ0FnSURmNzhxc3NRRRAB,Sasikarn Chonprasertsuk,5,อาหารอร่อยมาก เราไปตอนบ่าย ๆ คนไม่เยอะ รอไม่ถึง 5 นาทีได้กินเลย ของให้เลือกเยอะ อร่อยมาก แนะนำๆๆๆๆ
ChdDSUhNMG9nS0VJQ0FnTURnbU5Ed2hBRRAB,kcpcy61,3,"ซุปหมาล่าอร่อย ซุปกระดูกเหมือนทงคัสตึ ไม่มีน้ำจิ้มถั่ว นอยยย
299 มีไส้เป็ด กุ้งแก้ว ฟองเต้าหู คุ้มละ แต่เนื้อออสลายไม่สวยเลย ส่วนเนื้อลายหินอ่อน หินอ่อนกี่โมง"
ChdDSUhNMG9nS0VJQ0FnSURfaGJTMjVRRRAB,Nalinrat Tanaphonchaisan,5,อร่อยมาก คุ้มสุดๆ น้ำซุปหม่าล่าดีมากกกก เสิร์ฟไว รอคิวไม่นาน มาซ้ำแน่นอน
ChdDSUhNMG9nS0VJQ0FnSUNfZzVyZ29BRRAB,ภัคภร พรวงศ์ทอง,5,Buffet mala 219+ได้น้ำจิ้มฟรี โปรเปิดร้าน หม่าล่าบวกเพิ่มเพียง59บาท อร่อย เลือกซุปได้สองช่อง มีซุปอื่นๆด้วย ไอศกรีมมีถึง8รสชาติ
ChdDSUhNMG9nS0VJQ0FnSUR2dHZtV2lBRRAB,ไป- กลับเมีย,5,ราคาดีงาม 219.- มีไส้ป็ด ฟองเต้าหู้ เส้นมันเทศ เติมได้ตลอดไม่อั้นด้วย 🥰
ChZDSUhNMG9nS0VJQ0FnTUNnMm9MTGJBEAE,Chutikan Premisarakul,5,ทานเป็นชุด 219+ น้ำรีฟิล +39 อาหารมาเร็วมาก พนักงานคอยเก็บจานเรื่อยๆ เนื้อปลาดอลลี่อร่อยมาก ซุปก็ดี น้ำจิ้มถั่วอร่อยค่ะ
ChZDSUhNMG9nS0VJQ0FnTURncEtudGZ3EAE,Praire Pensri,5,อร่อยกว่าที่คิดมากๆๆๆ วัตถุดิบดี หมาล่าอร่อย น้องพนักงานบริการดีมาก
ChZDSUhNMG9nS0VJQ0FnSUNfLV9iUFZREAE,กัญญาภรณ์ จุลพันธ์,5,"น้ำจิ้มอร่อยมาก มาทานครั้งแรกเรามาประมาณ16:00ไม่ต้องรอคิวเลย อาหารออกไว มีไอติมด้วย พนักงานบริการดี
หัวละ219.- น้ำรีฟิล39.-"
ChZDSUhNMG9nS0VJQ0FnSURmXy1LOFdREAE,Phanchita PARIYATHANAPHAN,5,อาหารดีมาก ของสดทั้งเนื้อและผัก ราคาดีมีหลายราคาให้เลือก พนักงานบริการดีมาก ตะเกียบตกไม่ถึง5วิ เปลี่ยนให้เลย น้ำจิ้มอร่อย น้ำซุปอร่อย
ChdDSUhNMG9nS0VJQ0FnTURBcHJxVGxnRRAB,Lalichat Kunphaisanwong,5,"ซุปหม่าล่า +59บาท แต่อร่อยมากกก เข้มข้น วัตถุดิบโดยรวมถือว่าโอเคเลยค่ะ ราคาเริ่มต้น 219+ น้ำรีฟิล +39 +vat7%
ขอหักคะแนนถ้วยใส่น้ำจิ้มและขนมยังเช็ดไม่แห้งค่ะ"
Ci9DQUlRQUNvZENodHljRjlvT25OU1VGSnlTMVV4WVVnMFkyTTRTVzVaVGxOMFRuYxAB,BANG CHAICHANA,1,ล่าสุดไปกินมารู้สึกว่าคุณภาพของอาหารลดลงไปมาก น้ำจิ้มไม่อร่อยเหมือนเดิมเหมือนใช้ของสำเร็จรูป น้ำซุปหมาล่าไม่เข้มข้นจางมากทั้งๆที่จ่ายเงินเพิ่ม ซุปกระดูกหมูเจือจางทานแล้วไม่อร่อยเหมือนเดิมเหมือนทางร้านจะลดคอร์สเกินไป ทำให้ลูกค้าไม่อยากมากินซ้ำ
ChZDSUhNMG9nS0VJQ0FnSURMc291Uld3EAE,tta,1,ไม่เคยเจอร้านไหนปรับในหม้อด้วยควานหาเศษเล็ก ๆ ก็คิด รู้สึกไม่สมเหตุสมผลเท่าไหร่ซุปก็คิดเพิ่มน้ำจิ้มก็คิดเพิ่มแล้ว คิดขีดละ100 นี่เห็นโต๊ะอื่นกินพอ ๆ กันเลยแต่กลับไม่โดน บริการตั้งแต่เข้าพนงหน้างอธิบายเร็วมากเอาบิลมารีบติดรีบไปคุยกันบิลหล่นอีกติดไม่อยู่ต้องมาเข้าใจเองว่าแสกนสั่งอาหาร และสั่งอาหารอีกอย่างได้อีกอย่างพอบอกว่าอันนี้ไม่ได้สั่งนะคะกลับโดนตอบกลับมาว่าอีกอย่างน่าจะหมดงงคือนี่ไม่ได้สั่งไงคะ น้ำจิ้มสุกี้เหมือนจะทำเองหรือเปล่าไม่แน่ใจแต่เปรี้ยวไป ได้นั่งโต๊ะทางเข้าเลยจัดโต๊ะแปลก ๆ ชืดกับอีกโต๊ะมาๆเข้าลำบากต้องเลื่อนโต๊ะพอเลื่อนโดนประตูอีกด้านกระแทกโต๊ะอีก ดูรีวิวมาดีมากเพื่อนแนะนำมาดีมากตั้งใจมากินมากๆๆ  แต่ผิดหวังมากค่ะครั้งแรกและรู้สึกได้รับแบบนี้ครั้งเดียวพอค่ะ นอยเกิน
ChZDSUhNMG9nS0VJQ0FnSUN2c1lfRUlREAE,อรชร Be Slender,4,มาทานบุฟเฟ่ต์หมาล่า 399ค่ะ คุ้มราคามากๆ บริการดี แต่สถานที่คับแคบไปค่ะ
ChdDSUhNMG9nS0VJQ0FnSUQxdnFlTGxRRRAB,Vivi Koko,4,บุฟเฟต์หมาล่าที่คุ้มค่ามาก เนื้อ ตับ และอื่นๆดีมาก น้ำซุปหมาล่าเข้มข้น น้ำซุปมะเขือเทศคือดีสุด
ChdDSUhNMG9nS0VJQ0FnSUNfX2V2YV9RRRAB,สรนาถ อาคเนย์เดโช,5,"ชอบมาก บุฟเฟ่ชาบูหมาล่า ย่านบรรทัดทองที่อร่
อยและคุ้มสุดๆๆ"
ChZDSUhNMG9nS0VJQ0FnSUNEMVlYUERnEAE,Looknoomp K.,3,"ไป 7 คนเลือกแบบ (299+ น้ำรีฟิล39 )ได้ที่นั่งโต๊ะกลม จะบอกว่า ตรงนี้ร้อนมาก แล้วกินชาบูด้วย มันเลยยิ่งร้อนไปอีกและห้องน้ำเข้าไม่ได้เลยค่ะ จะไปเข้าแล้วคนก่อนหน้าแจ้งว่ากดไม่ลง อยากให้ปรับปรุงตรงนี้หน่อยนะคะ

ส่วนเรื่องของอาหารสำหรับเรา เสริฟไวอยู่นะคะ หมู เนื้อ ปลาหมึก กุ้ง(แกะแล้ว) ของสด แต่ตับเราว่าหั่นชิ้นค่อนข้างหนามาก แล้วรู้สึกว่าคาวนิดนึงนะคะ ส่วนของกินเล่น เกี๊ยวซ่าอร่อยดีค่า ไอติมดี เหมือนจะไม่มีน้ำเปล่าหรือเปล่าค่า? ส่วนเรื่องน้ำจิ้ม ที่ร้านไม่มีเบสซอสงา แต่จะเป็นน้ำจิ้มของทางร้านให้ปรุงเพิ่มได้ รสชาติสำหรับเราโอเครน่ะ

การบริการ น้องพนักงานบริการดีค่ะ บริการไว หมายถึงน้องพนักงานเสริฟนะคะ

** จริงๆอยากให้เพิ่มเวลานิดนึงนะคะ เป็น 1.45-2.00 ชม ในราคานี้  ส่วนตัวมองว่า 1.30 กินไม่ทัน กินแบบรีบบมาก555555"
ChdDSUhNMG9nS0VJQ0FnSUNfX2VtYjlRRRAB,Blue Bunny,5,อาหารอร่อย รอคิวไม่นาน แต่ถ้ากินในราคา219อาจจะของไม่เยอะมาก ส่วนไอติมอร่อยมีให้เลือกเยอะ
ChZDSUhNMG9nS0VJQ0FnTUNnMHZqeFl3EAE,dream sn,5,ราคาเข้าถึงได้ อร่อยมากค่ะ บริการดีมากๆ ซ้ำแน่นอน
ChdDSUhNMG9nS0VJQ0FnSUNWbXZyZ3h3RRAB,Hai Chatwat,2,รอนาน 2 ชม ไม่มีน้ำบริการ กินแบบสูงสุด แต่คุณภาพเนื้อวากิว เหนียว เคี้ยวไม่ลง ซุปหมาล่าเสียเพิ่มอีก 59 บาท น้ำรีฟิวเสียเพิ่มอีก 39 บาท น้ำซุปหมาล่าไม่ชาลิ้น ลิ้นวัวโอเค ไส้โอเค
ChdDSUhNMG9nS0VJQ0FnSURmdjVIM3NnRRAB,Nattachai yakab,5,มาบ่อยมาก รสชาติอร่อย ของสดใหม่ แต่น้ำมีให้เลือดน้อยไปหน่อย
ChZDSUhNMG9nS0VJQ0FnSURKNWNXdExBEAE,P S,5,หมาล่าอร่อยมาก มาหลายครั้งแล้ว ทำบัตรสมาชิกไว้ ลดได้ 30% (เงินสด) คุ้มมาก วัตถุดิบดี น้ำซุบมีหลากหลาย น้ำจิ้มอร่อย ประทับใจในการบริการทุกครั้งค่ะ (แชร์รูปอาหารลงโซเชียลมีสิทธิ์จับอั่งเปาฟรี 1 ใบ ใช้ได้ในครั้งถัดไป มีอายุ 1 เดือนค่ะ)
ChZDSUhNMG9nS0VJQ0FnTUNBb2JxcFJREAE,red in peach,4,ไปช่วง5โมงเย็นรอ16คิว ครึ่งชม+- ช่วงนี้มีโปรลด100 น้ำซุปหม่าล่าเผ็ดค่อนข้างมาก น้ำซุปดำรสชาติดี มีน้ำจิ้มสุกี้ให้ อาหารเสริฟนึงไม่เยอะมาก ทะยอยสั่งได้เริ่อยๆ ยกเว้นหมี่หยก แนะนำใส้เป็ด ลิ้นวัว ร้านมาง่ายจากบีทีเอส เดินต่อไม่นาน
Ci9DQUlRQUNvZENodHljRjlvT25aZlEzbGpZM2hJVkZad05UVkpORXB4UkhSVGRXYxAB,Raritlada Plangmanee,1,พนักงานบริการดีแค่น้องคนหน้าแคชเชียร์คนเดียว นอกนั้นเหมือนโดนบังคับมาทำงาน สันคอหมูอย่าหาสั่ง เหนียวเคี้ยวไม่ขาด กุ้งแก้วโอเค น้ำจิ้มหลากหลายดี
ChZDSUhNMG9nS0VJQ0FnSUNfM29TLVhREAE,PLUUACNK,5,ชาบู219 net276 อร่อยดีงาม เฟรนฟรายไม่ค่อยร้อนเท่าไร ชอบที่มีชาพีช น้ำจิ้มปรุงเองได้ อยากให้เพิ่มน้ำจิ้มงาจะเริ่ดมากค่ะ
ChdDSUhNMG9nS0VJQ0FnSUNmOV9fMnJRRRAB,Tinnapop Supajak,1,อาหารไม่ตรงปกเลย พนักงานก็บริการแย่ เดินไปที่เคาท์เตอร์น้ำจิ้ม ขอให้พนักงานช่วยปรุงให้ก็ไม่ปรุง สั่งเนื้อลายหินอ่อนแต่สิ่งที่ได้คือสันนอก พอแจ้งพนักงานก็ปัดกันไปปัดกันมา แย่มาก
ChdDSUhNMG9nS0VJQ0FnTUNnMUtiSDlRRRAB,Thanakorn Sombatsathaporn,5,อาหารได้เร็ว อร่อย สะอาด มีของหวานด้วยพนักงานงานบริการดี ทุกระดับประทับใจ
ChdDSUhNMG9nS0VJQ0FnSUNucTkyWWpRRRAB,Sarawut Ph.,1,สั่งแบบ Premium Buffet แบบแพงสุด เนื้อไม่ตรงปกเลย เนื้อเหนียว บางมาก ไม่ตรงในรูปที่โฆษณาหน้าร้าน ไม่ประทับใจ ไม่อร่อย อาหารออกช้า
ChZDSUhNMG9nS0VJQ0FnSURCdXN1TEpnEAE,Akkakarn Sangthongchai,1,"เดินผ่านที่ร้านในวันนี้วันที่ 17 มกราคม 2566 ที่หน้าร้านมีป้ายไฟวิ่งระบุข้อความประมาณว่าฉลองเปิดร้านใหม่ลด 20 เปอร์เซ็นต์เลยเข้าไปลองทานเมื่อเรียกเช็คบิลพนักงานนำบิลมาให้ที่โต๊ะแต่ปรากฏว่าบนบิลไม่ได้ลด 20% ตามที่ระบุในป้ายไฟหน้าร้าน
ก็คิดว่าเมื่อนำบิลไปชำระเงินที่แคชเชียร์ที่ชั้น 1 ทางร้านคงจะลดราคา 20% ให้เมื่อชำระเงินพนักงานที่แคชเชียร์แจ้งว่าโปรโมชั่นหมดลงไปแล้วและได้เสนอให้ซื้อบัตรสมาชิกในราคา 199 บาทเพื่อใช้ลดราคา
หากโปรโมชั่นฉลองเปิดร้านหมดลงไปแล้วข้อความโปรโมชั่นลด 20% ก็จะต้องเอาออกด้วยนะครับ"
ChdDSUhNMG9nS0VJQ0FnTUNBNGNxMzB3RRAB,- SUJITTRA -,5,ไอติมอร่อยมีหลายรสชาติ มีน้ำซุปให้เลือกเยอะมากๆๆ
ChdDSUhNMG9nS0VJQ0FnSUM3dHRIYjRnRRAB,Nuhcharee RB,1,"มารอหน้าร้าน ไม่มีคิว เข้าไปยืนรอที่เคาเตอร์ ไม่มี พนักงานเดินมาถามสบตากับเด็กเสิร์ฟก็ไม่มีแม้แต่เดินมาถามว่ามาทานกี่คน เหมือนไม่สนใจลูกค้า แต่ก็ไม่สนใจลูกค้าแหละ ไม่เคยกินแล้วจะมาอีก

คนกินเสร็จจะมาจ่ายเงินยังยืนรอพนักงานจนต้องเดินไปเรียกหลังร้าน  มาตรฐานการดูแลลูกค้าอยู่ที่ไหน ???"
ChdDSUhNMG9nS0VJQ0FnSUNMbklxdm5nRRAB,bob by,1,"ทำหน้าร้านน่าดึงดูด แต่ไม่ตรงปก

- น้ำซุปจืด ทั้ง2 ซุป (มะเขือเทศ/กระดูกหมู)
- ของทอดไม่ร้อน ไม่กรอบ
- ของสดที่กดสั่ง ตอนเสิร์ฟใส่รวมในจานเดียวกันหมด
- น้ำจิ้มไม่หลายหลาย

ข้อดีอย่างเดียวที่มีคือ อาหารออกมาเร็ว แอร์เย็น

ไม่อร่อยยยยยย หนีปายยย"
ChdDSUhNMG9nS0VJQ0FnTUNneVpHbXp3RRAB,Alimdar Sefa Köse,5,"I came here with my girlfriend and her friends. Everything are good, I'm new for hotpot culture and I love it. I'm a Muslim and you can eat halal food. It has many choices, sea food, meats and more. Especially I love unlimited drink and ice creammmm. I want that in my country toooo🥹🙏🏻"
ChZDSUhNMG9nS0VJQ0FnSUNfdTVPa0RnEAE,kongpong wongchai (kit),5,อร่อย มีของกินให้เลือกหลากหลาย คุ้มค่า คุ้มราคา
ChdDSUhNMG9nS0VJQ0FnSURSaU5uUXl3RRAB,Bruce Rajatawipat,4,"AngPao Mala HotPot restaurant offers a delightful experience for those seeking a unique hotpot dining experience. The customizable sauce station adds a personal touch to the meal and allows customers to create a unique flavor profile. The service was exceptional and our server was knowledgeable and helpful, providing recommendations and ensuring that our experience was enjoyable.

The venue is tastefully decorated, with a modern and trendy ambiance that appeals to university students and young professionals. However, the prices at AngPao Mala HotPot are relatively high compared to other hotpot restaurants in the area, which may deter some customers.

The taste of the hotpot was good, and there was a wide selection of ingredients to choose from, including various types of meat, seafood, and vegetables. The broth was flavorful and had a pleasant level of spiciness, which added to the overall enjoyment of the meal.

In conclusion, AngPao Mala HotPot is a great option for those looking for a unique and enjoyable hotpot dining experience. The service is excellent, the venue is well-decorated, and the customizable sauce station is a standout feature. However, the relatively high prices may be a deterrent for some customers. Despite this, we highly recommend giving AngPao Mala HotPot a try for a memorable and delicious meal."
Ci9DQUlRQUNvZENodHljRjlvT2pSdGJWRlVZMHMyTlZKbFpYSjVXV3RGVFVaZloyYxAB,pond jariyapun,1,"เลือกโปร 219฿ อร่อยแค่ซุปน้ำดำ ไปเมื่อวานเที่ยง พึ่งจะเปิดร้าน ไม่มีไส้เป็ด เลือดไก่ แต่ก็ไม่ทดแทนอย่างอื่นให้ลูกค้า มีแต่ลูกชิ้นให้เลือกในราคานี้ สามชั้นไม่ตรงปก เหมือนเศษหมูสไลด์ ค่อนข้างเหนียว พังผืดเยอะ ผักมีให้เลือกยุ 3-4อย่าง ตัวเลือกวัตถุดิบค่อนข้างน้อย มีแต่บวกเพิ่ม ,ซุปหมาล่าบวก+59,น้ำรีฟิล+39,บวก vat7%(อันนี้ไม่ติด) ครั้งเดียวพอเลยค่ะ"
ChZDSUhNMG9nS0VJQ0FnTUNnaHRxT1VBEAE,Mini Mork,5,อาหารบริการออกเร็วมากก ถุกใจสุบๆ น้ำจิ้มไส้เป้ดสุดเริ่ดด คำเตือนสั่ง1ได้เส้นหมี่หยกมากเยอะมากก
ChdDSUhNMG9nS0VJQ0FnTURnbDZlQTNRRRAB,rapun zel,5,ของสดมาก กุ้งเด้งอร่อยสุดๆพนักงานบริการดี ราคาสมกับคุณภาพ❤️
ChdDSUhNMG9nS0VJQ0FnSUNKXy1lNnpnRRAB,Devilish Angle,5,"อร่อยมากๆๆๆๆ จนต้องสั่งเพิ่ม

2 คนทานจนอิ่ม 1,4xx เอง

บริการดีมาก เอาใจใส่"
ChZDSUhNMG9nS0VJQ0FnSUNMbkxUZUd3EAE,Thit apa,2,รอคิวไม่นานมาก บริการดี หักคะแนนน้ำจิ้ม ไม่มีซอสงาทั้งที่เป็นหมาล่า สั่งอาหาร 2รอบแรกของไม่ครบ ต้องสั่ง3รอบ น้ำอัดลมมีแค่ชั้น1 ชั้น2โต๊ะริมร้อนมากๆๆๆ(พนักงานแจ้งทีหลังว่าแอร์ไม่เย็น) อากาศไม่ถ่ายเท แออัดมากชั้นบน ถ้วยน้ำจิ้มเหมือนจะไม่พอเลยใช้ถ้วยตักซุปแทน ชั้นล่างรู้สึกว่าโอคเดีแล้วนะคะ อยากให้ปรับปรุงร้านที่ชั้น2และน้ำจิ้มงา
ChdDSUhNMG9nS0VOeWs1WUdNeTViZDlBRRAB,Thomas Tom,1,อย่า มากินเลยครับร้านนี้ เมื่อก่อน เคยดีมากๆ แต่เราก็ให้โอกาสแก้ตัวมา 4 ครั้ง ล่าสุด คือ แย่ลงทุกครั้ง เอาเปรียบลูกค้า ของหมดเป็นสิบๆรายการครับตอนนี้ รสชาติก็แย่ลงเรื่อยๆ ล่าสุดตัดรายการน้ำจิ้มงา ทุเรสมาก ราคาแพงเท่าเดิม ทุกคน อย่ามาอุดหนุนมันอีกเลยครับ
ChZDSUhNMG9nS0VJQ0FnTUNBeGV5WkpBEAE,Pattapong Sripho (Tae),4,น้ำจิ้มซีฟู้ดอร่อยมากๆ แต่ผักค่อนข้างหมดเร็ว บริการดี พนักงานใส่ใจ พูดจาน่าฟัง มีน้ำมันหม่าล่า
ChZDSUhNMG9nS0VJQ0FnSURfck9DbU1REAE,tnirp print,5,มีกินหลายรอบประทับใจมากๆ ร้านบริการดี อาหารอร่อย ราคาคุ้มค่ามากสุด ตอนนี้ที่ร้านมีชาพีชอร่อยมาก อยากให้ทุกคนมาลอง
ChdDSUhNMG9nS0VJQ0FnSURCajRHbnZnRRAB,Runn S,4,ซุปหม่าล่าร้านนี้ไปทางอ่อนไปนิดครับ เมนูเนื้อสัตว์น้อยกว่าร้านอื่นแต่รสชาติเหมือนเตรียมเนื้อสัตว์มาดี จัดการกลิ่นสาบได้ดี ส่วนราคาพอๆกับร้านหม่าล่าอื่นๆเลย
ChdDSUhNMG9nS0VJQ0FnSUM3MEtiU3NRRRAB,赵智航,1,"ร้านนี้ผมไปกินหลายรอบแล้วครับ ทุกที่ไปกับครอบครัว แฟน ลูกสาว(2ขวด) พ่อแม่ กินทุกที่ไม่ได้คิดเงินลูกสาว เพราะตอนไปกินครั้งแรก พนักงานมีบอกถ้าเด็กไม่กึง100ซมไม่ต้องจ่าย ครั้งต่อไปสี่ห้าครั้งพาลูกไปกินก็ไม่ได้คิดเงินครับ แต่วันนี้ตอนกินเสร็จไปจ่ายเงิน พนักงานคิดเงินเด็กไป ผมถามเด็กยังไม่ถึง100ซมนะครับ เข้าบอกถ้าเด็กไปกิน เด็กต้องจ่ายราคาครึ่งครับ ไม่ดูขนาดสูงเท่าไหร่ครัย
ร้านบุฟเฟ่อื่นอื่น ถ้าเด็กไม่ถึง100ซม ไม่เห็นมีคิดเงินแล้วครับ"
ChZDSUhNMG9nS0VJQ0FnTURBdmMzV2JnEAE,PIMPRAEW OPAMURATAWONGSE,5,อร่อยมากค่า น้ำซุปนัวมากกก 💖💖💖ช่วงนี้จัดโปรคุ้มสุดๆๆๆ
ChZDSUhNMG9nS0VJQ0FnSUNCa2JDNEJ3EAE,Apiwat Narkhan,5,"New gem in Bangkok. Went here twice and would definitely come back again for more! The quality of the beef and pork were amazing, very premium forthe price you pay. Mala soup was the drinkable type (i.e. not too spicy), perfect for non-spicy lovers but might be too bland for spicy lovers. They have complementary yuzu shot at the end of the meal which clears your stomach from all the mala soup very well. They have plenty of seats available in 2 floors and also private rooms for group booking. Recommend to try!"
ChZDSUhNMG9nS0VJQ0FnTUNBel9MZmFnEAE,Mahitti boapimpa,5,คุ้มค่าราคานี้ น้ำซุปรสชาติอร่อยมาก ๆ
ChdDSUhNMG9nS0VJQ0FnSURmMzZ2ZWtnRRAB,ponkanok,5,มากินรอบที่สามแล้วอร่อยมาก อาหารดี
ChdDSUhNMG9nS0VJQ0FnSUN4a0ltbHFnRRAB,รัตนธร,3,น้ำซุปอร่อยสมราคาค่ะ ที่ชอบคือน้ำจิ้มให้ทำเองโดยมีสูตรให้ทำเอง ชอบเพราะปรุงได้ตามใจชอบ สั่งหมั่นโถวทอดมาอันนี้อร่อยค่ะ  และสุดท้ายแถมน้ำส้มยูซุปั่นปิดท้ายค่ะ
ChZDSUhNMG9nS0VQSGRtdjI1bU5uUFBBEAE,Niphaphorn Songprasert,1,"พอเปลี่ยนน้ำจิ้มสูตรใหม่แล้วไม่อร่อย ทำให้ไม่อยากไปทาน และท้องเสียด้วย ไป 3 คนถ่ายท้องหมดเลย เป็นลูกค้าประจำน้ำจิ้มเดิมไม่เคยท้องเสีย
** ไปทานครั้งล่าสุด 20 พ.ค 68 พอน้ำจิ้มเปลี่ยนยังไม่ได้ไปอีกเลย **"
ChZDSUhNMG9nS0VJQ0FnSUNfaF9IUlpBEAE,Kris Srisilapaudom,5,อร่อยครับ เนื้อดี บริการไวมากกก น้ำจิ้มปรุงเองอร่อยสุด ๆ
ChdDSUhNMG9nS0VJQ0FnSUNSOElDZG53RRAB,K Tidaa Sarun,5,"The soup has mellow taste and so delicious ! I love all of their soups :) high quality of ingredients like beef and also fresh vegetables
I went after 8pm so I got 20% discount .Such a great deal 👍🏻 and I definitely come back again ^^ …"
Ci9DQUlRQUNvZENodHljRjlvT214WFdrTmZVM0ZSYkRCdWFqUm9VVTUxTFV4TVFtYxAB,Taa Winitar,5,"All dishes we ordered have good quality, really love sliced meat presentation - served in super loonggg plate 🤣

Tomato soup - sweet and sour, love it
Pork bone soup is creamy, lovve it!
The rest  are fine (mush room and mala soup)

Plenty of sauces to mix for dipping but my all time fav is suki+sesame sauce 😋"
Ci9DQUlRQUNvZENodHljRjlvT2xSS1MybEtjQzEzY0d4QlZHSlRlVWx2WjJKQ2VsRRAB,little girl,5,"Really enjoyed my meal here! The food was delicious, everything fresh and flavorful, and the soup bases were so good. The service was amazing as always — super attentive and friendly, they really take care of you. For the portion and experience, I’d say it’s totally worth it. Great place to come with friends and enjoy a comforting hotpot!"
Ci9DQUlRQUNvZENodHljRjlvT25RNVJFTnFkVTVEWm5VelpWSmhka2RNVkRoTVozYxAB,Khizra Sohail,5,"Haidilao is an experience and something one shouldn’t miss. Having tried it earlier in Singapore, I really wanted my family to try it here while visiting Bangkok and so glad we didn’t miss it. Hot pot is amazing as always and the service by the staff at Central Rama 9 branch made it exceptional. All the servers are super attentive, cooperative and went out of their way to make our meal a memorable one. The Tom Yum soup base at HL is so flavourful and they have a huge selection of veggies and mushrooms for all those who don’t eat meat. Highly recommended."
Ci9DQUlRQUNvZENodHljRjlvT2tkZlJYaDZRWHBTTjI1MVZuWkpOVWx4TUdrNGJWRRAB,Panggg S.,5,"พนักงานดูแลดีมากจริงๆ ตั้งแต่หน้าร้านจนทานเสร็จ ใครไม่เคยทานมาลองได้ ไม่ต้องกลัวว่าจะสั่งไม่เป็นคือพนักงานแนะนำทุกอย่างจริงๆ
ซุปหม่าล่าห้ามพลาดนะะะ ต้องสั่ง น้ำจิ้มตักเองจุกๆไปเลยจ้าา"
Ci9DQUlRQUNvZENodHljRjlvT2toSVNWaHdOVkJMTVVrdE1tbGlXbE54ZDBSSVFXYxAB,muay_ann apk,5,รสชาติอร่อยเหมือนเดิม ยืนหนึ่งเรื่องการบริการมากๆ แนะนำดี ดูแลดีทุกครั้ง ประทับใจมากค่ะ 🥺🥺
Ci9DQUlRQUNvZENodHljRjlvT2xaVFRHcHRXVTVsVUVadE5uaFlWRU5MWDJkMFNXYxAB,Wiratphol Suppawatchara,5,วันนี้เพิ่งได้มาลองทาน เพราะว่าลิงเดินไปถามพนักงาน พนักงานบอกว่าไม่มีคิว เลยเข้ามาทานเลย จะบอกว่า น้ำซุปหมาล่าคือกลมกล่อมกว่าทุกที่ที่เคยลองทานมากเลย พนักงานบริการดีมากครับ บรรยากาศร้านดี มาลองกันนะครับ
Ci9DQUlRQUNvZENodHljRjlvT2pKcmVrbGxkR3M0UlcxWlgxWnVjVFZzTmxSamFXYxAB,Tanan Suwannabhach,4,"The food is a standard Haidilao, which is spicy and salty, the quality food the food is still good, but at this branch there are a lot of people, so the service might be a bit slow and the staff might not come to service you as much as other branch(atlest the one I have been before)."
Ci9DQUlRQUNvZENodHljRjlvT2tGNk5uZGxkSEJ2VFUxRWFtMUdZM1prWldSM1NIYxAB,S Kwan,5,บริการดีทุกระดับประทับใจ ใส่ใจทุกรายละเอียดมาก วันเกิดคนในครอบครัวเมื่อไหร่ต้องแวะมา มีบริการทำเล็บด้วย ดีมากๆเลยค่ะ
Ci9DQUlRQUNvZENodHljRjlvT2xGWFIzVnlTVkI0TTFsU1VuVXhWemh3T0VaNk1YYxAB,Mr.N,5,ร้านหม่าลาหม้อไฟ พนักงานบริการดีมากกก น้ำซุปเลือกได้ 4 อย่าง อร่อย ส่วนอาหารสั่งแบบเป็นจาน มีหลากหลาย น้ำจิ้มคิดราคาบุฟเฟ่ กับน้ำรีฟิว บรรยากาศร้านแบบจีนๆ เบียร์ราคาไม่แรง ใช้ได้อยู่ ร้านปิดตี 3
Ci9DQUlRQUNvZENodHljRjlvT2pGbWNFRnFXVWRRYjJWS1NuVnFhak55VmxwSFoxRRAB,MM,5,เป็นสาขาที่บริการได้ยอดเยี่ยมที่สุด พนักงานบริการดี อาหารคุณภาพ รสชาตยืนหนึ่ง
Ci9DQUlRQUNvZENodHljRjlvT25wVlpHTjBTVGhqWW1GaE1ERnZhbUpPZWxreGFIYxAB,WoonWoW,5,"มาทานที่เมืองไทยครั้งแรก มาตรฐานดีไม่แพ้ที่ประเทศจีน

ประทับใจมากที่สุด คือ การบริการจากพนักงานทุกคน รับรู้ได้ถึงการสร้างความสุขให้กับลูกค้า.

อาหาร: น้ำซุปรสชาติดีทุกน้ำซุป วัตถุดิบดี

แนะนำทำสมาชิกฟรี ใช้แค่เบอร์มือถือ แล้วได้ส่วนลดทันที"
Ci9DQUlRQUNvZENodHljRjlvT21VeWN6SlBZVmhEYnpBMFdUSTJWUzAyZDFOcldVRRAB,Tarn daranee,5,"วันนี้มากินดึกๆมีเกมให้เล่น แจกของรางวัลด้วยค่าา พนักงานน่ารักทุกคนเลยค่าา บริการดีเยี่ยม ยิ้มแย้ม  มาทานสาขานี้เพราะพนักงานเลยจริงๆค่า 🩷

Ps. คุณอิมดูแลดีมากค่าา 👍🏻 🥰"
Ci9DQUlRQUNvZENodHljRjlvT21oS0xUQTRaRlJ5U1VkUFpVaGlVVlZuZFRkaVNXYxAB,Punnatorn Vechaputi,5,อาหารคุณภาพดี อร่อย หมูนุ่ม เนื้อไม่เหนียว ผักสะอาดสดใหม่ ลูกชิ้นกุ้งนุ่มเด้ง ซุปต่างๆ อร่อยคุณภาพดีมากๆ ตัวร้านสะอาด กว้าง พนักงานบริการดี แต่ไม่ค่อยมาแถวโต๊ะเลย แต่ overall แล้วโอเคมากๆ
Ci9DQUlRQUNvZENodHljRjlvT2kxbk9GZGhhRGh1TWpSTVdUVndhRzloU2tObVFrRRAB,pinyapat Jarupatchaikul,5,"I really like the atmosphere here. All the staff are great, especially Khun Aom and Khun Tohsung who wear red shirts. The food is delicious, the service is good, and they take care of customers. The ice cream and drinks are also delicious.
ชอบบรรยากาศที่นี่มาก พนักงานทุกคนเยี่ยมมาก โดยเฉพาะคุณออมและคุณตัวสูงใส่เสื้อแดง อาหารอร่อย บริการดี ใส่ใจลูกค้า ไอศกรีมและเครื่องดื่มก็อร่อย
我喜歡這裡的氛圍。工作人員都很棒，尤其是Khun Aom和穿紅襯衫的Khun Tua Thoe。食物美味可口，服務周到。冰淇淋和飲料也很棒。"
Ci9DQUlRQUNvZENodHljRjlvT201TlMyNW1RVEJsZGpCU1gyaHdhbWgyU214R01uYxAB,newphonewhodis,5,นี่เปิดใจกินอีกครั้งเพราะ voucher dine-in ในแกร้บ ดีใจที่ Haidilao กลับมาอร่อยเหมือนเดิม มีช่วงนึงที่เปลี่ยนฟองเต้าหู้สดเป็นแบบแข็งแล้วไม่อร่อย ตอนนี้เป็นฟองเต้าที่นิ่ม อร่อยเหมือนเดิม ดีมากๆๆๆ ซุปหมาล่าก็คือมีช่วงนึง คลั่กๆ ข้นๆ ขมๆ แต่ตอนนี้คือดีขึ้นมากก ดีเหมือนเมื่อตอนเปิดร้านแรกๆ ซุปแซ่บแต่ใส กินแล้วไม่เลี่ยน เนื้อคุณภาพดีขึ้น (มีช่วงนึงมันเยอะมากๆๆๆๆ) ประทับใจครับ โดยรวมคือดี ไว้ผมจะกลับมากินอีก 👍🏻👍🏻👍🏻👍🏻👍🏻👍🏻👍🏻
Ci9DQUlRQUNvZENodHljRjlvT25aNVZqZDVWalExZEhCUlozRnJNRlJXY1U1R1JtYxAB,patsorn srk.,5,มาทานช่วงกิจกรรมพอดี สนุกมากค่ะ เน้นเข้าร่วมไม่เน้นเข้ารอบ เพราะแจกหมดทุกคนอยู่ดี
ChZDSUhNMG9nS0VNWGxxZTNJei1xa2JnEAE,Athika B.,5,"ไปทานตอนเย็นวันธรรมดากับเพื่อน 3 คน ไม่ต้องรอคิว ก่อนเข้าไปกดคิวทำเล็บไว้ และเข้าไปนั่งทาน พอถึงคิวทำเล็บของเราน้องพนักงานจะมาตาม มีโต๊ะทำเล็บอยู่ 2 โต๊ะ เราได้ทำกับพนักงานคนจีน ลองพูดไทยได้นิ๊ดหน่อย เราเลยคุยจีนกับน้องแทน

พนักงานในร้านให้บริการดี อาหารอร่อย มีคุณภาพดีค่ะ"
Ci9DQUlRQUNvZENodHljRjlvT25OMFVURllkVTFCY3poWFpqUTJXVk56VWxRMFZWRRAB,Acc01,5,ชอบสาขานี้ที่สุด พนง.ชื่อคุณจักร บริการดีมากทุกระดับประทับใจ มีโชว์เปลี่ยนหน้ากาก พาแม่มาทานวันเกิดแล้วแฮปปี้มากๆ  ไว้มีโอกาสจะมาทานอีกนะคะ
ChdDSUhNMG9nS0VJQ0FnTURRaE5lRWx3RRAB,A B C Traveller,5,กินมาหลายสาขาและสาขานี้โอเคที่สุด พอดีเป็นสมาชิกบัตรดำ VVIP ก็เลยได้รับการดูแลเป็นพิเศษแบะมีของแถมให้ทุกครั้ง วันนี้มากินกันโต๊ะใหญ่ น้องพนักงานดูแลกันดีมากเหมือนกับลูกหลานในครอบครัว ยืนประกบกะนติดๆ แทบจะเดินตามกันไปทุกที่ วันนี้สั่งอาหารมาเต็มโต๊ะ น้องมาช่วยเอาของลงหม้อตลอด และเก็บจานตลอดเวลา โต๊ะแทบจะไม่รกเลย ก่อนหน้านี้ห้องเล่นเด็กปิด วันนี้ห้องเล่นเด็กเปิดแล้ว ก็จะไม่มีเด็กๆวิ่งเล่นข้างนอกแล้ว ระหว่างรอ ลูกค้าสามารถใช้บริการนอกร้านได้ วันนี้ได้ลองเก้าอี้นวด ถือว่าดีเลย กดจนหลังระบม แต่ผ่อนคลาย ส่วนน้ำดื่มและขนมก็หยิบได้เรื่อยๆ ใครยังไม่เคยลอง ต้องลองซักครั้งละครับ เผื่อจะติดใจ
Ci9DQUlRQUNvZENodHljRjlvT2tkTVQzTmpPRXR4YldaZk5VcHhRemhmV0MweVpWRRAB,ชุลีกร หงษ์สิบแปด,5,มาซ้ำรอบ 2 แล้วค่ะ ได้รูปสวยๆเต็มเลย น้องๆบริการดีมาก ทำเล็บฟรี น้องนัตตี้บริการดีมาก วันนี้ทำเล็บลูกแก้วเปลี่ยนสี ดีค่ะ คุณค่าที่ควรมาลองสักครั้ง
Ci9DQUlRQUNvZENodHljRjlvT2xsdFdqWnNYMWQxVjI1UmJWOWxXR2d3YWkxSVVsRRAB,Anya Yingyongyudha,5,"น้องพนักงานน่ารักทุกคน
มีกิจกรรมให้ทำเยอะระหว่างรอ
อาหารสะอาด สด อร่อย
น้องนัตตี้ทำเล็บสวยมาก"
ChdDSUhNMG9nS0VJQ0FnTUNnczlqOW9RRRAB,Khemnida Chotsawat,5,"Hai Di Lao (ไหตี่เหลา) 🍜ร้านนี้มีชื่อเสียงในด้านการบริการที่ทั่วถึงและยอดเยี่ยมมาก ส่วนตัว พึ่งเคยมาสาขานี้ครั้งแรก ทางร้านจะขายเมนูชาบูหมาล่า มีซุปให้เลือกหลายแบบ เมนูอาหารค่อนข้างเยอะ ทั้งเนื้อสัตว์ ผัก เครื่องเคียง ของทานเล่น มีบาร์น้ำจิ้มปรุงเอง หรือ ให้พนักงานปรุงก็ได้ แนะนำให้สั่งเส้นสดด้วยนะคะพี่พนักงานเค้าจะมาแสดงทำเส้นให้ดูกันสดๆเลย ถ้ารอคิวนานร้านมีน้ำมีขนมให้ด้วยคะ
ส่วนตัวแล้วเราคิดว่าทุกอย่างอร่อยมากกก แนะนำ สำหรับใครที่ชอบสไตล์หม้อไฟจีน"
ChZDSUhNMG9nS0VJQ0FnTUN3eE5HN0VREAE,Rawipha Bangtrakul,1,จองทำเล็บไว้เราคิวที่50 แต่รันคิวถึง49พอเราเดินออกไปดูพนง.หายไปแล้วถามพนง.หน้าร้านบอกว่าปิดแล้ว แต่คือไม่มีใครแจ้งเลยปล่อยให้นั่งรอยันห้างปิด คืองงไม่มีโทรแจ้งแบบสาขาอื่นหรอคะหรือจะเดินมาบอกก็ได้จะได้ไม่ต้องรอให้เสียอารมณ์ ละคือเฟลมากกกมาหยุดที่คิวเราอีก จริงๆเรากินเสร็จนานแล้วแต่รอทำเล็บ อาหารพอใช้ได้ถ้าเทียบกับสาขาอื่น หมูติดมันเยอะไปนิดนึงค่ะ แต่Serviceอยากให้ดีแบบสาขาอื่นด้วยผิดหวังมากเลยกับHaidilaoครั้งนี้ มีServiceดีไม่กี่คนเอง ครั้งเดียวพอค่ะสาขานี้ขอไปสาขาอื่นดีกว่าServiceดีกว่านี้เยอะค่ะ
Ci9DQUlRQUNvZENodHljRjlvT25oSE5UZE5hV3BNV2xOTldqUmpkbk5STmpFeE1WRRAB,Chayathorn Sinsapsan,5,บรรยากาศดี พนงน่ารักมากๆๆๆๆ มีกิจกรรมตลอด❤️❤️❤️
Ci9DQUlRQUNvZENodHljRjlvT2pGR2RrRndVM0ZFUVMxVmNHeEtOa2d3WldGUmRuYxAB,Flavia Andreas,5,มาสาขานี้บ่อยเพราะคนไม่เยอะมาก รอคิวทำเล็บไม่นานถ้าไม่ใช่ช่วงเทศกาลจริงๆ บริการไว 10/10
Ci9DQUlRQUNvZENodHljRjlvT2t3NGIzRnBMVEZ2YUU4d1lVczBWMEZyUzFkNlVrRRAB,Daiki Sho,1,อาหารสดใหม่ บริการตามฐานะ พาคนต่างจังหวัดมาทานแลดู ไม่ค่อยอยากบริการทำหน้าบูดยึ้งใส่ แต่ถ้าแต่งตัวดีมีตังก็จะบริการอีกแบบ บริการตามระดับชั้น
ChdDSUhNMG9nS0VJLTJqT0t3OE5UaWlnRRAB,A_Biz,4,"Haidilao (ไหตี่เลา) hot pot หม่าล่าแบบพรีเมี่ยม

เรื่องน้ำซุป ทางร้าน Haidilao มีน้ำซุปให้เลือกแบบ 1 ช่อง, 2 ช่อง และ 4 ช่อง ซึ่งราคาก็จะแตกต่างกันออกไปตามน้ำซุปที่เราเลือก ซุปหม่าล่านี่ทานไปแล้วเผ็ดชาลิ้นเลยทีเดียว

ตรงบาร์น้ำจิ้มมีทั้งน้ำจิ้มซีฟู้ด น้ำจิ้มงา น้ำจิ้มหม่าล่า น้ำจิ้มสุกี้ และมีส่วนผสมอื่น ๆ ให้เลือกตามใจชอบ ตรงผนังจะมีวิธีการปรุงน้ำจิ้ม สูตร Haidilao อยู่ ลองปรุงตามกันได้เลย หรือใครมีสูตรก็ลองไปทำ D.I.Y กันนะ เพิ่มความสนุก ตอนไปกินชาบูได้เยอะเลย

อาหารสดใหม่หลากหลาย คอหมูสไลด์ พอลวกแล้วเนื้อนุ่มดี ส่วนไส้เป็ด อันนี้ Texture  กรึบ ๆ แต่ให้ลวกแปปเดียวนะ ลวกนานแล้วเนื้อเหนียวนิดหน่อย

มีขนมแจกให้ มีทำเล็บสำหรับสาวๆอีกด้วย"
Ci9DQUlRQUNvZENodHljRjlvT201eFJuUm1Xa0poTTBOUlYweGlkRzFzY0ZKUlYxRRAB,Tatsika Jar.,5,ชอบมากๆที่มีบริการทาเล็บเจลฟรี ระหว่างรอคิวโต๊ะและรออาหาร พนักงานน้อง Natty น่ารักสดใจมีใจบริการ กลยุทธ์การตลาดที่น่าประทับใจไปซ้ำแน่นอน (เพื่อเปลี่ยนสีเล็บ)
Ci9DQUlRQUNvZENodHljRjlvT20xeVJuTnFja2xpVm1sa1RXcGlVMEV0VlVOT01rRRAB,Kanokwan Sae-jia,5,อาหารอร่อยมากค่ะ แต่สิ่งที่ประทับใจที่สุดคือพนักงานค่ะ พนักงานสาขานี้บริการดีมากๆ กลับมาใช้บริการอีกแน่นอนค่ะ
Ci9DQUlRQUNvZENodHljRjlvT2xaUlRUVnlOVU5mZFMxTE9EUXhSM1ZSY1RWSlQzYxAB,Mew Kamasatjakul,5,อาหารอร่อยเหมือนเดิม ชอบน้องแนตตี้ Naethiporn มากทำเล็บสวยบริการดี มีทาสีให้เลือกด้วยว่าชอบสีไหน จะมาทานอีกเพราะน้องแนตตี้เลยค่ะ
Ci9DQUlRQUNvZENodHljRjlvT21aMmFYcEhUMmswTFVOTU5XSXllVjlMYkhvNFNFRRAB,Apinya Pommachart,5,พนักงานบริการดี ทำเล็บกับพนักงาน ยูจิน บริการดี น่ารักมากค่ะ
ChZDSUhNMG9nS0VJQ0FnSUR1MWJ6YmVREAE,Chanrada Huahin,5,"หม้อไฟหมาล่า อร่อยมาก เผ็ดลิ้นชาเลย แต่คิวก็ยาวมากๆ เช่นกันค่ะ รอคิวนานนนน แต่ทางร้านมี Application สำหรับรอคิว รับคิวแล้วไปเดินเล่นได้เลย มีจองคิวทำเล็บได้ด้วย วันนั้นไปทานคนเดียว พนักงานเลยนำตุ๊กตามานั่งเป็นเพื่อน 😜😜

บริการดีงามมาก พนักงานน่ารักทุกคน"
Ci9DQUlRQUNvZENodHljRjlvT25KWk5Xb3hOVTFzVUdwR1pURnhSbFExTWs1cldYYxAB,minimormaii,5,ประทับใจทุกครั้งที่มากิน และจะมาในทุกๆวันสำคัญเลย บริการดี อาหารอร่อย บรรยากาศสนุกสนาน
ChZDSUhNMG9nS0VJQ0FnTUNJbF9IM0J3EAE,Alice,5,"I came to Haidilao alone, and they put a giant panda opposite me to keep me company! Haha~ I'm not alone anymore! 🐼

🥩The meat is very fresh and delicious! Student card discounts! Now there are also various desserts 🍮 for free!

💅🏻You can also get your nails done for free, but I didn't do it because I didn't have time!

💁🏻The service was excellent!"
ChZDSUhNMG9nS0VJQ0FnSUQzMnQ3bVVnEAE,City of Angels,5,"Awesome Chinese hotpot restaurant. You choose your dishes and soups on the tablet and they bring the food to your table. Plenty of meats, seafood, vegetables and side dishes to choose from. Wide selection of dipping sauces. There’s also the dancing pasta where the guy spins the pasta at your table. Friendly staff and quick service. Delicious food. We even got free gift bags when leaving. Enjoyable and fun experience."
ChdDSUhNMG9nS0VJQ0FnSURkb0pyMGtRRRAB,Pang Thunyalak,5,เป็นอีกหนึ่งร้านนี้ประทับใจกับอาหารและการบริการของพนักงานมากๆค่ะ บริการดีตั้งแต่ไปรับคิวจนถึงออกจากร้าน ชอบสาขานี้มากๆ เคยรอนานสุดประมาณ 1 ชั่วโมง 30 นาที ช่วงเวลาตอนเย็น แพ้อาหารประเภทไหนสามารถบอกพนักงานได้ตอนที่ไปรับบัตรคิวค่ะ มีขนม ไอศครีม ผลไม้ ทำเล็บฟรี อยู่ตรงหน้าร้านระหว่างรอคิวเข้าร้านค่ะ สามารถเลือกพนักงานที่ถูกใจได้ด้วยค่ะ ปกติไปกินจะ request ให้คุณปูนาดูแลค่ะ พนักงานแต่ละคนจะมีสูตรน้ำจิ้มที่แตกต่างกัน แต่เราชอบน้ำจิ้มของคุณปูนาค่ะ อร่อยมากๆ ถ้าไปสาขาพระราม 9 แนะนำคนนี้เลยค่ะ เราไปฉลองวันเกิดเพื่อนที่นี่บ่อยค่ะ เค้ามีขนมและร้องเพลงให้ด้วยค่ะ 🥰 อยากให้พนักงานช่วยหยิบผักใส่ในหม้อชาบูก็บอกได้เลยนะคะ พนักงานยิ้มแย้ม สดใส ทุกคนเลยค่ะ ส่วนตัวชอบน้ำชุปต้มยำค่ะ อร่อยถูกใจที่สุด น้ำจิ้มก็มีให้ทำหลากหลายสูตรให้ทำเองจะมีบอกตรง counter น้ำจิ้มค่ะ สามารถปรุงเองได้ ⭐️⭐️⭐️⭐️⭐️
ChdDSUhNMG9nS0VJQ0FnSURib3ZDbjNBRRAB,Dia Piglet,5,อาหารอร่อย เนื้อคือดีย์มากกกก บริการดีมากๆตามเคย สมชื่อ ไหตี่เลา มารอบนี้ไม่มีคิวเข้ามาทานได้เลย เริ่ดมาก น้องบัง และ น้องอ้อน ทำจานพิเศษมาให้ด้วย น่ารักมาก เข้ากับเทศกาลโอลิมมปิกด้วย น่ารักมาก แล้วจะมาอีกแน่นอนค่า
Ci9DQUlRQUNvZENodHljRjlvT2kxUE5sWnNkVEZTWW1FdGF6SjVlV3B3TkdjeE5GRRAB,Bhoom Choowongkomol,5,อาหารอร่อยมากครับ พี่กิ ดูแลดีมากๆตลอดทั้งเวลาเลยครับ ไว้ถ้ามีโอกาสจะกลับมาอีกครับ
Ci9DQUlRQUNvZENodHljRjlvT25CeWJWZHBjbGRXVlVocGRGZFZPV2hmTlU4MVgwRRAB,กันติธานนท์ เหลืองวิลัย,3,"การบริการ พนง. สาขานี้คือเริสที่สุด ชอบ พนง สาขามากกว่าสาขาในเมือง มาใช้บริการที่นี้บ่อยสุด

ส่วนเรื่องของอาหารตั้งแต่ครั้งแรกที่ไปกิน จนถึงครั้งล่าสุด อาหารที่เคยกิน หายไปเยอะมาก อะไรอร่อยๆเอาออก พอถาม พนง. แจ้งกลับมาว่าเขาเอาออกเพ
ราะลค.คนจีนไม่ชอบ (แต่ขายในไทย) อีกไม่นานก็น่าจะได้ลากันขาดแล้วครับ ครั้งล่าสุดกับครั้งก่อนไปใช้บริการห่างกันไม่ถึงครึ่งเดือน บาร์ขนมก็หาย หมึกทอดก็หาย ล่าสุดน้ำจิ้มงาก็ขมพอสอบถาม แจ้งว่าเปลี่ยนซัพ ดูแล้วอะไรดีๆเหมือนจะเอาออกไปหมด 5555  เคยยกให้เป็นร้านหมาล่าที่ 1 เลย ชอบมากแต่ก็นั่นแหละครับ"
ChZDSUhNMG9nS0VJQ0FnSUNINXVESlJnEAE,Namphet Pradangseang,5,ชอบตรงที่มีไลน์ขนมหวานมีเค้กและเอแคลร์ที่อร่อยมากๆ และมีพนักงานบริการดีสุดๆ โดยเฉพาะน้องปุ้มปุ้ยบริการดีมากๆคอยแนะนำและช่วยเหลือตลอดการรับประทานอาหาร น่ารักที่สุดเลยค่ะ
ChdDSUhNMG9nS0VJQ0FnSUR6dktHcWdRRRAB,MaowMaerdz zzz,5,"ชอบซุปหมาล่าเผ็ดชาสะใจ ราคาสูงจะเพราะน้ำซุป กับ 17% พวกวัตถุดิบหมู ผัก ไรงี้ไม่แพงนะ ปกติเลย ราคาพอๆกับสุกี้เจ้าดังแต่ให้ปริมาณเยอะกว่ามาก พนักงานบริการดี พี่ ผญ อาจจะทอมน่ารักบริการยืนหนึ่ง

รสชาติ : 5/5
ความหลากหลาย : 5/5
ความสะอาด : 4/5
ราคา : 3/5
บรรยากาศ : 3/5
พนักงาน : 4/5
ที่จอดรถ : มี

** รีวิวที่เขียนเป็นความคิดเห็นส่วนบุคคล ควรดูรีวิวจากหลาย ๆ ท่านเพื่อประกอบการตัดสินใจ
** คะแนนที่ให้เป็นคะแนนที่เปรียบเทียบสถานที่ประเภทเดียวกันที่มีราคาใกล้เคียงกัน"
ChdDSUhNMG9nS0VJQ0FnSURfNnF1RF9RRRAB,Tak Tan Sriphatchayakul,5,"ตกเย็นหลังเลิกงาน 🌄
แวะมาเดินห้างเอสพละนาด
เพราะอยู่ใกล้ที่ทำงาน เลยเจอร้านไหตี่เลา
มาออกบูทงานตรุษจีน ที่เอสพละนาด รัชดา
มีโปรน้ำซุปหมาล่า 1 ซอง 88 THB.
ได้ตุ๊กตาน่ารัก ๆ 1 ตัว
แอดไลน์ได้ขนม 2 ซอง ด้วยล่ะ

🍲 มีซุปหมาล่ากับซุปเห็ดหอมมาให้
ลองซื้อชิมกันด้วย ในเพียง 88 บาทเท่านั้น
ได้ตุ๊กตา 1 ตัวด้วยเช่นกัน อยากนั่งรับประทาน
ภายในงานหรือซื้อกลับบ้านก็เลือกเองได้เลย

งานมีตั้งแต่วันนี้ - 29 มกราคม 2568 นะคะ
มากินหมาล่าให้หายคิดถึงกันน้า 😋

นอกจากหมาล่าก็ยังมีร้านค้าและกิจกรรมอื่น ๆ
ให้ได้เลือกสรรกันตามความพอใจอีกด้วย

เราขอตัวหนีไปกินหมาล่าก่อนแล้ว 👋

ปล. รีวิวนี้เสียเงินเองไม่ได้รับจ้างมานะคะ

ตั๊กแตนชวนกิน

#ไหตี่เลา #หมาล่า #ตั๊กแตนชวนกิน
#ชวนกิน #เอสพละนาดรัชดา"
ChZDSUhNMG9nS0VJQ0FnSUREd2VYeFpBEAE,sunanta somsup,5,พนักงานบริการดีมากเป็นกันเอง แนะนำส่วนลด โปรโมชั่นและเมนูดีมากๆ วันที่ไป น้องปุ้ย สาขาพระราม9 บริการดีทุกโต๊ะ โซนนั้น อาหารอร่อย ทุกครั้ง มีโชว์หน้ากาก ให้ดูตลอดแก้เบื่อ
ChdDSUhNMG9nS0VJQ0FnSUNsOTVQSHZ3RRAB,ตาตี่ moltatee (Photographer),5,อาหารคุณภาพดี สด สะอาด อร่อย น้ำซุปมีให้เลือกหลากหลาย พนักงานแนะนำน้ำจิ้มสูตรพนักงาน อร่อยดีค่ะ
Ci9DQUlRQUNvZENodHljRjlvT25STFoyTlRkMVJDTWpocFVFaHBXazVHUVhKRFdFRRAB,Dara V.,5,อร่อยมาก บริการดี คิวไม่เยอะ วัตถุดิบดี สดใหม่ วันหลังมารับประทานอีกค่ะ
ChdDSUhNMG9nS0VJQ0FnSUM3bkpPcC13RRAB,Kunnattee (Haribow) Kaewrodfah,5,ปกติเป็นคนกินหม่าล่าบ่อยมากกกกก แต่ที่นี่คือเดอะเบสของจริง น้ำซุปอร่อย อาหารออกไว บริการก็คือไม่ต้องพูดถึงทุกระดับประทับใจมาก พนักงานทุกคนน่ารักและบริการดีสุดๆ แต่ที่เราประทับใจมากๆและทุกครั้งที่ไปกินจะต้องขอรีเควสเป็นพี่นุ๊ก บริการดีจนเหลือแค่ป้อนเข้าปากอย่างเดียวแล้ว55555 ที่สำคัญคือปรุงน้ำจิ้มอร่อยมาก!!! ใครไม่เชื่อคือต้องไปลองสักครั้งแล้วจะติดใจ
Ci9DQUlRQUNvZENodHljRjlvT2pRMWRHbFpjR2QxZFU1TU1qUjBaMUZ0VkRnMVJrRRAB,ภีมวัจน์ เพ็ชรสง,5,หม่าล่าอร่อยที่สุดแล้ว มีกิจกรรมสนุกๆให้เล่นด้วยตลอด ต้องสาขานี้เท่านั้น 😂
ChZDSUhNMG9nS0VJQ0FnSUM5ajhTZEd3EAE,Paradee .c,5,วันไหนที่เครียด ปวดหัว หลังเลิกงาน ชวนเพื่อนที่ทำงานมากินหม่าล่าที่ haidilao สาขา central rama 9 ช่วยบรรเทาได้จริงๆ นะ ร้านอยู่ชั้น 7 ปิดตี 3 !!! เพราะนอกจากไลน์อาหารสด อร่อยแล้ว ร้านมีกิจกรรมเยอะมาก ทั้งเต้นกับพนักงานเอย ทำเล็บเอย และเซอร์ไพรส์โอกาสพิเศษเอย ส่วนพนักงานก็ขยันสุด ทำนู่นนี่มาให้ ติดใจมากินจนเป็นลูกค้า 5 ดาวแล้ว มาทีไรก็ Request พี่นุ๊ก ตลอดๆ บริการดีตลอด บริการทุกระดับประทับใจสุด น้ำจิ้มพี่นุ๊กย้ำว่าอร่อยนัวมากกก ใครจะมากินแนะนำว่าลองเหอะ สายหม่าล่าไม่ผิดหวังในอาหารและบริการค่ะ (ได้โปรดเอาซุปแจ่วฮ้อนกลับมาได้มั้ยย กินสลับกับหม่าล่าคือจึ้งสุด!)
ChdDSUhNMG9nS0VJQ0FnSURENS1PTXFnRRAB,KORNIsMyName L.,5,"อาหารอร่อยมาก เป็นแนว ชาบู ฮอตพอต สุกี้ น้ำซุปมีให้เลือกหลายแบบ น้ำจิ้มผสมเองค่ะ คนละ 50 บ.
พนง.บริการดี ทั้งร้านเลย ยิ้มแย้ม แจ่มใส น่ารักทุกคน น้องตัวเล็กๆ ไม่ได้บริการโต๊ะเรา ถือขนมเค้กอยู่ เราถามถึงขนมเค้ก น้องบอกให้เราขอจาก พนง.ที่บริการโต๊ะเรา แล้วก็ลืมไปเลน  พอเจอกันอีกที น้องจำได้ ถามว่าเราได้กินเค้กรึยัง เราลืมไปแล้ว เขาก็เลยเอามาให้ 3 ชิ้น ค่ะ น่ารักมาก แต่ลืมชื่อค่ะ มีแต่เค้กที่ถ่ายไว้ ถึงความใส่ใจ
มีขนม ไอศกรีม ฟรีด้านหน้า มีทำเล็บฟรีด้วยค่ะ เก้าอี้นวดไฟฟ้าก็มี"
Ci9DQUlRQUNvZENodHljRjlvT204dFlrRkRhRXBsWlRCSE5TMU5ja2wwVGxCeWNIYxAB,SRISUDA THAMBUMRUNG,5,"สุดยอด…น้องจักรกฤษณ์ คือดีมาก
หม้อไฟไหตี่เลา บริการดีมาก
ขอบคุณทุกความเอื้อเฟื้อ:คนป่วยมีความสุข
ใช้ชีวิตปกติ"
ChZDSUhNMG9nS0VJQ0FnSUNON0xxVFB3EAE,Karan Nititham,5,"High Quality Hotpot restaurant, recommended for couples, family, group of friends, very good service that suits the special situation such as Birthday celebration.

By various base soups, fresh ingredients, and preserve foods. They are all good trying. And importantly, even they usually have a long queue. There are services for waiting customers, such as Free Nail Care, Snack, Drink, Ice cream, Auto-Massage chairs. What a service! 🥰"
ChZDSUhNMG9nS0VJQ0FnTURnaEtpTFpBEAE,May Choo,5,"After finishing Seventeen concert, we're heading to Haidilao as its closing time at late night. We have ordered 2 clear soups, malatang and creamy soup. Malatang is refreshing and a bit spicy, while creamy soup is mellow and milky. The meat quality is great and the veggie are also fresh. Appreciated!
Nong' Ki is really kind and help us alot. Thank for your services. Will be definitely visit again!!"
ChdDSUhNMG9nS0VJQ0FnSUN6X282Rzh3RRAB,Nanat Chairoek,5,บริการดี อาหารอร่อย พี่กระแตดูแลดี อาหารรอไม่นาน มีโชว์ให้ดูตลอดสนุกดี มีทำเล็บ ไอติม ขนม ผลไม้ให้ทานตลอด ราคาสูงแต่โดยรวมถือว่าดีมากโดยเฉพาะการบริการ
ChZDSUhNMG9nS0VJQ0FnSUN6dThENlZnEAE,Alisa Soha,5,พนักงานทุกคนบริการดีมาก โดยเฉพาะน้องอ้อนประจำโต๊ะบริการดีมาก มีมารยาทและน่ารัก ตอนท้ายมีทำเมนูของหวานมาให้อีก แถมที่นี่ยังมีทำเล็บฟรีและเก้าอี้นวดให้บริการด้วย
ChZDSUhNMG9nS0VJQ0FnTUNJNG9EbVZBEAE,Kangkang Km,5,ทานซุปหมาล่านมสดเผ็ดน้อย ชาน้อย อร่อยดีค่ะ พนักงานให้บริการใส่ใจ มีให้ถุงขนมด้วยค่ะ 🥰
ChZDSUhNMG9nS0VJQ0FnTURRbGF1cVlBEAE,Nathamon W.,5,"พนักงานสาขานี้น่ารักทุกคนเลยค่า ไปถึงไม่ต้องรอคิวเลย การจัดการดีมากๆ แล้วตอนเข้าไปนั่งก็คือใส่ใจ เอาของมาเสิร์ฟ มาเก็บจานให้อยู่ตลอด

แถมใช้สิทธิ์วันเกิด เต้นแบบจัดเต็มไม่เขินอาย น่ารักมากค้า 🫶🏻"
Ci9DQUlRQUNvZENodHljRjlvT21wUVoxRktjVEYyTkRsMFFrWlhTRGhNVFU0NWFVRRAB,Paninee Punnium,5,กิจกรรมกุ้ง crayfish หลังสี่ทุ่มด้วยย สนุกมาก อร่อย ได้ของแถมกลับบ้านเพียบ
ChdDSUhNMG9nS0VJQ0FnTURnb2FMbHFBRRAB,Siwakorn Job,4,"มีน้ำซุปให้เลือก 4 ช่อง ฟรี 2 ซื้อเพิ่ม 2 ซุปหม่าล่าเข้มข้นรสชาติดีมาก เติมได้ตลอด สเตชั่นปรุงน้ำจิ้มก็ใหญ่มาก ปรุงได้หลากลายรูปแบบ มีสูตรน่ำจิ้มแปะไว้ให้ลองทำตามด้วย วัตถุดิบดีทุกอย่าง ปริมาณเหมาะสม ราคาค่อนข้างสูง ทานสองคนสั่งแบบธรรมดาๆก็ประมาณ 1,500-2,000 บาท พนักงานบริการดีมาก ให้คำแนะนำดี หรือทานไม่หมดก็ห่แกลับให้อีก ร้านใหญ่ที่นั่งเยอะมาก แต่ก็คนเข้าเยอะมาก บางวันบางช่วงเวลาต้องจองคิว วันธรรมดากลางวันถึงจะได้เข้าเลย"
ChZDSUhNMG9nS0VJQ0FnTUNZOHJmcFJnEAE,kamolchanok reansuwong,5,น้องปิงปอง สาขาเซนทรัลพระราม 9 ให้บริการดูแลอย่างดี มีของขวัญให้ในโอกาสพิเศษ ขอบคุณมาก ๆ นะคะ
ChdDSUhNMG9nS0VJQ0FnSUNydnVId253RRAB,TAKSAPORN MUNGPANITCHAROEN,5,สาขาพระราม9 พนักงานบริการดีมาก อาหารอร่อย สด บาร์น้ำจิ้ม ของทานเล่นจัดเต็ม มากี่ีรอบไม่เคยผิดหวัง เปิดดึก หิวตอนไหนก็มาได้
ChdDSUhNMG9nS0VJQ0FnSUNkNDZqQzRnRRAB,Thanon Rujisert,5,มาทานที่สาขานี้หลายครั้งมากๆ พนักงานบริการดีสุดๆ เพราะการบริการของพนักงานจึงทำให้อยากไปทานบ่อยๆ เรื่องของรสชาติอาหาร เต็ม10 ไม่หักเลย รสชาติจริงๆ ทุกอย่างที่สั่งมาคืออร่อยหมดทุกอย่าง ไปหลายครั้ง แต่มีครั้งนึงที่ประทับใจมากๆๆๆๆ เป็นครั้งที่ผ่านมานานแล้ว คือเราพูดถึงวง 2ne1 วงเกาหลีที่เรามีความชื่นชอบเป็นการส่วนตัว พนักงานได้ยินตอนไหนไม่รู้ แต่ซักพัก พนักงานเอาหมั่นโถวทอดมาให้พร้อมรูปวง 2ne1 เจอช็อตนี้เข้าไป จากที่ประทับใจอยู่แล้ว ร้านนี้ได้คะแนนจากใจเราไปอีก 100/10 เลย พนักงานใส่ใจลูกค้าจริงๆ ลูกค้าอย่างเราก็ปลื้มปริ่ม มีความสุขมากๆค่ะ
ChZDSUhNMG9nS0VJQ0FnSUNycmNPQ1R3EAE,PP PURI,5,เราเดินหาร้านอาหารทานกับเพื่อน ไม่รู้จะทานอะไรเดินวนเเถวนั้น มีพี่พนักงานมาเเนะนำโปรโมชั่นเราอย่างดี เลยตัดสินใจทานกับเพื่อน สรุปคือคิดไม่ผิดเลย พี่ ๆ พนักงานสาขานี้ บริการดีมาก เราขอให้พี่พนักงานผญ.ปรุงน้ำจิ้มมาให้ พี่เขาทำอร่อยถูกใจมากค่ะ ซุปหมาล่า เเละอาหารคุณภาพดี วันนี้สั่งเป็น เซตมา 1888 บาท ทานกันสามคนเกือบไม่หมด ของในเซตเยอะมากค่ะ ถ้าหากอยากสั่งหมูหรืออย่างอื่นเพิ่มจากเซต ราคาก็ไม่เเพง พอ ๆ กับร้านอื่นเลยค่ะ นั่งไปสักพักก็มีการเเสดงเปลี่ยนหน้ากากนั่งดูเพลินมาก เราไปทานวันเกิด พี่พนักงานมาแฮปปี้เบิร์ดเดย์เราด้วยค่ะ เรียกว่าประทับใจขั้นสุด น้องพนักงานเสิร์ฟ เเละพี่ที่เข้ามาชวนเล่นกิจกรรม น่ารักมากค่ะ การบริการให้ล้านเปอร์เซ็นต์ เอนเนอจี้พี่ ๆ เขาทำถึงมาก ชอบมากค่ะ
ChdDSUhNMG9nS0VJQ0FnSUN1dUpyYy1BRRAB,Krumickeyeii Mickey,4,อาหารอร่อยบรรยากาศดี บริการดีมาก รอนานไม่ว่าของกินรอเพียบ..... เป็นร้านที่1ในใจ ตอนนี้คือมีทำเล็บและเก้าอี้นวดด้วย ตู้ล้างรูปเก็บประทับใจโอ้โหแบบนี้ไม่มาบ่อยๆๆไม่ได้เเล้วนะ
ChZDSUhNMG9nS0VJQ0FnSUNlMDk3V05REAE,Frankblue,5,"We visited the place around 6 pm on Wednesday evening and had a short queue with only two numbers, but see other days before long queue.
The restaurant and the service are 5 stars from A to Z.  The staff is highly motivated and always available and friendly.  High-end service that you rarely find anywhere else.  The waiting area is supplied with small pieces of fruit, thus sweetening the waiting time.  A nail studio is available for the ladies.  There is also a children's area where they can play to shorten the waiting time.  You are personally taken to the table and there is a waiter who is responsible for two to three tables and is therefore almost always available and, depending on the drink, refills the drink or takes away empty plates etc.  The meat is of good quality the whole place in a very good atmosphere the price is a bit higher than in other places but the service totally justifies that.
Credit cards are accepted.
The service charge is 10%."
ChdDSUhNMG9nS0VJQ0FnSUQ3enR1LXhnRRAB,Niing limploy,5,"อร่อยมากค่าาา ชอบลูกชิ้นกุ้งกับลูกชิ้นปลาหมึก
พนักงานประจำโต๊ะน้องเค ดูแลดีค่า มีกดสั่งผิดไปน้องแก้ไขให้เรียบร้อย"
ChdDSUhNMG9nS0VJQ0FnSURicFpyMTZBRRAB,Pattarathida Jarubunbun,5,อาหารอร่อย สะอาด รอคิวไม่นานเหมือนเมื่อก่อน พนักงานน่ารักทุกคนค่าาา มากินบ่อยมากๆ #พนักงานน้องใบเฟิร์นบริการดีสุดดด ❤️ #ใบเฟิร์น
ChZDSUhNMG9nS0VQRFc5cDNjMXNLSElBEAE,everydayis a gift,5,มากินไฮดิเหลาสาขานี้หลายครั้งประทับใจในการบริการของพนักงานทุกคนเลย น่ารัก ยิ้มแย้ม เวลคัมดีมากๆ
ChZDSUhNMG9nS0VJQ0FnSUNINU1IV2R3EAE,Jirapat Metaprayoon,5,"This is my forth time at this brunch. Every time their service is great!!

This time I visit alone and very appreciated especially their service. For having alone they gonna set a doll to be your friend. And staff really understood when you are alone and not confidence to go to the dessert and sauce making line.

They always approach those service to me. Very professional team here.

Thanks all staffs to take care of me. 😍"
ChZDSUhNMG9nS0VJQ0FnTUN3cmNmVU1REAE,Naanya Chayahirunsuk,5,พนังงานน่ารัก ดูแลดีตลอดเวลา เวลาอาหารมาไม่ครบถามก็ตามให้ รสชาติอาหารก็ดีเลิศตามนี้อยู่แล้ว บรรยากาศวันไหนเป็นยังไงจำไม่ค่อยได้วันนี้เปิดเพลงเหมือนอยู่ club ดีงามอีกแบบ 😆
ChZDSUhNMG9nS0VJQ0FnSUM3NHZ1QUJnEAE,Chali Psr,5,"Nice service ✨
มาทานตอนเดือนเกิด พนักงานมาแฮปด้วยค่า น่าร้ากกก พนักงานชื่อคุณนุ้กดูแลดีมากๆค่ะ ทานไม่หมดห่อกลับได้นะคะ"
Ci9DQUlRQUNvZENodHljRjlvT25kclpYRjRUVlpWYURoNk5teHdaR295Ym1KVmJrRRAB,ลักขณา กนกกุศลพงศ์,5,พนักงานน้องเอิน บริการประทับใจ น้ำจิ้มหลากหลาย สั่งเนื้อวัวออสเตรเลียส่วนไหล่ลายหินอ่อน นุ่มอร่อย
ChdDSUhNMG9nS0VJQ0FnSURKNTRhZmpBRRAB,Chom n.,5,"เป็นหนึ่งร้านที่เลิฟ ถ้าคิดถึงหมาล่า hotpot
เรื่อง service คือ อันดับ 1 รสชาติดี มาตรฐาน
ชอบที่ความใส่ใจ มีทุกอย่างให้ตามที่ขอ มากกว่าขอด้วยซ้ำ หนังยาง ที่ชาร์จมือถือ หมอนอิง
และชอบที่พนง.ทำน้ำจิ้มให้ทานแบบ personalize แต่ละคนมีสูตรน้ำจิ้มไม่เหมือนใคร
และชอบมีของแถมน่ารักไม่เซอร์ไพรส์
ของอร่อย 😋 ไส้เป็ด  / น้ำซุปหมาล่า / ลูกชิ้นกุ้ง / หมั่นโถวทอด"
ChZDSUhNMG9nS0VJQ0FnSUREbWVYS2V3EAE,Kullapus Van Mourik,5,จะบอกว่าตั้งแต่ไปรับประทานหม่าล่ามา ไม่เคยประทับใจร้านไหนเท่าร้านนี้มาก่อน อันดับแรกเลือกน้ำซุปเป็นน้ำซุปหม่าล่า กับน้ำซุปคอลลาเจน สอบถามพนักงานมาว่าน้ำซุปคอลลาเจ้นคือน้ำซุปอะไร  ได้คำตอบว่าเป็นน้ำซุปจากปลา คือน้ำซุปที่นี่รสชาติเด็ด หม่าล่าอร่อยจัดจ้าน คอลลาเจนละมุนกลมกล่อมรสชาติดีมากๆ เนื้อสดอาหารสดอร่อยสะอาด น้ำจิ้มถ้าเราไม่รู้ว่าควรจะทำเป็นน้ำจิ้มชนิดไหน สามารถบอกให้พนักงานช่วยปรุงรสชาติน้ำจิ้มเพิ่มเติมให้ได้ การบริการดีมีการเอนเตอร์เทนลูกค้าสุดสุด โดยรวมเต็ม 10 เอาไปเลย 100 คะแนนถูกใจมากๆค่ะ ใครไม่ได้มาร้านนี้ถือว่าพลาดบอกเลย
ChZDSUhNMG9nS0VJQ0FnSUR1bjZidUJBEAE,Jiradej Bha,5,เพิ่งเคยไปทานครั้งแรกครับ พนักงานทุกคน ย้ำว่าทุกคน บริการดีมากๆ ให้ข้อมูลและแนะนำการทาน การทำน้ำจิ้มแต่ละแบบ อาหารก็สดมากๆครับ แต่ละจานดูเหมือนราคาจะสูง แต่ปริมาณอาหารและรสชาดเป็นเลิศครับ เอาไปเลย 5 ดาว ⭐️⭐️⭐️⭐️⭐️
ChZDSUhNMG9nS0VJQ0FnSUNkNnJfYU9REAE,Warangkana Adisornprasert,4,"Excellent service, staff are very attentive. Great selections of soup, tomato is my favorite. No need to wait for the queue if go for the weekday. What I like most about this hot pot is hair net cover and of course the noodle dancing show.  Special gifts are offered to customers during special occasions as well like Rose for V Day."
Ci9DQUlRQUNvZENodHljRjlvT25wWVNHOHdRbWxIY25OUFpHZFhkRXhtY2xGUE1rRRAB,Sajee Jampated,5,คิวไม่นาน เหมือนแต่ก่อน มีที่นังรอ ทำเล็บเหมือนเดิม
ChZDSUhNMG9nS0VJQ0FnSUNtc3ZTaGZREAE,RD Services,5,"1) Cleanliness, Has Geal alcohol,
2) Service is very good quality, staff really  friendly, Great welcoming, attended your special request if you had any.
3) Food is really good quality and presentation, Was is good, outstanding.
4) Atmosphere like a club have a show and music to entertain you, Good for a family restaurant, good for a date, But not for business. Toilet is similar.
5) Price is expensive, But foods is premium,
I Would you recommend if you looking for premium Chinese foods.🥗🥳"
ChdDSUhNMG9nS0VJQ0FnSURoeDRyT2tRRRAB,Pkn M. BelL,4,"เรื่องการบริการต้องยอมเค้าเลย บริการดีมาก มีการแสดงงิ้วเปลี่ยนหน้าให้ชมด้วย
อ่อๆ หากใครสั่งเส้นสด ก็จะมีพนักงานมาทำเส้นสดให้ดูที่โต๊ะเลยนะ
เมนูอาหารมีให้เลือกหลายอย่าง แต่ละอย่างราคาก็พอได้ สมกับคุณภาพอาหารและบริการ"
ChdDSUhNMG9nS0VJQ0FnSURlbDZXYWhBRRAB,moo view,5,"ที่บ้านชอบมากค่ะ บริการหมอนสำหรับผู้สูงอายุ ปลอกแขนกันเลอะ อาหารชอบทุกอย่างอร่อยคะ แต่อยากให้คนน้อยๆจังจะกินทีรอคิวเป็นชม.เลยเค้าหิวมากกกค่ะ🤣🤣🤣🤣🤣
ปล.มีเซอร์ไพวันเกิดด้วยนะพอดีเป็นเดือนเกิดพอดี เอาขนมมาให้เป่าเทียนแถมน้องเพลงด้วยปลื้มค่ะ"
Ci9DQUlRQUNvZENodHljRjlvT25aS1NreHRhVmhmYTFwNVRYa3RWVTVFUjJWRFRHYxAB,Phoom Bupphachart,5,มาทานตอนดึกบรรยากาศดีมากครับ พี่ๆบริการดีมาก
ChZDSUhNMG9nS0VJQ0FnSUR1dElxTVhREAE,เหยี่ยว เดือนเก้า,5,"เห็นชื่อเสียงเรียงนามมานาน วันนี้ว่างจัดมีโอกาสมาลองซะหน่อย ระหว่างรอมีกิจกรรมให้ทำเยอะ แต่ไม่ได้ใช้บริการ
วันนี้มากินดึกหน่อยตอน 22:00 น มีโปรโมชั่นแถมหมูใหญ่ 1 จาน ฟรีบาร์น้ำจิ้ม เมนูที่สั่งถามน้องเขาว่าถ้ามากินต้องสั่งอะไรบ้าง มีลูกชิ้นกุ้ง ไส้เป็ด และเส้นนุ่มกังฟู วันนี้อีกเป็นการมากินครั้งแรกซึ่งบอกเลยว่าต้องมีครั้งต่อไป
บริการของน้องๆที่นี่โคตรประทับใจ มีดาวเยอะกว่านี้ก็จะให้ อาหารก็ถือว่ารสชาติดี สะอาด คิดว่าซุปหมาล่าที่นี่น่าจะเป็นของแท้ กินแล้วรู้เรื่องเลย
เอาไว้โอกาสหน้าจะมากินเมนูเพิ่มเติมแต่จากที่เฝ้าสังเกตคนในร้านแล้วแทบจะเป็นลูกค้าประจำกันทั้งหมด กินกันเต็มที่มาก ได้บรรยากาศประสบการณ์ที่ดีมากๆ แนะนำได้มาเลย"
ChZDSUhNMG9nS0VJQ0FnSUNMa3F2N0t3EAE,Praew Sripanslipa,4,"Best hot pot service! ⭐️
The staffs are very nice and well trained!

Highly recommend tomato soup.

Today, we received a lot of fun at this place lol
First, they had panda costume walking around (so cute) and they gave free drinks for writing a review lol
They also gave free snacks in the end.

Very fun and good experience overall.
A bit pricey, but recommend for the experience.
I would bring my friends here again haha"
ChZDSUhNMG9nS0VJQ0FnSUR4ekx6blhnEAE,Kosit Boonroungkaw,4,ถือว่าเป็นร้านชาบูหม้อไฟระดับพรีเมียม ที่เราเลือกสั่งรายการที่เราชอบเอาเอง น้ำซุปสามารถเลือกได้ 4 แบบ หรือถ้าผสมน้ำซุปเป็นก็สั่งแบบน้ำเปล่าแล้วมาเติมเครื่องปรุงของที่ร้านเอาเอง แต่ถ้าปรุงไม่เป็นหรือชอบน้ำซุปของทางร้านก็จ่ายสตางค์  รสชาติเหมือนเราไปนั่งทานชาบูที่ประเทศจีน แต่ดีกว่าที่มีน้ำจิ้มที่คนไทยชอบเช่นน้ำจิ้มแจ่ว ซีฟู้ด น้ำซุปก็มีแบบต้มยำด้วย สั่งกุ้งมา พนักงานก็บริการลวกแกะเปลือกให้เราด้วย ทานกันปกติจะเฉลี่ยประมาณ 8-900 บาท/คน แต่ก็ถือว่าดีมาก ชอบน้ำซุปหมาล่า ของเขาครับ
ChZDSUhNMG9nS0VJQ0FnSUNIeC1QZ01BEAE,Joe 5rit,5,พนักงานให้บริการดีมาก ดูแลเป็นอย่างดี อาหารอร่อยคุ้มมากๆครับ
ChdDSUhNMG9nS0VJQ0FnSUR4MG8ycmlBRRAB,Rabby Kratai,5,บริการดีเลิศ อยากให้มากกว่า 5 ดาวไปอีก พนักงานใส่ใจลูกค้าทุกโต๊ะ มีทำน้ำจิ้มมาให้ด้วย น้ำลำใยที่อยู่ด้านหน้าระหว่างรอคิว คืออร่อย ส่วนน้ำซุปเราชอบสามสหาย และมะเขือเทศ อร่อยดี เส้นมันก็อร่อย เหนียวๆดี ลูกชิ้นดีหมด หมูคุโรบุตะก็ดี โดยรวมชอบๆ
Ci9DQUlRQUNvZENodHljRjlvT21oS1ZGTlBNbkl4T0RKTVptVXdURFZvWlVReGNsRRAB,Byulman Park,5,Really noisy but nice restaurant. The food was good and the staff really kind.
ChdDSUhNMG9nS0VJQ0FnSUR6czk2Y29RRRAB,TANASIRI CHANSAMART,5,อาหารอร่อย บรรยากาศชิลๆ มาที่ไรก็บริดารดีตลอด วันนี้ได้ได้ขนมฟรีจากน้องปอนด์ด้วย พนักงานน่ารักมาก บริการทุกระดับประทับใจจริงๆค่ะ
ChZDSUhNMG9nS0VJQ0FnSUNiMGRpRkhBEAE,V V. (Moddy),4,น้องอ้อนบริการดีมาก วันนี้มีมะม่วงเปรี้ยวน้องอ้อนก็ไปทำพริก(หมาล่า)กะเกลือมาให้ด้วย นัวมาก
ChdDSUhNMG9nS0VJQ0FnSUNIdVpXb3RRRRAB,Nalattp S.,5,"อาหารอร่อยมากกกกก บริการดี ใส่ใจทุกรายละเอียด ขึ้นชื่อมากในการบริการ ไม่ผิดหวังเลยย พนักงานที่ดูแล (น้องบีช) คือดูแลดี แบบทั้งใส่ใจ ชวนคุยน่ารักมากๆ แนะนำดีทุกอย่าง อยากได้อะไรคือบอกคุยกับน้อง น้องบริการแบบด้วยท่าทางที่น่ารักกก อยากให้น้องเขาถูกชื่นชมเยอะๆ ทั้งเก่ง ทั้งใจดี | พนักงานในสาขาก็บริการดีมากๆ ชอบมากทุกอย่าง สาขานี้ 3,000 คะแนน 🩷🩷🩷🩷🩷🩷🩷 ไว้มีโอกาสจะมาอีกนะคะ 🍰"
ChdDSUhNMG9nS0VJQ0FnTUN3OHRieGlBRRAB,Ko Ko (Gwrarrrr),1,"Great hotpot, I’ve dined here countless times in the past 3 years. But their tricky promotions never fail to amaze me. They always have a lot of promotions and deals, but there’s always a catch. The staff usually provide pretty good service but they never tell you the full details of the promotions. I’m writing about my bad experience right now, knowing full well that I’ll be eating at this shop again at least once a month. 😭😭

Firstly, you can choose only 1 type out of all the many available promotions, including using the voucher coupons that you might’ve acquired from wherever, which isn’t really an issue. So the last tricky promotion I experienced was, I contacted them on Line and asked for what promotions they currently have, they informed me about what they have and 1 promotion caught my eye which was the 31% off for students. I asked again if I can just show my student card and get 31% off, all they answered was “Yes”. When we arrived and asked about promos again, the staff at the shop also told us several of what they currently have and about the 31% off thing again so we chose the 31% off one. After we finished eating and asked to pay the bill, we noticed we were getting the discount of less than 20% off. Turns out NOBODY MENTIONED the promotion discount does not include fried things, drinks, sauces, appetisers and such. It discounts only the hotpot soup itself and the normal hotpot ingredients and raw vegetables. They clearly advertise it as simply “31% Off for students”, this is all they say when you ask them before you eat or when you inquire before you go. You’ll only find out once you pay the bill. There have been several instances like this in the past with other types of promotions, yet I still haven’t stop going there every once in a while so it’s safe to say I’ll probably be back there again. It’s a good place for hot pot if you don’t really mind about getting your money’s worth from promotions like me."
ChdDSUhNMG9nS0VJQ0FnSUN6NzZYbXJ3RRAB,Pupae Zuza,5,ครั้งแรกกับ Haidilao สาขาเซ็นทรัลพระรามเก้า ประทับใจพนักงานมากค่ะ ดูแลดีตั้งแต่เรื่องลูกเรา ซึ่งยังเป็นทารกอยู่ ดูแลอาหม้าหาหมอนพิงหลังมาให้ พนักงานชื่อน้องปอน ดูแลดี เอนเตอร์เทรนลูกค้าได้เป็นอย่างดีค่ะ อ่อสาขานี้มีเต้นด้วยนะคะ ไม่ได้เต้นแบบเยาะแยะนะคะ คือสะบัดมันส์เลยค่ะ ไว้ครั้งนี้จะมาใช้บริการสาขานี้อีกค่ะ
ChZDSUhNMG9nS0VJQ0FnSURYNnNmaEhBEAE,S.K.W. Ak,5,ชาบูหม่าล่าที่รสชาดอร่อยจนอยากไปอีกเรื่อยๆ มีบริการฟรีหน้าร้าน ขนม ไอติม น้ำหวาน ทำเล็บ
Ci9DQUlRQUNvZENodHljRjlvT2tscVdIUkhaRWQxTTNaUGJrdDBXV2hIZDNaeU5sRRAB,Hein Win,5,"Beer did such a beautiful job on my nails! She’s very gentle, patient, and talented. The design turned out exactly how I wanted. Highly recommend her service 💖"
ChZDSUhNMG9nS0VJQ0FnSUN0enRMRkJREAE,S5 R,5,"Everytime I travel, I like to try Hadilao.

Surprisingly, they maintain the food quality and their excellent service.

This time in Bangkok, I tried the Central Rama9 branch and K.Faiy (the staff) is taking care of our table. She is very nice and answering all of our questions.

For table of two, I ordered more on vegetable, noodles, one meat and a prawns leaf. This is more  than enough for two people.

Overall, I spent 8xx. My sister has her nails painted for free too."
ChZDSUhNMG9nS0VJQ0FnSUNaMmYtRlBREAE,Caleb W,4,Overall great haidilao. Good food and good service. Although I highly recommend don’t ordering the egg fried rice. I’ve probably been to haidilao 50+ times. It’s so great. Although I have never ordered the egg fried rice before. It is really terrible.  It’s much under my expectations. It’s very not good.
ChdDSUhNMG9nS0VJQ0FnSUR1NnNXXzR3RRAB,Preeyakorn Palm,5,"Definitely 5 stars for the staff. They must have been well trained. Besides it's extremely long wait, the Hotpot is quite outstanding. Normally I'm not a fan of Hotpot though. My most favorite soup is, I believe, the white chicken soup. Just prepare to wait for hours if you expect to eat during peak time."
ChdDSUhNMG9nS0VJQ0FnSURXeUpqeXpBRRAB,Bamroung Tangsanga,4,"Hot pot  ชื่อดังจากจีน มาแบบจัดหนักร้านใหม่ใหญ่โต ลูกค้ารอคิวยาวน่าจะได้เรื่องบริการและความแปลกใหม่ แต่รสชาติคนไทยคงต้องปรับลิ้นกันหน่อยแต่คุผณภาพของอาหารดีครับแต่ราคาจัดว่าสูง หม้อใหญ่กว่าร้านอื่นเลือกซุปได้1หรือ2หรือ4
เข้าไปใช้บริการจะมีพนักงานแนะนำและช่วยเหลือขนาดแกะกุ้งให้ด้วยถือว่าร้านฝึกมาดีครับ
เสาร์อาทิตย์คนแน่นต้องรอคิว แต่มีบริการที่นั่งให้มีพนักงานดูแลค่อนข้างน่ารักครับ ร้านนี้เปิดถึงตีสามให้มาจอดรถที่ชั้น5หลังห้างปิดจะมีทางออกที่จอดรถชั้น G และชั้น 5 แต่ถ้ามารถโดยสารและรถไฟฟ้าออกชั้น1
เมนูใช้เครื่องสั่งแบบไอแพด มีหุ่นคอยบริการส่งอาหารเสียอย่างเดียวเสียงหุ่นยนต์พูดเป็นภาษาจีนเลยฟังไม่รู้เรื่อง ให้คะแนนบริการ บรรยากาศ ความสะอาด และรสชาติตามลำดับที่กล่าวมา"
ChdDSUhNMG9nS0VJQ0FnSUR6Nl96bjFnRRAB,ธรรมนูญ แซ่เตียว,5,วันนี้กลับมาทานไหตี่เหลา อีกครั้ง รู้สึกอบอุ่น สนุกมากๆ อาหารอร่อย น้ำซุปดีมาก โดยเฉพาะหม่าล่ากะทิ นัวมากๆครับ ส่วนการบริการ ยกให้พี่เปียโน เลยครับ สนุก เฮฮา แถมมีน้ำแอปเปิ้ล ที่เรียกเสียงหัวเราะมาอีกก วันนี้ใจฟูมาก *แอบกระซิปว่า โค้ดแลกของยังใช้ได้นะครับ* พี่พนักงานก็เอนเตอเทนสุดๆ 💗
ChdDSUhNMG9nS0VJQ0FnSUQ3XzRiVjh3RRAB,เสาวลักษณ์ เทียนทองคำ,5,"อาหาร: อร่อย วัตถุดิบมีแต่คุณภาพดีๆ หมูนุ่ม ผักสด ลูกชิ้นเด้ง เส้นหนึบ สมมงความเป็นไหตี่เลา
การบริการ: มีพนักงานประจำโต๊ะคอยดูแล พนง.ที่มาดูแลเราวันนี้ชื่อน้องเฟิร์น บริการดีไม่มีตกหล่น เริ่ดมาก
บรรยากาศ: ก็ได้บรรยากาศร้านสุกี้อะนะ อันนี้ก้อไม่ค่อยแตกต่างหรือเด่นเท่าไหร่ แต่ก้อให้สี่ดาวได้อยู่"
Ci9DQUlRQUNvZENodHljRjlvT201WE1DMUpWMnhaV0ZoamEyOUVVVGxtYlMxU2VFRRAB,NI NO,5,"Great hot pot with fresh ingredients and amazing service. Staff are super attentive, and the tomato and mala broth are must-tries!"
Ci9DQUlRQUNvZENodHljRjlvT2xKT1VqTkVUVTF5UW5GSlowMUlabEF6VUVkNU5IYxAB,Akapatr Chiraarreebutr,5,"เป็นร้านปิ้งย่าง ที่มีคุณภาพระดับพรีเมี่ยม สไตล์ญี่ปุ่น มีเนื้อสัตว์ให้เลือกทานเยอะมาก เช่น เนื้อวัว หมู แบบพรีเมี่ยมเลย เนื้อในถาดแต่ละถาด แร่ชิ้นกำลังดี หรือจะเป็นอาหารทะเล เช่น กุ้งแม่น้ำ หอย ตัวใหญ่ เหมือนคัดไซร์ มาให้เลย วัตถุดิบสด ใหม่ทุกวัน ที่ร้านมีเวลาให้ทานกัน 2 ชั่วโมง แต่รับรองว่าอิ่มจุใจ ก่อนกลับตบท้ายด้วยขนมหวานที่มีให้เลือกหลายอย่าง บอกได้เลยว่าคุ้มกับราคาที่จ่ายแน่นอน                                                                                       ราคา : 5/5
คุณภาพ : 5/5
ความอร่อย : 5/5
ความสะอาด : 5/5
ความเร็ว : 5/5
บริการ : 5/5
สถานที่ : 5/5
ความคุ้มค่า : 5/5"
ChZDSUhNMG9nS0VJQ0FnTUNvMExDYlVBEAE,Natchanan Muangthanasunthon,4,"คุณภาพเหมือนจะไม่สู้ที่สาขาเอกมัยเลย
เมนูอาหารเหมือนจะน้อยลง พวกเครื่องดื่ม ชาเย็นก็หายไป วันนี้ไปใช้โปรเดือนเกิด ลด 50% ทานแบบ 599฿ ยังไม่รวม vat"
Ci9DQUlRQUNvZENodHljRjlvT2xwd1dVNXhSM2h6YjFsUFJFcGZjekJTVkV3NGIxRRAB,OK KN,2,วันนี้ของแย่มากกกก ครั้งที่แล้วมาทานยังไม่ถึงเดือน ของดีมาก เลยกะมาซ้ำ วันนี้แซลมอนดองคือแย่ ส่วนที่เอามาดองไม่เหมือนครั้งที่แล้วเลยเป็นแซลมอนแบบสีซีดๆ ราคารวมแวท 850 เลยนะ ทำไมได้ของแบบนี้อ่ะ    กุ้งก็ตัวเล็กลงกว่าครั้งที่แล้ว คุณภาพของดูดร็อปลงไปหมด
ChZDSUhNMG9nS0VJQ0FnTUNnc29heUVBEAE,Warin Intakod,3,"อร่อยเหมือนเดิม แต่ทางร้านมีการปรับเปลี่ยนเมนู เราไปวันที่15 ก.พ ซึ่งเราไม่ได้เชคเมนูอาหาร เพราะเราพึ่งไปเมื่อกลางเดือนและปลายเดือน ม.ค กับเพื่อนตอนนั้นทุกอย่างยังเหมือนเดิม ตอนนั้นเรากับแฟนและเพื่อนเอ็นจอยมากๆ
*พนักงานไม่ได้มีการแนะนำว่ามีการเปลี่ยนไลน์เมนูใดๆมีแค่วางใบเมนูให้เลือกราคา
เรากินบ่อยเลยเลือกกินราคาเดิม599 ไม่ได้คิดว่ามีการเปลี่ยนแปลงใดๆด้วยความไว้ใจทางร้านและพึ่งมาได้ไม่นาน เราไปคิงคองเดือนนึง 1-2ครั้ง เพราะร้านเป็นช้อยแรกที่เราเลือกมาตลอด เราไปเชคหน้าเพจก็ไม่เห็นมีแจ้งอะไร
เรารู้สึกเสียใจในหลายๆอย่าง ตอนแรกที่สั่งอาหารอุ้ยดีใจมีเมนูเพิ่มขึ้นมา แต่สักพักเอ๊ะเมนูบางอย่างหายไป
ชอคแรก เนื้อแกะ โอเคพอเข้าใจได้มันอาจจะราคาแพง
ชอค2 กุ้งผ่าหลังก็ไม่มี >>เอาไปไว้ที่เมนู799 และชอค3 ทามาโกะหมด
ส่วนตัวเรารู้สึกว่า เมนูที่เพิ่มขึ้นมามันคือการเอาหมูและเนื้อมาราดซอสเพิ่มเฉยๆไม่ได้แตกต่างจากปกติเลย แถมหลังๆเสิร์ฟมาไม่มีต้นหอมอีกราดซอสมาเฉยๆ และก็เพิ่มข้าวโพดเนย กับไอติมตกแต่งใส่วิปมา เรางงมาก มันต่างจากเดิมตรงไหนเมนูที่เพิ่มมาและเมนูที่หายไปมันคุ้มค่ายังไงกับ 599? มันเหมือนลดคุณภาพลงมากกว่า เราควรได้ซีฟู้ดที่สะดวกสบายกว่านี้รึเปล่า แม้แต่น้ำก็เหลือแค่น้ำอัดลม แล้วย้ายน้ำหวานอื่นๆไป799 เช่นกัน เราเลยรู้สึกว่าย้ายขนาดนี้ขาย799ราคาเดียวเลยดีกว่าไหม?
รวมความเฟลไว้ในนี้วันเดียวเลย เมนูอาหารเปลี่ยน ผักไม่สด ทามาโกะหมด ของออกช้า แต่เราพยายามแฮปปี้มากๆเพราะตั้งใจมาใช้เวลากับแฟน
**เรามีเจตนาแค่ให้ร้านทบทวนเมนูอาหารหน่อยว่ามันโอเคจริงๆหรอ จริงๆ599เรากินได้ดีกว่านี้นะ แต่เราเลือกที่จะมาที่นี้อ่ะ
***เพราะเรารู้สึกว่า2ชม.กำลังดี มีกุ้งผ่าหลังกินง่ายมือไม่เปื้อน มีเนื้อแกะที่แฟนและแฟนเพื่อนชอบ และเราชอบปลาหมึกชุบแป้งทอดมากทั้งๆที่เราเป็นคนไม่กินปลาหมึก บรรยากาศร้านก็ไม่วุ่นวาย แม้พนักงานจะไม่ยิ้มแย้มไม่ค่อยแนะนำอะไรเลยก็ตาม"
ChZDSUhNMG9nS0VJQ0FnSUQ5NE1tZkh3EAE,Mii Blue,5,"บุฟเฟต์คนละ 555฿ รวมเครื่องดื่มรีฟิล ทานได้ 2ชม.(ชำระด้วยบัตรเครดิต ชาร์จ 3%)
เราชอบเนื้อบ่าหมู (คล้ายคอหมูย่าง อร่อยทานเพลิน) ลิ้นวัว ตับ กุ้งหม้าล่าเสียบไม้อร่อยสุด ของสด สะอาด ดีมากๆ ต้องสั่งๆ
ซุปเนื้อคิงคองก็อร่อย เสริฟมาร้อนๆ ข้นๆ มันๆคล้ายๆซุปครีมเห็ด
สำหรับเราค่อนข้างชอบเมนูของทานเล่นอร่อยทุกอย่าง ไก่ทอด ทอดใหม่ๆ  กรอบอร่อยจริงๆ เรารู้สึกคุ้มค่ากับราคา และคุณภาพอาหาร การบริการดีมาก น้องๆพนักงานค่อยเอาใจใส่ดี ทั้งเติมเครื่องดื่ม เปลี่ยนกะทะ เก็บจานเปล่าให้ (ภายในร้านอาจร้อนนิดหน่อยแนะนำเตรียมผ้าเย็นหรือพัดลมส่วนตัวมาด้วย)"
ChZDSUhNMG9nS0VJQ0FnSURQanJydFVBEAE,Jeffey,4,ร้านอยู่ตรงโลตัสทาวน์อินทาวน์ จะอยู่ตรงบริเวณชั้น 2 ขนาดร้านไม่ใหญ่มาก มีที่นั่งประมาณ 10 โต๊ะ บุฟเฟ่ต์ราคา 599 บาท Net แล้วทานได้ 2 ชั่วโมง สายเนื้อและสายซีฟู้ดน่าจะชอบ วัตถุดิบจัดเต็มทั้งเนื้อพรีเมี่ยม กุ้งแม่น้ำมีทั้งแบบผ่าหลังและไม่ผ่าหลัง จิ้มกับน้ำจิ้มทั้ง 2 แบบของร้าน มีทั้งแบบยากินิกุ และแบบซีฟู้ด มีเมนูพวกหม่าล่าเสียบไม้ด้วย ของทานเล่นของหวานมีให้ทานน้อยไปหน่อย จอดรถที่นี่มีค่าจอดรถไม่มีแสตมป์บัตร
ChdDSUhNMG9nS0VJQ0FnSUNKamJ6Ql9RRRAB,FYi Channel,3,"ราคา : 555 Net
ประเภท : Buffet
อาหาร : มีทุกอย่างที่ร้านสายปิ้งย่างควรจะมี
เนื้อหมูบ่าอร่อยไม่แพ้เนื้อ เนื้อคุณภาพดี แต่ไม่มีอะไรพิเศษมาก
ปลาหมึกดี กุ้งค่อนข้างไม่สด เนื้อหลุดรุ่ย อาจจเพราะใกล้จะหมดแล้วเลยได้ตัวล่างๆมา เข้าใจได้
น้ำจิ้มซีฟู้ดมีให้และดีกว่าร้านราคาประมาณนีที่เคยกินมา
***แนะนำ***
ซุปดีที่สุดในร้านประเภทนี้ ซุปคิงคอง(เนื้อ) ซุปกิมจิ
การสั่งใช้สั่งจากสมารทโฟนหรือแทปเลตได้เลย สะดวกดี
อาหารเสริฟไม่ช้า แต่พนักงานไม่ค่อยได้มาสนใจเท่าไหร่ ตั้งน้ำหมดแก้วไว้ไม่ถามสักคำ แต่ไม่เป็นไร กดสั่งในแอพ เอาแก้วใหม่มาให้เลยก็โอเค
ของหวานดีเหมือนเดิมสไตล์คิงคอง (มีให้เลือก 3 อย่าง)

บรรยากาศ เหมือนร้านทั่วๆไป แต่กลิ่นและควันฟุ้งเต็มร้าน สำหรับคนไปกิน ไม่ต้องใส่ที่ครอบผมนะยังไงกลิ่นก็โชยติดตัวแน่นอน

วันนี้ที่ไปพบว่า เนื้อหมดร้าน มีลูกค้าโต๊ะอื่นบ่น ทางร้านก็จัดการโดยให้น้องพนักงานไปเบิกของจากสาขาอมอรินีมา (บังเอิญ กินเสร็จแล้วจ่ายเงินแล้วยืนอยู่หน้าร้าน เห็นเค้าจัดการปัญหากันพอดี)
การแก้ไขถือว่าโอเค แต่คนที่นั่งกินน่าจะรอเนื้อกันอีกนาน เพราะอีกสาขาก็ไม่ได้ใกล้ ทางร้านควรบริหาร supply ให้ดีกว่านี้"
ChdDSUhNMG9nS0VJQ0FnTURnbGNEQjdRRRAB,POR Baba bananna,3,"มากินเป็นรอบที่สอง เพราะชอบตรงมีอาหารหลากหลาย แต่รอบนี้ผิดหวัง กุ้งสุดๆ กุ้งไม่สดดด  เนื้อรุ่ยแบบ เป็นทรายเลย  คงไม่กินอีกแล้ว
ในส่วนน้ำจิ้ม ไม่มีซีฟู้ดก็แอบติดใจนิดๆ  ถ้าร้านมีน้ำจิ้มหลากหลาย  คงโด่งดังกว่านี้แน่
---
ที่จอดรถ 3 ชม  10 บาท จอดในโลตัส"
ChdDSUhNMG9nS0VMWDI4cjZibVoyMGhnRRAB,Teesit Pattaradilok,1,ไม่ได้มากินที่นี่นาน เคยรู้สึกประทับใจ 599 มีกุ้งผ่าหลัง ตอนนี้เมนูน้อยลง แต่ที่แย่กว่า คือ อาหารรอนานมาก รายการที่สั่งได้ไม่ครบเป็นสิบจาน ขนาดอาหารสำหรับย่างยังช้า คือ ถ้าอาหารสดจะช้าแบบนี้ ทำบาร์ให้ ลค. ตักเองเลยดีกว่ามั้ยครับ โดยส่วนตัวเป็นคนชอบสันคอหมูของที่นี่มาก จำได้ว่าเคยมีราดซอสหลายแบบตอนนี้ก็หายไป แต่ที่แย่ๆสุดก็จานในรูปครับ อันนี้ไม่น่าเรียกสันคอนะครับ ดูในเมนูก็ไม่เห็นมีสันนอก ลองสั่งมาให้แน่ใจก็เหมือนกันทุกจานครับ บอกตามตรงว่ารอบนี้ผิดหวังสุดตั้งแต่ทานคิงคองมาเลยครับ สาขาที่ประทับใจมากๆ คือที่ ปตท. สายไหมครับ ซึ่งตอนนี้ก็ไปแล้ว อยากให้ร้านมีการปรับปรุงให้ดีขึ้นนะครับ เผื่ออาจจะอยากกลับไปทานอีกสักครั้ง🙏
ChZDSUhNMG9nS0VJQ0FnSUNIZzhteEx3EAE,ปภาวรินทร์ เกตุแก้ว,5,Kingkong สาขาทาวน์อินทาวน์ มาสาขานี้เป็นประจำ พนักงานบริการดี ยิ้มแย้ม วันนี้เรามากินเทียร์ 777 ด้วยความเป็นสายเนื้อ และชอบเนื้อลายที่นี่มาก วัตถุดิบอย่างอื่น ก็ถือว่าใช้ได้เลย โดยเฉพาะกุ้งแม่น้ำ มาแบบจุกๆ ไม่มีหวงของ แซลมอนคือเนื้อแน่นดีมาก รายการของทอด อิกะคาราเกะ เราชอบมาก ข้าวโพดเนยกระเทียมคือthe best อ่ะ ส่วนขนมหวาน จึ้งถูกใจทุกเมนูเลย ต้องกลับมาทานอีกแน่นอนค่ะ
ChdDSUhNMG9nS0VJQ0FnTUNRekpPcW13RRAB,Nitcha Maneechai,5,ตัวน้ำจิ้มรสชาติดี อาหารสดใหม่ เสิร์ฟอาหารเร็ว ชาชอบมาก เหมาะสำหรับคนไม่ทานชาหวาน คุ้มค่า คุ้มราคาอยู่ค่ะ ข้าวกระเทียมอร่อย ควรค่าแก่การสั่งมาทาน ผักสดกรอบไม่ขม
ChdDSUhNMG9nS0VJQ0FnSUNkaThxOXFnRRAB,Nok Panquin3659,5,เนื้อดี หมูดี กุังดี น้ำจิ้มอร่อย แต่น้ำจื้มฟู้ดไม่แซ่บเท่าไหร่ โดยรวมชอบมากๆๆๆค่ะ ทางร้านพนง. บริการดีมาก
ChZDSUhNMG9nS0VJQ0FnSUNUXzVTMldnEAE,Jingle Belle,5,บุฟเฟ่ต์ 555 ได้กินกุ้งแม่น้ำไม่อั้นคุ้มสุดๆ เมนูเยอะทั้งเนื้อ หมู ซีฟู้ด แซลมอน และมีเมนูอลาคาส สั่งเพิ่มได้ มีเนื้อพรีเมียม กุ้งดอง แซลมอนดอง มีขนมหวาน ไอติม น้ำแข็งใส เยลลี่ ชอบมาก อร่อยมากๆ
ChdDSUhNMG9nS0VJQ0FnSUMzcUlxYnZnRRAB,a.aloniix saniiz,4,อร่อยในแบบฉบับของคิงคอง ชอบกุ้งมาก สด อร่อย ผ่าหลังมาให้กินสบาย ของมาช้า เตาเติมถ่ายได้ แซลมอนดอง กุ้งดอง สั่งไป 40 นาทีกว่าจะได้ชุดแรก
ChdDSUhNMG9nS0VJQ0FnSUM5Mk9mazJ3RRAB,Proud Wow,4,อร่อยค่ะ อยากให้ดูแลเรื่องความสะอาด วันนี้ไปทานเจอแมลงบิน(ปีเตอร์)โต๊ะเราเลยกำลังทานของหวานพอดี กินต่อไม่ลง แต่ชื่นชมพนักงานรีบมาจัดการให้
ChdDSUhNMG9nS0VJQ0FnSUNicWVMVWxnRRAB,Cher Cherry,5,"ราคาnet.555 อาหารหลากหลายพอสมควร ไม่มีชาร์จเพิ่มทั้งบริการและvat. พนักงานบริการดีมากๆทุกคน
อาหารส่งเร็ว ค่อยๆกินไม่ต้องสั่งมาเผื่อ(เผื่อจะกินไม่หมด มีค่าปรับนะ😅) กินไม่อิ่มสั่งเพิ่ม รอไม่นาน สั่งอาหารผ่าน QR Code. สะดวกมาก
สาขานี้ ไปทุกครั้งokทุกครั้ง👍
ที่จอดรถเยอะ แต่เสียตังค์ เก็บใบเสร็จมาด้วย จ่ายเพิ่ม 10 บาท"
ChdDSUhNMG9nS0VJQ0FnSURfaFpxb3l3RRAB,Chadaporn C.,5,"ปิ้งย่างสไตล์ญี่ปุ่น รสชาติดี น้องๆพนักงานบริการดีมากค่ะ จอดรถที่ Lotus เสียค่าจอด 10 บาท ร้านไม่ใหญ่มาก โต๊ะไม่เยอะ บรรยากาศภายในร้านถ้าโล่งและระบายอากาศได้ดีกว่านี้จะดีมากเลยค่ะ

เมนูแนะนำ : เนื้อติดมัน, สันคอหมู, ปลาหมึก"
ChZDSUhNMG9nS0VJQ0FnSURfM2ZmR0l3EAE,Coco Onthemoon,5,"อยากเพิ่มมากกว่านี้บังเอินหิวจนกินหมดเกลี้ยง ชอบที่สุดคือลิ้นค่ะคนเดียว 5 จาน
กุ้งแม่น้ำผ่าหลัง อย่างดี น้ำรีฟิวในราคา 599 ที่จอดรถมี
จ่ายผ่านแกร้ปลดไปอีกค่า"
ChdDSUhNMG9nS0VJQ0FnSUNBZ0l1OTJ3RRAB,kanpichcha,4,สาขาอาหารอร่อย เราเป็นลูกค้าประจำเลยค่ะ บริการดี มีพนักงานมาเสิร์ฟถึงโต๊ะมีเมนูหลากหลาย  น้ำเติมฟรีตลอดการกิน ของหวาน ของคาว ของสุก และดิบ  แต่บางวันเข้าไปมีกลิ่นแมลงสาบแรงมาก ก็แอบงงเหมือนกันเพราะทุกทีไปไม่เคยมีกลิ่นแต่วันนั้นนัดเพื่อนไว้ เพื่อนบอกให้เปลี่ยนร้านไหม ที่นี่มีกลิ่นแมลงสาบ พอไปถึงกลิ่นเรงจนต้องถามพนักงานเลย  กลิ่นแบบเหมือนคนตีแมลงสาบแล้วแอร์ดูดเข้าร้ แล้วปล่อยออกมาประมาณนั้นอ่ะค่ะ
ChdDSUhNMG9nS0VJQ0FnSUNuOS1xQnlBRRAB,Pattara P.,5,599net เนื้อสัตว์อาจไม่หลากหลายมาก แต่ส่วนตัวกินไม่เยอะอยู่แล้ว แต่มีเนื้อวัวหลายส่วน หมู กุ้ง หมึก ปลาแซลม่อน ส่วนของทานเล่นเยอะแยะ น้ำดื่มขนมหลายเมนู ออกไว เนื้อดี ถือว่าคุ้มค่าในราคานี้ค่ะ
ChZDSUhNMG9nS0VMZWp0SzJFcHFIM2FREAE,Panote (Nute) Taburan,2,กุ้งเลวร้ายมาก เปื่อยยุ่ยทุกตัว ตัวเล็ก วันที่ไปแอร์เสีย เอาพัดลมมาช่วย แย่จริง
ChZDSUhNMG9nS0VJQ0FnSUNmdnZUOFJnEAE,Willie Bz,5,"ร้านในโซนโลตัส มีที่จอด
เห็นเปิดมานาน คนก็ยังแน่นเหมือนเดิม
599 ถือว่าโอเค กุ้งเน้นๆ
ขอน้ำจิ้มซีฟูดได้"
ChZDSUhNMG9nS0VJQ0FnSURudy1tQlBREAE,yammy takiko,4,"บรรยากาศดี  อาหารอร่อย สะอาด กุ้งสด เนื้อดี
*กระเทียมย่างอร่อยมาก ทานง่าย
พนง.บริการดี
*ชามะนาวจืดไปนิด"
ChdDSUhNMG9nS0VJQ0FnSURRZ3RXUG9nRRAB,Shoshin Sora,4,อาหารมีให้เลือกเยอะ ราคาเหมาะสมกับคุณภาพ แต่เนื้อไม่ค่อยอร่อยเท่าไร มีลิ้นวัวพอใช้ได้เลยกินแต่ลิ้นวัว แต่รวม ๆ ก็คุ้มดีแหละ
ChZDSUhNMG9nS0VJQ0FnSURJLTlxSVR3EAE,OUM Waranya,3,โดยรวมดี มีของให้เลือกเยอะ ร้านสะอาด พนักงานเยอะ แต่เสิร์ฟอาหารช้า บางทีต้องสั่งไป3 รอบ เด็กลืม 😕 …
ChdDSUhNMG9nS0VJQ0FnSURYcnRLS2dBRRAB,คุยกับบี,5,บริการดี ร้านเล็กๆ10โต๊ะ เงียบๆไม่วุ่นวาย มีที่จอดรถ
ChdDSUhNMG9nS0VJQ0FnSUNWMDZQSTBnRRAB,Forri forri,5,ราคา555 ใช้โปรเดือนเกิด -50% อร่อยถูกใจค่ะ พนักงานเดินตลอด
ChZDSUhNMG9nS0VJQ0FnSUNVcE5taEp3EAE,พัดลม มันร้อน,3,งวดนี้ฟักทองไม่สุกแข็งมากไม่รู้เกิดอะไรขึ้นปกติมันจะสูกและกินได้เลยนี้ย่างก็แล้วแข็งเหมือนเดิมเราชอบสั่งฟักทอง เพราะเนึ้อเราไม่ค่อยกิน
ChdDSUhNMG9nS0VJQ0FnSUN4dHNTUC1BRRAB,SunSandSeen Family,4,"สาขา โลตัส ทาวน์อินทาวน์
อาหารอร่อยมีคุณภาพ บริการดี ที่จอดรถเยอะ"
ChZDSUhNMG9nS0VJQ0FnTUNRcGFMd2N3EAE,Jus Eng,3,"มีโอกาสได้ไปลองทานที่ King Kong เพราะเห็นว่าราคาอยู่ในระดับเดียวกับร้านบุฟเฟ่ต์ปิ้งย่างพรีเมียมหลายๆ ร้าน แต่ต้องบอกตรงๆ ว่าผิดหวังมาก โดยเฉพาะเรื่องคุณภาพอาหาร ที่รู้สึกว่าไม่ได้สมกับราคาที่จ่ายไปเลย

เริ่มจากวัตถุดิบที่ดูธรรมดามากเมื่อเทียบกับร้านอื่นๆ ที่ราคาใกล้เคียงกัน เนื้อที่ควรจะมีความนุ่มและคุณภาพดี กลับรู้สึกว่าธรรมดา ไม่มีความพิเศษ หรือถ้าเทียบกับร้านอื่นๆ ที่ใช้เนื้อคุณภาพดี มีมันแทรกสวยๆ หรือให้ความรู้สึกพรีเมียมกว่านี้ King Kong ถือว่าแอบน่าผิดหวัง ที่สำคัญบางจานยังมีกลิ่นคาว หรือสัมผัสที่รู้เลยว่าไม่ได้สดใหม่

อีกจุดที่รู้สึกว่าขาดไปคือความคุ้มค่าและความหลากหลายของเมนู ร้านบุฟเฟ่ต์ปิ้งย่างที่อยู่ในเรตราคาเดียวกัน ส่วนใหญ่จะมีตัวเลือกที่น่าสนใจกว่า เช่น ซีฟู้ดสดๆ เนื้อที่มีให้เลือกหลายเกรด หรือแม้แต่ของทานเล่นที่ดูมีคุณภาพและปรุงรสมาอย่างดี แต่ที่นี่กลับรู้สึกว่าเป็นบุฟเฟ่ต์ที่ค่อนข้างธรรมดา ไม่มีอะไรพิเศษจนรู้สึกว่าคุ้มกับเงินที่จ่ายไป

ถ้าพูดถึงบริการ อาจจะไม่ได้แย่ แต่ก็ไม่ได้โดดเด่น รู้สึกว่าเป็นการบริการที่อยู่ในระดับมาตรฐานทั่วไป ไม่ได้ทำให้รู้สึกประทับใจเป็นพิเศษ

สรุปคือ ถ้ามองหาร้านปิ้งย่างพรีเมียมที่คุ้มค่ากับราคาจริงๆ แนะนำให้ลองหาร้านอื่นที่มีคุณภาพอาหารดีกว่านี้ เพราะในราคาเท่ากัน ยังมีร้านอีกหลายแห่งที่ให้ประสบการณ์การทานที่ดีกว่า สดใหม่กว่า และคุ้มค่ากว่า King Kong แน่นอน"
ChZDSUhNMG9nS0VJQ0FnSURoai1tckp3EAE,Jun L,1,"Staffs here extremely unfriendly and unkind except for the one female staff with short hair. They were once very kind when we made a purchase order of premium yakiniku menu (cost about 1,800 bahts for 2 pax), then never provide friendly service again when we continue ordering menu/dishes. The food never arrived timely manner, wrong order were served without a single apologies for something we never ordered(when we said we didn't order certain dish they brought, they were visibly annoyed and almost yelled us in local language), consistent grumpy attitude of food deliverying staffs. I couldn't stand anymore when the cheese dipping sauce arrived which looked like re-use(re-cycle?) of someone's dish already being served. DISGUSTING. We visited here as 2nd time because we had a great experience in the same restaurant in other branch(Ekkamai) but super disappointed here and disgusted by the unprofessional attitude of the staffs here and this re-use looking cheese sauce. Highly disappointed and will never visit here again nor recommend to others."
ChZDSUhNMG9nS0VQS1RuZHJQa2NYeE53EAE,Max Kritsana,2,ขอให้ปรับเปลี่ยนบริการอีกหน่อยครับ เวลากดสั่งอาหาร แล้วกว่าอาหารจะมาเสริฟคือนานมากครับ ทั้งๆที่ลูกค้าไม่ได้เยอะ พนักงานก็มีพอ มันทำให้เสียเวลาในการกินไปเปล่าๆกับการนั่งรออาหาร บางทีรอเกือบ10นาทีกับการเสริฟ ก็ทำไห้เบื่อไม่อยากกินเลย ทิ้งช่วงนานเกิน ควรปรับนะครับ
ChZDSUhNMG9nS0VJQ0FnSURwMXUyaWFnEAE,Satanheroangel Heroangel,4,บริการดีมากกกก น้องๆพนักงานน่ารัก
ChZDSUhNMG9nS0VJQ0FnSURialp2Z1J3EAE,Kittison Kasuto,5,อาหารอร่อย มีซุปฟรี บริการดี ห้องน้ำสะอาด เอา 5 ดาวไปเลยครับ
ChdDSUhNMG9nS0VJQ0FnTUNZcW9xQl9nRRAB,Pete P.,4,Not bad. 1.45 hrs buffet.
ChdDSUhNMG9nS0VJQ0FnSUNmajVpWTlRRRAB,Bee Corse,5,สาขาประจำมาบ่อยมาก บางจานเนื้อมีแกว่ง เหนียวไม่สวยบ้างบางครั้ง แต่พนักงานบริการดี ไม่มีให้ติ ความหลากหลายของเมนูอาจจะไม่หวือหวาเท่าเจ้าอื่น แต่ก็ยังพอใจกับที่มีอยู่นะ
ChdDSUhNMG9nS0VJQ0FnSUR5cGJXYnZRRRAB,Mallow .P,5,สั่งกลับบ้านค่ะ ช่วงโปรโมชั่น อร่อย เนื้อดี ปลาดี น้ำดี ราคาดีต่อใจด้วย
ChZDSUhNMG9nS0VJQ0FnSURIN3YtRE1BEAE,Kratin Sanjunta,4,ดีค่ะคุ้มค่า อร่อย
ChdDSUhNMG9nS0VJQ0FnSUNZdTRyLXFBRRAB,Jatika Kumruan,4,อาหารเมนูปิ้งย่างกลมกล่อม แต่พนักงานยังไม่ใส่ใจลูกค้าเท่าที่ควร
ChZDSUhNMG9nS0VJQ0FnSUNRaThyakxBEAE,Homey Ch,4,วัตถุดิบสดดี อร่อย บริการดี แต่สาขาอื่นมีเมนูหลากหลายกว่า
ChZDSUhNMG9nS0VJQ0FnSURya0stTUF3EAE,Araya Pantimagonkit,5,รองผู้จัดการร้านดูแลดีมาก ค่อนข้างใส่ใจการให้บริการ ถ้าเทียบสาขาอื่นๆ ที่เคยไปมา ถือว่า ประทับใจเลย
ChdDSUhNMG9nS0VJQ0FnTURBdnR5UDN3RRAB,Sarita P,5,ไม่ได้มานาน อาหารหลากหลายมากขึ้น ของสด น้องพนักงานบริการดีค่ะ
ChdDSUhNMG9nS0VJQ0FnSUNEaElTLTZBRRAB,Chassarun Thansawarat,4,ดีนะ
ChdDSUhNMG9nS0VJQ0FnSUR1eGZiaDlRRRAB,Autsara Thanawibool,2,ไปกินมาเมื่อวาน รสชาติอร่อยเหมือนเดิม แต่อยากให้ปรับปรุงเรื่องการรับออเดอร์ สั่งไปได้ของไม่ครบบ่อยมาก ส่งช้า ส่งผิดโต๊ะบ่อย พนักงานไม่ค่อยใส่ใจลูกค้าเท่าที่ควร
ChZDSUhNMG9nS0VJQ0FnSUNlNnFLSlp3EAE,หนูน้อย จอมซน,1,เมื่อกี่สั่งผ่านไลแมน ร้านทำอาหารช้ามากๆๆๆๆๆๆๆๆ 1:ชม กว่าจะได้กิน แย่มากคนสั่งก็หิวคนรอส่งก็เสียเวลา ปรับปรุงด้วยนะคะ อย่าให้คนอื่นต้องมาเวียเวลาเพราะออเดอร์แค่นี้เลย ส่งสารไลเดอร์มากกว่าที่ต้องมาเจออะไรแบบนี้
ChdDSUhNMG9nS0VJQ0FnSURtMXZIT3BRRRAB,Noonetpt thongnu,1,ที่ทำงานไปทั้งหมด 13 คน สั่งซาซิมิ ได้จานเดียว พอสั่งจานที่ 2 บอกหมด ตอนเกือบ 2 ทุ่ม สั่งอะไรไป คือหมดไปหลายอย่าง งงกับคำว่าบุฟเฟห์ สั่งไปไม่เคยได้ครบ สั่งหายๆ บริการอาหารออกช้า น้ำต้องขอเติม ไม่ขอคือไม่สนใจ หัวนึงไม่ใช่ว่าราคาน้อยๆ แต่บริการไม่เท่ากับราคาที่จ่ายเลยค่ะ
ChZDSUhNMG9nS0VJQ0FnSURCaEtqOFd3EAE,Nattaphol Manomaiphan,4,วันนี้มาทานโต๊ะแรก สั่งหอยเชลล์ แต่ไม่มี รอมาส่งอยู่ กว่าจะมาก็เกือบเที่ยงแล้ว พนักงานกะเช้าบริการดีกว่ากะที่ผมเจอ อาจจะเพลียแล้ว เลยไม่ถือสา
ChZDSUhNMG9nS0VJQ0FnSURQcmRHbU1REAE,Andy Leela,3,They discontinued the 555thb net buffet and the extra sashimi 99thb also gone. That's too bad. Big mistake for the management decison.
ChZDSUhNMG9nS0VJQ0FnSURidHFlUWFnEAE,นิลวรรณ ทุนคุ้มทอง,5,เป็นบุฟเฟ่ที่มีเนื้อแกะ เสริฟไม่อั้น พนักงานบริการดี เป็นกันเอง ร้านนั่งสบาย ไม่เสียงดังเกินไป
ChdDSUhNMG9nS0VJQ0FnSURzcnZxSG5nRRAB,Benz D,2,รายการอาหารเยอะดี ตามแบบฉบับคิงคอง ขึ้นราคาเป็น600+แล้ว สิ่งที่ไม่ควรขาดเลยคือ มารยาทและservice mind แต่นี่อะไร พนง.หน้าหงิดเป็นตุดเกือบทุกคน จานว่างเต็มโต้ะก็ไม่ค่อยเก็บ ตะแกรงไหม้แล้วไหม้อีกก็ไม่เปลี่ยน พนง.ดูมึนๆ บางคนพูดไม่มีหางเสียง ไป2คน จ่ายไปพันกว่า แต่กินแบบหงุดหงิดตลอดเวลา ไม่โอเค
ChdDSUhNMG9nS0VJQ0FnSUNReDlIVThRRRAB,coremedia tv,3,ร้านปิ้งย่างบุฟเฟ่ต์ 560/ คน มีเวทอีก7% มีทั้งเนื้อและทะเล กุ้งตัวใหญ่ สด พนักงานดูแลดี ร้านมีกลิ่นอับนิดหน่อย ความสะอาดภาชนะดี ห้องน้ำพอรับได้ ที่จอดรถหน้าร้านปกติจอดได้4คัน เสา อาทิตย์ จอดริมถนนได้
ChdDSUhNMG9nS0VJQ0FnSUNXOUp1WnpBRRAB,Latte,5,"Great experience, good food. I ate to much. One thing a foreigner might have to get used to is that a lot of restaurants share one public restroom outside in the mall. Very kind friendly staff. Unfortunately not a lot of choice in drinks but the extensive choice in food makes up for it."
ChZDSUhNMG9nS0VJQ0FnSUQ0MXZuVVRBEAE,Anyapas Asvasirayothin,5,ร้านอาหาร บริการดีมากเลยค่ะ เว้นก็แต่ ตู้เก็บบัตรจ่ายบัตรจอดรถนี่ล่ะค่ะ กี่ปีผ่านมา ก็เหมือนเดิมค่ะ เขาบอกว่า ไม่อยากมา ก็ไม่ต้องมาสิ สงสารร้านที่เช่าในนี้จังค่ะ อยากกิน แต่พาลไม่อยากเพียงเพราะพนักงาน Super Indy ตู้จ่ายบัตรจอดรถ เฮ้อ ....
ChdDSUhNMG9nS0VJQ0FnSUNReXFLbHRBRRAB,Tony Sriviroj,1,"มากินวันวาเลนไทน์ พนักงานมารับลูกค้าสามทุ่ม. รอเกือบสี่ทุ่มถึงได้กิน และพนักงานพึ่งแจ้งว่า กินได้หนึ่งชั่วโมงยี่สิบ เท่ากับว่า ห้าทุ่มกว่า.
สุดท้าย เข้าสี่ทุ่ม last order 10.15.  พนักงานมาแจ้ง. แย่มากกกกก
คือเท่ากับว่าครึ่งชั่วโมงได้กิน แต่จ่ายเต็มราคา"
ChdDSUhNMG9nS0VJQ0FnSURqOU5lYmt3RRAB,Chana kan,5,อร่อยมาก ราคาไม่แพงเกินไป พนักงานมีน้ำใจ บริการดีมากค่ะ
Ci9DQUlRQUNvZENodHljRjlvT2xGb2RIUnRMVEptTFRGMGFERjZUbWt5Y0ROSWIwRRAB,Atiwat K,1,ร้านปิด ใน app บอกเปิด
ChdDSUhNMG9nS0VJQ0FnTUNvcU9XZDFBRRAB,brooks,3,ร้านสกปรกไปหน่อย มีแมลงสาปหลายตัวเดินไปมา
ChZDSUhNMG9nS0VJQ0FnSUNIbzltMldBEAE,tytrn vnsw,5,อร่อย ชอบ
ChZDSUhNMG9nS0VJQ0FnSUR5XzlqS0t3EAE,Goodgirl SFC,5,"อร่อยดี ค่ะแต่เสียอย่างเดียวไฟแรงไป 555 ไหม้ไว หรือเรานั่งเจอเตาแรง
#อาหารอร่อย
#รีวิวอาหาร
#ชีวิตเสพติดกิน"
ChZDSUhNMG9nS0VJQ0FnSUNZb2Fiak9nEAE,Sirintar Joy,4,อาหารดีแต่อยากให้มีซาซิมิด้วย บริการยังมี งงๆ ยังมีออเดอร์ผิดบ้าง แต่พนักงานก็พยายามดูแลเต็มที่ค่ะ
ChdDSUhNMG9nS0VJQ0FnSUNib29IM3VRRRAB,Jaa Worajaa,4,บริการดีมาก แต่สาขาเปิดเพลงดังน่ารำคาญไปค่ะ
ChdDSUhNMG9nS0VJQ0FnSURIa28zNjBnRRAB,Tawin Supayanant,1,พนักงานโอเคครับ แต่คนไม่น่า พอ อาหารออกช้ามากครับ
ChZDSUhNMG9nS0VJQ0FnSURjcEtQQ1FREAE,เอี๊ยง TL Terry,4,"The food is quality for a buffet at ฿600+ each.  If the staff got more friendly I would give another star.  However, it worth the money you pay."
ChZDSUhNMG9nS0VJQ0FnSUN5OUpITE13EAE,Kob Sutheetutt,5,อาหารสด คุณภาพเหมาะสมกับราคา น้ำดื่มสามารถเปลี่ยนน้ำได้ตลอด พนักงานงานบริการดี
Ci9DQUlRQUNvZENodHljRjlvT25scmJrZHljV2htZVY5VlNsTXpWalZ2VFhONFZYYxAB,คนเดินดิน ดินดินดิน,5,ดีมาก
ChdDSUhNMG9nS0VJQ0FnSUN4elB1ZnVnRRAB,Nook_926,1,มาตามโปร555net ลูกค้าในร้านเยอะกว่าปกติแต่แอร์เสียเลยร้อนมากค่ะ
ChdDSUhNMG9nS0VJQ0FnTURJam8ydm5BRRAB,Tana Ctm,4,good food but a little bit expensive for the premium option
ChZDSUhNMG9nS0VJQ0FnSURNcV8tOVl3EAE,Setthaphon Man,5,สายเนื้อจงมาร้านนี้สุดยอด
ChZDSUhNMG9nS0VJQ0FnSUMwbV95WUt3EAE,เจ้าไก่ขาว pping4,3,ของ ok ดีนะ สะอาดเรียบร้อย แต่รวมๆกินแล้วแข็งไปนิด ราคาค่อนข้างสูง
ChdDSUhNMG9nS0VJQ0FnSURIbFpTcV9nRRAB,Meaw Meaw,5,เป็นแหล่งเรียนรู้ตำนานกะละแมโบราณนครพนมและอาหารพื้นถิ่น
ChZDSUhNMG9nS0VJQ0FnSURTNHQ3VU1nEAE,ทนาย หมวกทองหลาง,5,ของหวานดี เนื้อก็เด็ดสมคำล่ำลือจริงๆ เหมาะสมกับราคา ถือว่าคุ้ม
ChZDSUhNMG9nS0VJQ0FnSUNVck5UakVREAE,Vicky Sawasdikul,5,อร่อยตามมาตรฐานคิงคอง ตอนนี้ราคาหัวละ 629 บาท
ChZDSUhNMG9nS0VJQ0FnSURqbmJidGVREAE,Nutcharida Puengprayool,4,อาหารอร่อย มีให้เลือกหลากหลายค่ะ บริการดีค่ะ
ChZDSUhNMG9nS0VJQ0FnSURneU5DTkxREAE,Pattanapong Thiravutpinyo,4,ราคาแพงขึ้น(นิดหน่อย) แต่ยังรักษาคุณภาพของสดได้ดี พนักงานบริการดี
ChZDSUhNMG9nS0VJQ0FnSURndzgtQlNREAE,Mint P.,4,เตาไฟไม่แรงเท่าไหร่ ถ้าไปนั่งโต๊ะละ 6 คน เตาเดียว ปิ้งไม่ทันกินค่ะ
ChdDSUhNMG9nS0VJQ0FnSURVcnBQZnF3RRAB,Aoraar Tiensen,2,เนื้อหนา ปลาไม่ค่อยสด ถ้าเทียบกับสาขาอื่น แต่บริการดีค่ะ
ChZDSUhNMG9nS0VJQ0FnSURDOXJmTUNnEAE,nutpakon sintip,4,ลด 1 ดาว อาหารมาช้าเรียกพนักงานนานแต่รวมๆ อร่อยดีนะ
ChdDSUhNMG9nS0VJQ0FnSUNneE1TeXhBRRAB,NuenG_14,5,บริการดีอาหารอร่อย
ChZDSUhNMG9nS0VJQ0FnSURRbmNuVkxnEAE,Bird Chin,4,Nice place for meat & buffet lover. Environment's a bit shabby but it's going to move to a shopping complex nearby. Worth to check out again.
ChZDSUhNMG9nS0VJQ0FnSURqOXBQeVdREAE,kaneugnooch choodornwai,5,อร่อย เมนูเยอะ  ของสด คุ้มๆๆ
ChdDSUhNMG9nS0VJQ0FnSUNpaE9LdzJRRRAB,Alexander van der Walt,5,Wonderful service and really awesome food. I am so full I think I'm going to explode. Love you
ChZDSUhNMG9nS0VJQ0FnSUNRM3Mzalh3EAE,J CM.,5,"Grill Yakiniku buffet restaurant. Hi quality meat (beef, pork, chicken, seafood and etc.). Resonable price, good and quick service."
ChZDSUhNMG9nS0VJQ0FnSUNRdVpMcUFREAE,Lalita M,5,เป็นบุฟเฟ่ต์ปิ้งย่างที่อร่อยมาก อาหารหลากหลาย กุ้งตัวโต สดสะอาด
ChZDSUhNMG9nS0VJQ0FnSURTbXEtSlFBEAE,naridkung,4,บุฟเฟ่ มี2ราคาให้เลือก ถ้าชอบทานเนื้อ คุ้มครับ
ChdDSUhNMG9nS0VJQ0FnSUMyaDRpZGpnRRAB,Att Israngkura,4,วัตถุดิบ ดี มีให้เลือกมาก แต่ทานไม่ไหว
ChdDSUhNMG9nS0VJQ0FnSURZblpfeXp3RRAB,เหล้าเถื่อน ผสมน้ําแดง,4,ช่วงนี้เปิดบริการ ถึงตี 3 ขาบุฟเฟ่ ข่วงดึกน่าจะชอบ
ChZDSUhNMG9nS0VJQ0FnSUNVdDVHYUxnEAE,chatpong kumpangtong,5,ให้5ดาวคือไม่ใช่เพอร์เฟค แต่ดีกว่าที่อื่นเท่านั้นเอง
ChZDSUhNMG9nS0VJQ0FnSUNyMDZpSUp3EAE,Diamond Novadara,3,อาหารหลากหลายมาก แต่เสริฟช้ามาก เช่นกัน
ChdDSUhNMG9nS0VJQ0FnSURnNmJYWHhBRRAB,Hello world tv,5,อาหารอร่อย สด พนักงานบริการดี คุ้มราคาแนะนำๆ
ChZDSUhNMG9nS0VJQ0FnSUNnb3NHTlR3EAE,Ruxo Zheng,5,มีหมาร่า กับผักต่างๆเพิ่มขึ้น ในราคาเท่าเดิม 😍 …
ChZDSUhNMG9nS0VJQ0FnSUQwZ0t5d1F3EAE,Jong Suwanrat,3,ขี้เกียจแกะกุ้ง555
ChZDSUhNMG9nS0VJQ0FnSUNtaXNiakJnEAE,ชญาดิษฎ์ สังข์ดิษฐ์,4,คุณภาพ สมราคาครับ ทานในเวลาจอดรถฟรี
ChdDSUhNMG9nS0VJQ0FnTURBLXZQQWxnRRAB,Ekachai Quay,1,ปรับราคาขึ้นสะแล้ว
ChZDSUhNMG9nS0VJQ0FnSUN4LWZUckhREAE,Pae Peerasak,4,Value of money 555 bath net for yakiniku japanese barbecue
ChZDSUhNMG9nS0VJQ0FnSURUdTVqOU53EAE,คนคุ้นเคย แนท,5,อาหารอร่อย มีเมนูให้เลือกเยอะ
ChdDSUhNMG9nS0VJQ0FnTURvellTaC1RRRAB,Bernhard Gaksch,5,Good BBQ
ChZDSUhNMG9nS0VJQ0FnSURTLXBDOE93EAE,Vimvipa Kosasaeng,4,พนักงานน้อยไปหน่อย แต่บริการดีค่ะ
ChdDSUhNMG9nS0VJQ0FnSUNpanRuU2xnRRAB,Thawatchai Sukmuang,3,สวรรค์ของคนรักเนื้อ
ChdDSUhNMG9nS0VJQ0FnSUNncXEzOXRRRRAB,N. U.,4,Good place to have yakiniku buffet with friends. Good taste & Quality
ChZDSUhNMG9nS0VJQ0FnSUN5dnBDcEVnEAE,Thitisak Skulkroo,4,มาทีไรจุกทุกที หลากหลายมาก พัฒนาตลอด
Ci9DQUlRQUNvZENodHljRjlvT2tSWWRuSnNkMUJ3YjB0WFVqRXRSMEU0VERaSFMxRRAB,OfficialG Tui,5,"Where do I start? Waited for 40 min for a table. Once sat down, the service was fast and reliable. Choose 2 base when you order the super premium package. Meat and seafood platters were well presented. Then, you grab your favorite vegetables, sauces, juice and other meats. You get your individual pot and you cook everything in there. Great place and finished off with mini melts for deserts."
Ci9DQUlRQUNvZENodHljRjlvT2pKcmJqWmZZV2RLWlZSZlJUSmpWVTF1YVRGUVUwRRAB,ornok 22,5,มาทานมื้อเที่ยง set กลางวัน มีให้เลือกหลากหลาย ราคาไม่แพง อิ่มกำลังดี มีผลไม้แตงโม ปิดท้ายด้วย พนักงานแนะนำดี ไว้ต้องมากินอีกแน่นอนค่ะ
Ci9DQUlRQUNvZENodHljRjlvT2kxT1dFMTRUbnBXWVVWbVpHNW5OazB5VUVGWFIwRRAB,Poramaporn L.,5,"เป็นหนึ่งในร้านชาบูที่ชอบมาก อาหารมีให้เลือกหลากหลาย น้ำซุปก็มีหลายแบบให้เลือก

มีส่วนเคาน์เตอร์ที่ให้เดินไปตักเองได้  น้ำจิ้มมีมากกว่าสามชนิดขึ้นไป

เนื้อวากิวของที่นี่ถือว่าอร่อยและคุณภาพเลย  อาหารทะเลก็ค่อนข้างสด ถ้าทาน premium set ขึ้นไป คุณภาพเนื้อก็ยิ่งดี แถมยังสามารถเลือกแบบปิ้งย่างเพิ่มเตาได้ด้วย"
Ci9DQUlRQUNvZENodHljRjlvT2xaR2JWZFpZMk5LTW1kc2MxZFdhVmwyTFVoSllWRRAB,แวะเติมของกับน้องนุ่น,5,ไม่ค่อยสบายเลยจะหากินอะไรร้อนๆ ว่าจะไปฮาจิบัง แต่ถึง you & i ก่อนเพราะมี a la carte สรุปอร่อยโซจึ้งง พนักงานพี่ผญบริการดีมากเริ่ดเลยแหละ ขอชื่นชม ไปวันพุธ เวลา ประมาณ 5 โมง
Ci9DQUlRQUNvZENodHljRjlvT21OUmVtWmZXR2QyTVZCa2Fra3hNRFIwZWkxcFprRRAB,Kantavee Wiengsima,5,อร่อยดี มีคุณภาพ บริการเร็ว เนื้อมีให้เลือกหลากหลาย ของกินบางส่วนตักได้ที่บาร์ กินยาวๆเพลินๆ แถมมีโปรโมชั่นด้วย
Ci9DQUlRQUNvZENodHljRjlvT21rd1NtSnVZVkJNUTIxVVRGOW5WMUYxWWpCTk5FRRAB,Bea Liu,4,"The 299++ menu is available exclusively from 11:00 AM to 4:00 PM. Enjoy all-you-can-eat options with fresh, a wide variety of dishes."
Ci9DQUlRQUNvZENodHljRjlvT20xUFNFUnlaM2hpYlhGYVprbGhNME4yUzJ4bFUwRRAB,Supakorn Kerapimol,5,น้ำซุปอร่อยมาก ของสดมากๆ พนักงานบริการดีเยี่ยมครับ
Ci9DQUlRQUNvZENodHljRjlvT2pBeFJGY3hYMTgzUmtoQlJsZDRhVkoxWVZkVFJIYxAB,Nopparat Wiwatpanyaporn,5,เพิ่งรู้ว่า YOU&I มีแบบอลาคลาส สั่งเป็นเซ็ต เหมาะสำหรับคนอยากกิน แต่คิดว่ากินไม่คุ้ม คือมันดีมาก มาครั้งแรก รู้สึกอยากมาลองอีก ราคาเริ่มต้น 179 บาทเอง ถูกมาก อาหารหลัก 1 จาน น้ำ 1 แก้ว เสริฟพร้อมผลไม้ 1 จาน
Ci9DQUlRQUNvZENodHljRjlvT21wSWIxY3RSa3RUVWxabVpHOHhZbDloZW5Gd1kyYxAB,Meihua,4,น้ำซุป น้ำจิ้มชาบู น้ำจิ้มใต้หวันอร่อย ของได้เร็ว พนักงานเด็กฝึกงานบริการดี
Ci9DQUlRQUNvZENodHljRjlvT2tzeVJVZ3dURGhHVDBVeFpVOHpiMk50VUd0MVZXYxAB,Nanthatchaphon Thatthiang,5,อร่อยมากๆค่ะ มีให้เลือกกินแบบ A la carte ด้วยค่ะ สำหรับกินคนเดียว มา 2 คน มีหม้อแยกกัน เลือกกินไม่เหมือนกันได้ 💕
Ci9DQUlRQUNvZENodHljRjlvT25ZeU1ISlJSV2g2Y0ZZdGVrbHJTbWxYUmxoMVJrRRAB,Hepeng Kalbo,5,Super stuffed all in for total of 824baht incl of vat (premium buffet) except alcohol - dessert drinks and sides included...all in all for a single person eating all of eat its more than enough...happy tummy
Ci9DQUlRQUNvZENodHljRjlvT25sR1dEZENPRFl0T0ZOUlFuaFphekkyTTNOWVpVRRAB,Chanya Sv,4,"วันนี้สั่งอาหารชุด คุ้มค่ามากๆ
แต่อิ่มมากๆ
คุณภาพวัตถุดิบดี อร่อย"
Ci9DQUlRQUNvZENodHljRjlvT2pKSVpsVnVSbE5aTm5WQlJDMTFRVTVTYlhWYVUzYxAB,AMARIN PHOYEN,5,วันนี้ได้ลองกิน US short plate เนื้อดีมากอร่อยเลย
Ci9DQUlRQUNvZENodHljRjlvT21vMmVYbHVXV1ZMU25Kc1J6ZzJVbXByVG5oTFVrRRAB,kampanat aonin,5,อาหารรถชาติดี กุ้งแม่น้ำเนื้อเละไปนิด เนื้อนุ่มอร่อย ภาพรวมโอเค อร่อยคุ้มค่า ควรแก่การจ่ายเงิน
Ci9DQUlRQUNvZENodHljRjlvT20xYVJEbFFhbTlCZUZkeVdtZGhlazVTZDBwb1dYYxAB,พลอยไพลิน ไพราม,5,อร่อยดี มีคุณภาพ บริการเร็ว มีให้เลือกหลากหลาย ของกินบางส่วนตักได้ที่บาร์ กินยาวๆเพลินๆ แถมมีโปรโมชั่นด้วยคะ
ChZDSUhNMG9nS0VJQ0FnTUNRejZ1UkF3EAE,Pawinee,4,"เป็นร้านบุฟเฟต์ที่ดีเช่นเดียวกันค่ะ เนื้อและอาหารต่างๆ อยู่ในระดับมาตรฐาน มีเมนูเนื้อเยอะประมาณหนึ่ง เนื้อสด อร่อยดี ชอบที่สั่งเองได้ไม่ต้องรอพนักงานมาตักเป็นรอบๆ

โซนของตักบริการตัวเองก็มีของให้เลือกประมาณหนึ่ง ผักสด ลูกชิ้น เส้นต่างๆ ของทอด ของหวาน ไอศกรีม ตอนที่เราไปกินของหมดค่อนข้างเยอะ ต้องรอพนักงานมารีฟิลของสักหน่อย

ราคาเริ่มต้นประมาณ 560 บาท แพ็คแพงสุดอยู่ที่ 1,500 บาท เลือกน้ำซุปได้ลดหลั่นกันไป

ตัวร้านไม่เล็กเกินไป โปร่งประมาณหนึ่ง ในร้านแสงไฟสว่าง สะอาดดีค่ะ"
Ci9DQUlRQUNvZENodHljRjlvT2tOd05XSm5UVTEyZVZwemJqaE1OVWsyTlc5TFpWRRAB,Kawinna Tenwong,5,ราคาคุ้มค่ากับอาหารที่ได้รับ รสชาติดี เซตอิ่มกำลังดีสำหรับ1คน แต่สำหรับใครที่ชอบกินผักแนะนำต้องสั่งเพิ่มค่ะ
Ci9DQUlRQUNvZENodHljRjlvT2t0a2RWcHRkMmRtYmt4UFZVVndYM3BpVldFd00yYxAB,Jindaporn Tantumaroj,4,อาหารราคาคุ้มค่า อิ่มเน้นๆ รสชาติดี เหมาะสม
Ci9DQUlRQUNvZENodHljRjlvT25wSVEwdzRNR3R6UnkxTlNYQk1ZM1pJV0VoaExWRRAB,Franklin Hurley,5,"Two of us ate here for lunch and we both thought it was excellent. Definitely a great value! They have a super wide variety of food and diners can choose between a DIY hot grill plate or different flavors of soup for shabu-shabu. Tons of vegetables, extra items like fried chicken and Thai noodles, along with 4 flavors of ice cream.  Totally worth the reasonable price."
Ci9DQUlRQUNvZENodHljRjlvT25oUWRtOUphVTB3VGtoQ04xQlhRbXAxTUVSV2VVRRAB,Nonpaka Sodsakon,5,เราสั่งเป็นเซตมา อร่อยดีค่ัะ คุ้มนะมีเนื้อผักข้าว น้ำ ไอติม แล้วก็ผลไม้ อิ่มคุ้มในราคาคนละ ไม่เกิน 200 แนะนำเลย
Ci9DQUlRQUNvZENodHljRjlvT21SdFZsSkxPWEIwZGtJelpYbFhhMDVZVURaRU1HYxAB,Wilawan Palasu,5,"อาหารสดใหม่ สะอาด รสชาติอร่อย มาทานหลายครั้้้งแล้วค่ะ

มาอีกแล้วค่ะ

19/9/2025
มาทานอีกแล้วค่ะ"
Ci9DQUlRQUNvZENodHljRjlvT201U01XbzNaR0YxYlVOM1FqUXRWak55WDFKZlpVRRAB,JINDARAT THIRASRISOMBAT,4,"อาหารมาไวดีจ้า ที่นี่รอคิวไม่นานมาก
พนักงานบริการดี
อยากให้แก้ไขเรื่องเบาะเก้าอี้ค่ะ เบาะเก่าแบนนั่งไม่สบายเลย"
Ci9DQUlRQUNvZENodHljRjlvT21jeWRreGlNVk5uUm1GRmRFZElkbnBZYlhaRGNFRRAB,Warin Boriboonvijitseel,5,คุณภาพเนื้อดี อร่อย เข้มข้น คุ้มค่า สำหรับคนกินบุฟเฟ่ต์ไม่คุ้ม
Ci9DQUlRQUNvZENodHljRjlvT2t0R1UzRmFSbkozTVVKdFZHMWZRWFF0WTBOcFJYYxAB,辜秀明Peppermint,5,"การบริการดี อาหารไวแบบฟ้าแล่บ จานใหญ่กำลังดี ไม่เล็กเกินไป

มีเป็ดและไก่ ปลา กุ้งแม่น้ำ"
ChZDSUhNMG9nS0VJQ0FnTUNZenNqbVZnEAE,Sa Lanla,3,"เนื้อดี หมูดี ชีสดี น้ำจิ้มดีตามมาตรฐาน

ปลากะพง ไม่ดี คาว และคาว อารมแบบสั่งมาแล้วต้องทนกิน
แซลมอนชิ้น ไม่สมราคา กินแล้วอารมเสีย

บิงชูสีดำ คือสั่งก็ดี แต่ไม่สั่งดีกว่า

ไอติมรสชาต เหมือนยาเด็ก อยากให้ลงทุนกับไอติมกว่านี้"
Ci9DQUlRQUNvZENodHljRjlvT2tKdmJYUkdlSEZOZVVOYVlqQTJOMFJFYTNBNVVYYxAB,chompoonuch jitmahima,5,มีชุดsetสำหรับท่านเดียว ราคาย่อมเยาว์ บรรยากาศในร้านดีมากค่ะ
Ci9DQUlRQUNvZENodHljRjlvT2pVd1NsZDNkMjFHY0RReGJXMUpMVXBqV2xsbVYxRRAB,Phenprapa Wanasoonthonkul,5,เลือกแบบอลาคาส และสั่งเนื้อสัตว์และผักเพิ่มเติมในราคาลด 50% คุ้มและอิ่มมากกกกกก
Ci9DQUlRQUNvZENodHljRjlvT2pCUGJtc3lRMmQxU0Roc1dHVTFTRGhpUVd4MWVVRRAB,พิศพัฒน์ เกิดเกียรติสุดา,5,"ชาบูหมูคุโรบูตะ 179.-
เบคอนหมู 40.-
ราคานี้ยังไม่รวม vat 7%
Service Charge 10%
อิ่ม คุ้ม จบ งบหลักร้อย"
Ci9DQUlRQUNvZENodHljRjlvT25aQk1FWkpOMnB2ZGkxRVZVMUxabXBFU0Rkc1RtYxAB,OJ Blue Sky Rama 2,5,วัถุดิบสะอาด พนักงานบริการดี รถชาติอร่อย
Ci9DQUlRQUNvZENodHljRjlvT25jek1ITnpRVXRtWDNGSVV5MXZiMFpGYjFsRFVXYxAB,Michael Sirtori,5,"One of the Best Hotpot Experiences in Bangkok!
You & I Premium Suki Buffet at CentralWorld exceeded all expectations! The quality of ingredients is outstanding — from fresh seafood and premium meats to a wide variety of vegetables, sauces, and handmade dim sum. The wagyu beef just melts in your mouth!

The buffet is well-organized, clean, and offers a wide selection of broths and dipping sauces. Plus, the staff is incredibly friendly and attentive, constantly checking in to refill or assist.

Don’t miss the cheese dipping sauce and the free-flow drinks and ice cream bar — it’s all included. A perfect spot for food lovers who want to indulge in a high-quality hotpot experience right in the heart of Bangkok."
Ci9DQUlRQUNvZENodHljRjlvT21JNFEzbzRiMFY2VWtONVYyRmpaVU5aYkROVFZGRRAB,Chatarika Kuntawung,5,มากินแบบ A la carte คุ้มและอร่อยมาก ใครมากินอย่าลืมสั่งครอฟเฟิลนะ อร่อยแสงออกปากมาก
Ci9DQUlRQUNvZENodHljRjlvT25SR2VpMDNZVmRCVEVsSFJuRkRNR3cyUm1RMlExRRAB,krich t.,5,อาหารดีมีคุณภาพ มีน้ำจิ้มหลากหลาย มีน้ำซุปให้เลือกเยอะมาก มีเนื้อวัวให้เลือกมากแบบ เนื้อหมูก็มีให้เลือกเยอะ
Ci9DQUlRQUNvZENodHljRjlvT2xSelMwTnllRXh6YmxWaWVDMHRVa1kwVlVGNlVsRRAB,Kamolrapa Pornchairattanachote,5,"เพิ่งรู้ว่ามี a la carte ด้วย อร่อยคุ้มค่ามากค่ะ
เซ็ตราคาไม่แรง เลือกน้ำซุปได้ด้วย"
Ci9DQUlRQUNvZENodHljRjlvT25sR1Nua3plakJVU25wRE56aEVTWGRZY1dZMFdVRRAB,A. Twee,5,"กินครั้งไหนก็อร่อย
เมนูหลากหลาย
บาร์ตักคุณภาพและสะอาด"
Ci9DQUlRQUNvZENodHljRjlvT25OelIwZGZSRmxxUVdwSVdsZHdUMVEyVm1kWGMzYxAB,Kanitta Suchat,5,Set กลางวันอร่อยมาก รออาหารไม่นาน แวะมาทานกันได้
Ci9DQUlRQUNvZENodHljRjlvT2kxcFQzVnRXakJLYTBkb09EQXRjVzlIUVdoak1sRRAB,NATHAPHAT PTV,5,อาหารหลากหลายมีให้เลือกทั้งปิ้งย่างและชาบู(ได้คู่2น้ำ)  เนื้อนุ่ม ของสด  สะอาด  น้ำจิ้ม อร่อยมาก มีหลายสูตร  ของหวาน ไอศครีม อร่อย
Ci9DQUlRQUNvZENodHljRjlvT2xWc04xVlZXVWsyTWpob1owaHVNbkpLU0Y5TVNsRRAB,Kunpimook Maichoon,5,อร่อยมากเลย มา 4 จ่าย 2 โปรคุ้มมาก
Ci9DQUlRQUNvZENodHljRjlvT2pKM1kxcE1iVTkwY1ZOeFRUWk9URmR1VUhoNGIxRRAB,Arisara Pimhin,5,"พนักงานบริการดีมากค่ะ สื่อสารรู้เรื่อง
อาหารสะอาด ร้านสะอาดค่ะ"
Ci9DQUlRQUNvZENodHljRjlvT25VMldYSnFSV3RHY1c5R1ZtSTVXSFZPU0VSVWMxRRAB,Go With Me,5,มากินแบบ a la carte ดีเกินคาดมากค่ะ น้ำซุปชาบูอร่อย หอม เนื้อหมูดีเลย
Ci9DQUlRQUNvZENodHljRjlvT2pCamFuUkdYMGhYT0dad2JFVmZkSEJXUVZSNlZrRRAB,Van Thai Hong,5,It’s first time I come here. The soup is delicious and the staff is kind with us. Thank you so much.
Ci9DQUlRQUNvZENodHljRjlvT25KTmVqTnhValU1Ymt4NlltNXdjWEpxWVdNd2RYYxAB,Chadaporn Karaket,4,อาหารอร่อยพนักงานบริการดี ราคาไม่แพงมากแบบเป็น SET อาหารเที่ยง คือดี 🫶🏼
Ci9DQUlRQUNvZENodHljRjlvT2xGTmQwbG9NSEZMU25obWRITndkek5STlcxTU5tYxAB,Kanphitcha Thongkham,5,อาหารสะอาดอร่อย มีแบบเซ็ตเมนูให้เลือกทานด้วยค่ะตรงนั้นน่ะ
ChZDSUhNMG9nS0VJQ0FnSUN0cU9tWGJ3EAE,Prasit Rodphan,4,เนื้ออร่อยตามมาตรฐาน แซลมอนสั่งเพิ่มสดดีลายสวยเลย แต่กุ้งแม่น้ำไม่ค่อยสดต้มแล้วเนื้อยุ่ยไปกับน้ำซุปหมด ไม่มีไอศกรีมเม็ดเล็กๆสไตส์เกาหลี พนักงานน้อยไปหน่อย แต่ก็บริการดี
ChdDSUhNMG9nS0VJQ0FnSUNPZ0ppdW5BRRAB,Chom Harn,4,"ต้องสายแข็ง และสายอึด

สายแข็งเพราะเครื่องเยอะ เวลาทานยาวตามเรทราคาของแต่ละชุด สูงสุด2ชั่วโมง
เครื่องถือว่าค่อนข้างหลากหลาย
รสชาติก็เข้าที ร้านดูดี แต่ต้องรอคิวนานมาก
จึ้นหน้าป้ายเรียกคิวแบบรู้ตัวยากไม่มีเก้าอี้รอหน้าร้าน  ต้องไปใข้ที่นั่งของส่วนกลางอยู่ไกลอาจไม่ได้ยินเสียงเรียกคิว
แม้นจะเป็นชุดเดียวกันแต่ราคาจะต่างกันขึ้นอยู่กับวิธีการชำระเงิน จ่ายเงินสดจะถูกกว่าจ่ายด้วยบัตร"
Ci9DQUlRQUNvZENodHljRjlvT2s5SVZuRTBiUzF0TFhjNVRUSjRNVjl4Y1Y5UmNtYxAB,Patcharaorn Limkitisupasin,5,บริการดี ตอนมาไม่มีคิวเลย เนื้อดี น้ำซุปอร่อยโดยเฉพาะต้มยำน้ำข้น
ChdDSUhNMG9nS0VJQ0FnSUN6dU9TTXFBRRAB,Noppawit C,5,"Excellent Suki buffet. The quality and variety were well worth the price. The place offers great variety of food options for each package. Everything was fresh and delicious especially Wagyu beef and river prawn.
If you complete a satisfaction survey you will get special dessert, for recent promotion is was a creative meat-like strawberry ice cream."
Ci9DQUlRQUNvZENodHljRjlvT21RM2FHaG1VVzlMWkdKVWEyeEVlUzExZUhCRmFWRRAB,TW Channel,5,"Delicious food, great price, not expensive (we ordered Pork Shabu set, one each). Recommend for such a good place to hangout and fill your stomach!"
Ci9DQUlRQUNvZENodHljRjlvT2sxMU5taEdiREUwVkhwU1MyUkRSRkpLVURGU1ZVRRAB,CN TK,5,อาหารอร่อย บริการดี มีแบบเซตเหมาะกับคนไม่ชอบกินบุฟเฟ่
ChZDSUhNMG9nS0VJQ0FnTUNZNEtYTUJBEAE,Suri,5,"I visited this restaurant with my small family, and we had a great experience. My husband was especially satisfied with the variety of meat selections available. The all-you-can-eat concept is a big plus. You can always request more food as long as you’re within the time limit.

Personally, I really enjoyed the tom yum soup. It was flavorful and comforting. It is a great spot for families looking to enjoy a hearty and satisfying meal."
Ci9DQUlRQUNvZENodHljRjlvT2w4eU9YTm1VSFJ6UjAwM1ZUZHNjR1ZWUVZKU2VtYxAB,nana Cheung,5,"Staffs have good attitudes , serves very well. Food choices are diverse and the environment is good."
Ci9DQUlRQUNvZENodHljRjlvT25WVWJVRmtWWGRFVGxCMlFrZEtjR2hETVVreFZtYxAB,พลอย ๆ เอง,5,บริการดี ร้านกว้าง รอคิวไม่นาน อาหารเสิร์ฟไว
Ci9DQUlRQUNvZENodHljRjlvT2xwUFZsWlBVRUp2Y1RWTmRqaHdTRkp0Tlc1blkyYxAB,Jim GuestHouse,5,อร่อย เนื้อดี ราคาเซ็ทละ 199++ ต่อชุด คุ้มมม
Ci9DQUlRQUNvZENodHljRjlvT2pWR04yRTViMUJMWHpsTGJuRk5lWEJRUlhwalVYYxAB,Tan Hong Keng,5,"The food and service here is really great, especially the tom yum soup. It was flavorful and comforting. It is a great spot for families looking to chill and enjoy a relaxing meal!"
Ci9DQUlRQUNvZENodHljRjlvT25aRFowZFlWVEZVTUV0c1lXWnVhSHBKZG14SFgwRRAB,yeevah T,5,มาทานเมนู lunch set ala carte คุ้ม อร่อย อิ่มเลยสำหรับคนทานน้อย
Ci9DQUlRQUNvZENodHljRjlvT2pOWlFXUk1XVVV0VUhvNVFtRTBPVm80ZFRaUVQzYxAB,Weevarit Tony,5,เนื้อดี น้ำซุปอร่อย คุ้มค่าคุ้มราคา
Ci9DQUlRQUNvZENodHljRjlvT25WbVRETmllR2t5Y0dSb2FIWlBlRloyUlcxVFZtYxAB,Thee Theerapat,5,"We visited this restaurant for its special a la carte set, and it was absolutely worth the price. We received an incredible variety of sukiyaki dishes. I highly recommend."
ChdDSUhNMG9nS0VJQ0FnSUQyLU9fcDhRRRAB,Jira Tong,4,"บุฟเฟ่ต์มี 4 ราคา
- 498+ กินได้ชั่วโมงครึ่ง 1 น้ำซุป
- 698+ กินได้ 1 ชั่วโมง 45 นาที 1 น้ำซุป
- 898+ กินได้ 2 ชั่วโมง 2 น้ำซุป
- 1398+ กินได้ 2 ชั่วโมง 2 น้ำซุป (ราคานี้รวมเบียร์ เสิร์ฟตามเวลาที่เสิร์ฟได้ กับฮาเก้นดาส)
* ราคาบุฟเฟ่ต์รวมน้ำแล้ว มีเพิ่ม Service charge
* ถ้าพาเด็กมากินด้วยให้แจ้งจำนวนคนรวมเด็กด้วย ร้านไม่สามารถเสริมโต๊ะข้างทางเดินให้ได้ เนื่องจากมี Robot คอยเสริฟอาหาร

สาขานี้โต๊ะค่อนข้างแคบนิดนึง มีไลน์อาหารตักอยู่ด้านหน้าร้าน ของส่วนใหญ่จะเป็นพวกเนื้อหมู กุ้งตัวเล็ก ผัก น้ำจิ้มต่างๆ เส้นมาม่า ตู้กดน้ำก็อยู่โซนข้างหน้าด้วย

หม้อชาบูจะแยกกันคนละหม้อ 1 หม้อสามารถเลือกน้ำซุปได้ 2 แบบ มีน้ำซุปพิเศษสำหรับสมาชิกด้วย สั่งน้ำซุปแล้วพนักงานจะแจ้งเวลาให้ทราบกินได้ถึงเมื่อไร ส่วนอาหารอื่นๆ สามารถกรอกลงในกระดาษที่อยู่บนโต๊ะแล้วส่งให้พนักงานได้เลย

คุณภาพของอาหารค่อนข้างเหมาะสมกับราคา เนื้อไม่ค่อยเด่นชัดสักเท่าไร แต่คุณภาพก็ถือว่าดี เมนูที่สั่งแล้วรู้สึกชอบคือ
คานิมิโซะ มันปูค่อนข้างเข้มข้น สามารถทำเป็นน้ำจิ้มเนื้อได้เลย
กุ้งเด้งทรัฟเฟิล หอมทรัฟเฟิลมาก ปั้นเป็นก้อนลงไปในน้ำแป๊บเดียวก็เอาขึ้นมากินได้เลย
หอยเปาฮื้อเย็น ค่อนข้างสด ตัวเนื้อค่อนข้างกรอบ หวานๆ
กุ้งแช่บ๊วยทะเลสดมากๆ เอาไปทำเป็นเบสของน้ำซุปใสให้มีกินมันกุ้งได้

===================

A new shabu buffet located in 6th floor, there are 4 prices per person:
- 489+ THB (1 Hour 30 Minutes, 1 soup)
- 689+THB (1 Hour 45 Minutes, 1 soup)
- 898+ THB (2 Hours, 2 soups with sea food and premium beef)
- 1398+ THB (2 Hours, 2 soups with world class beef, premium seafood, free flow and Haagen-dazs)
Note: There is service charge on each price, credit card ard cash are available to pay.

Recommend menu:
- Kani miso (Able to dip with sea food and beef)
- Minced shrim with seasoning tuffle
- Abalone
- Sea prown (Able to be soup base)

Vegetables, Sauce, instant noodle, water, and other fresh prawn & minced pork are on front zone."
Ci9DQUlRQUNvZENodHljRjlvT2pNdFpEWTNSMDh6T1VkUFRERkdVbWx2UW5CbWNYYxAB,todsapon t,5,"อาหารคุณภาพดีและคุ้มค่า, พนักงานน่ารัก บริการดีและรวดเร็ว"
ChdDSUhNMG9nS0VJQ0FnSURfN3R6MTJRRRAB,Tin Aung Saw,3,"Overall average due to Permium meats especially Beef not that tasty for me.
Soup base - Tomyum mala and Pork great.
River Prawns Great.
Delicious desserts."
ChdDSUhNMG9nS0VJQ0FnSURILV9UM2xRRRAB,Pali Gap,5,"Excellent food, with a wide variety of sides, drinks, sauces to make up and ice creams and fruits for after. Staff were super friendly as we were unfamiliar with the process, and helped assist us ordering meat and seafood from the menu. The soup was great flavour and was topped up whenever you needed it. The option we went for was around 500 baht each and you had 90 minutes for your food. Will definately be back the next time we are in the area and looking for a buffet type restaurant! 5/5 all round"
Ci9DQUlRQUNvZENodHljRjlvT25SYVZESlZXWGROTmxGbGFFTkNjbkJUTFZsUWNHYxAB,saraleewan phasorn,5,มาทานที่นี่บ่อย อร่อย สะอาด พนักงานบริการดีมากๆค่ะ
ChZDSUhNMG9nS0VJQ0FnSURlM3EzMGRnEAE,Mint Fc,5,ของเยอะ คาวหวานครบเลย อร่อยทุกอย่าง เนื้อดี น้ำซุปอร่อยเลยยย ร้านบรรยากาศดีชิวๆเพลงเพลินมาก5555  ชอบเพลงร้านค่ะ ร้องตามได้เลย น่ารักดีค่ะ
Ci9DQUlRQUNvZENodHljRjlvT2xaTlFWWmhWVTE1TVMxVmFqZFlXWEIwZUdSNVltYxAB,ratchaneevan sukcharoendee,5,อาหารสด เสริฟเต็มบาร์ตลอด พนักงานบริการดีมาก
Ci9DQUlRQUNvZENodHljRjlvT2pRMVJETTVXa3hoVEVwNVEydHhSRlpxUVRWTFNYYxAB,Watchara Wongwatcharadech,5,ชุด alacart ที่คุ้มราคา สำหรับคนไม่ถนัดกินหนักๆ
ChZDSUhNMG9nS0VJQ0FnSUNoaE9PZFRBEAE,OM MO,5,"ดีค่ะ อร่อย สด สะอาด ชีสดีมากกก อาหารออกไว เรากินเเต่เนื้อกับหมู ของทะเลไม่ได้ทานค่ะ
น้ำซุปดี ทานคนละหม้อ ไปเลยจ้าาา

ร้านนี้มาซ้ำบ่อยมาก😆"
Ci9DQUlRQUNvZENodHljRjlvT2xBNVluUnZVVFV6Ym0xS1NIQlFkVzlsT0d4S2NFRRAB,Noppasit Kingsaingarm,5,อร่อยคุ้มราคาในเมนู alcart ครับแนะนำครับ
Ci9DQUlRQUNvZENodHljRjlvT2xoYVlXTlFaalJ1UkRGcFVIRjNRM1YwYjBndFZXYxAB,PR4 ภรณ์ทิพย์,5,อาหารอร่อย พนักงานบริการดีมาก ร้านสะอาด
Ci9DQUlRQUNvZENodHljRjlvT2tveE9ISnRUMHcyWmxZMVl6bFhhRlZwZDBreldYYxAB,PANDA,5,อาหารอร่อย มีให้เลือกหลายแบบ
Ci9DQUlRQUNvZENodHljRjlvT21GaWJXTkdUalYyWjNWMFVEQldOMDFwUm5KWlJHYxAB,หทัย,5,สุกี้น้ำซุปกระดูกหมู รสชาติกลมกล่อมถูกปากมากๆค่ะ
Ci9DQUlRQUNvZENodHljRjlvT21kbFJsbDRZbmRMYUUxa1REVnhWRWRVYVhkUVJtYxAB,Yanisa Wongboonthip,5,อาหารอร่อย บริการดี  ราคาคุ้มค่า
Ci9DQUlRQUNvZENodHljRjlvT21Sa2VWSmxRbFE1YlhGUlVUUlVYMWhIYTA1YVlXYxAB,Elisa Chong,5,Phyo wint thu shows very good services and a great smile! Very polite and friendly and helped with all that we needed. Thank you for the pleasant dinning experience!
Ci9DQUlRQUNvZENodHljRjlvT21KNVRVMWlXbWRWV1dWbExYcFdZa2xGZWxCelEwRRAB,Waraporn Hensirisakul,5,อาหารสด อร่อยคะ อิ่มทุกครั้งที่มาทานคะ
ChZDSUhNMG9nS0VJQ0FnSUR0d3FhX1NBEAE,A Bart,5,"Great choice and great values. Cheesy meat roll and the wagyu were the best, but I honestly enjoyed everything. It includes drinks and desserts and there was a deal on were you could also have all you can eat salmon sashimi. Will be back before leaving Thailand"
Ci9DQUlRQUNvZENodHljRjlvT25KUk5tdzFlV0pXU1cxV2RIaDNURGN3VlhKSVEyYxAB,พาแม่เที่ยว.,4,อร่อย คุ้มค่า ไม่ทานนาน ก็ยังเหมือนเดิม
Ci9DQUlRQUNvZENodHljRjlvT25SM1JESlRiMnRvTWpaRlIzZEdWMDlxUmw5UllXYxAB,lek noi sister,5,วันนี้ไปมาคนไม่เยอะ อาหารอร่อยมีคุณภาพและที่สำคัญพนักงานเอาใจใส่บริการดี
Ci9DQUlRQUNvZENodHljRjlvT2tSeE5XSlBkSGR2VUdkSVVFSTNVVzlOTUZBeVMzYxAB,เสาวภา รานอก,5,อาหารอร่อย คุ้มค่ากับราคา ที่จ่าย พนักงานบริการดี
ChdDSUhNMG9nS0VJQ0FnSUNwdnJ2T3Z3RRAB,Gapz Let play,4,"เพิ่งเคยกินสาขานี้ครั่งแรก อาหารอร่อยเหมือนหลายสาขาที่เคยกิน แต่กุ้งแม่น้ำตัวเล็กไปมาก พนักงานน่ารัก มาเก็บถาดที่กินหมดตลอด ที่นี่แกะกุ้งมาตรงกลางก่อนเราเอาไปต้ม ดีมากเลย สำหรับคนไม่ชอบแกะ แกะไม่เป็นแกะได้ง่ายขึ้น
🌟ทีเด็ดคือ เนื้อแองกัสชัคโรล อร่อยมากกก😍 ลิ้นวัว ปลากะพงเนื้อแน่นสุด แนะนำเลย 🍀🍀 เรามากินวันศุกร์ 11 โมงกว่า คนไม่เยอะมาก 👍🏻👍🏻"
Ci9DQUlRQUNvZENodHljRjlvT2tGMFQyWk9SeTFaZVRKeWQySnlMWEpHWHpOVVdrRRAB,Nurze Zoimhee,5,ชุด Set สุกี้ยากี้หมู อร่อยคุ้ม ราคาดี 😋
Ci9DQUlRQUNvZENodHljRjlvT201NWRXMXNZVVpzUTNjdGQyNXhiRkJmTm5FNFJHYxAB,ภาวิณี งามขํา,5,พนักงานบริการดีมากค่ะ โดยเฉพาะคุณอิ๋ม เนื้อคุณภาพดี อาหารคุณภาพดี คุ้มกับราคาที่จ่ายคะ
Ci9DQUlRQUNvZENodHljRjlvT2tGV1kxTjZNRkZyY0VkRlRGOWhjbWhYVFc1R1JVRRAB,Aun Aun,5,พนงน่ารักค่ามาทานครั้งที่สองอล้ว
Ci9DQUlRQUNvZENodHljRjlvT2pGWGNFSmxaRXRaVTFrMWNtcHpjRkJJVVRNNWJHYxAB,Jarumart Apimonbutra,5,ร้านประจำวันอาทิตย์ เนื้อปลากะพงดีมากๆ ประทับใจ รู้สึกว่าสดกว่าร้านซีฟู้ดบางร้านซะอีก แอบคิดถึงซุปหูฉลามนิดๆ
Ci9DQUlRQUNvZENodHljRjlvT25aU05XZzFkWEJzVkROSlRsVTJhWGhSWmpKSVFuYxAB,RC Di,5,อร่อย ของคุณภาพดี ขนมก็อร่อย ดีมาก
Ci9DQUlRQUNvZENodHljRjlvT21KMWREQm9kREJNZDFKa05ERlRTVFk1ZDJKcFluYxAB,natsuda teantong,5,"A la carte sukiyaki very delicious! I like it , good food !"
Ci9DQUlRQUNvZENodHljRjlvT2tJeVRWZDBRa1I1Y2pWelpXOUNkRlV0ZWtzelNGRRAB,PP. P,5,อาหารราคาประหยัด มีเป็น special set ที่เป็น a la carte ด้วย
Ci9DQUlRQUNvZENodHljRjlvT25seGJVZEJSbkF4TTBOUmNUZE5NVkkzVW1aWWEzYxAB,ณัฏฐ์ระพี ติณณ์ปพนกูล,5,ข้าวแข็งไป น่าจะตักไว้นาน อย่างอื่นอร่อยค่ะ
Ci9DQUlRQUNvZENodHljRjlvT2tONVREQnpOa1JuUzJzek5YZHlibmRvTmpkeVpIYxAB,Warunee,5,ดีค่ะคุ้มราคา พนักงานน่ารัก
ChZDSUhNMG9nS0VJQ0FnSUMtMHJqbU1REAE,Teerawut J,5,"ร้านอยู่ชั้น 6 โซน Beacon
บุฟเฟ่ต์ มี 4 ราคา
1. Standard 498+ / 90 นาที เลือกน้ำซุปได้ 1 ชนิด
2. Premium 698+ / 105 นาที เลือกน้ำซุปได้ 2 ชนิด
3. Super Premium 898+ / 120 นาที เลือกน้ำซุปได้ 2 ชนิด
4. Ultimate 1398+ / 120 นาที เลือกน้ำซุปได้ 2 ชนิด

- เลือกทานแบบ Premium เลือกน้ำซุปได้คนละ 2 ชนิด
- สั่งอาหารประเภทเนื้อและซีฟู้ด ผ่าน QR code มีหุ่นยนต์มาเสริฟ ได้อาหารเร็วและครบถ้วน อาหารโดยรวมรสชาติอร่อย สด
- อาหารทานเล่น ผัก เส้น ลูกชิ้น น้ำจิ้ม และน้ำดื่มสามารถเดินไปตักได้เองที่เค้าเตอร์บาร์ด้านหน้า
- ของหวานมีไอศครีมแบบตัก แบบเม็ดๆ แพนเค้กทำเอง เยลลี่ และน้ำแข็งไส สามารถไปตักได้เอง
โดยรวมเป็นร้านอาหารที่น่าพึงพอใจ มีโอกาสจะไปใช้บริการซ้ำครับ"
Ci9DQUlRQUNvZENodHljRjlvT2tObFpESTBZbms1V0RoUVRXOUJieTF5VjFOQmFuYxAB,Rhoneal Tellafer,5,NICE CUSTOMER SERVICE FOOD WAS SOO GOOD FRIENDLY STAFF AND ACCOMODATING. GOOD IS SOOOOOOO GOOD! AROI MAK!!!! 🥰🥰🥰
Ci9DQUlRQUNvZENodHljRjlvT210dmJWSkpTazVXTkdWVlVIQTFWbVY2VUVkbWFXYxAB,Mink Ruengpirasiri,4,พนักงานดูแล เอาใจใส่ดี รสชาติอาหารตามมาตรฐาน บรรยากาศร้านไม่วุ่นวายดี
Ci9DQUlRQUNvZENodHljRjlvT25sMVFrNU5VVGxHUmxGZldGUlZZVE5PVkdvMlkwRRAB,Piyaster,5,Tasty and new non buffet set is good.
Ci9DQUlRQUNvZENodHljRjlvT25nNGRDMW9OV3hIUlVoSmNqZHZWMUZ5ZUVKSE1VRRAB,Panalee M.,5,เป็นร้านที่เลิฟมากตั้งแต่เป็นบุฟเฟ่ต์ ตอนนี้มาทำเป็นอะลาคาร์ทด้วย ทำถูกทำถึง ถูกใจคนไม่มีเพื่อนมากค่าาาา 👍🏻
Ci9DQUlRQUNvZENodHljRjlvT2xWWk5XOW5URmRYWVVvd05sSXpiM1JmV25aWFRsRRAB,Bhunaornnicha KIM,5,อาหารอร่อย และไม่แพงค่ะ
Ci9DQUlRQUNvZENodHljRjlvT2pGek9UTklkbFEzVEY5R1dGOUZVR1JqYlRCQ1MwRRAB,Anintita Navalaksana,5,ร้านสะอาด อาหารคุณภาพดีมากค่ะ
Ci9DQUlRQUNvZENodHljRjlvT2xoTGRUVlVNbGhhT0haR01WOVVRbnBsU1ZwSlprRRAB,126_01_ชวศร พรพิบูลย์,5,อร่อย ทำขนมสนุกค่ะ เริ่ดมาก เนื้ออร่อย น้ำซุปแยกหม้ออินโทรเวิด สะอาด มาใช้โปรคุ้มค่า
Ci9DQUlRQUNvZENodHljRjlvT25NMmRIbFhNMjFXYW5Ob1pXSnROR1pFVkU4d1VFRRAB,jatuporn auksornpun,5,คุณภาพอาหารดี สดใหม่ สะอาด คุ้มค่า
Ci9DQUlRQUNvZENodHljRjlvT21zNVRHZEJkbFkxY0UxS2VqRnJVRVpJZG05cFNWRRAB,IamNaZza,5,อาหารอร่อยมาก ถูกใจสุดๆ
Ci9DQUlRQUNvZENodHljRjlvT2s1QlJrVlFhRk5pVFV3MGNXTnFNV3BGTTB4UFIzYxAB,nanthiya sukjaroen,5,อาหารอร่อย คุณภาพดี พนักงานดูแลดีค่ะ
ChdDSUhNMG9nS0VJQ0FnSUN4aWUtWDBBRRAB,Taa Winitar,3,"วัตถุดิบดีสมราคา กุ้งสด  ไม่ได้ว้าวอะไรแต่โดยรวมโอเค ซุปหลากหลาย

พนักงานบริการดี สุภาพค่ะ
ร้านสะอาด"
ChZDSUhNMG9nS0VJQ0FnSUQ5cWRlVlpnEAE,sweetyART,5,"อาหารคุณภาพดี เสิร์ฟไว ของหวานเยอะ
พนักงานบริการดี ยิ้มแย้มแจ่มใส แนะนำค่ะ"
Ci9DQUlRQUNvZENodHljRjlvT21kNVdFbDNTSEZETFc1bVdUWkpNRWh5WkhWek1tYxAB,Panupan Boondaeng,4,🍲 บุฟเฟ่ต์สุดคุ้ม! วัตถุดิบสด ซุปหลากรส ไอศกรีมไม่อั้น คุ้มราคา!
Ci9DQUlRQUNvZENodHljRjlvT21aMllXNVBMVmw1VEc5blJFeGpWM1JoYTBaS2FuYxAB,veepai pai,5,"ไปทานปลาดิบ ปลากระพงขาวแล่บาง และ เซตปลาดิบ มีปลากระพง Akami etc..ปลาสดและอร่อยมากข้าวผัดกระเทียมอร่อยมากๆเซ็นทรัลลาดพร้าวชั้น 4 ครับ
ครั้งที่ 2 ไปทางหัวปลาญี่ปุ่นย่างไฟและต้มซีอิ๊วกับน้ำแตงโมปั่นและเนื้อปลากระพงแล่บางจิ้มน้ำจิ้มพอนสึอร่อยเด็ดขาด"
Ci9DQUlRQUNvZENodHljRjlvT2poZlowOWZkRzVST0RrM1NFSnBPR2hhUkdsSU4xRRAB,Anocha U,4,"ร้านที่มีปลาวันอังคาร กับวันศุกร์ในห้าง
สามารถซื้อเป็นตัว และให้เชฟทำปลาให้
สะดวกดีใน zone ลาดพร้าว รัชโยธิน ร้านปลาดิบที่เลือกทานอันดับต้นๆ
มีสาเก"
ChdDSUhNMG9nS0VKREV5ZnluNnZmOXlRRRAB,ชีวิตเพิ่งเริ่มต้น หลังเกษียณ,5,"ลองHonmono sushi ครั้งแรกที่สาขา Embassy

แล้วคืออร่อย  เลยแวะมากินสาขานี้บ้าง

แต่วันนี้ลองเมนูใหม่ที่เพิ่งขาย คือmini hand roll

และZuwai Kani miso (139฿) ย่างบนเตา

ทานกับข้าวสวยญี่ปุ่น ฟิน มัน นัวมาก ราคาก็ดีเลย

บริการดี มีเมล่อนฉ่ำๆตบท้ายเช่นเคย"
ChZDSUhNMG9nS0VPS3p5TlB6d2I2eE9REAE,Nopphawan P,5,ร้านเปิดใหม่ บรรยากาศดีตกแต่งสวย พนักงานบริการดี เมนูอาหารหลากหลาย ชอบที่สุดคือสลัดปลาเงิน ไปบ่อยทั้งสาขา central world สาขา central ลาดพร้าว
Ci9DQUlRQUNvZENodHljRjlvT2xaTFp6WmxiMGhJTnpONFUxazRWVzlMY0ZOaE9XYxAB,Tey NyLa,5,อร่อยคุณภาพวัตถุดิบดีครับ สมราคา ร้านนั่งสบาย พนักงาน บริการดียิ้มแย้มน่ารัก มีเซอวิสมาย อันนี้ดีมากๆครับ
ChdDSUhNMG9nS0VJQ0FnSURiMnZxTTlBRRAB,Nana Relax,5,"อูนิเซ็ทขนาด50g. Love Love ชอบมากค่ะ
_ไข่หอยเม่น ทานคู่ข้าวปรุงรส และสาหร่าย
ยอมรับเลยว่า รสชาติดีมากๆๆๆ
_แซลมอนสดค่ะ เนื้อนุ่ม ทานกับโชยุ เยี่ยม
_ซูชิ ทำออกมาได้ดีมาก รสชาติดีค่ะ
โดยรวมแล้วชอบมากจริงๆ ถึงจะราคาสูง
แต่ต้องยอมรับว่า คุ้มค่าค่ะ
_ปิดท้ายด้วยเมลอน หวานๆๆ จบมื้อประทับใจค่ะ"
ChdDSUhNMG9nS0VJQ0FnSURyLUpEeWhnRRAB,K,5,อาหารรสชาติดีมากค่ะมี option สำหรับคนไดเอ็ดอยู่ด้วยอาหารสดพนักงานบริการดีบรรยากาศดีเงียบเป็นส่วนตัว อาหารราคาสมเหตุสมผลชอบมากเลยค่ะเค้าน่าจะกลับมาอุดหนุนอีก ประทับใจมากค่ะ
ChZDSUhNMG9nS0VMUHl0czNfMjVIZVJREAE,jaewweaj,4,Great food with fresh ingredients. Many menu of Japanese dishes.
ChdDSUhNMG9nS0VJQ0FnSURwNUw3UndRRRAB,mangdanoi zzz,4,"Impressed with appetizers and desserts.  Appetizers are served with edamame and deep-fried small fish.  While dessert will serve melon,which both taste good

Good service.

qr payment get 15% discount
creditcard get 10% discount

Food prices on the menu do not include vat and service charge.

Menu
Tempura soba:Crispy tempura batter with fresh bouncy shrimp  But I want the soba noodles to have a more chewy texture.  As for the soup, it's slightly salty.
Salmon Creamchees Roll:It's a roll with foie gras, avocado and salmon  with cheese topping.  Ikura is a bit fishy.  general taste
Tamago Yaki:Served still warm and topped with ikura(salmon roe).  The tamago tastes good.but ikura is a bit fishy."
ChdDSUhNMG9nS0VJQ0FnSUR1aE1HczJ3RRAB,Somzaa Babie,4,ซูชิอร่อย   พนักงานน่ารักแนะนำเมนู   วันนี้มีปลาเข้ามาใหม่ สามารถทำ2 เมนูได้   แบบแร่บางจิ้มกับพอนซึ อร่อยดี   แบบต้มซีอิ๊วก็เข้มข้น  ที่ถูกใจสุดๆก็น่าจะเป็นแคนตาลูป  ที่หวานฉ่ำ
ChdDSUhNMG9nS0VJQ0FnSUQyaU9DNHVnRRAB,GoiAbby,4,"ถ้าเทียบซาชิมิกับร้านอื่นๆในเกรดราคาเดียวกันถือว่าหั่นค่อนข้างบาง

เมนูชิราชิก็หั่นบางไปหน่อย  ทานไม่สะใจ  แต่พวกชาบู ข้าวหน้าหมูทอด ราคาสมกับคุณภาพค่ะ

มาจุกก็ตรงเมล่อนแถมท้ายนี่แหละ ชิ้นใหญ่มาก"
ChZDSUhNMG9nS0VJQ0FnSUNYLUlYVE13EAE,Chayanit Dasree,4,อร่อยสุด ๆ จากทุกร้านซูชิที่เคยกินในห้าง บรรยากาศร้านดี บริการดี เมนูหลากหลาย
ChZDSUhNMG9nS0VJQ0FnSUQ3djUyWEl3EAE,Emre Senbabaoglu,2,"The food is okay but the prices are ridiculously high here. The portions are also small.

They get 10 % service charge and 7% VAT. I’ll never go there again. There are more quality and less expensive restaurants."
ChZDSUhNMG9nS0VJQ0FnSUNWN3VPelp3EAE,Penny Penny,5,"A good premium Japanese food.
Fresh ingredient.  A price is a bit high"
ChZDSUhNMG9nS0VJQ0FnSUN1X0tDNkxnEAE,Petong Nawapark Pattarera,5,ปลาดิบถือว่าสดมาก สำหรับคนชอบทานซาซิมิ เป็นอีกทางเลือกสำหรับคนชอบอาหารญี่ปุ่น
ChZDSUhNMG9nS0VJQ0FnSUNoNTVtNU9REAE,Piyapong Ratanakungval,5,"Good Japanese sushi, liked salad and others. Recommended"
ChdDSUhNMG9nS0VJQ0FnSUNMdk9ERnpBRRAB,Angry F,4,อาหารไว รสชาติโอเค มีโปรโมชั่นเซตเมนู พนักงานบริการดี มีความใส่ใจบริการ
ChdDSUhNMG9nS0VJQ0FnSUNPczdUQWxBRRAB,Biih,4,"A bit pricy but quality is great!!
The best Shirauo Salad ever!!!!"
ChdDSUhNMG9nS0VJQ0FnSUNSOHY3SnB3RRAB,Pormoon Lin,4,อาหารสดดีใช้ได้ สั่งเป็นชุดราคากลางๆ
Ci9DQUlRQUNvZENodHljRjlvT2tRelNuQlllVUZzZUZoSWNtdGtUVU5WYzBweVRVRRAB,Pinnada Nok,5,อาหารยังคงคุณภาพดี
ChZDSUhNMG9nS0VJQ0FnSURKaFpqZ1lnEAE,Aritach Chartissarapan,5,อร่อยสุดๆไปเลย อื่นๆถ่ายรูปไม่ทัน
ChdDSUhNMG9nS0VJQ0FnSURIdnNXVThBRRAB,minnie cha,4,"The udon is almost the same (80%) as it used to be
The sushi and salad were great

but the service here is a bit meh for a 10% service charge"
ChZDSUhNMG9nS0VJQ0FnSUREbDR5eVV3EAE,CW,5,เมนูซาชิมิ ปลาดิบทำได้ดี อร่อย บางช่วงจัดมีโปร แพคเกจราคาดีด้วย
ChZDSUhNMG9nS0VJQ0FnSUNqdVlETGFBEAE,Wiriya Supajariyawichai,5,Very good and tasty.
ChZDSUhNMG9nS0VJQ0FnSUNEcnY2eE1nEAE,vincent ryoz,1,อาหารช้า พนักงานเรียกยากมาก ขนาดกดปุ่มเรียกก็แล้ว โบกมือเรียกก็แล้ว เมนูก็ให้มาไม่ครบ
Ci9DQUlRQUNvZENodHljRjlvT2xwTWJsaHlWMVF6WVc1bVYycGlTRnBKUm1wRk5HYxAB,Tomato Ful,5,ชอบมาทานร้านนี้มากกก
ChZDSUhNMG9nS0VJQ0FnSUQtdlBhRkh3EAE,NINE&PEACH,5,"อาหารดีมาก คุณภาพวัตถุดิบดี
สมราคา มีเมนูหลากหลาย
เสิรฟเร็ว แนะนำครับ"
ChdDSUhNMG9nS0VJQ0FnSURCX09MZ3hRRRAB,Bee Bunyasiri,5,Fresh and delicious!
ChdDSUhNMG9nS0VJQ0FnSUNwaHJxNXJ3RRAB,prim Panpilas,1,ลืมเจลไว้ โทรไปบอก พนง เก็บทิ้ง ‼️🙄🙄🙄🙄
ChZDSUhNMG9nS0VJQ0FnSURKbU5UbWFBEAE,John Oden,5,"Fresh ingredients, beautiful presentation and excellent service."
Ci9DQUlRQUNvZENodHljRjlvT2xNNWNEWkNlRW80WTA1cGNrRmFVbEZuYVRZMU1sRRAB,Vincent Lim,5,"Delicious, oishi"
ChZDSUhNMG9nS0VJQ0FnTUN3b2J6bmRnEAE,LookSorn Zaa,5,Good taste
Ci9DQUlRQUNvZENodHljRjlvT21zeU1XOUNjbkF3UkRScGFHcFRkRUpwWTNKMlNXYxAB,Jirada B.,4,"Fresh ingredients, well served and great service"
Ci9DQUlRQUNvZENodHljRjlvT2pkTk1URTNORTB4VXpaM1VXWk1hM2t4YWpObWNXYxAB,Tuy Chanmonypech,4,"Dropping by this restaurant while shopping in Central World. There are varieties of food choices beside the BBQ. They offer a free flow of shredded cabbage, which is my favorite. I liked how they currently offer the mixed-well sauce. The soup is a little bit bland, but it’s okay. The meat is fresh. The price is acceptable. Their fried shrimp also tastes good. The service was alright, though it was a little slow sometimes. But overall it’s worth the price."
Ci9DQUlRQUNvZENodHljRjlvT2t0SFUyaENablZ1UTNGTVVFUnFRMXBDU1VwbVRFRRAB,李志東,4,"This was my very first time trying Thai-style BBQ combined with hotpot, and it turned out to be quite an experience. The restaurant is located inside a shopping mall, with a clean and tidy environment. Hygiene levels were decent, and the overall atmosphere felt comfortable.

When it comes to food, there are plenty of options to choose from. The quality of the meat was surprisingly good—fresh and flavorful. One highlight is their platter set, which I think is perfect for anyone who struggles with decision-making. It includes a good mix of different meats and ingredients, and the price is very affordable.

The garlic fried rice was decent too—fluffy with a nice garlic aroma, topped with crispy garlic chips. Personally, I felt the flavor could be a little stronger, but that’s easily fixed by adding their house-made sauces, which really elevate the taste.

Speaking of sauces, their BBQ dipping sauce is definitely the star of the show—rich, flavorful, and incredibly appetizing. It paired so well with the grilled meat that I just couldn’t stop eating. Over time, the broth beneath the grill absorbed the dripping meat juices and became more flavorful, ending up with a spicy, savory kick that was both comforting and addictive.

Overall, this Thai BBQ & hotpot restaurant offers excellent value for money, with fresh ingredients, generous variety, and their signature sauce that makes the meal unforgettable. It’s a fun and tasty choice, especially if you’re dining with friends or family. If you’ve never tried Thai-style BBQ hotpot, this place is definitely worth a visit."
Ci9DQUlRQUNvZENodHljRjlvT2tkVlgwZHdlR1J3YlZoblRWazVhbmxCYUVnNGJVRRAB,Park Bodhisundara,5,"บาร์บีคิวพลาซ่าสาขาเซ็นทรัลเวิลด์
ทุกอย่างอร่อยได้มาตรฐาน
ที่มาแล้วต้องสั่งทุกครั้งก็คือหมูสามชั้น ปลาร้า เมนูหมูดีทุกอัน
แล้วก็มีผัดกะหล่ำเติมให้ตลอด"
Ci9DQUlRQUNvZENodHljRjlvT2tab09XWkdjR0pyWTBkMmFUZFlTM2x0YTNwcWVWRRAB,Princess Mia,3,ไม่ได้กินบาร์บีก้อนนานแล้ว วันนี้เห็นมี lunch set ราคาไม่แรง เลยมาลองดู ชุดเนื้อราคา 209 บาท มีเนื้อ ข้าวสวย กิมจิ และของกินเล่น (เลือกระหว่างเห็ดเข็มทองทอด หรือเกี๊ยวซ่า) ปริมาณโอเคนะ แต่เนื้อบางมากๆ บางเกิน เวลาย่างแล้วจะกลับด้านแทบกลับไม่ได้ และเนื้อเปล่าๆไม่อร่อยเลย ต่อให้จิ้มน้ำจิ้มแล้ว ต้องเป็นเนื้อหมักหรือเนื้อมิโซะถึงจะมีรสชาติขึ้นหน่อย เลยสั่งสามชั้นหมักมาเพิ่ม จานละ 125 บาท ไม่รู้หมักอะไรแต่ทั้งหมูทั้งน้ำหมักดูแข็งๆจับตัวเป็นก้อน แต่รสชาติดีกว่ากินเนื้อเปล่าๆ สรุปคือประทับใจกับปริมาณของ Lunch set แต่ไม่ประทับใจคุณภาพเลย ส่วนการบริการดีมาก พนักงานสุภาพ ใส่ใจ คอยเติมน้ำเติมกะหล่ำปลีให้
ChdDSUhNMG9nS0VJQ0FnSURmcjRPMnNnRRAB,Jira Tong,5,"Review: 🇹🇭 | 🇬🇧

ส่วนตัวไม่ค่อยได้มากิน BarBGon ที่เซ็นทรัลเวิร์ดบ่อยนัก มารอบนี้พบว่าร้านไม่มีเมนูที่เป็นเล่มกระดาษให้สั่งแล้ว การสั่งอาหารเป็นรูปแบบการแสกน QR code สั่งผ่านไลน์ และชำระเงินผ่านไลน์แทน สำหรับใครที่ไม่เชี่ยวชาญเทคโนโลยี สามารถเรียกขอเล่มเมนูจากน้องๆ พนักงานมาสั่งตามปกติได้เลย

เมนูที่สั่งไปเป็นเมนูของสมาชิก รูปแบบเซ็ตจะแตกต่างจากเมนูของลูกค้าทั่วๆ ไป ชุดที่สั่งเป็นชุดหมู เนื้อ กับเนื้อหมาล่าแบบเผ็ดมาก ถ้าใครเป็นแฟนของบาร์บีก้อนอยู่แล้วก็น่าจะพอรู้รสชาตและคุณภาพของเนื้อของร้านนี้เป็นอย่างดี มากินรอบนี้ได้น้ำจิ้มสุกี้เพิ่มมาอีกถ้วยนึงด้วย ไม่รู้ว่ามีอยู่ในชุดเมนูที่สั่งไปด้วยหรือไม่ ส่วนตัวชอบน้ำจิ้มสุกี้ของที่นี่มากรสชาตกลมกล่อมกำลังดี หอมผักชีมากๆ

ในส่วนของเนื้อหมาล่า สำหรับเราถึงว่าไม่เผ็ดเลย คิดว่าถ้าร้านมีผงหมาล่าให้ปรุงเพิ่มเองก็จะดีมากเลย ส่วนผักกะหล่ำก็ยังคงเติมได้เรื่อยๆ เหมือนเดิม

พนักงานสาขานี้บริการดี คอยเติมน้ำ เติมกะหล่ำให้โดยที่ไม่ต้องร้องขอ

โดยรวมแล้วค่อนข้างประทับใจร้านนี้ อาหารคุณภาพคงที่ ราคาไม่แพง พนักงานบริการดี

=============

I don't visit BarBGon at CentralWorld very often, but this time I noticed they’ve switched to a QR code system for ordering. Customers now scan the QR code, place orders through LINE, and make payments via the app. For those who aren't tech-savvy, you can still request a physical menu from the staff to order as usual.

This visit, I ordered a member-exclusive set menu, which differs from the regular options. The set included pork, beef, and spicy mala beef. Fans of BarBGon will already know the quality and taste of the meats served here. As a bonus, I received an extra bowl of sukiyaki sauce, which I love for its balanced flavor and refreshing hint of coriander.

As for the mala beef, I personally found it not very spicy. It would be great if the restaurant provided extra mala seasoning for customization. On the bright side, cabbage refills are still unlimited as always!

The staff at this branch offered excellent service, consistently refilling drinks and cabbage without needing to be asked.

Overall, I was impressed with the consistent food quality, affordable prices, and outstanding service. A must-visit for BBQ lovers!

📍 Highlights:
- QR code ordering system, but physical menus are available on request
- Member-exclusive set menus offer unique choices
- Unlimited cabbage refills and flavorful sukiyaki sauce
- Friendly and attentive staff"
ChdDSUhNMG9nS0VPajMzSS1uME9LNy1RRRAB,Huỳnh Công Hiển,5,"You can find this restaurant anywhere in any mall. This franchise has never failed me. The taste is superb. Pork is always so tender and great seasoning, especially the marinated sesame pork. That is a must try. The beef is always fresh. The marinated chicken is also a big plus. I have never been a fan of seafood so I didn’t order any, but I heard people said they were really fresh. I have been to this place 2 or 3 times in every trip to Bangkok and this is my 3td trip, so you do the math."
Ci9DQUlRQUNvZENodHljRjlvT2tKclFVUldaVmxKUjBGRVduTnVURmhrVW1SS1QzYxAB,TTT,4,"Great place to have a meal. With loads of cabbage and their speciality chili sauce.
Service was great and prompt. Didn’t take long for the food to be served after placing our order."
ChdDSUhNMG9nS0VJQ0FnSURmZ1B2SDlnRRAB,Origami,4,"BarBQ Plaza สาขา Central World

เป็นหนึ่งในร้านหมูที่ทุกคนที่ทานจะนึกถึงน้ำจิ้มเป็นหลักเพราะไม่เหมือนเจ้าไหนๆในตลาด ด้วยความเข้มข้น และ รสชาติเฉพาะหาทานที่ไหนไม่ได้ รสแนวเต้าเจี๊ยว นัวๆ

จุดเด่นเลย คือ น้ำจิ้ม พริก กระเทียม น้ำมะนาว เติมได้ไม่อั้น กะหล่ำปลีฝอยฟรี เติมได้ไม่อั้นเช่นกัน

ในแต่ละฤดูกาลจะมีจัดชุดโปรโมชั่น ในตอนนี้จะเป็นชุดสุขเลือกได้ สามารถทานได้ประมาณ 3-4 คน ราคาชุดละ 999.- มีจานหลักเนื้อเลือกได้ 3 อย่าง จานเสริม 3 จาน เครื่องเคียง 2 ที่ ของทานเล่น 2 ที่ เครื่องดื่มรีฟิล 2 แก้ว และ ของหวานไอศกรีม 2 ที่

ชุดสุขเลือกได้ (999.-) เป็นเซตที่ได้เยอะคุ้มค่า ที่ร้านไม่มี ServiceCharge ด้วย ตัวน้ำจิ้มรสเข้มข้น เต้าเจี๊ยวนัวๆ เข้ากับพริกกระเทียม น้ำมะนาวได้ดี เซตนี้คุ้มค่าสุดๆทานแล้วอิ่มปริมาณมากๆ"
ChZDSUhNMG9nS0VJQ0FnTUNRLVlEWkJBEAE,วันจันทร์ ที่ผ่านมา,5,"บาบิกอน เซนทรัลเวิร์ด
ร้านไม่ใหญ่ขนาดกลางโต๊ะไม่เยอะแต่บริการดี
สะอาด บริการไว อาหารสด สะอาดดี
ปิ้งย่าง สะดวกกิน น้ำจิ้มเอกลักษณ์
พริกกระเทียม น้ำจิ้มอยู่บนโต๊ะเติมเองสะดวกดี

สีสดใส อาหารใหม่ อร่อยตามปกติ

รสชาติ🌟🌟🌟🌟
คุณภาพ🌟🌟🌟🌟
บริการ🌟🌟🌟🌟
ความสะอาด🌟🌟🌟🌟
ความสะดวก🌟🌟🌟🌟

*☺️☺️*เป็นความคิดเห็นตามความชอบส่วนบุคคล รสนิยม ประสบการณ์ ทิฐิ และจริต นะจ๊ะจ่ายเงินกินเอง เราก็วิจารณ์และติชมตามจริงที่ได้กินได้เจอมาในวันเวลาที่ได้เข้าไปกิน ดีก็ว่าไปตามดี แย่ก็ว่าไปตามนั้น อยากเห็นคำติชมเป็นการแก้ไข ปรับปรุง เพื่อให้ดีขึ้นไปมากกว่าการโกรธเกลียดสาปแช่งเรา แล้วก็ขออโหสิกรรมกันตรงนี้เลยนะจ๊ะ☺️😊**"
ChZDSUhNMG9nS0VPN1hsLUxiME8yZFZ3EAE,Serene Teo,4,Meat just ok. Soup very blend. But still a nice dinner. A little pricey. Free flow cabbage.
ChdDSUhNMG9nS0VJQ0FnSURYeDhQYzZRRRAB,Reuben Cheng,5,"Had a very yummy dinner and its a reasonable price. We had 4 plates of meat, a vegetable plate and a drink refill. The meat were well marinated and tender. Goes well with the sauce they provided. Cabbage and drink refill were marvellous..we had about 4 refills of the cabbage and drink. The service was good as the staff walk around and help with the refills once they noticed the bowl or glass is empty. Nice dinner 😃"
Ci9DQUlRQUNvZENodHljRjlvT21sSlZIWXpjemxFT0d0NU5Ua3RiR1IwV21kR2JXYxAB,Savannah Anderson,3,The shop closes at 10pm. But the staff stop you from ordering anything past 9:15pm and make you pay your bill 45minutes before they close. They rush you along and none of them smile. They also don’t replace the grill at all.
Ci9DQUlRQUNvZENodHljRjlvT2pOb1dpMWhTREJZVG5kbU5uRTNZVnBDV0RaMFNIYxAB,KINGKAEW MUAMTHALA,1,"วันที่ 11/11/25 เข้าใช้บริการ Bar B Q Plaza สาขาเซ็นทรัลเวิลด์
ช่วงเวลาประมาณ 20.47 น.คือเรากับเพื่อน ไปถึงร้านไม่พบพนักงานยืนหน้าร้านแต่น้องพนักงานที่อยู่ด้านในร้านเห็นแต่ไม่ได้เข้ามาแจ้งอะไร ก่อนจะเข้าไปที่ร้านมีการโทรสอบถามเรื่องคิวทางสาขาเรียบร้อยค่ะ พี่พนักงานแจ้งว่าคิวว่างเข้าได้เลย แต่เมื่อไปถึงหน้าร้านไม่มีน้องมาแจ้งอะไร ยื่นรอหน้าร้านสักพักมีพี่พนักงานผู้ชายเดินผ่านมา จึงได้เข้าไปนั่งข้างใน ระหว่างที่อยู่ในร้านน้องก็มาบริการตามปกติ แต่ก่อนกลับคือเรารีบทานเพราะเข้าใจว่าช่วงใกล้พนักงานเลิกงาน พอทานเรียบร้อย กระทะที่ย่างมีกลิ่นไหม้หลังรับประทานเรียบร้อยแล้ว มีน้องพนักงานผู้หญิงใส่ชุดนักศึกษาพูดกับเพื่อนว่า:ได้กลิ่นอะไรมั้ย ไหม้ๆ ซึ่งช่วงเวลานั้นน้องพูดใกล้กับโต๊ะที่นั่งอยู่และพูดเดินผ่านไป เราจึงแจ้งกับน้องพนักงานว่าปิดเตาได้เลยค่ะ น้องๆกลุ่มนั้นได้พูดขึ้นมาอีกว่าจมูกดีจังประมาณว่าคุยกันกับเพื่อน รู้สึกไม่ประทับใจกับการบริการในครั้งนี้มากๆ ปกติเป็นคนชอบทานอาหารที่ร้านสาขาอื่นๆมาบ้าง ร้านอื่นๆในเซ็นทรัล แต่ยังไม่เคยเจอพนักงานบริการแบบนี้ ซึ่งทำให้ทานอาหารมื้อนั้นกับเพื่อนค่อนข้างรู้สึกแย่และเฟลมากๆ ฝากปรับปรุงพนักงานที่สาขานี้หน่อยนะคะ จากใจลูกค้าค่ะ"
ChdDSUhNMG9nS0VJQ0FnSURtX096WGtnRRAB,Kunkrerk kwanjangwat,3,"Taste and price are standard.

But service is lower than standard, especially after covid-19 pandemic situation. We feel staff is quite less than before, then everyone is very busy all the time.

There is no staff to get and run the queue in front of the restaurant, many customers waiting in front for 5-10 minutes. Most of them, including us, have to walk in side and choose available tables by ourselves.

Customers come more and more, maybe restaurant should consider to increase some staff."
ChdDSUhNMG9nS0VJQ0FnSURMbjRibjlnRRAB,U R,4,มีที่นั่งให้เยอะ ไม่ต้องรอคิวนาน พนักงานให้บริการดี กะหล่ำหมด ก็เติมให้เร็วตลอด แต่รู้สึกปริมาณลดลงเยอะมาก อาจจะเพราะวัตถุดิบแพงขึ้น
ChZDSUhNMG9nS0VJQ0FnSURac3QyM1FREAE,a r t s @ t i t a t a r n,3,ทานมานาน เราว่าน้ำจิ้มไม่อร่อยเท่าเดิม คนไม่เยอะเท่าเมื่อก่อน .... สบายชิว คนเยอะแค่ช่วงมีบุฟเฟ่ต์เท่านั้น 😁😁😁 เราสั่งชุดประจำคือครอบครัวหมู 🐷🐷🐷 มันรวมพวก seafood มานิดหน่อย กุ้ง ปลาหมึก salmon แต่ที่สุดยอดของที่นี่คือ เบคอน ย่างเกรียมๆ คือที่สุด
ChdDSUhNMG9nS0VJQ0FnSUNXek95VG5nRRAB,charat thangwongchuket,5,ไม่ได้มาทาน บาร์บีคิวพลาซ่า นานละ เพราะผิดใจเรื่องบัตรสมาชิก แต่ครั้งนี้ลูกอยากทานจึงพามาทาน บริการก็ ok อยู่ ชอบตรงมีนักเรียนพาสทามมาทำ เป็นการสร้างรายได้ให้น้องๆ อาหารยัง qc เหมือนเดิม มีน้ำแบบ refill แล้ว ลิปตันหรือโค้ก 49 บาท ชา หรือ เก็กฮวย กระเจี๊ยบ 55 บาท ใน rate ราคาเดียวกันเปลี่ยนน้ำได้
ChdDSUhNMG9nS0VJQ0FnSUQyc0lXdC1BRRAB,Thongjan Kongyuk,4,อร่อยเหมือนทุกๆครั้งที่กิน ไม่มีคิว ก่อนโควิดรอคิวเป็นชั่วโมง ตอนนี้ไม่ต้องรอคิว เข้ามากินได้เลย ช่วงนี้สมัครสมาชิกฟรี เมื่อสั่งเต็มเตาทะเล เต็มเตาหมู เต็มเตาเนื้อราคา 600 กว่าบาท..
Ci9DQUlRQUNvZENodHljRjlvT2xaSk1VcGtVMEZhU2prNFl6aDZkMmt6VlZSaWVsRRAB,Pongpichai Ratchadanuwat,5,อร่ยเหมือนเดิม พนักงานเติมกะหล่ำ และน้ำรีฟิลช้ากว่าสาขาอื่น
ChdDSUhNMG9nS0VJQ0FnSURlLTZqeDB3RRAB,moo view,4,เข้าไปตอนหัวค่ำคนยังไม่เยอะนั่งๆไปสักพักคนเต็มร้านทุกโต๊ะเลย ถือว่าบริการดี แต่อยากให้พนักงานฝึกยิ้มมากก่านี้อะคะขอหักความหน้าบึ้ง
ChZDSUhNMG9nS0VJQ0FnSURzM0lXMFJ3EAE,Thana S,3,"Its a chain that has been around for a very long time. Its either love or hate it for most people. My wife loves it, especially the bacon. I don’t like it; sauce is way too sweet, oil spill everywhere because of the shape of the grill."
ChZDSUhNMG9nS0VJQ0FnSUNuOVA3R2FBEAE,Ly Ka,5,"The meat is tender and delicious, I especially appreciate the sauce here. The staff is polite and supportive even though other restaurants are crowded"
ChZDSUhNMG9nS0VJQ0FnSUQ3NS1idE5BEAE,Nataliawtajlandii,5,"It is a great place for a meal with a larger group. In the middle, there is a grill with soup. You can eat, discuss and have nice time together. We choose sets or individual portions from the menu. Most drinks are refill the same as cabbage. The staff is always nice, polite, and ready to help."
Ci9DQUlRQUNvZENodHljRjlvT201VGEwUkdWbmR1VTJNd2VtSnBSVVpTWXpWMWJuYxAB,James Martin,5,"Ah, my first Mookata in Bangkok - I was worried on what people say about getting hot and after you eat you’ll smell like your food, lol - not this place. This restaurant is well air conditioned and the vents on the grill is excellent… Good value for the money and the food was great (just make sure you have someone that knows Mookata with you). The wait staff always quick to clear our tables of the used plates and always nearby for quick tips on cooking ❤️… 5⭐️ experience all around ☺️👍"
Ci9DQUlRQUNvZENodHljRjlvT2s1SmRGb3laRTA0ZDAxWWVsazBWa3N4TFdreFFrRRAB,KAI-THONG,5,อร่อยพนักงานบริการดีครับผม
ChdDSUhNMG9nS0VJQ0FnSUNtbC1XcnRnRRAB,** PYMN **,4,"The food definitely meets its standards. However, there are not enough staffs (even on weekdays). If you require anything, you need to keep calling the staffs for so many times until ypu get the response."
ChdDSUhNMG9nS0VJQ0FnSUNyd1BIcHB3RRAB,Isabella Tan,5,"Wonderful place to have Mookata. The set menu was worthwhile and the service was efficient. Servers were attentive to top up drinks, soup and condiments. The sliced fish was fresh!"
Ci9DQUlRQUNvZENodHljRjlvT25WWmNESXRZbVJOTlVaaVNIazFSM0ZCV0dGNmJVRRAB,K’ B’.R,4,"Thailand food style Live cooking
good concept and lot of meat varieties"
ChdDSUhNMG9nS0VJQ0FnSURwLWJERzl3RRAB,Boh Yong Lim,1,Writing this as I’m having the food. Soup tastes like bland water and the meat really ain’t great at all. Extremely disappointing can’t believe this will be my last meal in Bangkok after all the good food I’ve had here.
ChZDSUhNMG9nS0VJQ0FnSURPcmR6OER3EAE,MEE KKE,5,"ไม่ได้ทานมานานมากๆ แวะสาขาเซ็นทรัลเวิร์ด กดจองในแอปคิวคิวไม่ได้ ต้องไปจองหน้าร้าน ประมาณ 6 โมง คนเต็มร้าน รอ 2 คิว ไม่นานมาก

สั่งเซตเกาหลีเรดซัน 799.- ไป ทาน 2 คนนึกว่าจะไม่หมด แต่ก็หมดแฮะ

ที่ชอบสุดก็แซลม่อนดองโปะข้าวห่อสาหร่ายหยอดน้ำจิ้มซีฟู๊ดคือดีงามที่สุด"
ChdDSUhNMG9nS0VJQ0FnSURsbTQ3dWd3RRAB,Bangkok Stray dog,5,"Family restaurant, good vibe and yummy food. The dipping sauce is like no other. Free unlimited cabbage...and I came here only for the boiled cabbage 🤣 the bbq pork was just a side dish."
ChdDSUhNMG9nS0VJQ0FnSUROMHR2WnNBRRAB,Thongchai poonyaarpa,5,รสชาติอร่อยมาก บริการดี มีโต๊ะนั่งมากมาย
ChZDSUhNMG9nS0VJQ0FnSUNndmRtbUtBEAE,Petch T. Netthip,5,สำหรับใครที่มาหลัง 30 มิ.ย. ขอแสดงความเสียใจ โปรบุฟเฟต์หมดแล้วนะจ๊ะ เนื้อเค้างานดีมากกกกกกกก
ChdDSUhNMG9nS0VJQ0FnSUN3MDlMUnpRRRAB,Aey Angel,3,"Value beef set share 2 persons , free flow shredded cabbage. Once again back for saver pork set in October  2020"
ChdDSUhNMG9nS0VJQ0FnSUNNdGU2YTBBRRAB,Amos Hoe,4,Busy busy restaurant. Food was not expensive and it was a fun experience for the family. Seating was generous and service was friendly. Only problem we had was the staff spoke very very limited English. So we ended up pointing to our orders.
ChdDSUhNMG9nS0VJQ0FnSUNsNUpLZnlRRRAB,Sufilda Joe,4,Delicious food and quick service at Bar B Q Plaza made for a wonderful dining experience. Highly recommend!
ChZDSUhNMG9nS0VJQ0FnSURRdzQyR0p3EAE,Adrain C,4,"Prefer the outlets with the 'black pan', the meats are cook more uniform and smells and taste better. Killer sauce. Make sure yr piece of lard is at the centre of 'attention'"
ChZDSUhNMG9nS0VJQ0FnSURCbHBLVE5BEAE,SK Katair,5,พนักงานบริการดีมากค่ะ บริการรวดเร็ว ยิ้มแย้ม ชอบการบริการและอาหารมากๆค่ะ
ChdDSUhNMG9nS0VJQ0FnSURENElHbTRRRRAB,Naruphon W.,5,พนักงานให้บริการดี แนะนำโปรโมชั่น และอธิบายรายละเอียดดี มีการ takecare ลูกค้าทันที เมื่อเจอปัญหา
Ci9DQUlRQUNvZENodHljRjlvT21GMlFtbGxPQzFmYUc1WGNTMXpTMkpFZFRaTWJGRRAB,Nattpong Cook,3,พนักงานดูโคตรงง หิวก็หิวให้นั่งรอประมาณ 10 นาที ไม่มีอะไรมาเสิร์ฟ
ChdDSUhNMG9nS0VJQ0FnSUNJX0o3SjR3RRAB,Lyn Ong,4,Nice place for BBQ (Mookata). There is a variety of meats and you can find promo price items on weekday. We had pork and beef and it cost less than 800 baht for both meats.
ChdDSUhNMG9nS0VJQ0FnSUNnLWJmRGx3RRAB,Tianyao Liu,3,It was average. The salt egg sauce is overrated. The price is affordable and the service are good.
ChZDSUhNMG9nS0VJQ0FnSUNRNjhxbmV3EAE,SD Surakit,3,Bar-B-Q Plaza สาขานี้ คนจะแน่นๆหน่อย ส่วนใหญ่เป็นพนักงานออฟฟิศมาทานกันหลังเลิกงาน แนะนำสั่งชุด member ถ้ามีบัตรสมาชิก จะคุ้มมากๆ ควรมา3คนขึ้นไป เพราะทาน2คนจะอิ่มมากไปนิดนึง
ChZDSUhNMG9nS0VJQ0FnTUNnLTZtcFNREAE,Justin Seegets,2,"The food was very good and fresh but the service was very rude and confusing.
During our meal we were interrupted and asked to pay the bill at the cashier. While we did that our food, which we were still going to eat, was removed from our table and they cleaned it up. I have no understanding how this could happen. We were clearly not finished eating since we just ordered new drinks.
My friend and I were very disappointed. I will not visit again."
ChZDSUhNMG9nS0VJQ0FnSUNBck9QUkFnEAE,Annisa Septia,4,"Beef is taste good but I don't really like the soup because it taste bland, need more salt fot soup."
ChdDSUhNMG9nS0VJQ0FnSURZNkpYSjJRRRAB,Wilson Tan,4,Decently priced and yummy. 700+baht for 2 would be sufficient for a heavy meal. Will go again when in bkk.
Ci9DQUlRQUNvZENodHljRjlvT25KQlRVZHllalkyUTNwTVZrTkNMVVpKTmpSUVVFRRAB,Yameera Inban,1,สาขานี้พนักงานมารยาทแย่มาก พูดจาไม่ดี ทำเสียงกระแทก 👎🏻👎🏻👎🏻👎🏻 …
ChdDSUhNMG9nS0VJQ0FnSUN3XzZmRXJ3RRAB,Sixx Lim,3,"The meats here are NOT marinated, the meat is off tone too. 280+ baht for each tray of value meat. Only condiments they have is a special miso sauce, diced green chillies n diced garlic. We ordered a second plate of value beef and it was also off toned too, it is pretty popular with locals"
ChZDSUhNMG9nS0VJQ0FnSUNseHNfSEVBEAE,J Li,4,"อาหาร บริการ ถูกต้องทุกอย่าง
แต่เปิดเพลงเหมือนอยู่ร้านหมูกะทะที่ตลาดนัด!"
Ci9DQUlRQUNvZENodHljRjlvT25FMmRIRnBlWEZqZWpsNlMxRnRTRUpxVTFZdFlYYxAB,Jeab On-Anong,5,ไปทุกครั้งประทับใจทุกครั้ง การบริการดี รายการอาหารหลากหลาย
ChdDSUhNMG9nS0VJQ0FnSUNaaV96ZnJ3RRAB,Onanong UOK,4,เนื้อสไลค์ย่างง่ายๆร้อนๆพร้อมน้ำจิ้มก็อร่อยแล้ว
ChZDSUhNMG9nS0VJQ0FnSUREdHFYZGFnEAE,Airin S.,5,ต้องรอคิวถ้ามาช่วงเย็น พนักงานบริการดีมาก เดินเสิร์ฟตลอดเวลาแม้พนักงานจะน้อยแต่รอไม่นาน เซตคุ้มราคาดี ยำรสจัดจ้าน เครื่องดื่มรสชาติหวานถึงหวานมาก ควรปรับปรุงเรื่องนี้
ChZDSUhNMG9nS0VJQ0FnSUN3dHJ6X0Z3EAE,Tan Ee Fhong,1,"expect to fork out abit more money for food you cook yourself

oh and cabbage is refillable!"
ChZDSUhNMG9nS0VNaVc3cDNEcE1TRVh3EAE,โสธร โกมลชลมาศ,5,ลืมของได้คืน ขอบคุณมากๆครับ🫰👍
Ci9DQUlRQUNvZENodHljRjlvT204NVJtTkxaVTFsTldKclFYVkRaVVo2YkRSaE9FRRAB,หมูทอด มีมี่,5,พาลูกๆไปกิน ประจำ ค่ะ เนื้อหมู ดี นุ่ม บาง
ChdDSUhNMG9nS0VJQ0FnSUNkLUw3d3pBRRAB,Aimie U.,5,น้ำจิ้มอร่อย พนักงานน่ารัก ราคาไม่แพง
ChdDSUhNMG9nS0VJQ0FnSURTbHZiemxBRRAB,Lollipopz,1,พนักงานในร้านบริการแย่มาก ไม่มีมารยาท พูดจาไม่สุภาพกับลูกค้า เป็นครั้งแรกที่เจอการบริการแบบนี้ สั่งข้าวผัดกระเทียมมาข้าวก็ไม่สุก พอแจ้งก็รอนานมากกว่าจะเอามาเปลี่ยนให้ แล้วก็ดิบเหมือนเดิมด้วย ซึ่งถ้าลูกค้าทานไปแล้วปวดท้องใครจะรับผิดชอบ ส่วนน้ำรีฟีลก็ไม่เติมให้ต้องคอยบอกเอง พอคิดเงินเราจ่ายบัตรเครดิต ก็เอาบัตรเครดิตเราไปวางไว้ที่เคาน์เตอร์แต่ไม่คิดเงิน แล้วพอเรารอนานเราก็เลยไปถามปรากฎว่าพนักงานพูดจาแย่มาก แสดงกิริยาอาการเหมือนไม่พอใจลูกค้าซึ่งไม่รู้ว่าเพราะอะไรแต่เราเป็นลูกค้าควรจะบริการเราดีกว่านี้นะคะ ถ้าใครหยิบบัตรลูกค้าไปจะทำยังไง คือพนักงานร้านนี้เหวี่ยงหนักมาก หน้าตาไม่ยิ้มแย้มเลย
ChZDSUhNMG9nS0VJQ0FnSUN1bnNMckZBEAE,แม่ละเมียดฟาร์มสเตย์,5,"เปิดประสบการณ์ในการกินและโดนปรับครั้งแรกค่ะ ทุกอย่างดีหมดค่ะ แต่เนื่องจากเราไม่รู้ขนาดของของที่สั่ง จึงทำให้ 1.กินไม่ทัน 2.อิ่ม อย่างเช่นวันนี้มากัน 3 คน เราก็สั่งไซ้ M,L รายการละ3 ชุด(คนละชุด) ซึ่งของที่ได้มามันเยอะกว่าที่คิดมาก  แต่ไม่เป็นไรค่ะรอบหน้าก็จะยังไปกินอยู่แต่จะลองสั่งสักเซทเดียวก่อน ขอบคุณโปรดีดีนะคะ"
ChdDSUhNMG9nS0VJQ0FnSUQtXzdhZjBnRRAB,Minh Nguyen,5,Loved the smiling face fishcake 3 years ago. Just wonder you guys still have it going in the menu:)
ChdDSUhNMG9nS0VJQ0FnSURib3BYam1BRRAB,HLA MOE,4,Bar.B.Q Plaza @ Centarl World
ChdDSUhNMG9nS0VJQ0FnTUNRaU1EdXJnRRAB,Daily diary,5,อาหารดี ให้เยอะมาก  พนักงานบริการดีมากค่ะ ดูแลทั่วถึง คอยดูลูกค้าอยู่ตลอดๆ
ChZDSUhNMG9nS0VJQ0FnSURDNjh6MEtnEAE,Suttaporn Khotwichian,5,มีบุฟเฟ่ต์เมื่อไหร่คือต้องจัด อิ่มคุ้มอร่อยสุดดดดดดด
ChZDSUhNMG9nS0VJQ0FnSUMybjlfTVJBEAE,krapalm krapalm,5,สาขานี้บริการดี มีหุ่นยนต์เดินไปมา ไม่รับเงินสดนะ
ChZDSUhNMG9nS0VJQ0FnSUNpODlleUNnEAE,Ananya Krommaung,5,"อิ่ม หมด เกลี้ยง ไม่เหลือ
มีแต่ความอร่อย👍👍👍 …"
ChZDSUhNMG9nS0VJQ0FnSUNocnNPYUpnEAE,Nattaporn Kangsawiwat,4,"อร่อยตามมาตรฐาน

นั่งโต๊ะใหญ่ 2 เตา
เวลาเติมกะหล่ำเลยมี 2 จาน แต่พอพนง.เอาไปเติม ได้คืนกลับมาจานเดียวซะงั้น เป็นแบบนี้ 2 ที"
ChZDSUhNMG9nS0VJQ0FnSUN0MmNpUGJBEAE,Koh Soo Poh,4,"Ordinary bbq/steamboat restaurant in Central world. Service is very good, food is average though variety is there. Prices is reasonable. More for the locals than tourists."
ChdDSUhNMG9nS0VJQ0FnSUQ2ejkyNDdnRRAB,siripoldee,5,"ช่วงโควิท พนักงาน น้อย , โดยเฉพาะ ช่วงวันหยุด ลูกค้า แน่น ร้าน  แต่ พนักงาน ถึงแม้จะเหนื่อย แต่ บริการ โดยไม่แสดงออก ถึงความเหนื่อย,  ความสะอาด ก็ไม่ลด ความอร่อย ยังเหมือนเดิม ,ขอบใจ จริงๆ , ผู้บริหารควร ให้รางวัลพิเศษ ปลอบใจ ด้วย"
ChdDSUhNMG9nS0VJQ0FnSUNvN2VPNy13RRAB,jinjane,1,พนักงานต้อนรับหน้าร้านแย่มาก ไม่ทักทายลูกค้า เข้าใจนะว่าลูกค้าเยอะ แต่พอไปถามว่ามีที่ว่างไหม ทำหน้าไม่พอใจบอกต้องรอคิวอ่ะค่ะ อะจ้าใครจะไปไม่แนะนำค่ะ เสียความรู้สึกสุดๆ
ChdDSUhNMG9nS0VJQ0FnSUQyZ01HU2h3RRAB,Orawan Jindarat,5,เป็นที่เก่าแก่ ทานตั้งแต่เริ่มเปิดร้านวันแรกเลยค่ะ แต่ พนง.รุ่นเก่าไม่เหลือแล้ว แต่ยังคงมี พนง.รุ่นที่ไม่ได้บุกเบิก คือ ยุคแรก หลายคนอยู่ ราคาแพงขึ้นทุกรายการ ยังประทับใจ พนง.ค่ะ แต่ขอติตรง มะนาว เปรี้ยวเกินไป กลิ่นและรสชาติบอกได้เลยค่ะ คืออะไร  เพราะเป็นคนทานมะนาว (ของสด ของแท้) มาตลอด เสียรสชสติดั้งเดิมไปเลย
ChdDSUhNMG9nS0VJQ0FnSUNCalo3NjdRRRAB,cin ss,2,เนื้อสไลด์ อยากทราบว่าลองเช็คคุณภาพ ลองปิ้งกินไหมคะ ว่าเนื้อระดับคนกินได้ หรือ สัตว์กินได้ ด้วยฟันคนปกติ ที่ยังอายุหนุ่มสาว กินแล้วคายทิ้งค่ะ นึกว่าหนังกระติ๊ก รบกวนตรวจสอบความเหนียวของเนื้อสไลด์ และส่วนที่นำมาทำเป็นเนื้อสไลด์นะคะ รับประทานไม่ได้จริงค่ะ
ChZDSUhNMG9nS0VJQ0FnSUQ2OXJuVVZnEAE,Draft Reviews,4,"เข้าไปใช้บริการตอนบุฟเฟต์

ห้างเปิด11.00น

ไปถึงเวลา11.00น คนเต็มร้านแล้ว

อาหารอร่อยดีครับ  แต่การบริการตกหล่นไปบ้าง

สั่งอาหาร รอเกิน20นาที  เพราะพนักงานลืม"
ChZDSUhNMG9nS0VJQ0FnSURpMnZXbEZnEAE,บุญชัย แต้กิจพัฒนา,4,ลูกค้าเยอะมาก มีโปรโมชั่นหลากหลาย สมัครสมาชิกแล้วสามารถใช้เป็นส่วนลดได้ทันที มันเป็นอะไรที่เยี่ยมยอดมาก ไม่เหมือนค่ายสุกี้ พนักงานงานเสริฟและต้อนรับให้บริการที่ดีเยี่ยม
ChdDSUhNMG9nS0VJQ0FnSUNtM2JDM2lBRRAB,GIFT Wipatsaya Rujiwiphat,5,สะอาด อิ่มคุ้มมาก ชุด999 แบบจุกๆไปเลย
ChZDSUhNMG9nS0VJQ0FnSURKd0xIQ0tREAE,Yayjae,4,พนักงานคุยกัน ที่นั่งแคบมาก
ChdDSUhNMG9nS0VJQ0FnSURPdHNfTXRRRRAB,Sheng,5,Lovely staff and great meat
ChZDSUhNMG9nS0VJQ0FnSURydUozRkN3EAE,Macaroni “GenZ” Reviews,5,"Long wait but worth it, getting a queue ticket is a must"
ChZDSUhNMG9nS0VJQ0FnSURna0lTMEVREAE,Naruewan Tangkijtanongsak,4,"ร้านอาหารประจำครอบครัว
สามารถมารับประทานได้ทุกโอกาส
พนักงานบริการดี แต่ถ้าคนเยอะก็บริการช้าบ้างเป็นบางที
อาหารอร่อย"
ChdDSUhNMG9nS0VJQ0FnSURna2NlNTF3RRAB,Bart Lee,3,Not the best or highest value of bbq have ever had. Beef or pork is in ok quality
ChdDSUhNMG9nS0VJQ0FnSUN3cWRDb213RRAB,D C,1,"First time here. I'd not recommend this not worth. 1st if u choose the buffet u will be bound by 90min of eating time. 2nd, all menu in Thai and if don't know anything u will be wasting your $. 3rd, if u go in group better split becos u are given one BBQ pit even if u go with 4 or 5 person. The BBQ time damned slow. I lost my taste after knowing this. So pls if u read this, if u choose the ala carte better than buffet... my  msg to u..."
ChZDSUhNMG9nS0VJQ0FnSUN3NU56X1dnEAE,Attavut Saiyasombut (Tony),5,"Great bbq restaurant, good value, very nice black pork (Kurobuta). The queue here is around 30 mins if you go during lunch/dinner time. Good for family and friends, has a big 8 person table. Both pork and beef is served here and some already cooked food also served here."
ChZDSUhNMG9nS0VJQ0FnSUNTcUs2aEZ3EAE,Nuchanard Laeidtanakit,5,ได้คูปองจาก ptt blue card เลยไปใช้เสียหน่อย สั่ง พิเศษหมู อร่อยดีคะ ผักได้ไม่อั้น อย่าลืม นะคะ สั่วชาร้อน เติมไดเไม่อั้นด้วยแหละ
ChZDSUhNMG9nS0VJQ0FnSUQwc2Y2QlhnEAE,Jack Oh,5,"The Mookata was Yam n Reasonably priced, is worth n must try!"
ChZDSUhNMG9nS0VJQ0FnSURoNExPN0l3EAE,Jes Kang,1,"No thought through process of the pricing. Member and non member price when member is free of charge joining but need a thai number. For tourists without thai mobile number be prepared to pay a much higher price ,DISCRIMINATION against tourists. NEVER RETURN AGAIN."
ChdDSUhNMG9nS0VJQ0FnSUN5cV9QQ3lRRRAB,Johan Tiesinga,4,"Great place to self grill your food. Plenty of meats to choose from and not that expensive.
The chains I've been too have a recurring issue that most of their vegetables are out of stock."
ChZDSUhNMG9nS0VJQ0FnSUNSN2ZHUVBREAE,Alices Milkroll,4,อร่อยเหมือนเช่นเคย ช่วงนี้บุฟเฟ่ คนเยอะ 70คิว รอ 2 ชม.
ChZDSUhNMG9nS0VJQ0FnSUNJOWJHdkZnEAE,DOUBLE RATTARAT CHANNEL,4,"บาบีคิว พลาซ่า ทุกครั้งที่เดินห้างใกล้เวลาอาหารเที่ยง
ก็จะนึกถึงโปรฯชุดอร่อยๆราคาย่อมเยาว์
มีบัตร สมาชิกอยู่แล้ว ไม่ต้องรอ ได้เวลาอิ่มท้องกัน"
ChdDSUhNMG9nS0VJQ0FnSUNHZ2Zhd2d3RRAB,Nuttawan Duangdee,1,ช้ามากกับออเดอร์ที่สั่งสั่งอย่างได้อีกอย่างแคชเชียร์งงกับส่วนลดแย่ๆมากๆเทียบกับสาขาอื่นปรับปรุงด้วย
ChZDSUhNMG9nS0VJQ0FnSURlMmFpekNnEAE,Watoo Chanyasuthiwong,5,Love the food here though beef is not so nice and pan is back to original design which is difficult to get the soup. Price is acceptable.
ChZDSUhNMG9nS0VJQ0FnSURNbHYtQ2FREAE,Sivavut C.,5,ชอบ ร้านนี้ กับแนวคิดผู้บริหาร
ChZDSUhNMG9nS0VJQ0FnSUR4cFlTSE13EAE,Sawit Koseeyaumporn,1,พนักงานบริการไม่ดี มีจำนวนเยอะ แต่เหมือนเด็กใหม่ค่อนข้างเยอะ ออกันอยู่หน้าประตู ไม่ค่อยสนใจ
ChdDSUhNMG9nS0VJQ0FnSURBNEk2TWlnRRAB,TAN KC,5,Nice barbecue place. Clean and nice.  Very  crowded 2. Seem popular. Food quality decent but presentation very well done. Staff basic  English which is a plus.
ChZDSUhNMG9nS0VJQ0FnSUR3N0liNVdREAE,Warid Petprasit,4,ก็ดีนะ ไปกินช่วงกินเจ น้ำจิ้มอร่อยดี มีเมนูเจให้เลือกทาน ราคาสูงกว่าคุณภาพไปนิด
ChRDSUhNMG9nS0VJQ0FnSURRdDZZUBAB,Anirut Chaisomboonphan,4,เดินทางสะดวก มีลูกค้าเยอะ มักจะต้องรอคิว แต่ที่นี่ถือว่าคิวน้อยเมื่อเทียบกับสาขาอื่น
ChdDSUhNMG9nS0VJQ0FnSURWOXNMQnBnRRAB,Vlad Zilitskiy,4,It is interesting experience but don't go if you are very hungry. it takes a lot of time to cook
ChZDSUhNMG9nS0VJQ0FnSURpMHRQUU13EAE,Sweet Mobile,4,โดยรวมแล้วดี. อาหารสะอาดรสชาติพอดี น้ำจิ้มรสชาติถูกปาก การบริการดี ร้านสะอาด
ChZDSUhNMG9nS0VJQ0FnSURJMXJERUN3EAE,Camila K,3,"Overpriced and small portions as compared to price ... staff don’t speak English properly so it was hard for me to explain them what I need , every time I hv to make them look at google translate English to Thai
3 stars only"
ChdDSUhNMG9nS0VJQ0FnSUNVX0kzdzhnRRAB,Kussjung Love,4,ทานที่นี่ดีกว่าไปทานในห้างค่ะ คนไม่เยอะ แถมนั่งได้สบาย จะนั่งนานก็ไม่มีใครว่าเนอะ ^^
ChZDSUhNMG9nS0VJQ0FnSURzbk1maENREAE,Karina Suvapataya,5,Loved the buffet! Want to go back for more. Best to find a restaurant with the black pans. They cook faster and you can cook more.
ChdDSUhNMG9nS0VJQ0FnSUQybXYtQ3RBRRAB,ยอด สุดสวย,1,รายการโปร ไม่รับ walk in ต้องจองล่วงหน้า แต่ไม่รับสายเลย คือออออออออะไร
ChdDSUhNMG9nS0VJQ0FnSUNsX2NyejB3RRAB,Boszanova,5,ดีมากๆ
Ci9DQUlRQUNvZENodHljRjlvT2s1MWVGVm5URU5LWXpsWlRVTTRXWGw2YnpKdlJFRRAB,Lara Schmidberger,4,"The hotpot buffet is delicious and service is really fast! You get 100 min time to eat, which for us was a good amount. In the beginning you choose your broth and which menu you’d like. They bring the food super quickly and the quality is really good! The only criticism is that the Menü is suggesting lower prices then you ll pay in the end because they charge 49 baht per person additionally for drinks. Not a lot, but increases the price which might be relevant when comparing to other buffets"
Ci9DQUlRQUNvZENodHljRjlvT25WRUxVZElXWEI1V2s4elVFUkNlVVpHV0VjMmRsRRAB,Coke Somchai,3,ร้านบุฟเฟต์ชาบูริมถนนบรรทัดทอง เป็นอาคารพาณิชย์สองคูหา มีที่นั่งมากพอสมควร ราคามีสามระดับเริ่มต้นที่ Standard 249 บาท Gold 299 บาท และ Premium 399 บาท (มีค่าน้ำต่างหาก 49 บาท) มีน้ำซุปหลายชนิดเลือกได้ 2 ชนิด เมนูเนื้อสัตว์สั่งทาง QR code ส่วนเมนูกินเล่น น้ำดื่ม ผัก น้ำจิ้ม และไอศกรีม ตักได้ตามใจชอบ โดยรวมวัตถุดิบพอใช้ได้ (เนื้อวัวเหนียวไปหน่อย) น้ำจิ้มรสชาติดี
Ci9DQUlRQUNvZENodHljRjlvT25kbWJuTnBYMDVTVERGTWVtVlhOa3RtTjNsVVFVRRAB,Phannita J.,3,มาในราคา Gold ได้เนื้อ ได้กุ้งแก้ว คุณภาพอาหารตามราคาค่ะ น้ำซุปกระดูกหมูรสชาติผงชูรสไปมาก นักเกตไก่อร่อยสุด น้ำจิ้มยังไม่ค่อยเท่าไหร่ค่ะ
Ci9DQUlRQUNvZENodHljRjlvT21zeFlYZDRNbDlIVFVoRVRIbFVOV2N5VFdoU1UyYxAB,Wilaiporn Khruasri,5,"เป็นบุฟเฟต์ชาบู ที่อร่อยมาก รสชาติดี เนื้อคุณภาพดีมาก ชอบเนื้อลายมันออสเตรเลีย นุ่มอร่อย ละลายในปาก และกุ้งขาวคือแกะเปลือกมาให้เรียบร้อย แนะนำเมล่อนสด คืออร่อย หวานมาก ราคาถือว่าถูกและคุ้มค่ามาก มี 3 ราคา Standard Buffet  249.- , Gold buffet  299.- , Premium buffet  399.- และราคานี้ยังไม่รวมเครื่องดื่ม Refill 49.-  พนักงานบริการรวดเร็วไม่ช้าเลย มีน้ำซุปให้เลือกเยอะ ไอศกรีมคุณภาพดี รสเมล่อน คืออร่อย ทานหลังจากกินชาบูเสร็จ มีรสให้เลือกเยอะ ใครผ่านไปแถวบรรทัดทอง แนะนำ Namba Shabu เลยค่ะ 😊"
Ci9DQUlRQUNvZENodHljRjlvT2pNMmNFWktOSGRWZFZwR1ZrWlJTelpVY0U1S04yYxAB,C C,5,"เป็นร้านชาบูที่เริ่มต้น 249 บาท
ตัวที่เราไปกินคือตัว Premium 399 บาท
ชอบเนื้อวากิว ลายสวย นุ่ม ละลายในปากมาก
กุ้งก็แกะมาให้แล้วกินง่ายสุดสุด
เมล่อน หวานฉ่ำมากเรากินไปเกิน 10 ชิ้น

น้ำซุปได้ลองสี่ตัวคือทงคัตสึ  น้ำดำ ต้มยำ และซุปใส   ตัวน้ำดำกินกับเนื้อเข้ากันมาก  ส่วนน้ำต้มยำแซ่บถึงเครื่องต้มยำกินกับซีฟู้ดอร่อยอร่อยมาก

บาร์น้ำมีให้เลือกหลากหลายทั้งน้ำอัด  สลัชชี่ น้ำสมุนไพร มีน้ำไมโลด้วย

ของกินเล่นมีให้เลือกเยอะพอ  เราได้ลองเกี๊ยวซ่ากับรสชาติดีไม่เย็นชืด

ผักมีให้เลือกหลากหลาย  น้ำจิ้มก็มีให้เลือกหลายตัว

พนักงานให้บริการดี  ร้านสะอาด"
Ci9DQUlRQUNvZENodHljRjlvT214dlZ6bFJNSEZmTjNGTVZHMUVNbHBHUW1kT1NWRRAB,KAI-THONG,5,ร้านอร่อยและหมูคุณภาพดีมากๆครับไอศครีมร้านนี้ก็อร่อยด้วยครับ
Ci9DQUlRQUNvZENodHljRjlvT2s1UmNFdEdTMnhhV25GMVkxVlNjM2REYUhoNVdWRRAB,Sumol,4,"A reasonably priced buffet in the Banthat Thong area is currently trending, with prices starting from 300++ baht. It's a busy restaurant with queues, offering a complete menu including beef, pork, shrimp, various vegetables, udon noodles, glass noodles, fried gyoza, and ice cream. A standout feature is the unlimited serving of melon.

Being a buffet, another thing that's impressive is the speed of food service. This restaurant serves very quickly, and you can order from your phone. Most of the seating is for three to four people, so if you come in a large group, you might have to wait a long time."
Ci9DQUlRQUNvZENodHljRjlvT25wemJqTnVZM1JrUVZoVmEwTTNNVGhCYjJoMFZYYxAB,Patcharaporn Boonchan,5,เนื้อวากิวหอมและเมล่อนหวานฉ่ำนุ่มดีงามมาก จองคิวในQueQได้ สะดวกค่ะ แต่แอร์ฝั่งโต๊ะด้านหน้าร้อนไปนิดนึง น่าจะเพราะประตูเปิดเข้าออก แต่โดยรวมดีค่ะ คุ้มค่า
Ci9DQUlRQUNvZENodHljRjlvT2xWTFZWb3lXbTU1ZW1SbVltTnJla3hSVWxCeFZXYxAB,Mang Por,5,ปกติเมื่อก่อนเดินผ่านคิวเยอะตลอดเลยไม่อยากรอ แต่วันนี้มาไม่มีคิวนั่งรอหน้าร้านเลย รอแค่ประมาณ10นาที ก็ได้เข้าร้าน เลือกทานแบบ299+ เสียดายมันกุ้งหมด เลือกน้ำซุปดำเข้มข้น กับทงคัตสึ ตัวทงคัตสึดีมากเข้มข้นอร่อย เนื้อและหมูดีมากเมื่อเทียบกับราคา น้ำจิ้มมีให้เลือกหลากหลาย ของกินเล่นมีให้สั่งเยอะพอสมควร ที่สำคัญชอบช่องใส่ชีสที่ไม่ใช่วงกลมแคบๆแบบนี้เอาเนื้อลงไปจิ้มพอดีมากน้ำไม่เข้าด้วย
Ci9DQUlRQUNvZENodHljRjlvT2t3eU4yUm5iVTVTTFhNMFNFTkVRVGRHVURkaGNYYxAB,Blazer,5,ไปเมื่อบ่ายวันนี้ กินคนเดียวได้ ไม่มีคิว คนพอประมาณเข้าออกเรื่อยๆ ไม่เต็มร้าน จัดไป399+49น้ำรีฟิล เนื้อวากิวคือมันไม่เหนียวแต่มันไม่ได้ละลายอะไรขนาดนั้นที่กินวันนี้คือกินแล้วมันแน่นมีพลัง กุ้งใหญ่น่าจะผ่าหลังออกหน่อย สรุปไปกินกุ้งแก้วเหมือนเดิม 299จริงๆคุ้มมากแล้วนะ ซุปทงคัตสึคือดีอยู่ ซ้ำได้แน่นอน
Ci9DQUlRQUNvZENodHljRjlvT2sxTExVMUZUM1ZFZFZKR1ZrVm9TbEIzTVhCMGEzYxAB,KP kidpan,3,"อาหารเร็ว บรรยากาศโอเค
แต่อาหาร หมู 219 และซุป ดำค่อนข้างติดหวานมาก อาจจะไม่ได้ีดเหมือนที่คนอื่นๆรีวิว5ดาวกัน รสชาติ และ คุณ ภาพตามราคา ไม่คาดหวังไม่ผิดหวัง (แต่ไก่ทอดอร่อย แต่เรามากินชาบู ไม่ได้อยากไก่ทอด"
Ci9DQUlRQUNvZENodHljRjlvT201aFJsWTRjV1ZTTUZCeE0wRjViV3BuTFhOeGNYYxAB,Sara K,4,ราคา399.- มีกุ้งแม่น้ำแกะเปลือกให้ด้วยดีมากกก เนื้ออื่นๆก็โอเค แต่กุ้งแม่น้ำอร่อยสุด เนื้อแน่นสดหวาน และเมล่อนหวานมากๆ
Ci9DQUlRQUNvZENodHljRjlvT25sVVZsWkplbXRxZFZaTVVrTmxZM1JMVFROWWVsRRAB,Suchatcha Phetnin,5,อาหารคุณภาพดี อาหารอร่อย ข้าวเรียงเม็ดสวย น้ำแข็งเป็นก้อนเย็นเฉียบ โดยรวมแนะนำครับ จากใจคนมากินบ่อย
ChdDSUhNMG9nS0VJQ0FnSUNmbGUzcnZnRRAB,Rabbit Soon,4,อาหารคุณภาพดี ราคาถือว่าถูกคุ้มค่ามาก บริการรวดเร็วไม่ช้าเลย มีน้ำซุปให้เลือกเยอะ ไอศกรีมคุณภาพดี มีรสให้เลือกเยอะ ข้อเสียคือมีห้องน้ำห้องเดียว
Ci9DQUlRQUNvZENodHljRjlvT2w5VFpuQmtiMGd5VDNkMk9WQlhUbTE0UVVwVFUzYxAB,Punnatorn Vechaputi,3,ร้านนัมบะ ชาบู ร้านไม่ใหญ่มากที่นั่งไม่ค่อยเยอะ อาหารสด สะอาด และใหม่ เนื้อหมู วัว ลายสวย เสียดายวันนั้นผลไม้หมด เหมือนเตรียมของมาไม่เยอะ ของออกมาไม่ค่อยทัน พี่ๆพนักงานบริการดี
Ci9DQUlRQUNvZENodHljRjlvT21ScmNHUlphbUp5VVhrMFJtMTVaeTFtTmxKV1prRRAB,Jay CrazyJ,5,อร่อยยยย ซุปดำดี เนื้อสัตว์คุณภาพโอเคเลย อร่อยทุกอย่าง ราคาดีด้วยค่ะ
Ci9DQUlRQUNvZENodHljRjlvT2toemMySnhZVFZpVGsxSlRuSXdPR0psYkRoNFNuYxAB,panisa phongkab,5,"อาหารอร่อยมากร้านสะอาดน้ำซุปดีน้ำจิ้มดีเลิศจ้า
แนะนำกุ้งไม้ไผ่ดีมากกก"
ChZDSUhNMG9nS0VJQ0FnSUN2MWFyUEJ3EAE,J Phinun,5,ร้านชาบูมีหลายราคาให้เลือก ราคายังไม่รวมเครื่องดื่มและของหวาน refill อีก 49 บาท สามารถเลือกได้ 2 ซุป สั่งอาหารผ่าน QR Code และมีเคาน์เตอร์สำหรับตักผัก เส้นและพวกลูกชิ้น ไอติมมีให้เลือกหลากรสชาติค่ะ ปกติช่วงเย็นจะมีคิวค่อนข้างเยอะ จองผ่าน QueQ ได้นะคะ
ChdDSUhNMG9nS0VJQ0FnSUNsXzZQUnBRRRAB,Gene,5,"There are 3 prices for the buffet. Highly recommend at least to choose 299 baht or more. Their beef is good and very soft. And their fried things is still hot when they serve to you! The most impressive one is their melon, it’s so sweet and delicious. The price need to add 39 baht for refill in the end. Try to come earlier otherwise need to wait for a long time."
Ci9DQUlRQUNvZENodHljRjlvT21oU1ZGbDNaVGxYWlZSWk5qZGpVV0ZZWDFORFpIYxAB,Nan Ni,5,"ใน1 อาทิตย์กิน 2 วัน
เนื้อดี ชอบเนื้อหมักงา มากที่สุดดด
ไอติมอร่อยมากๆๆ"
ChdDSUhNMG9nS0VJQ0FnSURwbm9TRjl3RRAB,korn Saritt,3,"มาบรรทัดทองรอบนี้ 3 คนโดนตกจาก Tiktok เลยลองจองคิวดู มาช่วงก่อน 18:00 ไม่ต้องรอคิวนาน (มาวันธรรมดา)

-ร้านสะอาด
-บริการเร็ว
-ที่นั่งไม่แออัด
-เนื้ดสด ผักสด ลูกชิ้นเยอะ เส้นเยอะ
-ชาเขียวข้าวคั่วหอม

(ต่อไปคือ คหสต. อาหารถูกปากแต่ละคนไม่เหมือนกัน)

เริ่มที่ น้ำซุปเลือก สุกี้ยากี้น้ำดำเข้มข้น (แบบจะจิ้มไข่ดิบ) กับซุปใส สรุปได้น้ำดำชาบู มาแทน

(ร้านสะอาด จาน ชาม โต๊ะไม่มัน ⭐️)

เลือก 299.- /คน เพราะได้เนื้อ กุ้งแก้ว มันกุัง เนื้อโอเคดี กุ้งแก้วให้เยอะตามใจอยาก ของสดมีให้เลือกเยอะ มันกุ้งอร่อยไม่คาว สั่งมา 2 รอบ⭐️

🥬บาร์ผัก เส้น ลูกชิ้น อารมณ์โมโม่แต่ไม่มีผักสลัด

น้ำจิ้ม พอนซึ ให้ดีที่สุด ไม่เลี่ยน
น้ำจิ้มสุกี้ ปกติ (แอบรู้สึกว่ายังสู้เจ้าดังหลายสาขาไม่ได้)
น้ำจิ้มซีฟู้ด โอเค รับได้

🍗ของกินเล่นหลากหลายแต่ปกติ สั่ง เกี๊ยวซ่าทอด, ไก่คาราเกะ, แฮชบราวน์, กิมจิ, ปูอัด, สาหร่ายเย็น

ส่วนตัวคิดว่าถ้าทำของกินเล่นให้อร่อยมากกว่านี้น่าจะทำให้ กลายเป็นตัวเลือกที่ดีเมื่อเทียบกับราคา เพราะพอของกินเล่นมันไม่ว้าว เราเลยมาโฟกัสที่ตัวชาบู ซึ่งภาพรวม 3/5 (หักรสชาติซุป และเนื้อบางประเภทที่เหนียวไปนิดแม้จะลวกผ่านน้ำพอให้สุกทั่ว)

🍦ไอศกรีมอร่อย รสชาติเยอะ (แอบอยากให้มีแตงโม หรือสักปะรด แก้เลี่ยน เพราะเมล่อนในเซตหมด)

🎉ท้ายนี้กลายเป็นว่า 🫛ถั่วแระ 🫛ขายดีสุดอร่อย สั่งมา 3 รอบ 😂 และชาเขียวข้าวคั่ว 🌱หอมมาก"
ChdDSUhNMG9nS0VJQ0FnSURkclAzTXVRRRAB,Thanon Rujisert,4,ร้านดีค่ะ บรรยากาศแบบญี่ปุ่น อาหารรสชาติดี ราคาน่ารัก เนื้อ หมู ทะเล คือดีหมด กุ้งแม่น้ำคือ มันเยอะมากๆค่ะ หัวกุ้งที่ติดมันเยอะมาก ส่วนกุ้งขาวแกะ คือดีมากค่ะ แกะมาให้เรียบร้อยพร้อมทานเลย หมูก็ดี ยิ่งเนื้อยิ่งดีค่ะ ทั้งเนื้อริบอาย ทั้งคารุบิ คือดีไปหมดค่ะ หักคะแนนแค่เรื่องบริการ เพราะพนักงานน้อยเกินไปค่ะ จะเรียกพนักงานแต่ละที รอนานมากค่ะ เพราะลูกค้าเยอะ ร้านนี้ดี ของคาวของหวานครบ ของคาวคือ หมู เนื้อ ทะเล ส่วนของหวาน มีแคนตาลูปญี่ปุ่น และไอศครีมรสต่างๆค่ะ ใครผ่านมาแถวบรรทัดทอง แนะนำเลยค่ะ อาหารดี ราคาน่าร้ากกกก คุณภาพเกินราคาค่ะ ใครอยากทานชาบูดีๆ มีคุณภาพ แต่ราคาไม่แรง แนะนำเลยค่ะ
Ci9DQUlRQUNvZENodHljRjlvT21jNFJXTnNjbnBNYzBOR1pWZDJiR3gzVEhkeWRrRRAB,Neko Aru,5,ได้โปรดเอานักเก้ตแบบเดิมกลับมาเถอะนะคะ กินหลายรอบมากๆๆ รู้เลยว่าเปลี่ยนเพราะเนื้อไม่หนุบหนับเท่าแต่ก่อน อันเก่าอร่อยกว่ามากเลยค่า ปกติชอบกินนัมบะอยู่แล้วกินทุกอาทิตย์ ถ้าเอานักเก้ตแบบเดิมกลับมาได้จะดีมากเลยค่า
Ci9DQUlRQUNvZENodHljRjlvT2xKT2IxTkhVbUl5ZUhsWlNWQnhhblE1UW5scU5IYxAB,Ticha,5,"อร่อยยยย ไอเลิฟมาก
เนื้อดี น้ำซุปอร่อย แนะนำซุปสุกี้ยากี้เข้มข้นกับซุปกระดูกหมูทงคัตสึ น้ำจิ้มก็อร่อย พอนสึไม่เค็มโดด
ชอบเนื้อหมักงามาก กุ้งสด แต่ปลามีคาวเล็กน้อย
อาหารมาเร็วมากๆ กดปุ๊บเสิร์ฟปั๊บ ข้อนี้ชอบมากค่ะ
มีไอติมให้ทาน รสนมอร่อย
ราคาดีด้วย เราเลือก299ไม่รวมน้ำ รวมๆก็ประมาณ350บาท
ถ้ามีสาขาอื่นใกล้บ้านน่าจะได้ไปทานบ่อยๆค่ะ"
Ci9DQUlRQUNvZENodHljRjlvT25OcGNucEZNbTVaTkdOeVFqQnFYMnM0VlV4RmVFRRAB,Winter Nguyen,4,"Melon is not fresh today, beef is okay, soup is yummy"
ChZDSUhNMG9nS0VJQ0FnSUQxb3F2MmRBEAE,Gerald King,5,"เป็นร้านชาบูที่รับประทานแล้วรู้สึกประทับใจทั้งรสชาติและราคาที่สมเหตุสมผล
วันนี้ทานในคอส Gold ซึ่งจะมีเนื้อมาให้เราเลือก 3 แบบด้วยกัน ส่วนตัวชอบทุกแบบไม่เหนียว อร่อยมากครับ
- ชอบน้ำจิ้มคอนเสิร์ตร้านนี้มากๆรู้สึกว่ามันเป็นคอนเสิร์ตที่ปรับรสชาติให้เข้ากับคนไทยมีความเปรี้ยวหวานลงตัว
- ส่วนของสดและผักอื่นๆ ใช้วัตถุดิบดีดูแล้วน่าทานมาก อุดงอร่อยนะ
- มีเครื่องเคียงให้เลือกทานเยอะนะ และชีสเค้าก็อร่อย
- แถมมีของหวานและผลไม้ให้ทานอยู่ในคอร์สด้วย"
ChdDSUhNMG9nS0VJQ0FnSURkc3ZlQTJRRRAB,Eattillyoudrop foodie,4,ร้านชาบูราคาคุ้มมาก ที่ย่านบรรทัดทอง มีคิวตลอด สั่งแบบ หมู 249 เน็ต บวกน้ำรีฟิล 49-. เช็คบิลคนละไม่ถึง 300-. หมู ผัก ลูกชิ้นทานได้ไม่อั้น ร้านสะอาด ที่นั่งกว้าง โต๊ะเยอะอยู่ แต่ไม่เบียดเกินไป พนักงานบริการดีอยู่ถึงแม้ลูกค้าจะเยอะตลอด แนะนำสั่งซุปดำแบบเข้มขันเพราะ แบบเข้มข้นก็ไม่ได้เค็มมาก
Ci9DQUlRQUNvZENodHljRjlvT21aMVgyMTVXRFZVTm5NeGRFdG9NSFpNVEU5Rk1VRRAB,sillva sd,5,ราคาเป็นกันเอง อาหารออกไวมากค่ะ เลือกอคเกจ 299 gold น่าจะเพียงพอสำหรับการทาน😊
Ci9DQUlRQUNvZENodHljRjlvT21OdlJWbDRibTFKYUdwNFFWZHBNV0U1Ymt4Q2JuYxAB,Charavee,4,บ้านอยู่นนท์ เลือกกินชาบูต้องมาร้านนี้  น้ำซุปกินแล้วไม่คอแห้ง  เนื้อหมูดี  ชีสหนึบ
Ci9DQUlRQUNvZENodHljRjlvT2kxS1lWOTNZbGRwV0Rod2FrSkdZWEYyYzJOVGNWRRAB,Peachy Pk,5,ไปทาน 9 ท่าน โทรจองโต๊ะไว้  แต่พอไปถึงหน้าร้าน  พนักงานปล่อยโต๊ะใหญ่ ที่มี 2 หม้อ ให้กับลูกค้าที่มา 2 ท่าน  ไปหมดเลย แต่กลับเหลือโต๊ะเล็กๆ ที่นั่งแค่ 2 ท่านเ หลายๆโต๊ะไว้ให้กลุ่มเราที่มา 9 ท่าน  พอแนะนำไปว่า โต๊ะใหญ่ น่าจะสงวนไว้ให้กับลูกค้ากลุ่มใหญ่   กลับบอกว่า แล้วแต่ลูกค้าเค้าจะเลือกนั่ง  อ้าว!!!เราจองไว้ล่วงหน้า แต่โต๊ะใหญ่ 2 หม้อ ไม่ว่างสักโต๊ะเลย  . (ปกติโต๊ะใหญ่ 2 หม้อ ร้านทั่วๆไปจะสำรองไว้สำหรับลูกค้ากลุ่มใหญ่).. จึงค่อนข้างผิดหวังเพราะตั้งใจมาทานกับทีม  แต่ต้องนั่งแยกกัน และจองไว้ล่วงหน้าแล้ว   ส่วนเรื่องอาหาร รสชาติ ชอบมาก เนื้อออสดีมาก เมล่อนอร่อย  คุณภาพคุ้มเกินราคา ประทับใจในเรื่องรสชาติ คุณภาพอาหาร  แต่ขอตำหนิเรื่องการนั่งโต๊ะหน่อยค่ะ เพราะตั้งใจมาทานจริงๆ และเลือกให้ร้านนี้เป็นร้านแห่งความสุขของคนในทีมค่ะ
ChdDSUhNMG9nS0VJQ0FnSUROajhXZWdBRRAB,Supersnake PV,3,"เลือกเซ็ตเนื้อราคา 399 ไม่รวมเครื่องดื่มรีฟิล 39 บาท Net 438 บาท/คน ความสะอาดให้แค่พอใช้ได้ บนโต๊ะแลที่นั่งโอเค แต่ตามพื้นที่จุดตักอาหารไม่สะอาด มีเศษและคราบ เจอแมลงวันในร้าน

ความหลากหลายอาหารตามมาตรฐานครบ เนื้อ หมู กุ้ง ไก่ หมึก ผัก และลูกชิ้น ข้อดีคือราคาไม่แพง เน้นทานสนุก ไม่ได้ซีเรียสเรื่องรสชาติมาก

เนื้อวากิวดี มีกลิ่นเนื้อ ไม่เหนียว แล่มาได้ความหนากำลังดีสำหรับชาบู ส่วนเนื้อส่วนอื่น ค่อนไปทางเหนียว ไม่มีกลิ่นเนื้อ
สันคอหมู ดีตามมาตรฐาน
กุ้งจัมโบ้ สด ตัวไม่ใหญ่ แต่ต้มแล้วไม่หดมาก
ของทอด ทอดมายังอุ่นๆอยู่ ไม่อมน้ำมัน
ผักและลูกชิ้น ได้มาตรฐาน"
Ci9DQUlRQUNvZENodHljRjlvT21abFoySnhSa04wYTFSRFVrdFFkbEpTVGs4ek5uYxAB,Ms.Chalida Bansuk,1,ปกติเป็นร้านที่มาทานตลอดค่ะ ไม่ได้มาครั้งแรก แล้วก็ไม่เคยต้องรอนานขนาดนี้เลย วันนี้รอเกือบ 2 ชั่วโมง เพราะทางร้านรับกรุ๊ปใหญ่แต่ไม่มีการจัดการที่ดี วันศุกร์คนก็เยอะอยู่แล้ว ถ้ารับไม่ไหวจริง ๆ ก็ควรปฏิเสธ ไม่ใช่ปล่อยให้ลูกค้าทั่วไปยืนรอนานแบบนี้ แต่กลับไม่มีมาตรการรองรับหรือการบริหารจัดการที่ชัดเจน แจ้งแค่ว่ามีกรุ๊ปจอง แต่ถ้าเตรียมพื้นที่ไว้ล่วงหน้าไม่ได้ ก็ควรพิจารณาให้รอบคอบก่อนรับลูกค้าเข้ามานะคะ เสียความรู้สึกจริง ๆ ค่ะ ☹️
ChZDSUhNMG9nS0VQWE0xOWU0X0lXa0hBEAE,boobaiiyook,2,เคยมากินร้านนี้แล้วประทับใจค่ะ แต่รอบนี้ของหมดไม่แจ้ง เจอผมในไอติม บอกพนักงานแล้วเดินหนี แอบผิดหวังค่ะ
ChZDSUhNMG9nS0VJQ0FnSUNaNDd5cGZnEAE,Usanisa P.,4,เมนูหลากหลาย ชอบแฮชบราวน์อร่อยมากค่ะ ส่วนเนื้อดีค่ะ กุ้งแกะเปลือกมาให้แล้ว มีน้ำหลากหลาย แต่กดสั่งอาหารไปมาไม่ครบค่ะ แต่พนักงานแก้ปัญหาดีค่ะ ชอบเมล่อนอร่อยดีค่ะ
Ci9DQUlRQUNvZENodHljRjlvT21Oc2JFbzJMVzQzT1VWdFZGZGtZVjlyVTBrd2EyYxAB,Patommawansuda Kuanoon,5,ชาบูอร่อยค่ะ ที่นั่งเป็นสัดส่วนดี มีหลายราคาให้เลือก เนื้อลายสวยงามค่าา
ChdDSUhNMG9nS0VJQ0FnSUMxMDZUZDZBRRAB,Zeiiz Aezz,4,อาหารดี น้ำซุปมี 4 แบบ อร่อยทุกแบบ ราคาเหมาะสมกับวัตถุดิบ น้ำดื่มมีหลากหลายดี การบริการเป็นชาวต่างชาติทั้งหมดทำให้สั่งเมนูไปแล้วฟังรู้เรื่องบ้างไม่รู้เรื่องบ้าง ผิดๆถูกๆ แต่ก็เอ็นดูฮะ สั่งอย่างได้อย่างขำดี
ChdDSUhNMG9nS0VJQ0FnSURmX2JHdmtnRRAB,Olivers Wasrina,4,"คิวค่อนข้างแน่น รอนานพอสมควร
อาหารและคุณภาพสมราคา
พนง.เสริพ บริการดีมากๆๆ"
Ci9DQUlRQUNvZENodHljRjlvT25WUWRXUlJSa1YwTm1wUGRsZG5VbFIzWjBsdllYYxAB,Ploysai,5,"อร่อย ถ่ายรูปไม่เคยทัน ลืมตลอด  แต่ดีต่อใจมาก ต้องขับรถจากสมุทรสาครมากินตลอด
น้ำจิ้มพอนสึ กับซีฟู้ดอร่อย"
ChdDSUhNMG9nS0VJQ0FnSURwMmNPa2d3RRAB,windy weeya,5,"Setใหญ่ 399.- รวมทุกอย่างตกคนละ 438.-

ร้านนี้ว่าเนื้อเด็ดนะ วากิวฉ่ำมาก มันดีมากกกก พวกอาหารทะเลก็ดี กุ้งแม่น้ำก็ดี เลือกซุปได้2ซุป มีไอติม มีของทอด นักเก็ต คือดี แต่ว่า**ปลาหมึกไม่ค่อยสด ไก่ทอดไหม้ไปหน่อย

พนักงานเยอะ แต่หาเรียกยากไปหน่อย
สั่งของผ่านQR ของมาเร็ว"
ChdDSUhNMG9nS0VJQ0FnSUM1N0x6aDl3RRAB,ภัณฑิลา กลิ่นหอม,5,มาที่นี่สายเนื้อต้องติดใจ เนื้อที่นี่คุณภาพดีมาก นุ่ม สดสะอาด อร่อย ที่สำคัญราคาน่ารักมาก มาวันธรรมดาคนน้อยไม่ต้องรอคิว แต่ถ้ามาหลัง 5 โมงเย็นไปแล้วคิวยาวมากค่ะ แต่ที่จอดรถค่อนข้างหายากนะคะ
ChZDSUhNMG9nS0VJQ0FnSUQ1c0lDYVFREAE,Sora Aram,4,ร้านชาบู ตั้งอยู่ในย่านบรรทัดทอง มีของให้เลือกพอสมควร แต่ก็ไม่ได้หลากหลายมาก รสชาตมาตรฐาน กินได้1ชม.ครึ่ง มีแบบ299+ 399+และ499+ ครับ มาช่วง4โมงครึ่งถึง5โมงจะไม่ต้องรอคิวนานครับ
Ci9DQUlRQUNvZENodHljRjlvT2tGMGEzUlJUM0ZKUVZSUFJYaDNSRVExYzFWU1ZYYxAB,Pinachs Pintunan,1,การจัดการคิวแย่มาก ถ้าจะเปิดรับคิวจอง 40 คนในวันศุกร์ ควรปิดรับจองลูกค้าอื่น หรือมีการแจ้งให้ลูกค้าหน้าร้านทราบว่าคิวจะนานกว่าปกติไม่ใช่ให้รอแบบไม่รู้อะไรเลยถ้าไม่เดินไปสอบถาม
ChZDSUhNMG9nS0VJQ0FnSURKa002dlZnEAE,Persephone1531,5,"🥘🍲
I came across this place by accident, so I decided to give it a try.

🥩🥓🍦
I chose the premium one 399+39 baht.(Refill Soft Drinks) All meats were good quality, especially beef, prawn and squid. They provided icecream and melon as a dessert.

🙇‍♀️🙇‍♂️
Service was fair. Nothing was special.

I think I'll come back again."
Ci9DQUlRQUNvZENodHljRjlvT21NemR6aGlSamd3T1hGdWREQm9aelpKTjAxWVoyYxAB,Waritch Tanjindaprateep,1,มีทานหลายรอบมาก แต่รอบนี้มาคิวที่เรียกกับคิวตรงหน้าจอไม่ตรงกันพอเดินไปถามพนักงานบอกว่า “ ข้ามไปแล้วเรียก3รอบไม่มา คิวนี้เรียกครั้งเดียวเดียวก็มาแล้ว” ก็ไม่ควรพูดแบบนี้น่ะครับ แล้วแถวนั้นเสียงค่อนข้างจะดังมากถ้าคิวที่เรียกกับหน้าจอไม่ตรงกันก็ควรปรับปรุงวิธีเรียกคิวไหมน่ะครับ
ChZDSUhNMG9nS0VJQ0FnSUNaeWRielNREAE,Krittawit Chunchaemsai,5,"ชาบูแบบบุฟเฟต์ 3 ราคา 249 / 299 / 399
ให้หมู เนื้อ ชิ้นใหญ่ บาง ทานเต็มคำ
พนักงานบริการดี เร็ว
ช่วงเย็นๆ คนจะเยอะ ตัองรอคิว
สามารถจองผ่าน Q que ได้"
ChdDSUhNMG9nS0VJQ0FnSUNkNzZHRjFBRRAB,Phornthida Areeraksakul,5,"เป็นร้านชาบูที่อร่อยและคุ้มมากกกกกก ราคาเริ่มที่ 249.- ไม่รวมน้ำรีฟิล คือหมูคุณภาพดี น้ำซุปมีให้เลือก 4 ซุป หม้อนึงได้ 2 ซุป กลิ่นหอมติดยันผม น้ำจิ้มมีหลายแบบให้เลือก

บาร์ผัก ลูกชิ้น เส้น กำลังดี หลากหลาย

ปล. ไปหลายรอบแล้วแต่ไม่เคยจะได้ถ่ายตอนของมาเสิร์ฟเลย ลงโต๊ะปุ๊บ ลงหม้อปั๊บบ😂"
Ci9DQUlRQUNvZENodHljRjlvT25NeWJVMXFYMnQxT1hCdFVFSXROVmg1U0dkcmVHYxAB,Lola Lals,5,We got the 399++ premium buffet. Totally worth it. I love the river prawns. The beef was good. Gyoza was good.  Everything fresh.
ChdDSUhNMG9nS0VJQ0FnSUM3OTZ6MzN3RRAB,Abhuzon,5,"We had to wait for 30 minutes to get to our turn. But it was all worth it. Foods were delicious. Tofu and vegetables were fresh. Delicious soup with rich in flavors. Friendly staffs which were serving pretty good. One of the most recommended hotpot places in Bangkok. I suggest you to take the token in advance depending on the queue. Trust me, the wait is worth it."
Ci9DQUlRQUNvZENodHljRjlvT20xVVVrSkdTa1ZWVEZSUGF6UkhZbWsxVkVOZmFIYxAB,Suwi Cha,3,รสชาติธรรมดาทุกอย่าง ไม่มีเมนูไหนว้าว น้ำจิ้มก็ไม่ค่อยถูกปาก ที่สำคัญ อาหารออกช้าและมาไม่ครบ
ChdDSUhNMG9nS0VJQ0FnSUNYaTdyMHFBRRAB,Prapaporn K,5,คุ้มค่ากับการรอคิว อร่อย วัตถุดิบดี บรรยากาศดี น้ำซุป น้ำจิ้มดี ราคาโอเคเลย
ChZDSUhNMG9nS0VJQ0FnSURQbEtTS2ZnEAE,pear,5,ไปกินมาหลายครั้งแล้วค่ะ อาหารอร่อย มีคุณภาพ และราคาถูกมากค่ะ เหมาะกับนักศึกษาและวัยทำงานมาก แต่คิวยาวนิดนึงนะคะ แนะนำให้ไปช่วงกลางวันคนจะน้อยหน่อยค่ะ
ChRDSUhNMG9nS0VJQ0FnSUNwd0tGMBAB,S.Kidsanar แบกพุงไปกิน,3,ร้านบุฟเฟ่ต์ชาบูเปิดใหม่ย่านถนนบรรทัดทอง มีหลายราคา เริ่มต้น 249.- (หมู) 299.- (เนื้อ) 349.-(เนื้อ+อาหารทะเล) เครื่องดื่มรีฟิล 39.- มีไอศครีม ผลไม้
ChZDSUhNMG9nS0VJQ0FnSUROOFlHT05REAE,Suchat kulyingyong,5,ร้านสะอาด อาหารสด อร่อย พนักงานบริการดี  ผักต่างๆตักเอง เนื้อสัตว์สั่งผ่านเว็บ ราคาเริ่มต้น 249 ไม่รวมน้ำ
ChdDSUhNMG9nS0VJQ0FnSUQ3OWJfcXhnRRAB,Puriwit Sripu,4,อร่อย บาร์ผักดี น้ำจิ็มสูตรเผ็ดอร่อย ร้านสะอาด
ChZDSUhNMG9nS0VJQ0FnSUNMdkxpNGF3EAE,Natthanan Ryu,2,คุณภาพอาหารเฉยๆ (น้ำชุปจืดดี) บริการเฉยๆ (หน้าตาพนักงานบ่งบอกถึงความเหนื่อย) บรรยากาศร้านชิบหาย หนีร้อนมาเจอร้อน จ่ายราคาแพงแต่ได้นั่งตากไอร้อนหม้อชาบู แนะนำเลยครับ “ตี๋น้อยดีกว่าเยอะ”
ChZDSUhNMG9nS0VJQ0FnTUNBdnV5OUJREAE,Narongsak Sangtong,5,อร่อยโคตรๆในราคาถูก
ChdDSUhNMG9nS0VJQ0FnSUN0aUxqXzVnRRAB,Phonraphat Kulnoi,4,รสชาติคุ้มค่ากับราคา แค่299 ก็มีเนื้อให้ด้วย ไม่ธรรมดา ซุปเข้มข้น ที่สำคัญได้กินเมล่อนเป็นของหวานไม่อัน คือชอบมาก
Ci9DQUlRQUNvZENodHljRjlvT2xZM2NuZE5TMmM1ZG1kMVN6UkNRbE55V0hGa01IYxAB,Aphirak Wipakarn,5,อร่อยคุ้มมากกินรอบที่4แล้ว
Ci9DQUlRQUNvZENodHljRjlvT25KR1ZWbEROVVpOY1ZSYVNEbGhSa3hGVFhWRlUxRRAB,punthip punthip,1,น้ำจิ้มมี 2 แบบ เปรี้ยวมากๆๆ ทั้ง 2 ไม่มีสำหรับคนไม่ชอบเปรี้ยวเลย ไม่อร่อย
Ci9DQUlRQUNvZENodHljRjlvT2paVFNVNVVlbFpRYTFwR2QySTVjR2hwVUZkUUxVRRAB,Yupharat Katiwong,5,อร่อยมาก แต่บางวันก็จะแอบรสชาติตกนิดนึง แต่วันไหนที่อร่อยก็คืออร่อยเหาะเลย วัตถุดิบดี ราคาดี
Ci9DQUlRQUNvZENodHljRjlvT2pCV05IRXhTVVp4ZGtWYVdWOU5NazF5VkhWSFpWRRAB,momo n,5,อร่อยเหนือความคาดหมาย เกินราคา ชอบเมล่อนมาก แต่ใช้มะนาวปลอมอะเตงงง น้ำจิ้มเสียรสชาติหมดเลยไม่ปรุงดีกว่า
ChdDSUhNMG9nS0VJQ0FnSUROM3JmQTdnRRAB,Nune PatPat,4,เนื้อ วัตถุดิบ ดี สมราคา กุ้งแกะ น้ำซุปอร่อยค่ะ ของทานเล่นทอดใหม่ร้อนเสริฟตอนร้อนๆ แต่อาหารไม่หลากหลายมาก เสียดายวันที่ไปทานเมล่อนหมดค่ะ
ChdDSUhNMG9nS0VJQ0FnSUNwbjlteDhRRRAB,Saranya thongsawaeng,5,อาหารอร่อย วัตถุดิบดี มีไอศครีม ร้านสะอาด ราคาถือว่าเหมาะสมเลย คุ้มค่า ยังไม่รวมค่าน้ำ น้ำรีฟิล 39 บาท ตอนลูกค้าเยอะพนักงานบริการไม่ทั่วถึงและพวกจานชามช้อนมาเติมของไม่ทัน บรรยากาศเสียงดังโหวกเหวกหน่อย มีเสียงกระแทกจากการเก็บจานดังตลอดเวลา
Ci9DQUlRQUNvZENodHljRjlvT25OalJsbzJUVTk0VVhOMFgwMUxZVU5mZG5Sd1MxRRAB,Tong,5,อร่อยขนาดไหนดูรูปเอานะครับ😍😍😍
Ci9DQUlRQUNvZENodHljRjlvT2paWFowbFFTa00yYlVsZlNrRnFjRXh6UWtGU01GRRAB,Ploenly Noo Aim,5,วัตถุดิบดีมาก น้ำซุปอร่อย มิน่า คนถึงต่อคิวเยอะมาก จองคิวผ้านแอปคิวคิวได้ด้วยนะคะ ลองเลยไม่ผิดหวัง
ChZDSUhNMG9nS0VJQ0FnSUNwdXRMTFNnEAE,Pitiphong Roongruengvuthikul,2,"อาหารออกช้ามาก
หมูบางมาก
ผักไม่เติม และ ช้ำมาก
ผักมีให้เลือกน้อย

Delay of of food serving.
Very thin sliced meat.
Vegetable is not good and lack of fulfillment.
Not variety of veg."
Ci9DQUlRQUNvZENodHljRjlvT2poS2FURTNZM0JRV0c5dlpISTVTVGxpTlhablJYYxAB,Thamonwan Kh,1,รอ1ชั่วโมงกว่าๆ คิวไม่เลื่อนเลย  ไม่รู้ว่ารันคิวกันยังไง รู้สึกแย่มากๆๆ
Ci9DQUlRQUNvZENodHljRjlvT25aRmVuTTViVFpzUVRKTlgxZDRZWEZmZFhKQ2FIYxAB,pittawan,5,มาครั้งแรกประทับใจมากค่ะ เนื้อดีสุดๆๆคุ้มมาก🥩มาช่วงค่ำๆก็รอคิวนิดนึง มีโอกาสมาอีกแน่นอนนน💘
ChdDSUhNMG9nS0VJQ0FnSURweU5PM3BRRRAB,Frances Hammingway (Isabel Esther),4,"Value for money shabu shabu all you can eat buffet. Buffet comes in different tiers: standard - 249baht, gold - 299 baht and premium. The difference between the tiers lies in the types of meat offered, with standard tier having the basics of fish n pork. Top up 39 baht for refillable drinks. 4 soup bases to choose from and there's an unlimited vegetable and sauce bar. Very popular with students for the affordability and quality. Do note they only accept cash."
ChdDSUhNMG9nS0VJQ0FnSUNQMnNHbnRnRRAB,นัทที อินทรังษี,5,อร่อยดีครับกิน 299 บาท Net 348 ของทอดทอดให้ใหม่ตลอด เนื้อสันคอออสอร่อย
Ci9DQUlRQUNvZENodHljRjlvT2xWd1NWaFhOVEpHZWtaNFVsVnpSamxKYVhab2VFRRAB,Aziz Abwah,5,"Best shabu by far in Bangkok. The food is fresh and tasty, the service is excellent, and the atmosphere is very comfortable. Highly recommended"
Ci9DQUlRQUNvZENodHljRjlvT2xkSWN6SlZVR0V4TkZKek0wRnJlbGRyVUZCTlFuYxAB,PASSARUS AUGSORN,5,น้ำซุปทงคัตสึอร่อยมากใส่กับอูด้งคือแบบ😭😭😭ฟิน
ChdDSUhNMG9nS0VJQ0FnTUNZN3VianpRRRAB,Nichakorn Dachdee (Mew),5,ไปทานหลายครั้งแล้ว ช่วงเย็นๆ ลูกค้าเยอะ อาจจะต้องรอคิวสักพัก ด้านในมีที่นั่งรอ แอร์เย็นๆ อุปกรณ์การทานสะอาดสะอ้านมาก เมล่อนญี่ปุ่น เกี๊ยวซ่า ไอติม ete อร่อยสุดๆ 👍🏻💘
ChZDSUhNMG9nS0VJQ0FnSUMzdElhM2Z3EAE,Mike Darnell,5,"A very lovely Shabu place with very fair pricing, excellent seating options, and clean and friendly vibe. Definitely recommend!!!"
Ci9DQUlRQUNvZENodHljRjlvT2twa2VHaE5kMGxxU1cxR05VcElMUzFoVW5GWk1YYxAB,Momay May,5,ร้านนี้คืออร่อยมาก กินไม่ต่ำกว่า 10 รอบ ถ้ามีสมัครสมาชิกก็เป็น vvip ได้เลย
ChZDSUhNMG9nS0VJQ0FnSUNscXB6ak9REAE,เดนิม จันทร์ส่องแสง,4,ของสดสะอาด น้ำซุปน้ำดำกลมกล่อม อร่อยติ1ดาว มันกุ้งที่เอาไปใส่กับน้ำซุปต้มยำไม่มีครับ
ChZDSUhNMG9nS0VJQ0FnTUN3d3R1ZmZREAE,Supawan Khotjarin,1,คิวรันไม่ตามในระบบ ตอบว่าต้องรอ 45นาที -1 ชม. ทั้งๆที่ในคิวขึ้น 0 คิว อยากทราบว่าทางร้านมีการเทรนงานบริการก่อนเริ่มงานมั้ยคะ จะมีการ การService ไม่ดี จัดการที่นั่งไม่ดี การบริการแย่เหมือนมาขอทานกิน เทน้ำซุ๊ปแทบจะราดใส่หัวลูกค้าอยู่แล้ว เรียกก็ไม่ค่อยจะหัน วางอาหารกระแทกเหมือนใส่อารมณ์ สำหรับสาขาบนรทองถือว่าบริการแยกที่สุดเท่าที่เคยกินมา และเมื่อเทียบกับหลายๆแบรนด์ แย่มาก
ChZDSUhNMG9nS0VJQ0FnTUN3b3FDbUxREAE,Sugar Brownie,1,อาหารเฉยๆค่ะเทียบกับร้านอื่น กินได้ถ้าหิวหน่อยแต่ระบบรันคิวแย่มากเลยอะค่ะ จองในแอพแต่รันคิวไม่ตรงกับหน้าร้านคนมาเยอะจองจำนวนโต๊ะใหญ่แต่ที่มาก่อนได้ทานทีหลังคนมาน้อย คือไม่โอเคเลยอะค่ะแล้วต้องรอนานเลยถ้าแบบนั้นไม่ต้องให้ระบุจำนวนคนตอนจองโต๊ะก็ได้ค่ะ พนักงานก็บริการไม่ค่อยดีเท่าไหร่ค่ะบางคนเหมือนไม่อยากมาบริการ สั่งออเดอร์ได้ช้ามาก แทบไม่คุ้มเวลา
Ci9DQUlRQUNvZENodHljRjlvT21SRVpITTFSM2x4Wms0ME4wVlJkVFp4U0haQk5IYxAB,Sarai Naja,5,อร่อยกินบ่อยเลยค่ะ ^^
ChZDSUhNMG9nS0VJQ0FnSUNscmQ2WEtBEAE,Jatuphat Limlieteat,1,อร่อยค่ะ เเต่การสื่อสารของพนักงานก็สำคัญนะคะ การที่พนงคุณรับออเดอร์ผิด เเต่กลับบอกลูกค้าไม่ตรวจสอบโปร อยากทราบว่าจะมีสักกี่คนที่ดูบิลก่อนสั่งหรอคะ รู้สึกว่า ลูกค้ารับผิดชอบทั้งหมด เพราะเป็นความผิดของเรา ตรงนี้ งง นิดนึงค่ะ เเต่ก็จ่ายค่าอาหารไป เเต่เเค่เสียความรู้สึกค่ะ ว่านี่คือความผิดลูกค้าทั้งหมดเลยหรอคะ
Ci9DQUlRQUNvZENodHljRjlvT214R0xWaHdUVlpGU21wbmRFVm9hV05DT0ZwbWRIYxAB,Donthicha,5,อร่อยมากค่า เนื้ออร่อย น้ำอร่อยย
ChZDSUhNMG9nS0VJQ0FnSUNMdWR2MElnEAE,Love Me,5,คุณภาพ รสชาติดี คุ้มค่ากับราคามาก :)
Ci9DQUlRQUNvZENodHljRjlvT25keWR6SlpPWFk0UVVaUlNUQlFVWEF5UjBsWlltYxAB,Tommy KL,1,All look good. The waiting time is crazy! 100mins jokes . If you are free . Continue to queue.
ChdDSUhNMG9nS0VJQ0FnSUNKcjZiYV93RRAB,K J,1,"จัดการร้านไม่ดี พนักงานบริการไม่ดี
ของเสริฟช้า ตกหล่นเยอะมาก
โต๊ะข้างๆมาทีหลังสั่งได้ทุกอย่าง
กว่าจะได้กินทีละอย่างคือเอื่อย เฉื่อย ไม่ปัง
น้ำซุปไม่เข้มข้น
เทียบสาขามธไม่ได้เลย
ของบางอย่างสกปรก"
Ci9DQUlRQUNvZENodHljRjlvT2poQmMydDJaMEYxY0U4NGJHaG5jRkJsTUZSSVoxRRAB,มณีรัตน์ ดวงแดง,5,แค่ผักก็คุ้มแล้วค่ะ
Ci9DQUlRQUNvZENodHljRjlvT2tkMlEwTk9WVGxyUjNKb2NIbHpWSFl3UWtGdlZFRRAB,ท่อง เพื่อเที่ยว,5,"บริการรวดเร็ว  รออาหารไม่นาน
เนื้อสดมีคุณภาพ ไอติมอร่อย  น้ำจิ้มเด็ด"
ChZDSUhNMG9nS0VJQ0FnSURKcDl5N0t3EAE,Minminah,4,อาหารวัตถุดิบเหมาะสมกับราคา น้ำจิ้มพอนสึรู้สึกจางๆ พนักงานบริการดี ประทับใจมันกุ้งที่สุดเลยค่าาา
ChdDSUhNMG9nS0VJQ0FnSUNsenNLc3VnRRAB,S. P. (PoND),5,รอคิวนานนิดนึงแต่คุ้มค่า เนื้อดี มีกุ้งแกะเปลือกเลือกอย่างไม่ลังเล ผักครบๆ ไอติมตักแข็งจนตู้โยก🤣 เมล่อนอร่อย
ChdDSUhNMG9nS0VJQ0FnSUNkcmZxSWtRRRAB,Pueng C,1,"ทานบุฟเฟ่ต์ 299 เข้ามากินเพราะรูปอาหาร
ในรูปสีเนื้อสวยงามมาก  แต่ของจริงคือตามภาพเลยค่ะ ตอนแรกนึกว่าเสิร์ฟผิด"
ChdDSUhNMG9nS0VJQ0FnSUNaeTVLRXpRRRAB,Ruttanon Ket,5,"ราคาดี อร่อยมมาก ร้านสะอาด แอร์เย็น ของทุกอย่างคุณภาพ ทั้งสด สะอาด
เนื้อคือดีมากๆ เกินราคา"
ChZDSUhNMG9nS0VJQ0FnSUNKbTczUFFnEAE,CC B,1,"บอกตามความจริง รอนานมากกกกกกกก นั่งรอเนื้อประมาณ 30 นาที ยังไม่ได้ งงมาก อันนี้บ้งที่ 1

บ้งที่ 2 ของหมดเก่งมาก จะหมดไปชิงแชมป์โลกหรอ?

แล้วหันไปโต๊ะไหน ทุกโต๊ะคือรออาหารทุกโต๊ะ นั่งเล่นตะเกียบกันสนุกเลย

ิหนีไปค่ะ หนีไปปปปปปปปปปป"
ChZDSUhNMG9nS0VMQ3poTmFDaEw2YUt3EAE,nink willow,5,ร้านสะอาดบรรยากาศดีแอร์เย็น ราคาไม่แพง ของมีคุณภาพ+หลากหลายมาก เนื้อก็ดีสุดๆๆ
Ci9DQUlRQUNvZENodHljRjlvT2tSdVdHRndhWGRaWjFaWWNrNXVablJ3UTFKTlRFRRAB,ddwq dqwqw,5,อร่อยมากกกกๆๆๆๆมากินบ่อยมาก เมล่นดีมากๆค่ะ
ChZDSUhNMG9nS0VJQ0FnSURYOExDY1dREAE,JeddxDev,4,ร้านอาหารย่านบรรทัดทองสุดคุ้ม ราคาปานกลาง กุ้งสดมาก
ChZDSUhNMG9nS0VJQ0FnTUR3dDVmV0tBEAE,รัชนี,5,ไม่แพงหมูอร่อยแต่มีให้เลือกพอประมาณน้ำจิ้มสุกี่อร่อยแต่น้ำจิ้มซีฟู้ดไม่แซ่ปผักสดเยอะมีไอศครีมด่วยถ้า399จะได้อาการทะเลด้วย
Ci9DQUlRQUNvZENodHljRjlvT2kxMFVrRnJlRUo0V0VWNGRVVjNkRmhLU0ZGTGRXYxAB,Maruko Preaw,5,อร่อย สะอาด  ราคาดีงาม  ทานทุกครั้งที่มาบรรทัดทองเลยค่ะ
Ci9DQUlRQUNvZENodHljRjlvT25SS1YwaG5ia2xHY1dsV1VVOWxRWEJLV0MxRWVVRRAB,21X1 S.,5,ร้านประจำ อร่อย ราคาดี👍🏻👍🏻
Ci9DQUlRQUNvZENodHljRjlvT2s5RFFXMXBNM2x6WTJWUmMweFZNMnN3VVhwcFMzYxAB,Chu Chu sss,5,เมล่อน อร่อยยยหอมมาก ชาบู อร่อย ผักสด
Ci9DQUlRQUNvZENodHljRjlvT20xeU1uQk1aWEppYVhwak5FbFhTazlWYmpBNVdXYxAB,Grace “Kaew”,5,Great food & great services
ChZDSUhNMG9nS0VJQ0FnSURKLXJHcFVBEAE,Bellnarue Sirim,1,"บริการแย่สุด ปล่อยคิวไม่ได้ดูเวลาปิดร้าน ทำให้กินอาหารได้ไม่ครบเวลา แต่คิดราคาเต็ม
ไม่แนะนำให้มากินได้กินตอน เกือบ 5 ทุ่ม"
Ci9DQUlRQUNvZENodHljRjlvT2sxc1ltcEhWbG94YkdSNFV6aHJPVlZsY2tORFlWRRAB,Sriwisa Choocham,5,"เป็นร้านชาบูที่คุ้มค่าที่สุดแห่งปีเลยค่ะ
- ชาบูหมูและเนื้อ สดอร่อย สไลด์มาบางกำลังดี
อาหารทะเลสำหรับชาบูก็สด ชิ้นใหญ่ แนะนำกุ้ง เพราะทางร้านแกะให้แล้ว ตัวใหญ่ สด เด้ง ไม่ใช่กุ้งแก้ว
- อาหารญี่ปุ่น มีเมนูให้เลือกเยอะมาก และทุกอย่างสดมากกก ซาชิมิหั่นมาชิ้นหนา ซูชิข้าวไม่เยอะ เมนูหลากหลายมากค่ะ
- ของหวานที่นี่ห้ามพลาด ทำดีมากค่ะ

สำหรับบุฟเฟต์ที่ราคาในเรท 800-1000 นี้
ขอยกให้ร้านนี้คุ้มค่าที่สุดเลยค่ะ"
Ci9DQUlRQUNvZENodHljRjlvT25CbU1HcHdla1JhU2tkelJYSnlNMFJOTFhKSlQzYxAB,KhunYUONE 1956,1,"วันนี้มาลองครั้งแรก ให้แปลกใจที่ร้านราคาในระดับนี้ จะ
ไม่รับโอน
รับเฉพาะเงินสด
หากรูดการ์ดจ่ายเพิ่มหัวละ 50 บาท
ระบบการสั่งอาหารไม่เสถียร
อาหาร
บางจาน เช่น ซาซิมิ ซูชิแซลมอน เนื้อแห้งไม่ juicy เหมือนทำวางไว้นานกว่าจะเอามาเสิรฟ
น้ำจิ้มทะเล งา รับได้ ส่วนน้ำจิ้มอื่นเช่นสุกี้ หมาล่า เฉยๆ
น้ำซุปผงชูรสโขอยู่
Steak กุ้งแก้ว วางมา 3 ตัว ร้อนแต่จาน ตัวกุ้งเหมือนทำไว้ก่อนนานไม่รู้สึกถึงความร้อนหรืออุ่น เย็นชืด
ของหวาน วาฟเฟิลมาเย็นชืดไม่กรอบ
สรุป โดยรวมไม่ผ่าน
เหมาะสำหรับสายเนื้อวัว
ไม่เหมาะกับคนไม่ทานเนื้อวัว เพราะกลิ่นคาวเนื้อแรงตั้งแต่เดินเข้าร้าน"
Ci9DQUlRQUNvZENodHljRjlvT25SVGMxWk9VVjlFUmpaTE1scFdlVkpDYlMxbk0wRRAB,Minnim Aorranoy,5,รสชาติอาหารอร่อยตามมาตรฐานมาซารุ บาร์ตักผักเส้นมีของไม่เยอไม่เยอะเท่าสาขาอื่น เพราะค่อนข้างเล็กมาก อาหารอร่อยมากจริงๆ แต่ว่าซาชิมิอากะเอบิไม่หวานเรยจืดมาก แต่ของสดเด้งนะคะงงทำไมไม่หวาน น้ำจิ้มพอซึอาจจะได้กลิ่นยูซุน้อยมากเทียบกับสาขาอื่นแต่ยังอร่อยอยู่  ไม่ค่อยได้ถ่ายอะไรเยอะ เน้นกินอย่างเดียว เนื้อหอมอร่อยมากค่ะ
Ci9DQUlRQUNvZENodHljRjlvT2xCSGFEUnhhazFMVFhoQldFNU5MWEI1ZGtWNWJXYxAB,Uncle Bob,4,"ทานคอร์ส 899 net
คุณภาพเนื้อ และรสชาติน้ำจิ้ม
เราให้เสมอกับ Momo Paradise
แต่จะได้ปลากะพง กุ้ง(ตัวใหญ่มาก) หอย ซูชิ และ อาหารหวานที่หลากหลายกว่า"
Ci9DQUlRQUNvZENodHljRjlvT25oeFRIUTFjWGh4YVUxdlZEYzRUakp0Tkd0SVRHYxAB,Aood Waiyavutti,4,"ถ้าใครกำลังมองหาร้านบุฟเฟ่ต์ชาบูที่ครบเครื่อง แนะนำร้านนี้เลย เพราะไม่ได้มีแค่ชาบูอย่างเดียว แต่ยังมีอาหารญี่ปุ่นให้เลือกเพียบ ทั้งซูชิ ปลาดิบ ยำ ของทอดต่างๆ บอกเลยว่าคุ้มมาก!
ซุปชาบูก็เลือกได้ถึง 2 แบบในหม้อเดียว จะน้ำใส น้ำดำ หรือแบบหม่าล่า ก็เลือกตามใจ ส่วนวัตถุดิบก็สดใหม่ มีครบทั้งเนื้อวัว หมู ไก่ ปลา ไปจนถึงซีฟู้ดแน่นๆ
ที่เด็ดคือ กินของคาวอิ่มแล้ว ยังมีของหวานและไอศกรีมให้ตบท้ายอีกด้วย แถมให้นั่งยาวๆ ได้ถึง 2 ชั่วโมงเต็ม กำลังดี ไม่ต้องรีบ กินไปคุยไป ฟินสุดๆ"
Ci9DQUlRQUNvZENodHljRjlvT21RM1JFWlNhSE5CUmtWUlVTMUJWWE56WjNkeVdsRRAB,ไพรัช ประกอบกิจ,4,"ไม่ได้มาทานหลายปีแล้ว กลับมาอีกที คุณภาพของอาหารดีขึ้น ไลน์อาหารมีให้เลือกมากขึ้น
แต่วันที่ไปลูกค้าค่อนข้างเยอะ ทำให้ต้องรออาหารนาน และมีตกหล่นบ้าง ต้องตามหลายรอบ"
Ci9DQUlRQUNvZENodHljRjlvT21wWFkzVlhVSFJCY3paclpFRTJjMWxhY2w5aVlsRRAB,Natthaphat Poonyayun,5,กินแล้วไม่มีอะไรที่ไม่คุ้มกับราคาเลย อาหารสด สะอาด อร่อย กินเยอะจนรู้สึกเลี่ยนปลาดิบไปอีก 1 เดือน อาหารไม่ช้าเสริฟไว มีบางอย่างช้าเข้าใจได้ลูกค้าเยอะ 100เต็ม10 อาจจะเพิ่มการอบรมน้องๆหน้าเคาเตอร์ ยิ้มเยอะๆจะดูสดใสขึ้นมากเลยครับ 🤣 แต่ก็เข้าใจได้น้องๆพี่ๆพนักงานน่าจะเหนื่อยลูกค้าเยอะ ☺️👌
Ci9DQUlRQUNvZENodHljRjlvT2pGNlIxZE9OMjV5TW5WQlRreFRRMUpxYjBkRFgyYxAB,Natchanan Muangthanasunthon,4,"คนรอคิวยาวมากกกกก นี่ขนาดจองผ่านแอพมาจากบ้าน ยังต้องมารอหน้าร้านอีกพักใหญ่ ของดี สด น้ำจิ้มอร่อย ระบบจัดการยังมีปัญหา ของที่กดสั่งไปมามั่งไม่มามั่ง พนักงานเสิร์ฟพูดไทยไม่ชัดและเข้าใจยาก แต่โดยรวม อร่อย นานๆมาซ้ำทีได้อยู่

สิ่งที่ควรปรับปรุงคือ
1. การจัดการเมนูที่ลูกค้ากดสั่ง เสต็คเนื้อลูกเต๋า สั่งตอน 13.19 มาเอาตอน 14.30 / ข้าวผัดกระเทียม ใช้เวลา 45 นาที !!!

2. น้องๆ ภาษาแทบไม่ได้เลย ทำให้การบริการติดขัดมาก ให้ไปตามข้าวผัดกระเทียม น้องเดินถือตะเกียบมาให้ !!!"
Ci9DQUlRQUNvZENodHljRjlvT213dFJIWlRNVTlhYjE5cldVdDJOVVUyUnpaSlQzYxAB,gummo s.,4,"ร้าน shabu sushi buffet
รายอาหารเยอะพอสมควร อร่อยหลายเมนู
ของสดก็ ok
ผักที่บาร์ สดบ้างไม่สดบ้าง
บริการดี ของมาเร็วพอสมควร
สมูทตี้ชาไทยรสหวานแหลมทั้งๆที่ดูนมๆ
รวมๆก็ถือว่าพอใช้ได้"
Ci9DQUlRQUNvZENodHljRjlvT25NMVUwWnVXVFo1ZEd4MVptaFlZMVEyVDI4MllsRRAB,สุนทร ไชยโคตร,5,"อาหารอร่อยทุกอย่าง มีของกินให้เลือกเยอะมาก
ไอติมก็อร่อย"
Ci9DQUlRQUNvZENodHljRjlvT25ZeVVtWkJRV05IUlRGQ00xcE5URUV0WjJSTVpsRRAB,INTHORN UMA,5,"ครั้งแรก กินชาบูแบบบริการดีมาก
ของมาเสิร์ฟเรื่อยๆ แบบครบ แบบไม่ผิดโต๊ะผิดคน วัตถุดิบสด อะอาด .. น้ำจิ้มมีให้เลือกหลายรส เนื้อดี อาหารญี่ปุ่นก็ดี ซูชิ ข้าวไม่เยอะไป"
Ci9DQUlRQUNvZENodHljRjlvT2pFd056ZHVaR0kwUldKUk0yOHRSRFJPYkZOdVVrRRAB,Namwaa Panchanit,2,"ค่อนข้างผิดหวัง
1. โต๊ะและหม้อค่อนข้างเล็ก สำหรับลูกค้ากลุ่มใหญ่ กินไม่ถนัด เอื้อมไม่ค่อยถึง
2. พนักงานบริการไม่ทั่วถึงแต่อาจจะเป็นเพราะว่าเป็นโต๊ะในมุมอับ ทำให้เรียกพนักงานค่อนข้างยาก ของไม่ค่อยครบ เช่น จานฉาม ไม่ครบคน
3. อาหารมาช้ามาก บางเมนูมาช้าเกิน 30 นาที ต้องสั่งซ้ำหลายรอบ แล้วสุดท้ายมาทีเดียว
4. ไม่มีที่คีบเนื้อหมูเนื้อสัตว์ ต่างหาก
5. เนื้อ slide ไม่ค่อยดีแผ่นไม่ึพอดีคำ ทำให้เป็นแพ
6. ทีสำคัญ ร้านไม่รับสแกน ในร้านสเกลนี้ รับเงินสด (แบงค์เท่านั้น) ส่วนบัตรเครดิต คิดเงิน 3% เลยเหมือนบังคับการจ่ายเงินสด

แต่สุดท้ายแล้วรสชาติอาหารโดยรวมโอเค หลากหลาย แต่ว่าประสบการ์นโดยรวมสามารถดีขึ้นได้ค่ะ"
Ci9DQUlRQUNvZENodHljRjlvT2pGQmFtbE9aWGd5Y1dkQ056VXRlV05UY21sblUyYxAB,Looktarn_1983,5,The best!!! Love มากค่ะ ทานร้านนี้ประจำ อย่างน้อยเดือนละ1-2 ครั้ง รสชาติดี ของสดใหม่ รสชาติดี พนักงานบริการดี แต่คิวอาจจะเยอะหน่อย รอได้ค่ะ 😂
Ci9DQUlRQUNvZENodHljRjlvT21oalpYUkplWFpTVUY5S1MzUjBaMU5OVHpaTVRrRRAB,ณปภา สุวรรณยุหะ,4,"อาหารกับราคาถือว่าดีเลยค่ะคุณภาพอาหารดี รสชาดโอเค เมนูหลากหลาย บริการยังช้าๆเบลอๆนะคะ
พูดกับลูกค้าห้วนๆหน่อย"
Ci9DQUlRQUNvZENodHljRjlvT25FeFVsOTZSRzlLY3pWTGRrNWtjVXd3YzFSd1prRRAB,Solos Limthongcharoen,5,อาหารอร่อย วัตถุดิบคุณภาพดีสมราคา แต่โดยรวมรสชาติไปทางเดียวกัน เมื่อทานเยอะจึงค่อนข้างเลี่ยนและทานต่อได้น้อย อาหารบางเมนูมาค่อนข้างช้า แต่โดยรวมพนักงานบริการดี
Ci9DQUlRQUNvZENodHljRjlvT2s5UE1rWnZXV3B3Y1dkcmIycE9NbXhZZGpObGEwRRAB,Lalittaphat “Mint” Phranprai,5,ดีมากค่ะ อาหารหลากหลายมีให้เลือกค่อนข้างเยอะ พนักงานบริการดีมากในระดับหนึ่ง เนื้อวัวดีสดสะอาดไม่คาว แซลมอนและปลาดิบชนิดอื่นๆมีให้เลือกเยอะสดใหม่มากค่ะ
Ci9DQUlRQUNvZENodHljRjlvT25aWlNXa3pZblp5YlV0MVVuSjZaRU5JV0RKWWRHYxAB,Shahriyar Soh,4,"It’s my second time at Masaru after two years, and I was really looking forward to it. The food is still delicious and satisfying.

However, the new interior changes make the place feel more like a cheap eatery, and the seating isn’t as comfortable as before.

The dessert was also a letdown compared to last time—back then, the ice cream felt higher quality and had a richer taste. This time, it just didn’t stand out.

Service also was as good as before 5 star."
ChZDSUhNMG9nS0VPdVV1clhYbC1LbUx3EAE,Mr.steve786,3,"I visited this restaurant and was good to see the wide range of options and good prices. However, the service was slow, which was a bit frustrating.

Highlights

- Variety of dishes, including Shabu, Sashimi, sushi, snacks, and desserts
- Good quality , fish, and seafood
- Desserts are a highlight, with good taste and portion size

Drawbacks

- Slow service and long waiting times for orders
- Some orders might be missed
- Sauces for Shabu could be improved
- Additional charges for credit card payments

Overall

While the food was generally good, the slow service and management issues detracted from my experience. With some improvements, this restaurant could be a good value"
Ci9DQUlRQUNvZENodHljRjlvT2pORlN6VjVTMjEzVWpseWRHWkROVEZNTFVoMmRXYxAB,Winyu Pinitworakunwong,5,"อาหารอร่อย..พนักงานบริการอย่างยอดเยี่ยม รอเมนูอาหารไม่นานมากนักกับเวลาที่ให้ 2ชม.เต็ม..
คนแน่นหน่อย แต่ก็ได้ทานอย่างสมกับการรอคิว..ชาบู เนื้อ ปลาดิบ ของหวาน ครบครัน ทุกอย่างลงตัว..
อิ่มอร่อย คุ้มค่า แนะนำครับ"
Ci9DQUlRQUNvZENodHljRjlvT2pSTWVYWkJOMkpEUTFwNlVqZFVXRnA0UkY5Q1dtYxAB,Nipatchon Navapongsireetorn,5,ชอบเนื้อออสเตรเลีย นุ่มอร่อยมาก อาหารมีให้เลือกหลายรายการ น้ำซุปชาบูดี ชูชิทำออกมาได้สวย แซลมอนสดดี ชอบซอสที่เสริฟมาพร้อมกัน อร่อยคุ้มค่ากับราคาที่จ่ายไป
Ci9DQUlRQUNvZENodHljRjlvT2t0d1RucDRia2xDUzJWck1WRTRaR2x3ZG5Wa2FFRRAB,Bhanuphong Meemaitree,5,จะบอกว่าร้านนี้ของดีจริงๆครับ วัตถุดิบดีส่วนตัวชอบทานเนื้อ และเนื้อร้านนี้ดีมากครับทานอร่อย รยมถึงซูชิและของทานอื่นๆ ในราคานี้ ดีเลยครับ
Ci9DQUlRQUNvZENodHljRjlvT2tKcFRreDViR3hoYkhsdlh6SmlaalJIUjFkdFFWRRAB,Sungsidh Rungsiri,4,อาหารดี ของหวานดี แต่อะไรที่เป็นแซลมอนกับซาซิมิจะออกช้า ตามไปบางทีก็ยังไม่ได้ บางทีมาตอนอิ่มแล้ว ไปมาสองรอบแล้วเป็นเหมือนกัน
Ci9DQUlRQUNvZENodHljRjlvT21GZlkxaEVWRWxvZGtwclJVVnRkRnBNZEZoTVkyYxAB,สุภชา สุโขบล,5,ร้านพนักงานดูแลดี ให้ข้อมูลครบถ้วน มากินเป็นโปรราคาไม่แพงมาก คุณภาพอาหารดีและอาหารเสริฟเร็ว
ChdDSUhNMG9nS0VJQ0FnTURJaHZTY3BBRRAB,phitcha style,5,ร้านรีใหม่ สะอาด อาหารอร่อย เมนูเยอะมีให้เลือกหลายราคา สาขานี้พนักงานบริการดี ไปทานวันแผ่นดินไหวพอดี เลยยังสั่งได้ไม่หลากหลายไว้ไปแก้ตัวใหม่นะคะ
Ci9DQUlRQUNvZENodHljRjlvT2t0NlRHVnliV1I2ZURKRGVIQnNhMjlSVjNadWNuYxAB,อนุชา พรมตา,5,อาหารสด อร่อย ออกไว บริการดี ไม่ผิดหวัง อาจจะรอคิวนานนิดนึง ก็โอเคครับ
Ci9DQUlRQUNvZENodHljRjlvT2pSbk9UZHBVbWMyVlhab1lsWmlNamR5VWxWTVMzYxAB,New,5,อาหารอร่อยค่ะ ปลาสดมาก บริการดี น้ำจิ้มอร่อยเด็ด ของหวานอร่อยมากค่ะ
Ci9DQUlRQUNvZENodHljRjlvT2tSWk1WSllSRVJKVWpRdGIyTTRWWFJZV0VOcmFHYxAB,Arada Sangsutthiseth,5,"อาหารสด อร่อย หลากหลาย
ตั้งใจมาทานค่ะ
วันนี้ทานset 899 คุ้มค่ามาก
( ของหวานก็น่าทาน )"
ChdDSUhNMG9nS0VMZkE0clBmOWVIYXdnRRAB,Attapon Phimanrat,5,ราคา1299 กับซาชิมิคุณภาพนี้ อาจไม่ถึงขั้นเทียบร้านอลาคาร์ทดีๆ แต่ร้านบุฟเฟต์นี่ไม่แพ้ใครแน่นอน ถูกกว่าด้วย เนื้อมิยาซากิก็อร่อย  พนักงานบริการน่ารัก วันนี้สิ่งที่ไม่ค่อยประทับใจ มีแค่ หอยนางรม มันมีกลิ่น กับอิคุระ ซึ่งรู้สึกคาว แต่สั่งมาแค่อย่างละคำ เลยไม่ได้รู้สึกไม่ดีแต่อย่างใด จะกลับมาอีกแน่นอน
Ci9DQUlRQUNvZENodHljRjlvT2pGbU5GaElXR3hwVDBGc2JERkJOek4wWmxCU1gyYxAB,ปลายหวาย,4,"Great quality food!  The staff is friendly, professional and provides a wonderful buffet experience!"
Ci9DQUlRQUNvZENodHljRjlvT2xSbVZEWlBRalJoVVhOd2NsbzFRVzVVYjIxMGNHYxAB,Ynsa Ft,5,มีหลายราคาให้เลือก ข้อเสียคือโฟกัสยาก ชาบูก็อยากกินซาซิมิ ซูชิก็อยากกิน สรุปอิ่ม แต่วัตถุดิบดีมาก จังหวะไปวันที่คนเยอะ รอคิวนานเลย จ่ายบัตรมีชาร์จ แต่ใครที่ใช้บัตรสามารถกด cashback ได้
Ci9DQUlRQUNvZENodHljRjlvT2paMlNXMW1OVGxKVlZwVFRrb3hOR2w2VDJKeVQyYxAB,ภาณุพงศ์ มีไมตรี,5,"มาทานหลายรอบแล้วครับ
อาหารให้เลือกหลอกหลาย
ราคาน่ารักด้วยครับ"
Ci9DQUlRQUNvZENodHljRjlvT210ZlJIcGZWRmhXTkdoVlowcDJkbTVsT0V0b1QyYxAB,Marin Ch.,5,อาหารสด อร่อย โดยเฉพาะ ซาซิมิ และ เนื้อละลายในปาก ราคาดี พนักงานบริการดีใส่ใจลูกค้า อาหารออกไว รอไม่นาน สถานที่หาที่จอดรถง่าย
Ci9DQUlRQUNvZENodHljRjlvT2tOTU5VeFVUbGR6WldzM1NWVjBhMGw0VWxKcGEyYxAB,Nattawatt R,5,อร่อยไม่เคยเปลี่ยน พนักงานบริการดี รวดเร็ว คงคุณภาพไว้นะครับ
ChZDSUhNMG9nS0VJQ0FnTUNvOG9MMklnEAE,FateOfChaos Leonado DaVince,4,"ไปกินตัว 1499
เริ่มที่จุดที่ไม่ชอบก่อน
-ต้องจ่ายเป็นเงินสด ถ้าเป็นโอนหรือบัตรจะโดน+%เพิ่ม
-อาหารค่อนข้างช้า บางรายการต้องทวง

จุดที่ชอบ
-เนื้อดี
-ของทะเลสด

โดยรวมแล้วของที่ได้กับรสชาติเทียบราคาถือว่าok"
ChZDSUhNMG9nS0VJQ0FnTURnNk43cE53EAE,Chali K,5,"ร้านชาบู ซูชิ ซาชิมิตั้งอยู่ ชั้น2 ของ CDC  ฝั่งใกล้max value
มีตั้งแต่ 690, 749, 899, 1299, 1399 บาท
899 คุ้มค่าสุดในความคิดเรา
ทานได้ 90 นาที

ร้านทำได้ดี รสชาติดี ทั้งน้ำจิ้ม น้ำซุป ซูซิ ซาชิมิ เนื้อสด ข้าวอร่อย  น้ำจิ้มพอสซิ น้ำจิ้มงา น้ำจิ้มหม่าล่า อร่อย
ขนมหวานก็ดี

ถือว่าคุ้มค่าค่ะ อาหารบางอย่างรอนาน แต่สำหรับเราก้ไม่มาก ค่อยๆทาน  ชำระเงินสดกับบัตรเครดิตราคาต่างกันนิดนึง มีโปรบัตรบ้าง"
Ci9DQUlRQUNvZENodHljRjlvT2pSWlZYQXdWMWxPU2w5dU9GUlJlVTFtTjFvd1JXYxAB,chonlaphat apibannorrachon,5,อาหารอร่อยมาก คุ้มค่าคุ้มราคา รสชาติดีเยี่ยม คุณภาพดี อร่อยในทุกๆคำที่กิน
ChZDSUhNMG9nS0VJQ0FnTUNZak52Y1lREAE,Palaborajar,3,"อาหารค่อนข้างดี ถึงดีมาก ปลาสด ซาซิมิสด
น้ำซุปอร่อยมาก ผักก็สดสะอาด

เคยเจออาหารอร่อยแต่ทานแล้วไม่อร่อยไหมคะ
ตามอาหารทุกบิล  บางรายการไม่ได้กิน
ได้กินอันที่ไม่ได้สั่ง 🤣

ตามทุกอย่างไม่เกินจริงกินไปชะเง้อไป
ที่สั่งก่อนหน้าไม่ได้กิน สั่งใหม่ก็ไม่ได้กิน
ซาซิมิชอบจับรวมถ้วยแล้วก็พูดตอนเสริฟว่า อันนี้เสริฟหมดแล้วนะ ครบไหม เอ่อ...
แล้วคุณรวมบิลไหนบ้างไม่รู้ คนสั่งก็งง
มันแสกนสั่งคนละบิลกัน จะรู้ได้ไง แล้วจะให้ใส่ชื่อลูกค้าทำไม ถ้าจะเสิฟปนกันมั่วไปหมด

อาหารไม่ออกตามคิวโต๊ะ ออกตามใจในครัว
ทำออกเสริฟแบบโต๊ะจีน
รอบนี้เสริฟ 1 อย่างทุกโต๊ะที่ออเดอร์เหมือนกัน
ไม่เคยเจอแบบนี้เลย ทำไมไม่เสริฟตามคิวทีละโต๊ะ

เป็นแฟนเพจมานานมาก เพิ่งมีโอกาสได้ไปทานก็ไม่อยากไปอีกเลย ประสบการณ์ไม่ดีมากๆ

การจัดการ 🫢 การบริการของสาขานี้🫢
ความเร็วในการเสิร์ฟอาหาร🫢

อาหารดีมากๆนะคะ อย่างน้อยที่สุดคงแนะนำไปลองสาขาอื่นค่ะ"
Ci9DQUlRQUNvZENodHljRjlvT2poR1NYcFZlWFpoZUZCb2VtdFBVMTg1U0ZOYVQyYxAB,Pipat Leelawatcharamas,5,เป็นบุฟเฟ่ที่คุ้มราคาที่สุด คุณภาพดีเสมอต้น เสมอปลาย จากใจคนกินทาเป็น 10 ปี
ChdDSUhNMG9nS0VJQ0FnSURfMm8tZ3RBRRAB,Sakura Paru,5,อาหารดีมากกก บริการดีมากกก คุ้มค่ากับการถ่อมาไกลมากเพื่อมาลอง เคยเห็นคนอื่นชมกันเยอะ พอมาได้ลองเองจริงๆประทับใจมาก อาหารอร่อยทุกอย่าง ระบบบริหารจัดการดี มีอาหารขาดตอนบางช่วงแต่เข้าใจได้เพราะลูกค้าเยอะมากจริงๆ ไว้มีโอกาสต้องกลับมาซ้ำแน่นอน
ChZDSUhNMG9nS0VJQ0FnSURiajhxR0tREAE,หมูอ้วนตะลุยโลก MooAuan Explorer,5,"กินที่สาขา CDC เลียบด่วนรามอินทรา
เคยมากินหลายครั้งแล้ว ตั้งแต่เปิดร้านมา
กลับมาคราวนี้ก็มีเมนูที่อยากกินมากด้วย
นั่นคือ “กุ้งดองงงงงงง” แล้วไซส์ที่เสิร์ฟคือ
ไม่ใช่ตัวเล็กๆจิ๋วๆ แต่เป็นตัวใหญ่ เนื้อแน่น
คนรักกุ้งดองอย่างเราคือชอบมาก
ในส่วนของเนื้อชาบูคือดีมากกกก
ในส่วนของปลาเก๋านั้นนนนนนน
เนื้อแน่น อร่อยเต็มคำมากๆ
ชาชิมิ ซูชิต่างๆที่สั่งมาก็คือ สดมาก
ปลาหมึกอร่อย สำหรับสายแซ่บ น้ำจิ้มซีฟู้ด
สามารถขอพนักงงานได้นะ น้ำจิ้มอื่นก็ขอได้
ซูชิเนื้อเบิร์นไฟคือดีเลย ข้าวน้อย เนื้ออร่อย
ไม่เหนียวเลย มีรสชาตออกหวานๆหน่อย
สเต๊กกุ้งแก้วก็ดี กุ้งเนื้อเด้งๆ อร่อย
จบปิดท้ายด้วยของหวาน
ที่หนึ่งในใจคือ ไอติมยาคูลท์ปีโป้"
ChdDSUhNMG9nS0VJQ0FnSUNfdWRTMHJnRRAB,** PYMN **,4,"อาหารรสชาติโอเค มีพวกเมนูซูชิ sashimi และของทานเล่นให้เลือกเยอะมากค่ะ
ทานแบบ 699 มีเนื้อ 3 แบบ ซึ่งเนื้อโมโม่ และเนื้อสันคอโอเคเลยค่ะ มันแทรกเล็กน้อย ไม่มีพวกเอ็นแทรกมาให้หงุดหงิด
ไอศครีมยาคูลท์ปีโป้ กัับ สับปะรดเงาะ อร่อย แก้เลี่ยนดีมากเลย
หักคะแนนนิดนึงที่ ไม่ชอบโต๊ะแบบนี้เลย มันเข้าออกยาก จะออกไปเติมน้ำ หยิบผัก หยิบขนมแต่ละทีมันลำบากต้อให้คนนั่งนอกคอยลุกให้ตลอดค่ะ
และ salmon sashimi มีเกล็ดปลาที่ขอดไม่ดีติดมาด้วย ดีว่ามาเจอตอนกินจะเสร็จแล้ว เพราะมันหยึยๆ ทานต่อไม่ลงเลยค่ะ"
ChdDSUhNMG9nS0VJQ0FnTUNRc0p1dDVRRRAB,Jade Phichitkul,4,"My first time eating here at Masaru had been pleasant! I admire the freshness of the sashimi and beef. The quality of the salmon was as good as other premium Japanese restaurants in Bangkok. On the other hand, the service staffs were attentive, she even helped me make the sauces. I highly recommend Masaru if u want a phenomenal meal in Bangkok! Cheers !"
Ci9DQUlRQUNvZENodHljRjlvT2kxWVl6UkxhV2hwU0ZsamIxRmpiVmxRZW1kMFRYYxAB,supattra muangnoi,5,ทั้งชาบู ซูชิ ซาซิมิ ขนม คือดีมาก  อิ่มแบบจุกๆ น้องๆพนักงานบริการดี สั่งอาหารไปเสิร์ฟไวเลย รอบนี้มา2คน รอบหน้าชวนชาวแก๊งยกมาปิดโซนซะเลย 😍😍😍 กินเพลิน ลืมถ่ายอาหาร ทานเสร็จเลยขอแชะภาพด้านนอกไว้หน่อยค่ะ
Ci9DQUlRQUNvZENodHljRjlvT20xQlVWUm1jMHRZTUZOUWJUbE5URE4xTm1NMFZrRRAB,พุทธิดา ศักดิ์สุพรรณ,5,กุ้งตัวใหญ่เด้งมาก  รวมอยู่ในเซต 899 ซูชิก็อร่อย ชาบูเนื้อดีงาม
Ci9DQUlRQUNvZENodHljRjlvT21STlQxaDZlbEJEYVc5alNURjVXVXM0U2pGVlRIYxAB,JKN,5,ดีมาก สด มาซ้ำหลายรอบแล้วค่าาา😊
ChZDSUhNMG9nS0VOT0Z1OC1Zc3VPcUp3EAE,Chali Psr,5,เราเลือก 749 สามารถสั่งซิซิมิได้ค่ะ คุ้มดีนะ เนื้อก็โอเคดี ส่วนขนมเลิฟเลย มีหลากหลาย และไม่ได้ใหญ่มาก สามารถกินได้หลายอย่าง😂 กุ้งแกะคือดีงาม กินกับซุปต้มยำ เริส!
Ci9DQUlRQUNvZENodHljRjlvT2xKdmJIUm5SRFZzV1ZGdFZHNXRRbEJsVm5aMWJVRRAB,NJ C,4,เป็นร้านชาบูที่ทำขนมออกมาได้อร่อย ส่วนซาชิมิยังน่าจะดีกว่านี้ได้อีก
ChdDSUhNMG9nS0VJQ0FnSUNfLWJXLXF3RRAB,Tongz NP,5,"เป็นบุฟเฟต์ชาบู-ซูชิที่เปิดมานานมากแล้ว กินมาหลายรอบหลายปี คุณภาพไม่เคยตกเลย อาหารสด อร่อย เมนูหลากหลายมาก คุ้มค่าสุด ๆ ที่ชอบคือสั่งอาหารผ่าน QR Code ได้เลย ไม่ต้องเรียกพนักงานให้เสียเวลา น้ำซุปกับน้ำจิ้มมีให้เลือกหลายแบบ อาหารเสิร์ฟเร็วดี มีแค่เครื่องดื่มกับพวกผักที่ต้องลุกไปตักเอง ไอศกรีมก็เด็ดมาก มีหลายรส ตอนนี้มีช็อคโกแลตดูไบด้วย ฟินสุด ๆ

เรื่องจ่ายเงิน ถ้าจ่ายบัตรเครดิตราคาจะบวกเพิ่มนิดหน่อย แต่ก็โอเคอยู่ เสียอย่างเดียวคือปีนี้ (2025) ร้านยังออก E-Tax Invoice ไม่ได้ นอกนั้นดีหมดเลย!"
ChdDSUhNMG9nS0VJQ0FnSUN6dmFEWGpnRRAB,nin nin,5,ร้านอยู่ชั้น2 cdc มีที่จอดรถเยอะ ห้องน้ำก็สะดวก เดินไม่กี่ก้าวก็เจอห้องน้ำตลอดแนว ของสด ไม่คาว ชิ้นใหญ่ อร่อย คุ้มมากมาย พนักงานจะตักน้ำจิ้มให้กับตามออเดอร์ตกหล่นให้ครับ ร้านไม่รับเงินโอน จ่ายเงินสด ลดภาษีผู้ประกอบการครับ
ChZDSUhNMG9nS0VJQ0FnSURfcmV1MlZnEAE,a.aloniix saniiz,3,"ตั้งอยู่ ชั้น2 ของ CDC มีทั้งชาบู ซูชิ ซาซึมิ มาทาน Prestige Set ไม่ได้ว้าวเท่าไร ทั้งชาบูและซาซึมิ อาหารต้องตามกับพนักงาน พวกเนื้อชาบูจะมาเสิร์ฟก่อน 30 นาทีผ่านไป ซูชิ ซาซึมิไม่ได้ ก็ต้องตามพนักงาน 2-3 รอบ กว่าจะได้ของ

น้ำจิ้มซีฟู้ด สุกี้ อร่อยมาก ปลาซาซิมิไม่ได้สดเท่าที่ควร โฮตาเตะไม่สดเลย ไม่หวานเลย จืดดดดด ฮามาจิอร่อยอยู่ แซลมอน ทูน่าเฉยๆ

ปลาเก๋าคาว สเต็กโฮตาเตะคาวมาก กลืนไม่ลง ซุปทรัฟเฟิลไม่อร่อย ของหวานช่วงที่ไปกินมีไอติมช็อกโกแลตดูไบ ไม่อร่อย ไม่เหมือน

ที่ชอบคือกุ้งแกะ ตัวใหญ่ แกะให้ อร่อย เด้ง เต็มคำ อินาริอิคุระ อร่อย หวานเต้าหู้

ถ้ามากินก็แนะนำ 899 คุ้มค่ามากสุด"
ChZDSUhNMG9nS0VJQ0FnSUR2NVk2QVlREAE,auiii,5,วันนี้มาสาขา CDC Masaru เป็นร้านอาหารประจำของเราเลย มีทั้งชาบูและซูชิ มีหลายราคาให้เลือกค่ะ ปกติเราจะเลือก Platinum วันนี้ Platinum+ 899+200 ยังไม่รวม vat ค่ะ เลือกน้ำซุปดำ กับ ใส กินปลาไหลไข่หวานชีส 2 ชิ้นก็คุ้มละค่ะ  เพิ่ม 200 เป็นค่าเพิ่มปลาฮามาจิ แฟนชอบ ปลาไหล กับฮามาจิ ส่วนเราเน้นกินแต่แซลมอนซาซิมิ กับ แซลมอนดอง ในส่วนเนื้ออร่อยมากค่ะ มีหลายแบบให้เลือก นุ่มละลายเลย สเต็ก ขนมหวาน ของทานเล่น มีให้เลือกเยอะ เป็นร้านอาหารญี่ปุ่นที่มีอาหารหลากหลายมาก เป็นอีกร้านให้เพื่อนๆ ได้ลองเลือกมาทานกันค่ะ
Ci9DQUlRQUNvZENodHljRjlvT2sxQ1FuRk1VbWRyYW5sV1pTMVhlUzAzU3pCTWQxRRAB,จิรพัชร์ รุ่งเจริญกิจพานิช,5,อร่อยทุกอย่างที่สั่งมา โต๊ะที่นั่งสะอาดพนง. บริการดี ค่ะ  มาอีกแน่นอน มากลางวัน วันธรรมดา เลยไม่ต้องรอคิวเข้าร้านได้เลย
Ci9DQUlRQUNvZENodHljRjlvT205UWNVb3pOa3hUYzFkTVEzVk5YMTl1U1VJMGNYYxAB,Mintra Minnie,5,คุ้มมาก แซลมอลสด รอของไม่นาน ทานประจำเลย ♥️
ChZDSUhNMG9nS0VJQ0FnTURncE9EUEpREAE,Kornravee r,3,เลือกแบบมีซาซิมิ และโฮตาเตะจิ๋ว จ่ายบัตรเครดิตมีชาร์จบวกหัวละ769.- บาท มีนั่งรอขาดช่วงไม่คุ้มค่าเท่าไหร่
Ci9DQUlRQUNvZENodHljRjlvT21KdVNERndZMmwwWjBWV1h6WmlTa1ZDWVZkUk1GRRAB,จรัสศรี ดวงสวัสดิ์,5,พุงจะแตก 749 คุ้มมากค่ะ เนื้อดี แซลม่อนสดมาก กุ้งตัวเท่าน้องไก่
Ci9DQUlRQUNvZENodHljRjlvT2pGR1pXRldRVTFwWlVKVExUTnZhbVJTT0RGMU5rRRAB,Wuttipong Sondee,5,โครตคุ้ม 899 ของสด อาหารมาไว ของหวานครบ
ChZDSUhNMG9nS0VJQ0FnSUNfbUppMU5BEAE,Canit Kaewtubnil,5,อาหารอร่อย น้ำจิ้มซีฟู๊ดน่าจะทำเอง รสชาติดีมาก เนื้อวัวและเนื้อแกะคือดี น้ำซุปหม่าล่าคือดีงาม
ChZDSUhNMG9nS0VJQ0FnSURWbTdpb2VBEAE,Pichsaran Ves,5,"ส่วนตัวก็ยังยกให้ร้านนี้เป็นที่หนึ่งในใจตลอดมา สำหรับบุฟเฟ่ต์ชาบูและซูชิ อร่อยเสมอต้นเสมอปลายมาก

ปกติกินสาขา the walk...วันนี้ได้มาแถวนี้ เลยมาลองกินสาขานี้ดู กินแค่ tier ล่างสุด แค่นี้ก็ว่าดีมากๆละนะ

ซูชิอร่อยทุกอย่างเลย ส่วนตัวสำหรับ tier นี้ ชอบพวกโรลเบิร์นไฟ อินาริปลาดิบรวม ซูชิซากุระเบิร์นไข่ปลาแซลมอน
ซาชิมิก็โอเค สดใช้ได้
ชาบูน้ำซุปและน้ำจิ้มอร่อยดี ชอบน้ำจิ้มสวีทโชยุกับซีฟู้ดเป็นพิเศษ

ของหวานก็ปังๆ วาฟเฟิลกรอบนอกนุ่มใน ไอติมยาคูลท์ปีโป้อร่อยสดชื่นดีมาก

พนักงานน่ารัก บริการดี
ร้านอาจจะค่อนข้างแคบๆเป็นหลืบๆหน่อยแต่ไม่อะไรมาก
จ่ายได้แค่เงินสดและบัตรเครดิตเท่านั้น ราคาไม่เท่ากันนะคะ"
ChZDSUhNMG9nS0VJQ0FnTUNZdXFlTVd3EAE,Shiryu Roshinunte,5,วัตถุดิบ มีมาตรฐานที่ดีมากๆทุกรอบ การบริการดี แต่ความเพี้ยนของระบบสั่ง ยังเจอทุกรอบ แต่ไม่เยอะมาก
Ci9DQUlRQUNvZENodHljRjlvT25sR1VXeHdSSGhMUTFvMk5HWjJSbVoxTW0weE0xRRAB,Patpisuit Ratananakorn,5,ในร้านบุฟเฟ่ต์เรทราคาเท่ากัน ผมว่าที่นี่วัตถุดิบมีคุณภาพมากที่สุด คุ้มค่ากับราคามากๆครับ
ChdDSUhNMG9nS0VJQ0FnSUNiczVEejh3RRAB,Baszther,5,อร่อยมากครับของทุกอย่างสดมากๆพนักงานพูดจาดีต้อนรับดีมากๆร้านสะอาดและที่สำคัญราคาถูกมากครับ ผมที่ผิดหวังจากร้านอื่นมาเลยมาลองกินแล้วจะเป็นลูกค้าประจำครับ
ChdDSUhNMG9nS0VJQ0FnSURadHNuRW1nRRAB,เหมียวตัวดี,5,⛔ร้านรับแต่เงินสด⛔ไม่รับสแกนจ่ายบัตรเครดิตมีชาร์จน่าจะ 3% ส่วนอาหารหลากหลายสั่งมาไม่ครบ ท้องอิ่มไม่ไหว น้ำจิ้มมีหลายแบบแต่ชอบพอนซึที่สุด น้ำใสๆโรยต้นหอมใส่หน่อยจิ้มเนื้อแล้วไม่เลี่ยนเลย น้ำซุปสั่งต้มยำกับน้ำดำ น้ำดำเฉยๆส่วนต้มยำรสชาติเหมือนพวกต้มยำตามร้านอาหารเลยเข้มข้น สลัดเต้าหู้ปลาเงินอร่อยผักสดโรยหน้ากรอบๆกินแล้วสดชื่น แซลมอนซาชิมิกับปลาดิบต่างๆหั่นชิ้นหนากำลังดีเต็มปากเต็มคำ ส่วนของทอดมาร้อนๆทุกจานไม่อมน้ำมันเลย เนื้อต่างๆไม่เหนียวเคี้ยวง่าย ที่ชอบคือขนมทั้งหมดไม่หวานดูดีและอร่อย พวกพันนาคอตตาในผู้แช่ก็อร่อยสดชื่นแก้เลี่ยน มีรสชีอคโกแลตด้วยซึ่งที่อื่นไม่มีออกขมนิดๆเจ้มจ้นแบบดาร์กช็อค อาหารออกไวรอไม่นานครบถ้วนตามที่สั่งไป พนักงานดีกระตือรือร้นแนะนำอธิบายดี ร้านสะอาดโต๊ะไม่มันเหมือนบุฟเฟต์บางร้านที่เคยเจอ
ChdDSUhNMG9nS0VJQ0FnSURYc1ktUHh3RRAB,AlfaRe1985,5,ที่นี่ไลน์ซาชิมิตึงสุดในย่านเลียบด่วนละ สดจริง อร่อยจริง จานจัดสวย แต่ชอบบรรยากาศก่อนรีโนเวทมากกว่า แสงสลัวๆพอสว่างแล้วเขินๆ😁😁😁
ChZDSUhNMG9nS0VJQ0FnTURnaWNTN1FBEAE,Anuchit Ladondoo,5,อร่อยดีครับ เมนูให้ทานค่อนข้างเยอะ รู้สึกว่าไม่ค่อยคุ้มเท่าไหร่ เพราะทานได้น้อยพอสมควร
ChdDSUhNMG9nS0VJQ0FnSUNEa28yOWx3RRAB,ZM S.,5,"ร้านอยู่ชั้น2 มีหลายราคาให้เลือก เราเลือก899 รวมๆ900กว่าบาท
🍣 มีชาบู ซูชิเมนูมีเลือกเยอะมากๆ ซูชิ นิกิริ อร่อย ข้าวคำเล็กๆ วัตถุดิบดีมากเว่อร์ ปลาไหลเอย เเซลม่อนเอย เนื้อชาบูละลายในปากฟินๆ ยำแซลม่อน อร่อยน้ำจิ้มแซ่บ
🧑🏻‍🍳พนักงานบริการดี แนะนำดีค่ะ สมัครสมาชิก จะได้เมนูพิเศษ
📱 การสั่งสแกนQr ง่ายๆ สะดวกดี ออเดอร์ได้เร็วนะคะ แต่ของทอดอาจจะช้า แต่ทอดใหม่ๆ ร้อนๆเลย
🍨 ของหวาน เครปเย็นอร่อย มาพอชชั่นเล็ก กินแบบพอดี แต่ก็สั่งได้ไม่อั้นเช่นกัน
สรุปแล้วดีมากๆๆๆ ชอบสุดๆ
💸การชำระเงิน รับเงินสด ไม่รับโอน จ่ายบัตรเครดิตได้นะคะ แต่รู้สึกว่ารับแค่Smart card ค่ะ"
ChdDSUhNMG9nS0VJQ0FnSUNIdkxPTTd3RRAB,Piya-orn Lucktong,5,อร่อยเหมือนเดิม แต่สาขานี้ของหวานไม่มีบิงซูซักกกกที อยากให้เอาเข้ามาค่าาาา รอรีโนเวทเสร็จ ปรับเมนูด้วยนะคะ กินแต่เครปมา7-8ปีแล้ว🤣🤣
Ci9DQUlRQUNvZENodHljRjlvT2kxT1FVWTNWRlZtU0Y5aE9ETmpjbkl3T1dWc1ZXYxAB,Ben To,5,อร่อยมาก กุ้งกับปลาเก๋าแดงใหญ่มาก สดมาก
ChZDSUhNMG9nS0VJQ0FnSUNIbi1yZGJ3EAE,Sooksira G,4,"เป็นร้านชาบูที่บรรยากาศสบายๆ ร้านสวย ได้แสงธรรมชาติ

เนื้อดี แต่รู้สึกเนื้อไม่ค่อยหอม
ซุปหอมมากโดยเฉพาะซุปต้มยำ
บาร์ผักสะอาด และผักหลากหลาย
น้ำจิ้มมีหลายตัว รสชาติจึ้งหมด สั่งเลย
ของทอด อร่อยทุกอย่าง สั่งทุกอย่าง
เครื่องดื่มมีให้เลือกเยอะ ชอบชาพีชที่สุด
ส่วนขนม ร้านนี้เค้าทำได้ดีมาก"
ChdDSUhNMG9nS0VJQ0FnSUN2NmVhVHhBRRAB,P,5,อาหารทุกอย่างอร่อยมากๆเลยครับโดยเฉพาะขนมหวานนี่เทพมากๆเลยขนาดกินของคาวอิ่มแล้วขนมหวานกินได้อีก 10 จานเลย
ChdDSUhNMG9nS0VJQ0FnSUMxekp1QXhBRRAB,Boong Nongchok,5,"เนื้อวากิวกับปลาไหลดีมาก อาหารทานเลานมีเยอะ บริการยอดเยี่ยม
พอดีว่ามีเหตุปลาเก๋าที่สั่งมาไม่สดจึงแจ้งพนักงานไป เชฟส่งพนักงานมาขอโทษเป็นเรื่องเป็นราว ไม่หักดาวครับให้เต็ม แนะนำครับ 👍👍👍"
ChZDSUhNMG9nS0VJQ0FnSUQzNUxhUllREAE,Kamolchanok Mml,5,จากที่ไม่ได้ทานมาหลายปี คุณภาพและราคายังดีเหมือนเดิมไม่มีตก ประทับใจมาก ซูชิมีให้เลือกหลากหลาย
ChdDSUhNMG9nS0VJQ0FnSUNObExLOXlnRRAB,Acha Yhamruksa,5,"Great value food as buffet:)

ร้านนี้ดีครับ ซาซึมิสดทุกอย่าง ทั้งปลา หอย กุ้งดิบอร่อยมาก ซูชิก็ดี seafood หอยนางรมก็สด เนื้อมีให้เลือกเยอะ อร่อย ชอบมากครับ เมนูมีความหลากหลายระดับหนึ่ง เลือกกินได้้เยอะเลย น้ำซุปมีให้เลือกสั่งได้ หมาบ่า ต้มยำ น้ำใส น้ำดำ ของหวานทำใหม่อร่อย มีวาฟเฟิล ชอบสั่งมาก กรอบดี พนักงานบริการดี ถามได้ อยู่ในห้าง CDC

แนะนำครับ คุ้มค่ามากๆ ผมว่าราคากับของมี่ได้ สด อร่อย ไปกินมาหลายครั้งแล้ว แค่ว่าวันที่คนเยอะต้องรอคิว และของออกช้าหน่อย

ร้านรับเฉพาะเงินสด และรูดบัตรนะครับ โอนไม่ได้นะ"
ChdDSUhNMG9nS0VJQ0FnSURqemZfa3RRRRAB,Sara A,4,"ร้านตั้งอยู่ชั้น 2 ที่นั่งค่อนข้างเยอะ
สั่งอาหารเป็นแบบ สแกนสั่ง แต่วันที่ไป เหมือนระบบจะไม่ค่อยดี กดไม่ค่อยติด
แอร์ค่อนข้างร้อน
แต่อาหาร อร่อยทุกอย่าง คุณภาพดี มีให้เลือกเยอะ อิ่มมากก"
ChZDSUhNMG9nS0VJQ0FnSUNsX29hcUJBEAE,Nuchnalin Leerasantana,3,"Wide range of options, and good prices but slow order ><~

First of all, you need to pay in cash. They accept credit cards but with additional charges.

Today I tried 899++ or 935 Net THB. You can order Shabu with good quality beef, lamb, nice fish and prawns seafood, and others. Further, you can order Sashimi, sushi, snacks, and also desserts.

Shabu
The soup is good but all sauces there taste a bit off. None of them is my cup of tea. The beef quality is very good and worth the price.

Sushi and Sashimi
There are many choices. It indicates clearly how many bites per order. The quality of fish and rice is fair. However, the waiting the is quite long and sometimes there might miss some of the orders.

Dessert
I think this is the most proper dessert in the buffet. It does not take too long. It tastes very good and the combination is right. The portion is not too big either.

Service
The waitresses are good and helpful. However, the waiting time for our orders can be a hassle. It comes pretty slowly so you get full fast.

Overall, I am happy with the food but not with the management."
ChZDSUhNMG9nS0VJQ0FnSURYeE83dFRREAE,นัฐสุดา เทาตัน,5,พาคุณแม่ น้องสาวมาทานสาขานี้ครั้งแรก ร้านสะอาด อาหารสะอาดอร่อย พนักงานสุภาพอ่อนน้อมบริการดี แนะนำค่ะ
Ci9DQUlRQUNvZENodHljRjlvT201WE5uZzFSRWxzWmxKeldGQXlTa0ZhTWxsRGJYYxAB,รัตยา เพ่งพิศ,5,อาหารสด พนักงานน่ารักแนะนำดีมากค่ะ
ChdDSUhNMG9nS0VJQ0FnSURSajRPb3dBRRAB,Nansikarn Lux,5,"กินราคา 888 เนื้อคุณภาพดี ไม่เหนียว
กุ้งสด เนื้อแน่น ปลาเก๋าเนื้อแน่น อร่อย
ซูชิ รสชาดอร่อย ซาซิมิ รสชาดกลางๆ
น้ำจิ้มอร่อยทุกอย่าง
ไอศกรีมข้าวเหนียวมะม่วงอร่อย ข้าวนุ่ม นัวกะทิ
ทาโกะวาซาบิ เค็มมากๆๆๆๆๆ"
Ci9DQUlRQUNvZENodHljRjlvT2kxd1EwOUlWMWh4Wm05QlMwWnZWRWRYVWxWRUxYYxAB,Sukito26 Su,5,อร่อย ของสด น้ำจิ้มมีให้เลือกเยอะ
ChZDSUhNMG9nS0VJQ0FnSURydUtycUVREAE,Sitthichai K,5,"หลากหลาย
พนักงานบริการไวและพร้อมเก็บจานเปล่าตลอดเวลา
สถานที่สะอาด
Sushiปั้นมาขนาดข้าวกำลังดีไม่ใหญ่
ที่จอดรถมากมาย"
ChdDSUhNMG9nS0VJQ0FnSUNwc3JHWjFBRRAB,Anti Rismayanti,5,"I visited this place yesterday, and I was impressed by the freshness and quality of the beef and other ingredients used in their dishes. The special menu featuring bluefin tuna from Spain was a delightful treat, with its sweet and fresh taste. The beef steak was juicy and tender, making it a standout item. Overall, I highly recommend this buffet as it offers excellent value for money with its top-notch quality."
ChZDSUhNMG9nS0VJQ0FnSURYbi1uR1F3EAE,Nattapong Kot,5,มากินหลายรอบแล้ว มารอบนี้ปรับปรุงบรรยากาศให้สว่างโล่ง โปร่งขึ้นมาก คุณภาพอาหารดี หลากหลาย อร่อย ไม่ผิดหวังแน่ๆ
Ci9DQUlRQUNvZENodHljRjlvT2poSFpXZE1UR3R1Tm1oS2FqUXhVVlJyTWtKVVNIYxAB,Nunnapat K.,5,"ร้านอยูู่CDCชั้น2

ทานแบบplatinum899net เด็ก399net สด อร่อยทุกอย่างทั้งของคาวและของหวาน เนื้อนุ่มถูกใจสายเนื้อเลยค่ะ

สั่งอาหารผ่านQR code สะดวก รวดเร็วดีค่ะ"
ChdDSUhNMG9nS0VJQ0FnSUQ1M0piNG1RRRAB,J T P,5,"ไปกินโปร 699 ชาบู + ซูชิ มีแซลมอนซาซึมิให้คนละ6 ชิ้น
แซลมอนสดอร่อยดี เนื้ออร่อยทุกอย่างเลยไม่ว่าจะเป็นสันคอ เนื้อออส เนื้อลูกมะพร้าว เนื้อน่องลาย โดยรวมแล้วสี่อย่างที่นี่รวมอยู่ในโปรโมชั่น 699 อร่อยทุกอย่างเลยในส่วนของเนื้อ คุ้มค่าคุ้มราคา กินไปเยอะมาก 20 ถาด คุ้มแหละ"
ChZDSUhNMG9nS0VJQ0FnSUMzcU5xYU9REAE,C K,5,"ร้านสะอาด กว้างขวาง ดูดี แอร์หนาวสุดๆแนะนำเอาเสื้อมาด้วย
อาหารดีมากหลากหลาย พนงเกบโต้ะเรื่อยๆ ของมาไว
ซุปหม่าล่าอร่อยไม่มันมาก ซาชิมิดีเลย เนื้อก้ดี ไอติมก้อร่อย ของทอดก้อร่อย"
Ci9DQUlRQUNvZENodHljRjlvT2tsSmMxbDFlbGRxWW1oYWQyTnZkRGRRV1dJM1lVRRAB,NaN Pattraporn,4,อาหารสดอร่อย เมนูหลากหลาย ของหวานอร่อย พนักงานบริการดีมากค่ะ
ChdDSUhNMG9nS0VJQ0FnSUNUZ3RYYjhBRRAB,Usanee Uttamot,5,โทรจองโต๊ะมาล่วงหน้า เลือกกินระดับ platinum 899 บาท Net เปิดฉากมาด้วย ซุปเห็ดทรัฟเฟิล อร่อยละ ชาบูเลือกซุปน้ำดำ กับ ซุปหม่าล่า ผักหลากหลาย เนื้อวากิวแร่บางไม่เหนียว อร่อย ไอศครีมเชอเบต และ วาฟเฟิลบ้าบิ่น อร่อยมาก แต่ต้องจ่ายค่าอาหารแบบเงินสด ถ้าจ่ายด้วยบัตรเครดิตจะชาร์ต
ChZDSUhNMG9nS0VJQ0FnSUNwbVB1ZmFnEAE,sirin Kanawarong,5,เนื้อ หมูโอเคเลยใช้ได้ แถมมีซูซิด้วย สด สะอาด ของหวานก็อร่อย แนะนำให้เตรียมเงินสดมาด้วย ร้านไม่รับโอน บัตรเครดิตมีชาร์ต 3%
ChZDSUhNMG9nS0VJQ0FnSUNQdWVpeVFnEAE,อร่อยตัวแตก delicious my break,4,หอยโฮตาเตะ หอยเป๋าฮื้อดี ลิ้นวัวกับเนื้อไม่เหนียว ไม่แนะนำลิ้นวัวซูวี ขนมหวานอร่อย 899+100 net
Ci9DQUlRQUNvZENodHljRjlvT210SFUyNDFSV0YyTTJac1VHZEtaRkpvTUZWV0xWRRAB,wattanamon benjakul,5,อร่อยเหมือนเดิม กุ้งตัวใหญ่ ซาซิมิสด
ChZDSUhNMG9nS0VJQ0FnTUN3MzdYY01nEAE,3pol freestyle,5,อร่อยคุ้มค่า อาหารหลากหลาย สด สะอาด ได้กินแซลม่อนซาซิมิในราคา 750 ถือว่าคุ้มมากๆ มากินกี่ครั้งก็ไม่ผิดหวัง (ยิ่งช่วงไหนมี่มีจัดโปรฯ 750 แล้วมีกุ้งสดแกะเปลือกด้วย ยิ่งฟิน ยิ่งคุ้ม) เป็นร้านประจำอีกร้านเลยครับ ชวนใครมาก็ไม่ผิดหวัง รักษามาตรฐานแบบนี้ไปนานๆนะครับ
ChZDSUhNMG9nS0VJQ0FnSUM3MHVEN1NBEAE,ssariinn,5,ร้านประจำค่ะ เนื้อดี อาหารญี่ปุ่นสด ราคาน่ารักมากเริ่มต้นแค่ 690฿ กำลังจะปิดปรับปรุงร้าน 25/8/67 รีบมากินกันด่วนน น 😘😘
ChRDSUhNMG9nS0VJQ0FnSURtM19NTRAB,Parichati Phetpuk,4,เป็นชาบูที่หลากหลาย วาไรตี้เยอะ แต่ละเมนูอร่อย เสียอย่างคือรอคิวนานมาก เกือบ 2 ชั่วโมง เพราะร้านไม่รับจองคิวถ้าน้อยกว่า 4 คน
ChdDSUhNMG9nS0VJQ0FnSUR4bWJXN2tBRRAB,Pikkiiz,3,"ไปสองคนมื้อกลางวัน กินคอร์ส 888 บาท

ร้านไม่รับสแกนจ่าย โอนจ่าย

ต้องจ่ายเงินสดเท่านั้น ถึงจะได้ราคา  888 บาท บัตรเครดิตชาร์จเพิ่ม

อาหารพวกเนื้อมาไวมาก เพราะแช่แข็งไว้แล้ว ซาชิมิรอหน่อยนะ

ที่ผิดหวังคือ เดี๋ยวนี้ ปลาไหล กับ hotate บนซูชิ คือเล็กมาก ปิดข้าวไม่มิด เมื่อก่อนปิดข้าว แล้วข้าวก็เย็น และแข็งมากๆ ไม่เคยเจอข้าวแข็งเท่านี้ ควรปรับปรุง ยังดีที่ Sashimi ยังสดอยู่ 😭😭😭

ส่วนฮามาจิยูซุ ซูชิ สั่งไป 5 คำ ปลาหั่นมาบางมากๆ เมื่อก่อนหนาๆ ปิดมิดข้าว ปลาก็แทบไม่มีสีชมพูของฮามาจิเลย เอาส่วนไหนมาก็ไม่รู้ อันนี้เศร้าจัด 😭😭😭😭😭😭😭

ส่วนโปรพิเศษ Bluefin กุงกัง หวานมาก เสียรสชาติทูน่า ไม่ชอบเลย😡😡😡😡😡

ผักจำได้ว่าเคยกินสาขา CDC มีปวยเล้ง สาขานี้ไม่มี เซงเหมือนกัน😡😡😡😡😡

เนื้อสันคอออสลายไม่สวยเลย เมื่อก่อนดีกว่านี้😡😡😡😡

ส่วนลิ้นวัว นุ่มเหมือนเดิม ชอบมาก👍🏻👍🏻👍🏻👍🏻

โดยรวมให้ 3 ดาว เพราะเมื่อก่อนดีกว่านี้ กินสาขา CDC ไม่เคยผิดหวัง ลองสาขานี้ครั้งแรก คิดว่าไม่ไหว กลับไปกินสาขาเดิมน่าจะดีกว่าครับ ยังดีที่ปลายังสดอยู่ ไม่งั้นแย่แล้ว 👍🏻

ส่วนสถานที่ก็อยู่ใน Homepro จอดรถง่าย คนไม่เยอะ"
ChdDSUhNMG9nS0VJQ0FnSUQzbW9ISy1BRRAB,Panida Ngoenkol,5,เป็นบุฟเฟต์ที่คุ้มค่าที่สุดในโลกแล้ว คุณภาพอาหารดี มาก รสชาติดีมาก ตั้งแต่มากินร้านนี้ก็ไม่ไปร้านอื่นอีกเลย
ChdDSUhNMG9nS0VJQ0FnTURRNmZydTl3RRAB,Mongkol Khemthong,5,อร่อย สะอาด บริการดี ของทานมีเยอะมากครับ ตาลายเลยครับ
ChZDSUhNMG9nS0VJQ0FnSURSZy03cUxnEAE,แร๊บบิท' บิท,4,"เราเลือกทานราคา 888.- สั่งน้ำซุปหม่าล่ามา
น้ำจิ้มที่กินคู่กันอร่อยดี น้ำจิ้มสุกี้ ซีฟู๊ดก็โอเค
เมนูหลากหลายดีค่ะ กุ้งสดดี อาหารรอไม่นาน
ของหวานอร่อยไม่หวานจนเกินไป
พนักงานไม่ค่อยยิ้มแย้มเท่าไหร่

แล้วก็อยากให้ปรับปรุงเรื่องเรื่องการจ่ายเงินค่ะ
น่าจะใช้สแกนจ่ายได้ อันนี้ต้องเดินไปกดเงินสดมาจ่ายอีก ดีที่ธนาคารอยู่ไม่ไกล"
Ci9DQUlRQUNvZENodHljRjlvT2tGMWNpMHdNR1V3Y1VSc2NVRlBYM0UzT1RKVFpWRRAB,Oraphan Poonkwan,5,อร่อยทุกอย่าง ซาชิมิก็สด คุ้มค่า แนะนำเลย
ChdDSUhNMG9nS0VJQ0FnSUNoNk1tbm5nRRAB,Warawut Songserm,3,"ปี 2024 แล้ว รับแต่เงินสด ไม่รับสแกน
พอจะจ่ายด้วยบัตร ก็ยังจะชาร์จ 3% อีก

คุณภาพดี อาหารสด สมราคา

แต่ขอหักคะแนนเรื่องอาหารออกช้ามาก
ไลน์ซูชิซาซิมิ กว่าจะมาตั้ง 40 นาที
กินชาบูจนอิ่มกว่าซูชิจะมา

กุ้งสดเด้งดี แนะนำเนื้อปลาเก๋า จิ้มกับน้ำจิ้มสุกี้
ขอบอกว่าฟินมากๆ เนื้อปลาแบบเด้งๆ อร่อยเลย
นอกนั้นถือว่าทำออกมาได้ดี..."
Ci9DQUlRQUNvZENodHljRjlvT25wamNHbDBObWRIUkZGNGVVbHNNME50WVdKU1NXYxAB,Nuttakan Pengpit,5,อร่อยมาก อาหารออกไวไม่ช้า
Ci9DQUlRQUNvZENodHljRjlvT2w5cFkzazRaRmhMWVVORmNtTlRVQzE1Ymt4QldsRRAB,yynx s.princess,5,ดีมากค่ะ ของสด บริการดี
Ci9DQUlRQUNvZENodHljRjlvT25CRlJYUkROV3gyVWtsUlp6UTJaMHhRVkZwMVdWRRAB,May SoHos,2,วันนี้ไปกินตอนเวลาตี1-ตี2ของแถมคือหมูกรอบแต่เหนียวมากเหมือนจะเก่าของทอดต่างๆด้วยเก่าไม่กรอบเกี๊ยวผักขมชีสชีสไม่ยืดไม่อร่อยวันนี้ก่อยมากควรตรวจสอบดูแลเรื่องคุณภาพอาหารและเทรนพนักงานเรื่องนี้หน่อยนะคะ
Ci9DQUlRQUNvZENodHljRjlvT2tWRlRVNWZkRUZ5ZFc0MVNWWm5jM1JJWkc5V2NrRRAB,Thanyaraht Chi,2,ไปกินวันธรรมดาตอน11.00 น กลางวัน คนไม่เยอะ ได้โต๊ะเลย มีโต๊ะว่างหลายโต๊ะ สั่งน้ำซุปที่เค้าเต้อ หมาล่าบวกเงินเพิ่มอีก45 บาทซุปหมาล่าไม่ได้กลิ่นหมาล่าเลย ความเผ็ดเป็นศูนย์ ซุปน้ำดำออกหวาน ซุปค่อนข้างจางไม่เข้มข้น  อาหารได้เร็ว สั่งหมูถาดใหญ่ นุ่มดี ตับนุ่มชิ้นใหญ่ สาหร่ายวากาเมะเค็มมาก หมูห่อสาหร่ายกลิ่นแปลกๆ ไม่คุ้น เต้าหู้ชีส คริสตัลทรัฟเฟิลพอได้ แต่ชิ้นจะเล็ก ออร์เด้อนึงมี3ชิ้น น้ำเดินไปตักเอง น้ำจิ้มสุกี้หวาน พริกปรุงเพิ่มเผ็ดดี ความคิดเห็นส่วนตัว ถ้าพูดถึงคุณภาพน่าจะน้อยหน่อย แต่ถ้ากินแล้วคุ้มก็คุ้มกว่าชาบูแบรนด์ดัง (ถ้าจะเอาอิ่ม) มาลองกินดูเห็นต่อคิวยาวมากสมัยก่อน สรุป ปานกลาง ไม่ได้ติดใจอะไร
Ci9DQUlRQUNvZENodHljRjlvT2xGTFh6QlZjRWt3UjFkamEyOU9NVVJ0V21nekxWRRAB,Luna,4,"วันนี้มีเวลาว่าง เลยแวะมาเจอเพื่อนเก่าที่ชื่อว่า… สุกี้ตี๋น้อย สาขา MBK 🍲
สาขานี้ยังคงท็อปฟอร์มเรื่อง “คิว” เหมือนเดิม  แม้จะมาในวันธรรมดาก็ยังต้องรอคิว แต่ครั้งนี้รอไม่นานเกินไป

อาหารก็ยังคงสไตล์ตี๋น้อย—มีให้เลือกเพียบทั้งหมู เนื้อ ซีฟู้ด และอาหารเล่น ๆ ต่าง ๆ  แต่ครั้งนี้รู้สึกว่าเนื้อหมูที่ได้ค่อนข้างเหนียวไปนิดหน่อย 🤣

ด้านบริการถือว่าใช้ได้ แต่ต้องเรียกซ้ำอยู่บ่อย ๆ เพราะบางทีน้องพนักงานอาจจะรีบ หรือเผลอลืมเมนูที่สั่งไป ต้องเน้นย้ำซ้ำ ๆ หน่อย 🛎️

โดยรวมถือว่าคุ้มกับราคา นั่งกิน นั่งเม้ามอยกับเพื่อนได้เพลิน ๆ กินไป หัวเราะไป สนุกดี ใครสายบุฟเฟ่ต์ก็ยังควรมาลองสักครั้ง ✨

📍 สุกี้ตี๋น้อย MBK Center
เหมาะสำหรับ: มากับเพื่อน, สายบุฟเฟ่ต์, คนชอบนั่งกินชิล ๆ"
Ci9DQUlRQUNvZENodHljRjlvT2toUWRGOW9ZVXhqZFRkeWF6SjNUMmM0VGpaR1RGRRAB,Su Myat Kyi Sin,5,"It was so good that we went there for two times 😮‍💨 The flavor of the soups are on top notch and the meats are all good and fresh. Service also very fast with that amount of people coming. They have a que also always so need to wait like 10 mins to 15 mins. We tried three soups. Mala two times, tom yum and sukiyaki soup were top notch."
Ci9DQUlRQUNvZENodHljRjlvT2xCdmJFRjRXV2hwTkZaVmNpMVBVbEkyYlRGa01XYxAB,Layi Chan,3,ไปกินหลายครั้งมากค่ะ แต่ทุกครั้งที่ไปสั่งเห็ดเข็มทองมาทีไรไม่เคยได้สักที พักหลังๆนี้อาหารออกช้ามากค่ะบางสาขาก็ออกเร็ว กินมาหลายปีแล้วรสชาติทุกอย่างมันเหมือนเดิม  เคยไปกินสาขาศิลา market ไปตัดของกินเล่นตากไก่ทอดมาแล้วเจอขนไก่ เอาไปให้พนักงานดูพนักงานก็ไม่ว่าอะไรมีไก่ชิ้นนั้นแล้วก็หายไปเลย..
ChdDSUhNMG9nS0VJQ0FnTUNJc3M2dXNBRRAB,Chen E.,4,"Suki Teenoi is one of those classic hotpot buffet spots locals keep coming back to—it’s the go-to place when you’re craving hotpot late at night. This branch is especially convenient since it’s located in a shopping mall and stays open until 3 AM, even after the rest of the mall has closed.

The food is just what you’d expect—nothing fancy or special, but definitely satisfying for the price. For under 300 baht, you get a variety of ingredients and a full pot to enjoy. They also offer different soup bases to choose from, so you can customize your hotpot to your taste. Perfect for when you want a no-fuss, late-night hotpot fix with friends."
Ci9DQUlRQUNvZENodHljRjlvT21oSmNVWllaMXBrYmpWNFJWTTRabHBtZUd4dlFXYxAB,สัตยา วิเศษชาติ,5,โคตรดีบอกเรยผมไม่ได้อวยพนักงานบริการยิ้มแย้มเเจ่มใสลูกค้าก้อดีเร็วเร็วทันใจ
ChdDSUhNMG9nS0VNUGZqT3V2c1lYSzl3RRAB,Yuta Sai,4,"Great food, it cost around 500 baht for two people, full buffet, refillable drinks,

they have fried food section such as fried etc… time limit is 2 hours , and you choose your own broth. I would recommmed not going weekends because the line is so long with locals waiting for hours.

You can choose beef, pork, prawns, squid etc….a wide range to choose from"
Ci9DQUlRQUNvZENodHljRjlvT2xvNE1HUlJjMXBVTFhkbU1sSTBiVVl3VW1OcGRFRRAB,Angus Stew Pitt,4,"Food are very decent for the price. The buffet includes different meat options (beef, pork, chicken), vegetables, rice and noodles. There is an unlimited drinks refill option as well and there are different types of sodas and slushies to choose from. You have 2 hours to enjoy the food and it is very suitable if you are eating with a group of friends. If you plan to come for dinner, make sure you come and get a ticket around 6 or 7pm because it will take at least 45mins to 90mins to wait."
Ci9DQUlRQUNvZENodHljRjlvT2t4TVkzbE5aRlJGZWpjNFZraFlRa0p2VjB4NmJrRRAB,Ei Phyu Sin,5,"We paid around 610 THB for two person which includes free flow drink and choice of mala soup (49THB) When we arrived, there were 10 tables ahead of us, and it took around 30 minutes."
Ci9DQUlRQUNvZENodHljRjlvT2xsNVZsVjBNM1JXV0RKVWFrdGZlWFpSWDJoVWRIYxAB,S 2662,2,หม่าล่ายังทำไม่ถึง เหมือนกินเอาแค่กลิ่นไม่เน้นรสชาติ อยากให้ทำถึงกว่านี้อยู่นะเพราะยังไงก็เสียเงินซื้อน้ำซุป ถ้าฟรีรสชาตินี้ก็โอเคเลย
ChZDSUhNMG9nS0VLVGVxUFgzNmZlMENnEAE,Od Oddy,5,อิ่มอร่อยไม่แพง หมู วัว คุณภาพ โดยรวมโอเคมาก มากินหลายครั้งแล้ว สะดวก มาดึกๆได้คิวไม่เยอะมากแล้วแต่วัน มาช่วงคนน้อยได้กินทันที
Ci9DQUlRQUNvZENodHljRjlvT2tOV2MyTlpZVGx6TUZGcVVrRjBSbTVtYmxWcFJVRRAB,Leah Suchanan,1,อาหารดี บรรยากาศดี แต่พนักงานแคชเชียร์ไม่โอเคเลย คนที่ชื่อมุก ตอนคิดเงินพนง.ถามว่าจ่ายแบบไหน เราตอบสแกน พนง.ถามว่ามีสมาชิกมั้ย เราตอบว่ายังไม่มีแต่มาทานบ่อย สมาชิกทำยังไง พนง.ให้สแกน QR Code เราก็สแกนกรอกสมาชิก เลยหลบออกจากแถวทันทีบอกคิดเงินคนอื่นก่อนได้เลย แล้วพนง.ใช้น้ำเสียงที่ไม่โอเคมากๆว่าถ้างั้นยกเลิก QR Code จ่ายตังค์ของเราไปก่อนนะแล้วดึงสีหน้า เราก็อุตส่าห์หลีกให้คนอื่นก่อนทันทีเพื่อไม่ให้คนอื่นต้องรอ แล้วเจอแบบนี้คือไม่โอเค ไม่พอใจทำงานบริการก็หางานอื่นที่เหมาะสมทำเถอะ อย่าให้ลูกค้าต้องเจอประสบการณ์แย่ๆแบบนี้เลย จ่ายตังค์มาใช้บริการ รอคิวอีก 2 ชม. เจอแบบนี้บอกเลยเสียความรู้สึก จากนั้นมีพนักงานคนอื่นมาคิดเงินให้ เรียบร้อยแล้วได้แค่ใบเสร็จแต่มาวันแม่ ทุกคนก่อนหน้าคิดตังค์ได้ของสมนาคุณ พอเราจ่ายตังค์เสร็จไม่ได้อะไร จนได้ถามว่าเค้าทำยังไงกันหรอคะถึงได้ ปรากฏให้ฟรี แต่ถ้าเราไม่รอถามก็คงไม่ได้ ไม่ได้อยากได้ขนาดนี้น แต่ให้คนอื่นแล้วไม่ให้เราทั้งที่ของยังมีอยู่แบบนี้มันคือมาตรฐานของทางร้านหรอ
ChZDSUhNMG9nS0VJQ0FnTUNZN09fR0VREAE,Helen Siswanto,5,"I went here for lunch on a friday. Arrived here 10:50am and it was already queuing. The food was great. The price is 219baht (exclude tax) and for the refill drink, it is 32 baht additional per person.

I got mala soup and sukiyaki. I forgot to take pic of the soup menu but basically They have:
> Tom yam soup
>Sukiyaki soup
>Shabu soup
>Mala soup (+ add 42 baht)

Ambience is crowded but they manage it well. ☺️❤️"
Ci9DQUlRQUNvZENodHljRjlvT25CamVUTmZPV2h3VGxOMGJISjJNa1p2WkRSelRYYxAB,Natacha Lalala,4,มาหลายรอบแล้วเพิ่งรีวิว น้ำซุปดำคืออร่อยมาก รอบล่าสุดเนื้อออสมีแต่มันแจ้งขอเปลี่ยนพนักงานก็เปลี่ยนให้ น่ารักมาก
ChdDSUhNMG9nS0VJQ0FnTURnaXZPdDhnRRAB,Supawut Saengrassamee,5,"ร้านสุกี้ตี๋น้อย สาขา มาบุญครอง (MBK)
ร้านที่มีสาขาอยู่ทั่วกรุงเทพฯ และเริ่มมีสาขากระจายอยู่ต่างจังหวัด

ราคาต่อหัวตกที่ประมาณไม่เกิน 280.- บาท (อาหารและเครื่องดื่ม)

สามารถอิ่มอร่อยได้หลากหลายเมนู (ไม่รวมของหวาน)

ร้านรับชำระด้วยเงินสด และสแกน QR CODE ชำระเงิน (ไม่รับบัตรเครดิต)"
Ci9DQUlRQUNvZENodHljRjlvT2xCWldGZEdTMjVGYzBkeE1WbFRkSGxtUzBOeGVFRRAB,elio,5,"We came here looking for a suitcase and found a great one for just 1,500 THB – super spacious and really good quality. It survived the flight without any issues. Very happy with the purchase! The staff were also extremely friendly and helpful."
ChZDSUhNMG9nS0VJQ0FnSURQbE1DOUtBEAE,Pong Pang,5,"บริการ เรียกพนักงานในคิวอาร์โค้ดที่ให้มา มีให้เลือกเรียกพนักงาน เลยลองเรียกดู เพราะขี้เกียจจะยกธงหรือยกมือเรีนกตลอดเวลา ต้องเรียกให้มาเติ่มน้ำซุปจนน้ำเหือดไปแล้ว พนักงานที่เรียกยังไม่มา จนต้องเรียกเอา เพราะกลัวหม้อไหม้ก่อน

อาหาร อาหารในเมนูทุกอย่างดีหมดค่ะ เนื้อดี ผักดี ในเมนูดีหมด น้ำโค้กดี เหมือนกับสาขาอื่นทั่วๆไป แต่มันฝรั่งทอดกับชีสบอลค่อนข้างเก่าค่ะ ขนาดเอามาแบบเทใหม่ๆยังรู้สึกว่าเก่าแล้วเลย มันยังไงนะ มันฝรั่งทอดถ้าทำสดใหม่จะรู้ว่ามันเป็นแบบไหนเวลากิน นี่ขนาดรอให้มาเทลงใหม่ยังรู้สึกแข็ง และเหนียวในบางครั้งค่ะ

บรรยากาศ อยู่ชั้นสองของ MBK เดินตามโซนร้านอาหารมาเรื่อย เดินข้างนอกจะง่ายกว่า เดินมาถึงศาลหน้า MBK แล้ว เลี้ยวซ้าย เดินไปเรื่อยๆจะเห็นเอง ว่ามีเก้าอี้วางเยอะแยะเลย สีแดงๆคือตี๋น้อยเลย หาง่ายมาก ขนาดไปครั้งแรกยังหาเจอ ปกติหลง MBK ตลอดนะ"
Ci9DQUlRQUNvZENodHljRjlvT2prMVdXVXlOUzB5YjI5RVUzUXdhWHBLTlhCaE5YYxAB,Tanveer Sajib,3,"It took us almost 2 hours to queue to get in, and the food was just average."
ChZDSUhNMG9nS0VJQ0FnTURBM3VHaFJBEAE,Lillian Zun,4,"You can choose it if you want to try suki buffet with reasonable price as it only costs ~285 Bahts per person. Can choose a variety of vegetables & meat like chicken, pork, beef, prawns, clams, octopus and dori fish. It also provides appetisers like french fries & chicken nuggets and 4-5 kinds of cold drinks. The only thing you need to know before you go there is that you might need to wait 1-2 hours of queues there as it’s crowded everyday, both weekends & weekdays."
ChdDSUhNMG9nS0VJQ0FnSURycnBIWHhBRRAB,วิโรจน์ ภัทรพงศาวณิชย์,5,วันนี้ 16/7/67 ช่วงดึกเกือบเที่ยงคืน มาที่สาขาที่34 มาบุญครอง อยู่ชั้น2 มาชิมเนื้อbristket ออสเตรเลีย เป็นครั้งที่10 ของ โปรเดือนนี้ เนื้อนุ่มมาก ต่างจากเนื้อวัวทั่วไป จะค่อนข้างเหนียว แต่ไม่มีหมี่หยกเป็ดย่าง และกุ้งกรอบเชสด้าชีสแบบเดือนที่แล้ว  วันนี้ตามหาSuper Fan ทานฟรี1ปี #กินสุกี้ตี๋น้อยลุ้นกินฟรี1ปี  ด้วย ครั้งนี้เป็นครั้งที่20 เวลานี้ โต๊ะเริ่มว่าง ไม่ต้องรอคิว พื้นที่ข้างในร้านไม่ใหญ่มาก แต่ที่จอดรถแน่นไปหมด หาที่จอดยากมาก ที่จอดรถอยู่จำนวนมาก อยู่ในอาคาร จอดฟรี1ชั่วโมง ต่อไปเสียค่าจอดชั่วโมงละ20บาท  ถ้ามาหลัง21น. ที่จอดรถว่างมาก จอดที่ชั้น2 เข้าห้างโซนบี เดินไปจะอยู่ซ้ายมือ ห้องน้ำอยู่นอกร้าน เดินตรงไปแล้วเลี้ยวขวามานิดเดียว มีแอร์ สะอาด ตามมาตรฐานห้าง
ChZDSUhNMG9nS0VOSE8xclNHNDV5N1p3EAE,Rupert Tan,5,"Super affordable steamboat buffet. However, so expect a long queue, so come early to take a queue number from the counter first. Waitress and waiter will help bring your soup choice. The ingredients which you can order via the provided QR code will be bring over by their robot waiter."
ChdDSUhNMG9nS0VJQ0FnSUNuOTRiUHJBRRAB,Den Denden,5,ร้านสุกี้ที่ต้องใช้ความอดทนในการรอ ถ้าอยากมาทาน การรอแต่ละครั้งประมาณ 90-100 คิว แต่ถ้าได้ลองแล้วก็ต้องถือว่า เป็นสุกี้ที่ราคาคุ้มค่าที่สุด มีอาหารให้เลือกหลากหลาย รวมถึงเนื้อบริสเกต ในราคาที่รวมน้ำแล้ว ไม่เกิน 300 บาทต่อคน ทำให้คนถึงสนใจมาใช้บริการเยอะ เพราะถ้าเปรียบเทียบในราคานี้กับร้าน สุกี้อื่นๆ สุกี้ตี๋น้อย ถือว่ามีความคุ้มค่า มากที่สุดใครที่ชอบทานสุกี้ควรหาโอกาสมาลอง
Ci9DQUlRQUNvZENodHljRjlvT21sc1MxZGtZalpQVDBKWWFFdEdYMjVEZG5nNE1GRRAB,Julia Smith,4,Chinese and Thai cuisine.   The menu is extensive with photos.  Bon Appétit!
ChZDSUhNMG9nS0VJQ0FnSUQzMVlySVZBEAE,Mikael Jeppsson,5,"Eccelent shoppin spread over sevaral 6 - 7 sore buildigs with alot of shopping in everyone of then from topp to bottom.
High end clothes, shos and accesories in one building cheeper shopping cameras mobilephones and accoares in anoter building. Everything from cinemas to gaming is also found here. The place is rarely overcrouded and you always have your one space and there are plenty of seats at the resturants. Dont miss the amazing square combinding the buildings high over street level 🙂"
ChZDSUhNMG9nS0VJQ0FnSURfaDY3Uld3EAE,Shany Ang,4,"Value for money steamboat.

276 baht nett (S$11)  for buffet steamboat with buffet fried item and a wide variety of drink for 2 hrs.

Take queue number from the inside counter and proceed to wait outside.

Be prepare to wait as it took us 30min to wait before getting.

Soup ( Sukiya n Clear Soup) need not order. They will serve themselves.

Just need to order the meat and veg or steamboat item from the QR provided.

Meat n seafood were pretty fresh.

Greatly recommended"
ChdDSUhNMG9nS0VJQ0FnSUNYbmRhWmtnRRAB,Zarni,5,"All are good, but sauce is no good. If you go that you must take Qr number first in the shop and you can wait in front of the shop. If i advise, Q time is very long(about 1 hour), so you take Q first and you go shopping."
ChdDSUhNMG9nS0VJQ0FnSURfLThMWl9RRRAB,tnpfar,4,"วันที่มากินมีโปรโมชั่น
เนื้อออสเตรเลีย กับหมูคูโรบูตะ
เนื้อออสเตรเลียส่วนตัวเหนียวไปหน่อย เหนียวกว่าเนื้ออีกตัวที่ร้านมีตลอดครับ

หมูคูโรบูตะ จะสไลด์หนากว่าหมูสามชั้น ตอนกินจะเคี้ยวเยอะกว่าหมูสามชั้น ถ้าชอบกินง่ายๆแนะนำหมูสามชั้นครับ
ที่ชอบจะมีหมูสันคอ หมูสามชั้น หมูคูโรบูตะ แล้วก็พวกลูกชิ้นกับเกี้ยวครับ

น้ำจิ้มสุกี้อร่อยดี
โดยรวมคุ้มราคา 276net รวมน้ำครับ"
ChZDSUhNMG9nS0VJQ0FnSUN2d1lENExnEAE,Wilawan Prayonghom,1,อาหารรอนานมาก ตาม2รอบ พนักงานบอกว่ารอก่อน จนต้องไปถามแคชเชียร์ ถึงกดเมนูให้ใหม่ อาหารมาไม่ต่อเนื่อง เสียเวลารอไป40-50นาที แบบนี้คือเสียเวลา แล้วเวลาตามบิลก็ลดไปเรื่อยๆ
Ci9DQUlRQUNvZENodHljRjlvT25vMFJHMUhaMUp6YTNabWRXZFRSR1J3VURsc2NIYxAB,Cedric Tutt,4,Buffet hotpot eat as much as you like. Good that there is a penalty for food wastage.
Ci9DQUlRQUNvZENodHljRjlvT2sxeVgyWXlUVFJ3VTJkSVprUXpRV2hzWVRaR04wRRAB,วีระวัฒน์ จําปาสกุล,5,"อาหารสดอร่อย ของกินมีให้เลือกเยอะ
กุ้งเเก้ว เด้งอร่อย  บริการดีมีพื้นที่กว้าง เวลารอคิวมีเก้าอี้ให้นั่งรอ ส่วนตัวคิดว่าสาขานี้ดีเลยค่ะ"
ChZDSUhNMG9nS0VJQ0FnSUN2N2V5SlFBEAE,Oreo,5,ร้านตั้งอยู่ชั้น 2 แถว ๆ จุดแลกเงินกสิกรไทย ถ้ามาวันธรรมดามาก่อน 17:00 น. รอคิวไม่นาน แต่ถ้ามาหลังจากนั้นอาจจะต้องรอคิวนานหน่อย วันนี้อร่อยเป็นพิเศษเพราะมีโปรโมชันกุ้งแก้วพร้อมน้ำซุปต้มยำน้ำข้น ในส่วนของการบริการพนักงานสาขานี้บริการดีมาก น้องพนักงานบางคนบริการดีเหนือความคาดหมาย
Ci9DQUlRQUNvZENodHljRjlvT201bVdsOTNPVEpyTFc4eUxXeFBObk50VkdKNldYYxAB,Candy Royal,1,"สั่งอาหารมาสักพักทานไป
เลยจะขอคืน 3 ชั้น
แต่พนักงานแจ้งว่า เกิน 5 นาที ไม่รับคืน ! !!!!

แต่ในป้ายเขียนว่า ถ้าสั่งมาแล้วคิดว่าทานไม่หมดคืนได้ทันที !!!

ใครมันจะรู้ว่าสั่งมา แล้วจะทานไม่หมด ภายใน 5 นาที ?
มันจะไปรู้ได้ยังไง !!!

สาขา MBK
เคยไปทานที่สาขาอุดร ครั้งนึง สั่งมา ทานไม่หมด ก่อนจะจ่ายเงิน ก็ขอคืนอาหาร สามารถคืนได้ปกติ เกิน 5 นาทีด้วยซ้ำ

ช่วยออกมาให้คำตอบหน่อยค่ะ ว่าเป็นกฎของทางร้าน หรือเป็นเฉพาะพนักงานคนนี้ ที่ไม่อยากรับคืน !!!

ทำไมชื่อร้านเดียวกัน แต่ กฎต่างกัน
และแน่นอนมั่นใจว่าไม่ใช่ว่า คนละสาขา คนละกฎ !
มันต้องเป็นรูปแบบเดียวกันทั้งหมด อยู่ไหม"
ChdDSUhNMG9nS0VJQ0FnSURoMElEczBRRRAB,Parin Janyarak (MFP RAYONG TEAM),5,สุกี้ตี๋น้อยครั้งแรก วันจันทร์ รอคิวประมาณ 50 นาที คนเยอะมาก เด็กเยอะช่วงเย็นๆค่ำๆ สำหรับเราอร่อยในระดับนึง จากการไปกินร้านอื่นๆเราว่าเนื้อ หมูต่างๆ ก็เหมือนกันครับ ยังสู้ย่าง้นยไม่ได้เลยด้วยซ้ำ น้ำจิ้มเข้มข้น  ปูอัดชีสอร่อย พนักงานบริการดีมากๆ หุ่นยนต์แมวชอบเดินชนกันเอง
ChZDSUhNMG9nS0VJQ0FnSUNfNU83cUlnEAE,Tejus Arya U,5,"MBK Center is a famous mall in Bangkok for many reasons—the main one is its over 2,000 stores spread across its eight floors and its unique blend of traditional Thai culture with modern retail convenience."
ChZDSUhNMG9nS0VJQ0FnSUNKaC1uTUtnEAE,Watcharapong Prommee (TON),5,อาหารอร่อยมาก น้ำซุปคือดี และที่สำคัญราคาถูกมาก อยากให้มาเปิดที่เชียงใหม่ ติดใจมากเลย บริการดีเยี่ยม รอคิวไม่นาน เดินทางสะดวกสุดๆ
ChZDSUhNMG9nS0VJQ0FnSUNGZzcybGF3EAE,story ks,5,"อร่อยมากก คุ้มสุดดดดด สุดดดดดดดด
ไปช่วง 18.00 รับบัตรคิว แล้ววววว แล้วววว รออีก 118 นะครับ
รอคิวประมาณ 2.30 ครึ่ง ถึงจะได้กินน

เนื้อนุ่มมากกก อาหารมาไว ไว ไว แบบไว จริงๆ กินแบบต่อเนื่องไม่มีสะดุด สั่งปุ๊ปมาเลยยย ยยย

ปล. พื้นตรง station เครื่องดื่ม เหนียววววว จริง อะไรจริง
ปล.2 ไม่รับบัตรเครดิตนะครับ อดสะสมแต้ม"
ChZDSUhNMG9nS0VJQ0FnTURBb0lqdUxREAE,Dooly Tech (Suresh Dooly),4,"When compared to last 3 years. Now it is bit costly.
At the ground floor you can buy inner wears at good price.
Easy to reach the metro station from the mbk center. Worth visiting here to buy the souvenirs. More and more of beauty and cosmetic things are available."
Ci9DQUlRQUNvZENodHljRjlvT25OS05XOHhUelpyZVdOaU5XeE9TbFI0VjBjMlZYYxAB,Tim A,5,"Be preferable to spend hours just browsing an impossibly large selection of merchandise, plenty of choice.. I think you could buy virtually anything here, great selection of restaurants and lots of lovely massages places also available"
Ci9DQUlRQUNvZENodHljRjlvT21WTWRucFZOMGxqTFRkSE5XSnVTa1ZVT1VwV05FRRAB,erin,4,"Food was solid, it definitely made us full. It was good enough but nothing breathtaking."
Ci9DQUlRQUNvZENodHljRjlvT25acFRVWkdlRzQwVkUwelFqQXdNblJGVlZGU1pHYxAB,Toto Np.,3,ปกติฉันมากินสาขานี้ประจำ แต่เมื่อคืนฉันมาทานแล้วกดน้ำชาไทยมะพร้าวมากิน มีรสชาติที่จืดมากไม่เหมือนทุกครั้งที่ฉันมากิน ฉันรู้สึกผิดหวังมาก
ChZDSUhNMG9nS0VJQ0FnSUMxOHI3V1F3EAE,Chemill Jaequaline,5,ชอบมากๆ เดินทางเข้าถึงสะดวก มากรุงเทพกี่รอบก็มากิน ประทับใจมาก น้ำดำเข้มข้น น้ำหม่าล่าเผ็ดสะใจ ชอบมากๆโดยเฉพาะสเลอปี้สับปะรดพริกเกลือ
ChdDSUhNMG9nS0VLN3g3Si1ULTZIWDd3RRAB,Aof Bandit,1,"บริการแย่มากกกก ไม่เคยเจอสาขาไหนแย่ขนาดนี้มาก่อน มากัน3คน เตาเสีย พนักงานเอาเตาเสริมมาเปลี่ยนให้ เตาที่นำมาเปลี่ยนไม่ยังไม่ร้อนอีก ต้องมาเปลี่ยนอีกเป็นรอบที่2 คือคุณจะไม่ทดสอบก่อนเอาออกมาให้ลูกค้าก่อนเหรอ ว่ามันใช้ได้ไหม เสียเวลาไปเป็นครึ่งชั่วโมง ชดเชยด้วยการเพิ่มเวลาให้อีก20นาที แต่20นาทีที่คุณทดให้คือครึ่งชั่วโมงที่ผมเสียไปไงครับ ประเด็นคือเสียความรู้สึกที่ตั้งใจมากินกันแบบนี้ความสุข แต่ต้องมาเจอข้อบกพร่องซ้ำซากและไม่มีความมืออาชีพ และต้องมานั่งรอการแก้ปัญหาในระหว่างที่ท้องหิว

ชดเชยด้วยการทดเวลา20นาที มันคุ้มมั้ยครับ"
Ci9DQUlRQUNvZENodHljRjlvT21aNFowVm9lbkpEUkZWQ0xVeGFkV3BwU0VWd1gxRRAB,Maria,5,My favorite go-to place with my boyfriend. Staffs are nice and approachable even they're tired which is a plus.
Ci9DQUlRQUNvZENodHljRjlvT21GUUxXNHlkRlZVTUY5a1RETmtNRUZGT0RSUFpIYxAB,D - DAY,3,"ข้างนอกรอคิวนานมากและร้อนมากไม่ใช่ประเด็น ประเด็นคือโต๊ะที่อยู่โซนใกล้ที่จ่ายเงินร้อนมาก แถมตักน้ำไกลโคตร ได้นั่งแถวโต๊ะ1 ด้านหน้าในสุดของร้าน ตอนเดินไปตักน้ำคือเดินไกลมากกก ที่กดน้ำอยู่หลังสุดของร้าน ถ้าอยู่ตรงกลางจะดีกว่านี้
พนักงานบริการดี อาหารอร่อยเหมือนเดิม"
ChdDSUhNMG9nS0VMblZvTHpidXB1NHVBRRAB,Hung cw,4,"All you can for 2 hours, $276 include free flow of drink. Food within normal standard consider the reasonable price"
ChZDSUhNMG9nS0VJQ0FnSURoenZteWNBEAE,PATTRAPORN CHAROENRAT,5,คนเยอะมากแต่รอคิวไม่นาน พนักงานบริการดีมากๆ อาหารสด ใหม่ มีไซส์ถาดหมู/เนื้อให้เลือกด้วย สาขานี้มีของทอดบริการ และมีช่องเสียบ usb ให้ด้วย ชาร์ตแบตมือถือสบายเลย
Ci9DQUlRQUNvZENodHljRjlvT2w5dFRFaDBiMTlKYWxJelZreE5NMnRZZW1zM2RGRRAB,Ammaraphorn Meesakul,1,มากี่ครั้งก็คิวเยอะตลอดมากินบ่อยมากเห็นบ่อยครั้งที่โต๊ะว่างเเต่ไม่เรียกคิวเรางงเหมือนกันว่าเพราะอะไรหลายครั้งมาก มาบางทีพนักงานเหมือนเหนื่อยมากๆเเล้วเราเรียกใช้บริการเหมือนใส่อารมณ์กับเรา
Ci9DQUlRQUNvZENodHljRjlvT21SU1ZFOXZibUp4WjNGb1VUTkVUSHBsVlU5UVdYYxAB,ชลดา จินาพันธ์,1,ฉันและครอบครัวไปทานที่สาขา mbk เมื่อวันที่15/09/68 วันอังคารเวลาเที่ยงคืน หลังรับประทานอาหารมีอาการตาบวมและปวดตาทุกคน (3 คน) ซึ่งไม่ใช่ครั้งแรก เคยเกิดขึ้นมาแล้วครั้งหนึ่ง จึงสงสัยว่าอาจมีปัญหาเรื่องวัตถุดิบหรือสารปรุงอาหาร อยากให้ทางร้านช่วยตรวจสอบเพื่อความปลอดภัยของลูกค้าค่ะ
Ci9DQUlRQUNvZENodHljRjlvT21WaWVUSk1NMUIyYVhNeWMxRlRaelF6UzBKTmNXYxAB,Amitava Saha,5,"Great place for shopping at reasonable price-clothes,shoes, electronics, souvenirs -lots of food joints are there also"
ChZDSUhNMG9nS0VJQ0FnSUM3aHA2bFhBEAE,Phương Anh,5,"Cheap price, high quality. Fast food preparation, enthusiastic staff. You should book in advance to avoid waiting time. The hot pot broth is fragrant, delicious, and easy to eat for tourists"
ChdDSUhNMG9nS0VJQ0FnSURMbDRyQTFBRRAB,ฮอนด้า ไฮเทค,5,สาขานี้อร่อยมากค่ะของได้ไวครบทุกอย่าง ข้อเสียคือรอคิวประมาณ2-3ชม.กว่าจะได้กินแนะนำถ้าจะมากินสาขานี้จองคิวไว้ก่อนแล้วไปเดินเล่นรอยาวๆ แล้วห้องน้ำต้องเข้าในห้างเดินไกลนิดหน่อย อยากให้ตี๋น้อยทุกๆสาขาที่ไม่มีห้องน้ำในร้านให้ทำจุดล้างมือให้ลูกค้าก็ดีนะคะเวลาแกะกุ้งแล้วมันคาวมือค่ะ เพื่อความสะอาดและสุขอนามัยที่ดี👍🏻
Ci9DQUlRQUNvZENodHljRjlvT2xoeFRtcHZSMHRoVWtzek4yRlpTMVZwWkhOWVdVRRAB,Elma Kikukawa,5,There’s a food court on 6th floor. A lot food choices 😋 delicious and affordable 👍
ChdDSUhNMG9nS0VJQ0FnSUMzNm83THBBRRAB,J “𓆝 𓆟”,3,"we all know this restaurants fully packed. Now I'll tell the facts based on my personal experience.

Staffs: only 1 or 2 staffs can speak english. MBK center is also tourist attraction. They should hire some staffs who can communicate in Eng to get better customer experince.

Place: there are lots of tables. They also have robotos to assist cus. Pretty quick to get your order.

Food: Hot pot soup has lots of MSG. 😭
(I got headache and got some symptoms of MSG after eat that)

Personal recommendation: I wont recommend to eat with chess. It does not make taste better. You just have to carry that chesse stan cuz it always immerse in the hot pot soup:"")"
Ci9DQUlRQUNvZENodHljRjlvT2pSTE1XeGpPRUZXT0V0RU1XSnNjV0pmYTBZMFNHYxAB,ปภาวรินท์ จันทรังษี,1,คิดค่าน้ำรีฟิวทั้วที่ไม่ได้กินน้ำสักอึกเลยค่ะ ก่อนหน้านี้มา เพื่อนเราที่มาทานด้วยเอาน้ำรีฟิวแต่เราไม่เอาไม่มีปัญหารอบนี้เรามาเราไม่เอาแต่บวกเพิ่มแล้วให้เหตุผลว่าต้องไม่เอาทุกคนทั้งที่ก่อนหน้านี้ไม่เห็นมีปัญหา น้ำก็มีแค่แก้วเดียวแต่ยังคิดทั้งที่ไม่ได้กินเลยแย่มากค่ะ ผิดหวังมากทั้งที่ก่อนหน้านี้รู้สึกพอใจกับสาขายี้มากๆค่ะ
ChZDSUhNMG9nS0VJQ0FnSURQdXFHcmFBEAE,Zubair Khan,4,"Best shopping mall near to Siam in Bangkok.
You can have good clothing stuff in average price range from here.
I purchased t shirts in sell at ground floor."
Ci9DQUlRQUNvZENodHljRjlvT25GQmRWRk5hRzlxVFZWQ1RuZDRhVjlpUzJ4cWRHYxAB,Napassakorn Chanthanasukon,5,ไปตอนพักกลางวันคนไม่เยอะมากไม่ต้องรอคิวเลย ไปปุ๊บได้ที่นั่งเลยทานไปชั่วโมงเดียวกลับมาทำงานต่ออิ่มมาก ฟินสุดๆ
Ci9DQUlRQUNvZENodHljRjlvT25WbFNFZG1hM3B0Um1GbGJXczFPV2QwTkhOQ1NWRRAB,Phanlert Mel.,1,"แย่มากดูคิวในแอปเหลือ 11 คิว ยังไม่ถึง 1 นาทีเราปัดแอปอีกที่ถึงคิวเราเลย ณ ตอนนั้นเราอยู่แถวนั้นนไปนั่งรอในห้าง เราก็รีบเดินไปร้านทันทีประมาณ 1 นาทีพอเดินถึงร้านพนักงานบอกต้องรอโต๊ะอีก 1 โต๊ะค่ะเพราะให้คิวคนอื่นไปแล้วอะก็รอนานมากกกก แบบนี้ผิดที่อะไรระบบหรือตัวเราเองที่เดินมาไม่ทัน?ขอย่ำนะเราปัดแอปดูเลขคิวตลอดเวลา  ห่วย
ส่วนอาหารดี
บริการพนักงานกลางๆดูไม่ใส่ใจ"
ChdDSUhNMG9nS0VJQ0FnSUNsb2I3T29RRRAB,sommai lertularn,3,"คุณภาพตามราคาครับ 276บาท เวลา2ชั่วโมง ต้องลองเองครับ ลองได้ไม่เสียใจไม่เสียดาย ชอบไม่ชอบตัดสินกันเอง
ผมกินแต่เนื้อ ถือว่านุ่มโอเค ชีสหอมดีถ้าชอบ ลูกชิ้นชีสอร่อยโอเค อย่างอื่นๆก็มาตรฐานครับ ของทอดไม่ค่อยแนะนำครับ น้ำจิ้มก็โอเคครับ
กุ้งและของทะเลก็มีนัยนะครับ แต่กุ้งต้องแกะเอง เลยไม่ได้กิน
ชอบน้ำสัปปะรดพริกเกลือ แปลกดี
ขนม ไอติมเสียเงินเพิ่มเลยไม่ได้กิน
วันนี้โชคดี เดินผ่านแล้วไม่ต้องรอคิว
ถ้าต้องรอนานเป็นชั่วโมง คงไม่กินครับ แต่ถ้าเน้นถูก ถือว่าคุ้มครับ"
ChZDSUhNMG9nS0VJQ0FnSUMycWFuQWJ3EAE,Chairat Wongkitrungruang,5,สุกี้ตี๋น้อย ร้านชาบูบุฟเฟ่ชื่อดังมาเปิดที่ MBK เมื่อไม่นานนี้ มีคนรอคิวจำนวนมาก สามารถติดตามคิวได้ผ่านแอพ มีรายการอาหารให้เลือกหลากหลาย รสชาติดี พนักงานดูแลเอาใจใส่ดีมากๆ ใครมาก็ติดใจ
Ci9DQUlRQUNvZENodHljRjlvT2pOSVRXaGhablkxTjA1eFUzb3hYMmN4Y0ZsMGVrRRAB,CaChowii,5,ไม่คิดว่าเจอคนเยอะขนาดนี้ ตอนแรก ขึ้นมากรุงเทพฯ มีแต่คนแนะนำ ให้ไปกินสุกี้ตี๋น้อย ก็คิดว่ามันน่าจะเป็นชาบูธรรมดา แต่เปิดประสบการณ์ใหม่มาก เพราะว่าน้ำต้มยำ อร่อยจริง มันไม่เหมือนแบบคนอร์ หรือเป็นผสมเครื่องปรุงเป็นผงอะไรอย่างเงี้ยค่ะ มันได้รสชาติต้มยำจริงๆ แต่ขอติเรื่องอาหารทะเล กุ้ง ตัวเล็กมาก ถึงมากที่สุด ส่วนหอยแมลงภู่ ตัวใหญ่ แต่คาวมาก เลยสั่งแค่ถาดเดียวแล้วลองชิม แล้วก็ไม่สั่งอีกเลย ส่วนน้ำจิ้ม เป็นคนไม่กินเผ็ด แต่ 2 สูตรที่เตรียมมา ของทางร้าน เผ็ดทั้งสองเลย แต่โดยรวม ถือว่าดีค่ะ เพราะประทับใจ น้ำต้มยำมาก ถึงเครื่องจะดูแน่นๆ แต่มันไม่เผ็ดจนกินไม่ได้ พอเหยาะมะนาวไปซัก 2-3 หยดมันอร่อยมาก อันนี้คือกินครั้งแรกนะคะ สัญญาว่า มากรุงเทพฯอีกก็จะกินอีก อยากให้ไปเปิดที่ภูเก็ตมากค่ะ รับรอง คนแน่นเอี๊ยด
Ci9DQUlRQUNvZENodHljRjlvT2tKS2JsbHVaemN0TkhkVk5qWnRWV0o1VkdWUVVtYxAB,Nanda Kumar,5,"Nice place to shop. Bargain, Bargain, Bargain.

I got my samsung ultra 23 display glass changed for less than half price of that of in India. Technicians were ultimate professionals and truly skilled.

Just ask around multiple shops to get good price."
ChdDSUhNMG9nS0VJQ0FnSUNmczUzRWlBRRAB,Sirisak Ngamluxsana,4,ร้านอยู่ชั้น 2 ติดกับสะพานลอยข้ามไปฝั่งสยาม รอคิวค่อนข้างนาน คนค่อนข้างเยอะ
ChZDSUhNMG9nS0VJQ0FnSURoOVl5c1l3EAE,T'ee Tee,3,"เพิ่งได้มาลองสักที, การรอคิวคืออุปสรรคใหญ่  โดยรวมโอเครครับ เสียดายที่น้ำจิ้มไม่ฟินเท่าไหร่ ออกหวานเกินไป และรสสัมผัสหนักไปหน่อย,  นอกนั้น""สายคุ้ม""น่าจะชอบ, หุ่นยนต์ส่งอาหารน่ารักดี เป็น Gimmick ที่ช่วยให้เพลินตาดีครับ สร้างบรรยากาศให้ครึกครื้น ช่วงนี้มีเมนูพิเศษ เป็นเนื้อ Brisket ออสเตรเลีย ช่วยเพิ่ม Value ให้รู้สึกคุ้มมากขึ้น, ที่ชอบอีกอย่างคือหมูสามชั้นสไลด์ แต่สันคอหมูสไลด์ กับ เนื้อวัวสไลด์บางไปนิด แค่เอาตะเกียบไปคีบ ก็ขาดติดตะเกียบกันเลยทีเดียว"
Ci9DQUlRQUNvZENodHljRjlvT2paNWVYUkpNbWRJV1RoTFdHcGtPVmRxTkhaUWMzYxAB,Kwang jumpawatta,5,"อาหารสะอาด สดใหม่ มีให้เลือกหลากหลาย
ช่วงนี้มีโปรแถมน้ำดื่มรีฟิวฟรีด้วย"
ChZDSUhNMG9nS0VJQ0FnSUQyOTV5ZlJBEAE,TOMashi R,4,"ครั้งที่2สำหรับสุกี้Buffetตี๋น้อยคราวนี้มาลองสาขามาบุญครองเพราะคุณป้าอยากลองกินดู... ราคาร้านนี้ว้าวมากไม่แพงผู้ใหญ่หัวละ219บาท(ยังไม่รวมVat)เครื่องดื่มถ้าRefillราคาหัวละ39บาท(ยังไม่รวมVat)แต่รสชาดอาหารกลางๆไม่ได้ว้าวมากเหมือนราคาน้ำจิ้มสุกี้ไม่อร่อยกระเทียมสดที่ใส่น้ำจิ้มสับไม่ละเอียดมาก แต่ที่ไม่ชอบที่สุดของร้านนี้คือการรอคิวของร้านนี้เมื่อวานใช้เวลารอคิวทานนานมาก(ยกกำลัง10)รอไปนานประมาณ3ชั่วโมงกว่าจะได้กิน😅หลังจากกินเสร็จถามคนที่อยากลองกินว่าเป็นอย่างไรหลังจากได้กินแล้วคุ้มค่ากับการรอคอยหรือเปล่าจะกลับมาRepeatอีกมั้ย?.....คำตอบที่ได้คือ""ยิ้มแห้งๆ""5555😂แต่ที่ต้องขอชมจริงๆเลยของร้านนี้คือ👍👍น้องๆพนักงานที่เสริฟบริการดีมากๆๆๆๆ👍👍
#สรุปร้านนี้ที่ว้าวมากคือ
1.ราคา
2.พนักงานเสริฟที่ร้าน👍👍👍"
ChZDSUhNMG9nS0VJQ0FnSURSb3E3MlZnEAE,Misha Il'ves,4,"It's cost 276, but also u have to pay for vegi many 78.

U have to wait 2 hours in the line, but they have handy application for this, so u can go shopping.

Stuff doesn't know English at all, so we wasted our time for understanding rulse of this place 🙄 But otherwise the service is fast and everyone is doing well. We waited for our order for a maximum of 5 minutes.

some rules for those who are in such a restaurant for the first time:

1. You pay per per person
2. You have two hours for the meal
3. You can reorder several times
4. To call the waiter (who will help you mark the food) raise the red flag
5. They top up the soup broth themselves, but you can call the waiter if this doesn't happen.
6. Calculate how much you can eat!  for each left bowl of food you pay extra 100 THB"
ChdDSUhNMG9nS0VJQ0FnTUN3cXV5cWpBRRAB,BAM NTNCH PN,5,ชานมไข่มุกบุกอร่อยมากกก แต่คิวยังรอนานอยู่ๆแนะนำให้ไปช่วงสี่โมงเย็นไปจองคิว
ChdDSUhNMG9nS0VJQ0FnSUNlcXRQTzFBRRAB,jetsika roidoung,5,"เริ่มแจกคิว 11.20 น. แต่สามารถไปยืนรอก่อนเปิดเพื่อเข้าแถวรอก่อนได้
ไปถึง 11.27 คิวรอบแรกหมดพอดี ได้เป็นรอบ 2 ซึ่งก็ได้เข้าไปกินตอน 13.00 น. เดินไปทำธุระกลับมารอไม่นานก็ถึงคิว

สาขานี้มีของทอด น้องหุ่นยนต์ก็แข็งขันขยันเสริฟมาก
อาหารรสชาติดี ของทอดก็ดี เครื่องดื่มมีหลากหลาย"
ChZDSUhNMG9nS0VJQ0FnSURPelByMmRnEAE,FaNgZ WTF,3,"ราคาหัวละ 219 +39 น้ำรีฟิล มีหมู ไก่ ทะเล ไม่มีเนื้อ มีน้ำจิ้มสึกี้และน้ำจิ้มซีฟู้ด ของทอดมี 3อย่าง เฟรนช์ฟรายด์ ฟองเต้าหู้ปลา เต้าหู้ชีส สันคอสไลด์มาบางดี มีน้ำซุปดำและใส อาหารออกช้ามาก รอบแรกรอ20นาที คนเยอะจนเรียกพนง.ยาก ไม่เก็บคอนโด รวมๆแล้วธรรมดา ไม่มีอะไรโดดเด่น

แนะนำจองคิวผ่าน แอป queq มาก่อนจะดีกว่า"
Ci9DQUlRQUNvZENodHljRjlvT2xSaVFVNHlObmw0WVVKeFltaEtkMUJ2V0Zob1VHYxAB,Han Ni,1,"Last night’s dining experience didn’t go well at all. The waiters kept coming over asking whether the guests had finished all the food we ordered, saying that if it wasn’t all eaten, We would have to pay for it. We already said we pay if we can’t finish the food.They even acted rudely in front of the guests, saying things like ‘If they’re not going to finish it, why did they order so much?’ The guests hadn’t even left yet, but the staff were already blaming us in front of others.
I don’t want to go back again this place."
Ci9DQUlRQUNvZENodHljRjlvT2xGd2FrUk9kRXhuV1dGWE9FNDBWMVk1UkZSTVpVRRAB,Teeraporn Cha,4,ทุกอย่างดีหมด ยกเว้นพนักงานคิดเงิน หน้าเหวี่ยง เล่นมือถือ ไท่โฟกัสลูกค้า ถามย้ำว่าสแกนหรือบัตร ก็ตอบไปแล้วยังถามซ้ำ ไม่ชอบงานบริการ ก็ไปสมัครงานอื่นดีกว่ามั้ย
ChdDSUhNMG9nS0VJQ0FnSUN6OC1Qem93RRAB,Inea Tepta,4,ดีครับ ช่วงเช้าวันธรรมดาคนไม่เยอะ ไปช่วง11:30โมงวันอังคาร ไม่มีคนรอคิว เดินเข้าไปได้ที่นั่งเลย
Ci9DQUlRQUNvZENodHljRjlvT2tKS2JIRnpVVTFNVURsd1VHSTBjRGhrUTFsWGFXYxAB,tanapun vimanmunee,1,มากัน 5 คนแต่ให้นั่งโต๊ะ 4 ที่แล้วให้เก้าอี้พลาสติก อีกตัว แล้วผมจะรอคิวตั้งนานเผื่อ ถ้าบอกต้องนั่งเบียดหรือเก้าอี้เสริมก็บอกแต่แรก
Ci9DQUlRQUNvZENodHljRjlvT2tkWWJuUkpSVVJaUVdWT1ZXUkJUMHd5Y2tSUGIyYxAB,ชัยกรณ์,5,วันนี้มาใช้บริการ สั่งข้าวไปกินหมดไปแล้ว1ถ้วยพอสั่งเพิ่มอีกหมดหรือว่ากำลังหุงอยู่มีพนักงานเดินมาแจ้งว่าข้าวหมดเราก็ถอดใจรู้สึกไม่อร่อยเพราะขาดข้าวผ่านไป10นาทีมีพนักงานชื่อปันมาเสริฟ์ข้าวและพูดว่าคุณลูกยังรับข้าวอยู่ไหมครับตอนนี้ได้แล้วครับจนเราลืมไปเลยว่าอยากกินข้าวแต่ขอชื่นชมเป็นอย่างมากที่จำได้ด้วยเพราะเขาเดินมาเสริฟ์อาหารพร้อมนำข้าวถ้วยนั้นมาด้วย  🥰🥰🥰และเราก็รู้สึกอร่อยอีกครั้งเพราะอยากกินข้าวจริงๆและกินข้าวไป3ถ้วย🍚🍚🍚🍚🍚
Ci9DQUlRQUNvZENodHljRjlvT2w5MlpVeDBjek5LYmpob1RqRklaR3M0VEdWdlMyYxAB,Somnuek Purataka,5,ทุกอย่างถือว่าโอเคดีของอร่อยเยอะแต่เสียดายไปกันแค่ 3 คนไม่ได้กินเป็ดฟรีเลย😂😂😬
ChZDSUhNMG9nS0VJQ0FnTURvNHJDclFBEAE,Lauren Rogers,5,"If you're looking for designer dupes, this is the place. This is basically all this mall has though, so if you're not into that then you can skip this mall."
ChdDSUhNMG9nS0VJQ0FnSUQycWEtM3hBRRAB,lai light,3,รสชาติไม่ดีเท่าสาขาอื่น ของทอดเหมือนมีไองั้นไม่ได้อร่อยอย่างที่คาดหวังไว้ แต่จริงๆราคานี้คือคุ้มแล้วอ่ะนะ เพียงแต่ก่อนหน้านี้กินเจ้านี่ไม่ว่าอะไรๆมันดูคุ้มค่า คุ้มราคา แล้วอร่อยไปซะหมด ลองปรับปรุงดูนะครับ เป็นกำลังใจให้
ChZDSUhNMG9nS0VJQ0FnSUQtbXB6LWN3EAE,Supharin Minsuwan,4,"**ปล.พนักงานอีกคนมาขอโทษและขอเพิ่มเวลาให้แล้วนะคะ รวมๆบริการดีค่ะ มาแย่แค่คนๆเดียว**
มาลองทานครั้งแรก รอ2ชม.ครึ่งค่อยได้กินไม่เท่าไหร่ นั่งรออาหารปาไป45นาที พอถามพนักงานบอกรอเอาจากแมว แมวจะมาส่ง ช้าไปอีก คนมาทีหลังดันได้ก่อน เสียดายเงินมากบอกตรงๆ ดูเวลาในภาพได้เลย"
ChdDSUhNMG9nS0VJQ0FnSURqMS16ZzlRRRAB,MinnyNemo Kanomcake,5,"อร่อย ไม่แพง บริการรวดเร็ว สมราคา
แต่รอนานเป็นชั่วโมงเลย คุ้มกับการรอ
ใครกินจุๆ คุ้มแน่นอน"
Ci9DQUlRQUNvZENodHljRjlvT2tGYVFYUkRTMGxaU0ZwYVZHbFlSV0ZZVEVWNlUyYxAB,NAMFON KPS,1,ปกติเราเป็นคนกินตี้น้อยบ่อยมากนะสาขานี้ แล้วรอบนี้ไม่ประทับใจตั้งแต่ถึงคิวเราแล้ว เข้ามาให้เรามายืนงง เพราะโตะยังไม่ได้ เคลียร์  พนักงานไม่มอง แล้วพอผ่านไปชักพัก โตะตรงข้ามก็มา เราสั่งอาหารไปแล้ว ผ่านไปประมาณ10 โต็ะข้างๆได้ก่อนเราเฉย เราที่นั่งก่อน ยังไม่มีอะไรมา เสียความรู้สึกมาก มารอบนี้
ChdDSUhNMG9nS0VJQ0FnSUN4LVpXN2hRRRAB,Pro,5,แวะมากินสาขานี้ครั้งที่ 5แล้ว ครั้งนี้รอไม่นานเท่าไหร่ รอ 16 คิว ใช่เวลารอไม่เกิน 30นาทีและครั้งนี้ได้เจอกับการสั่งอาหารแบบใหม่สแกนผ่านคิวอาร์ เลือกเมนูสั่งจากโทรศัพท์มือถือได้เลย บุฟเฟ่สุกกี้และเครื่องดื่มรีฟิว จำกัดเวลา 2 ชั่วโมง
Ci9DQUlRQUNvZENodHljRjlvT2paWWRYZFBNRVIxVWxSVlNrRmZOR1ZUUVdOM2VIYxAB,Ananya Angsuwan,1,พนักงานตลกอะไรหรอคะ? ยืนเลือกน้ำซุปอยู่ก็พูดแทรกทั้งยืนขำลูกค้า สภาพพพพ
ChZDSUhNMG9nS0VJQ0FnSURwcU83Z05REAE,K Maglabe,5,"Great place to eat. The soups were amazing. The meats and seafood are fresh. If you want somewhere to eat and ve filled, go here. It's a good hangout place with friends. Or even bring a date. Just be ready to queue. Very, very, very long lines. We had to wait 3 hours. The queueing system is good, at least."
ChdDSUhNMG9nS0VJQ0FnSURoNHRyNmlBRRAB,Thannarat Paisanruttanakan,4,"กินเป็นครั้งที่ 2 ไปรับคิวตอน 2 ทุ่ม ได้กิน 4ทุ่มครึ่ง
หมูสไลค์ ดี สด สะอาด ชิ้นไม่บาง น้ำจิ้มซีฟู้ดควรวางบนโต๊ะให้ด้วยนะคะ พนักงานใส่ใจลูกค้า แม้นจะดึกแล้วก็ยังยิ้มแย้ม"
ChZDSUhNMG9nS0VJQ0FnSURtamFhVVVBEAE,myname vk.,4,"Thai's famous Buffet Chain. It's Suki with 2 soup and Many food you can order including Meat,Seafood,Vegetable. Beverage is Soft drink and Herbel drink with Refill bar. Only this branch,its have Side dish menu bar. (Fried food and Dimsum). Price 276 NET for 2 Hour. you can order and check status of queue via Queq Application."
Ci9DQUlRQUNvZENodHljRjlvT2tWUlluRjZlVkJvVUZVeVFtbDFVM0pDYnprd05XYxAB,Milk,2,สไลด์หนาไปไม่เหมือนแต่ก่อน หมูแต่สีเหมือนเนื้อมากก ไม่ค่อยประทับใจเท่าไหร่
Ci9DQUlRQUNvZENodHljRjlvT21ZeGFtcGxYekpZYWtaSWQzTlhaRVZ5WDJGWVpIYxAB,mugiwara kaizoku,1,"รันคืวรอลูกค้าได้แย่มากๆๆๆ
คนกดคิวA มา 2 คนแต่ยกโต๊ะ 4 คนให้เฉย
คิว B กับ C  ที่ มากัน 3 คนขึ้นไป
ยืนรอเป็นชั่วโมง กระดิกยังไม่ถึง 10 คิวเลย
ทุเรศและห่วยแตกมาก"
ChdDSUhNMG9nS0VJQ0FnSURSNVBtaTN3RRAB,Grace HappyLife,5,"For more information pls DM my IG @enjoyhappylife.ig
ชอบมากกกกก
อร่อยยยย ชอบน้ำจิ้ม
สุทธิแล้ว หัวละ 276 รวมค่าบุฟและเครื่องดื่มรีฟิล
มีเนื้อวัว และซีฟู้ดด้วย
แต่เราชอบหมูสุด ส่วนน้องชายชอบวัว
คิวเยอะมากเลยนะ รีบมาเอาคิว ละค่อยไปเดินเล่น
แต่ 36 คิว รอประมาณชั่วโมงกว่า หน้าร้านมีที่นั่งรอ
ร้านใหญ่มาก
แต่รวมๆแล้วราคานี้ถือว่าดีเลย เมื่อเทียบกับร้านบุฟเฟต์ร้านอื่นในกทม. ถือว่าคุ้มค่า

ที่ชอบคือเครื่องดื่มมีน้ำเปล่าให้กดด้วย ซึ้งน้อยร้านจะเป็นแบบนี้ ส่วนใหญ่ร้านอื่นจะต้องซื้อน้ำเปล่าเพิ่ม

จอดรถใน mbk ได้"
Ci9DQUlRQUNvZENodHljRjlvT25KYU1uZG1OM0JRVlVod1ZIUXhhR3hpTlhoV01IYxAB,f kk,1,"วันที่ 14/07/68 เวลา 03.00 น. มาใช้บริการที่สาขา mbk พนักงานบริการเก็บร้านเสียงดัง ที่หนักสุดคือพูดคุยกันเสียงดังมากกกกก ส่วนมากเป็นต่างชาติ มีตะโกนพูดข้ามหัวกัน ผมตั้งใจจะนั่งถึงจนปิดร้าน สุดท้ายนั่งกินอยู่ถึงตี4 ผมคุยกับแฟนทนไม่ได้เราออกมาเลย

เข้าใจหัวอกว่าอยากคุยกัน แต่ควรมีมารยาทนิดนึงนะครับ สำหรับผมแบบนี้มันเกินไป ไม่ประทับใจอย่างมาก"
Ci9DQUlRQUNvZENodHljRjlvT25VdFFreDVhbE5PZURVMGFsaHdlRUp5WjBoWGNuYxAB,Htet Nanda,4,Brands are often discounted at MBK center. Foods are clean and tide. You can try and available for many options. Worth  place to visit. It's not wasting your time.
ChZDSUhNMG9nS0VJQ0FnSURlME8yaUJBEAE,Raphael Tso,4,"Very cheap, how do they earn money with this price? Not to expect high quality of meat, but they are all fresh. If they have soy sauce, it would be perfect. All the staff only speak in Thai, foreigners may not easily communicate with them."
Ci9DQUlRQUNvZENodHljRjlvT2s1RFFXUjRNRnBOY0c5R1V6VnFTR1ppUlRKZldsRRAB,Ameen Amir,5,"Me and friend went there for me, real good for this price. All my thai friends they love this food. Its mean cheap and good food."
ChZDSUhNMG9nS0VJQ0FnSUNPM083QUZBEAE,Thanaseth DEJ,5,"สถานที่ไม่ใหญ่มาก
บรรยากาศดี บริการดี
อาหารสด อร่อย รวชาติดี
คนมาใช้บริการเยอะ
คอยคิวนาน แน่นเกือบทุกวัน
ทางเลือกอีกที่ครับ"
ChZDSUhNMG9nS0VJQ0FnSUM1eTV1UERnEAE,Lek Raksawong,5,"วัตถุดิบใช้ได้ น้ำซุปดี  มีน้ำซุปให้เลือก
มีเวลาให้นั่งทาน2ชั่วโมง จุกๆไปเลยเลย
เกินราคา แต่อาจจะต้องรอคิวหน่อย"
ChdDSUhNMG9nS0VJQ0FnSUQ1dXV2cXJBRRAB,Greg Johnston,4,"Had a nice time enjoying a hotpot meal. Food was good, staff excellent  as this was our first time here as we were from Canada on vacation. A bit of a wait to get seated, cash only. Not used to that, had to find ATM. They were very understanding.
3btraveler"
ChdDSUhNMG9nS0VJQ0FnSUNabU9mQTd3RRAB,minoru dokidoki,5,"เนื้อออสตลอดไป เนื้อนุ่ม หอมอร่อย เน้นเนื้อออสอย่างเดียวเลย อิอิ

*รอคิวนานมากก 3ชมได้ อาจเพราะเป็นโต๊ะใหญ่"
Ci9DQUlRQUNvZENodHljRjlvT2xCZk5uQnVhRGxYYTJ3d1NGWkJNM0ZPTTB0Tk5WRRAB,Chelsea,1,"- รอคิวนานมากค่ะ 3 ชม.เลยถึงได้เข้า
- มากัน 6 คน ได้นั่งโต๊ะเล็ก เตาเดียว สอบถามว่าขอโต๊ะใหญ่ 2 เตาได้ไหม พนักงานแจ้งว่า ต้องรอคิวอีกชม. ถึงจะได้ ทั้งๆที่โต๊ะใหญ่พึ่งลุก และกำลังเคลียร์ และจากที่มองโต๊ะใหญ่
โต๊ะอื่นที่มี 2 เตา ลูกค้าที่นั่งมีแค่ 2-4 คน โดยใช้เตาเดียว อีกเตาปิดไว้ไม่ได้ใช้
- พนักงานไม่ค่อยสนใจ ไม่เก็บถาด ไม่ยิ้มแย้ม หน้าตึงมากค่ะ
สาขานี้ครั้งเดียวพอค่ะ คงไม่เข้าอีกแล้ว"
Ci9DQUlRQUNvZENodHljRjlvT214cWFGcHphMk5aWjNGaldtTTFZMjFFVnpZMFNYYxAB,unrequited mz,5,คุ้มค่าแก่การรอคิว 😊
ChdDSUhNMG9nS0VJQ0FnSUNXcC11WC1BRRAB,haechan Full Sun,1,วันนี้ไปทานตี๋น้อยที่mbkตั้งแต่คิวแรกๆคือเข้าไปนั่งรออาหารแล้ว15นาทีของที่สั่งก็ยังไม่มา ที่มามีแค่สาหร่ายกับข้าวโพดเหี่ยวๆ เราเลยแกะเอาแต่เม็ดที่พอจะโอเคใส่หม้อ รอจนโต๊ะข้างๆนั่งกินเราก็ยังไม่ได้จนต้องเรียกพนักงานว่าน้องคะพี่สั่งของไปนานแล้วนะคะยังไม่ได้เลย น้องพนักงานก็พยักหน้าเดินไปตามของแต่ก็ได้มาไม่ครบอีกกินหมดไปครึ่งแล้วก็ยังไม่มา จนแบบเรียกน้องคะพี่ต้องสั่งใหม่มั้ยคะ ของที่สั่งไปรอบแรกพี่ได้ไม่ครบ จะสั่งมาใหม่ก็กลัวมาซ้ำกินไม่หมดอีก🤣 ง่ายๆคือจัดระบบอาหารไม่ดีเลย ปล.ไม่รู้อันนี้เกี่ยวมั้ยคือน้องพนักงานคนนึงที่ประจำอยู่โซนเรากลิ่นน้ำหอมแรงมาก แรงจนมึนหัว เหมือนรถน้ำหอมคว่ำ ขอโทษที่จมูกดีเกินไปค่ะ😂
Ci9DQUlRQUNvZENodHljRjlvT2taSlpFMDBWbTF1UkdwRk1VTldXbms0TVc1a1IwRRAB,가을Kam,5,"- บรรยากาศห้องอาหารดี โล่ง กว้าง จัดเตรียมสถานที่สวยงาม โต๊ะรองรังแขกจำนวนเยอะมาก
รองรับตั้งแต่ 2-10 ท่านขึ้นไป สามารถโทรสำรองโต๊ะก่อนได้
- พนักงานบริการดี ยิ้มแย้ม แจ่มใส พูดสุภาพ
ทำอาหารและเสิร์ฟอาหารไว เก็บโต๊ะไว
- วันนี้ซื้อ voucher ตก มาลองในราคาคนละ 950 บาท ไลน์อาหารหลากหลาย มีหลายสัญชาติ Seafood on ice สด อร่อยดีค่ะ เมนูโดยรวมอร่อย ส่วนตัวก็ชอบ กระเพาะปลา
- โซนของหวาน โดยรวมรสชาติดี ชอบบิงซู กระทิทรงเครื่อง
- เครื่องดื่มมีให้เลือกเยอะ มีทั้งชาและกาแฟ
- ร้านตั้งอยู่ชั้น 10 ของโรงแรม ออกจากลิฟต์มา อยู่ฝั่งขวามือ มีเคาน์เตอร์พนักงานต้อนรับอยู่ด้านหน้าร้านอาหาร
- ที่จอดรถ มีจำนวนมาก สแตมป์บัตรที่ห้องอาหาร จอดฟรี
- มีพื้นที่รองรับรถวีลแชร์
-  มีห้องน้ําให้บริการสะอาด"
Ci9DQUlRQUNvZENodHljRjlvT2pselN6UlZORjh3YlhNM01URm1ORTAwY1dsYVlXYxAB,Gio,5,"The restaurant where the buffet breakfast is served is massive.  The food choices are amazing.  From congee to curry to pastries and a lot more.  The dish vary as well.  It hs two coffee machines.  The toilet is just outside the entrance.  The staff are fabulous makes the dining experience a bit more special. It gets busy from 0800 onwards.  Went at 0630 and there was more staff than guests.  Will i come back?  Of course, i have one more night at the hotel."
Ci9DQUlRQUNvZENodHljRjlvT2pSTFNuTkRiVmRoWWxCQ1JVb3lSR1Y1WlhKTVRFRRAB,Nana Relax,4,"บุฟเฟต์มื้อค่ำราคาเป็นมิตรมาก
มีแพ็คเกจให้เลือก ตามราคา
สามารถสั่งผ่านqr code ได้
_ไลน์อาหารหลากหลายดี มีให้เลือกทำสดใหม่
_คุณภาพวัตถุดิบปานกลาง
_รสชาติใช้ได้ เราไม่มีอันไหนที่ประทับใจเป็นพิเศษ
แนะนำกุ้งเผา และกุ้งเผาค่ะ
_ราคาถือว่าคุ้มค่าดีค่ะ
นั่งทานยาวๆ ตั้งแต่ 6โมงเย็นถึง 4 ทุ่ม"
Ci9DQUlRQUNvZENodHljRjlvT25kSGMwZ3RXV3hyVmxNNVoyaHdOVXBPY0dkM2NFRRAB,Prang9999,5,"🕯️ Candle in the Hotel Buffet Dark Age

บันไดอลังเหมือนเดินพรมแดง แต่ลงมาเจอของจริงที่ “อร่อยลืมถ่ายรูป” 🕯️
บุฟเฟ่ต์สไตล์ตะวันตกที่แทรกความเป็นไทยแบบเนียนๆ — Foie Gras หอมละมุน กุ้งเผาสดเด้งทีละตัว ผัดไทยคือ Hidden Gem ที่เชฟภูมิใจเสิร์ฟ 🇹🇭✨
ที่นี่ไม่ใช่บุฟเฟ่ต์โชว์หรู แต่คือบุฟเฟ่ต์ที่ “ต่างชาติควรมาลองให้ได้ก่อนกลับประเทศ” 🌍🥢
ขอบคุณคุณ Singh และคุณ Salma ที่ดูแลอย่างกับเป็นแขก VIP จริงๆ ❤️

A grand staircase fit for a red carpet… but downstairs is real food heaven! 🕯️
This isn’t a “fancy buffet for Instagram” — it’s a Western-style feast with a Thai soul.
Foie gras is buttery, prawns are charred to perfection (and already peeled!), and the Pad Thai? A true hidden gem 🇹🇭✨
If you’re visiting Thailand, this is the kind of buffet you must try before you leave — proof that flavor beats all filters 🌍🥢
Special shoutout to Mr. Singh and Ms. Salma for service that made me feel like royalty ❤️

像走红毯一样下楼，但等着你的不是相机闪光灯，而是真正的美味天堂！🕯️
这里不是“只为拍照”的餐厅，而是西式料理+泰式灵魂的完美结合：
鹅肝香滑入口即化，烤虾鲜嫩多汁还贴心去壳，泰式炒河粉简直是隐藏宝藏 🇹🇭✨
外国游客一定要来尝尝，这里的味道会让你怀念回国后的每一餐 🌍🥢
特别感谢 Singh 先生和 Salma 女士，让人感觉像贵宾一样 ❤️"
Ci9DQUlRQUNvZENodHljRjlvT2pGbVFWbHFhVVkyVUZNd1ZIWkxla1ZsWWs0NFduYxAB,Nat Karn,5,"My experience of dim sum buffet here is very impressive. The quality of food is great. The foods are prepared quickly, no need to wait too long for food. The waitress, Nook, who took care of my table, are nice and polite."
Ci9DQUlRQUNvZENodHljRjlvT2xweFdtUm9aRFZHYUU1VldVNHRPRTFCYjBGVmNuYxAB,Parisara Chancharoen,4,"ร้านตั้งอยู่ชั้น 10 ของโรงแรม Berkeley ร้านโปร่ง นั่งสบาย อาหารนานาชาติ ให้เลือกเยอะ
พนักงานสุภาพ พูดจาดี น่ารัก นอบน้อมมากๆ  คอยเดินดูเก็บโต๊ะตลอดเวลา และครึ่งนึงน่าจะเป็นต่างชาติ
อาหาร (ส่วนตัว) รู้สึกเฉยๆ ซีฟู๊ดไม่ได้สดมาก แต่ก็ไม่ได้แย่ ปูหิมะ ค่อนข้างเค็ม
ซูชิข้าวเยอะมาก และมีความเย็น
พวกอาหารเมนูผัดๆ รสชาติใช้ได้
ขนมรสชาติกลางๆ ตับห่านคุณภาพโอเค แต่รู้สึกว่าทำแข็งไปหน่อย และซอสไม่ค่อยอร่อย
มาเย็นวันศุกร์คนน้อยมากๆ"
Ci9DQUlRQUNvZENodHljRjlvT2kxME1pMUxlakppTVVsTlRWSkhSbFJNTnpkTGNrRRAB,Kyo Kyokyo,4,อาหารดีครับ  แนะนำเลยสำหรับคนชอบติ่มซำ แบบบุฟเฟ่ห์
ChdDSUhNMG9nS0VJQ0FnTURBLXY2WDZ3RRAB,Gulranid Traisawatphanit,5,"มากินเป็นดินเนอร์บุฟเฟต์ แนะนำสำหรับคนชอบซีฟู้ดเลยค่ะ อาหารสดดี มีนึ่ง ย่าง อาหารอื่นๆเช่นอาหารญี่ปุ่น ถือว่าอยู่ในเกณฑ์ดีเลยค่ะ
อาหารอินเดีย กับ พวกอาหารไทย ถือว่าเฉยๆ
โรงแรมด้านนอกอาจจะดูเก่า น่ากลัวหน่อย
แต่มาถึงห้องอาหาร สะอาดมากค่ะ พี่ๆพนักงานบริการดีฟุดๆ"
ChdDSUhNMG9nS0VJQ0FnSUNUM0x1aHBBRRAB,JackPawat B,4,"18.04.2025

กองทัพขนมหวาน อลังการอีกแล้ว :) รับรู้ถึงความประณีตและความยากในการทำ  (แต่ถ้าลดความหวานลงนิดจะยิ่งดี )

วันนี้ลูกค้าไม่ค่อยเยอะ   พ่อครัวแม่ครัวแต่ละ station ที่ปรุงสุกจานต่อจาน พร้อมให้บริการ  และก็เดินมาแวะดูความเรียบร้อยของอาหารในไลน์อาหารเป็นระยะ

พนักงานหมั่นเดินเก็บจานและเติมน้ำดื่มให้

ห้องน้ำมีสายชำระสบายๆ

เป็นอีกห้องอาหารนึง ที่นั่งยาวๆสบายๆได้
___
บุฟเฟต์มื้อเย็นวันเสาร์ กองทัพขนมหวาน น่าตื่นตาตื่นใจมาก  เกล็ดน้ำแข็งรสนมอร่อยดี  ครีมชาเขียวถั่วแดงก็อร่อย

เหมือนทวงความเป็นหนึ่งในตัวเลือกบุฟเฟ่ต์ย่านประตูน้ำกลับมาได้ :)
มีทั้งปู กุ้ง หอย  ปลา ไก่ หมู เนื้อ
seafood ย่างร้อนก็มี
เป็ดปักกิ่ง ปูนิ่ม

พนักงานให้บริการดี หมั่นเติมน้ำ และเดินเก็บจาน"
ChdDSUhNMG9nS0VJQ0FnSUNkLWM3TnJ3RRAB,วิน วิน พลัส,4,Seafood Dinner Buffet มื้อค่ำวันศุกร์และวันเสาร์ อาหารค่อนข้างหลากหลาย มีทั้งซีฟู้ดออนไอซ์ กุ้งแม่น้ำย่าง หอยนางรมสด เคาน์เตอร์เทปันยากิ เป็ดปักกิ่ง หมูหัน หมูกรอบมีทั้งแบบจีนและแบบฝรั่ง ซุปทรัฟเฟิล ซาชิมิ ข้าวปั้น เทมปุระ พาสต้า ก๋วยเตี๋ยวเนื้อวากิวและหมูคุโรบุตะ ชีส 4-5 แบบพร้อมผลไม้สดและผลไม้แห้ง อาหารปรุงร้อนสไตล์ไทย-จีน และอาหารอินเดีย มุมสลัดมีผักให้เลือกบ้างไม่หลากหลายเท่าไหร่ ส่วนมุมขนมหวานค่อนข้างหลากหลายและดูน่ากิน มีไอศกรีมและเครื่องทำบิงซูไว้ให้บริการด้วย ราคารวมเครื่องดื่มประเภทน้ำอัดลมและน้ำเปล่า รวมทั้งชา-กาแฟที่สามารถกดจากตู้อัตโนมัติบริการตัวเองได้เลย  หากต้องการจ่ายเพิ่มเพื่อรับเมนูพรีเมี่ยมแบบไม่อั้น อย่างเช่น ฟัวกราส์หรือตับห่าน เนื้อปลาหิมะนึ่งพริกมะนาว สเต๊กซี่โครงแกะ ขาปูอลาสก้านึ่งพร้อมน้ำจิ้มซีฟู้ด และ แคลิฟอร์เนียโรลปลาไหลย่างซีอิ๊ว เป็นต้น พนักงานจะนำคิวอาร์โค้ดมาติดไว้บนโต๊ะของเราเพื่อให้เรากดสั่งเมนูพรีเมี่ยมเองผ่านทางออนไลน์
ChdDSUhNMG9nS0VJQ0FnSUNKdGFtT2tRRRAB,Kero Kinn,2,"Was actually looking forward to experiencing their dinner seafood buffet but left very disappointed. Albeit having a large variety of food, their unwillinglyness in their king crab offerings is truly a disappointment and do not justify the cost of the buffet. We managed to only find a few pieces of legs hidden together with their prawns. Further, our dining session coincided with a large tour group, which they had devoured most of the food station. The restaurant lack in effort to refill their buffet offerings as most stations were left empty 1 hour into dinner. The only saving grace was their desert station where sweets were of quality. Overall experience - like most have already mentioned, the price of the buffet does not justify the experience. Not worthy to try?"
ChdDSUhNMG9nS0VJQ0FnSURSbW92N3RBRRAB,Ph031,5,"ขาปูยักษ์มาอัพสเกลความอร่อย  พามาที่ชั้น 10  โรงแรม The Berkeley Hotel Pratunam  International Buffet ที่มีทั้ง ซีฟู้ด อาหารไทย จีน ญี่ปุ่น อาหารตะวัน ก็จะได้เปิดประสบการณ์เมนูน่าทานเกินต้าน กับขาปูยักษ์ย่างครีมซอสไข่แซลมอนกุ้ง หูยเนื้อปูมาแน่นๆมากมากับไข่แซลมอนกุ้งฉ่ำๆล็อบสเตอร์เทอร์มิดอร์ และ หอยเชลล์ฮอกไกโดและเติมอิ่มกับเมนูอาหาร กว่า 50 รายการ ที่ทานได้4 ชั่วโมงเต็ม มีอาหารจีน เป็ดปักกิ่งติ่มซำ 5มังกรคาบแก้ว แล้วมาเจอกับstation อาหารญี่ปุ่น กองทัพซาชิมิและซูชิเนื้อวากิว ส่วนซีฟู้ดก็ยกขบวนกันมาทั้ง ปูอลาสก้า ปูม้า หอยหวาน หอยแมลงภู่นิวซีแลนด์  หอยนางรม กุ้งตัวโต๊โต กุ้งแม่น้ำเผา หรือจะเพิ่มเติมเมนูต่างๆด้วย QR code กับ ปูนิ่มกับซัลซ่ามะม่วง ซีฟู้ดถัง แซลมอนนึ่งมะนาว ปลาหมึกไข่หมึกย่างมะนาว
มาแล้วก็ไม่ควรพลาดเลย กับซุปเห็ดทรัฟเฟิล เจาะพัฟกลมๆฟูๆ ด้านบน ทานกับซุปเห็ดทรัฟเฟิล รสชาติละมุน มากๆ ส่วนสายเนื้อก็มีก๋วยเตี๋ยวเนื้อโบราณวากิว สเต็กเนื้อริบอายซอส คาเฟ่ เดอ ปารีส ขาหมูเยอรมัน ซี่โครงหมูบาร์บีคิวอบชีส ซี่โครงแกะย่าง  พิซซ่าและสลัดบาร์
ส่วนผลไม้ตามฤดูกาลก็มีหลากหลาย และขนมหวานทั้งขนมเค้ก ครีมบูเล่ ที่ texture  พุดดิ้งข้าวเหนียวมะม่วง พานาคอตตา และบราวนี่อย่างเข้มข้น ชีสเค้ก แมคคาเดเมียครัวซองต์ ทั้งหมดทั้งมวลทานกับไอศครีม อาหารเยอะมาก ทานได้ตั้ง 4 ชม พลาดไม่ได้เลย"
ChZDSUhNMG9nS0VJQ0FnSUNoMVBqWklBEAE,Cher Ong,4,"Seafood buffet with a fine dining presentation & plating. Not many choices, but the dishes are all served individually & freshly cooked. They used more premium ingredients compared to other seafood buffet."
ChdDSUhNMG9nS0VJQ0FnSUN4aDhtYnRBRRAB,Athenn,3,"บุปเฟต์อาหารหลากหลายมาก จนนับไม่หมด
~~
รสชาติอาหารหลายชนิดสั่งมาแล้วจืดสนิท เช่น พาสต้า, ซุปเห็ด แต่ก๋วยเตี๋ยวเรือเนื้อวากิวพอไปวัดไปว่ได้หน่อย
~~
ซีฟู้ด โดยเฉพาะปู King Crab ค่อนข้างผิดหวัง ที่เลือกใช้ชนิดที่ตัวเล็ก เนื้อน้อย และยิ่งผิดหวังหนักขึ้นเมื่อพนักงานไม่ค่อยเติม เจอแต่เศษๆข้อขาและปลายขาปูเท่านั้น
ซูชิแซลมอนปลาไม่สด ทูน่าก็หั่นบางซะจนใสมองเห็นข้าว
ตัดมาข้างๆ เป็ดปักกิ่ง, หมูหันกรอบ น้ำจิ้มอร่อย😊
~~
อาหารอื่นๆ เช่น อาหารร้อนต่างๆ, ชีส, แฮม, ของหวาน, ผลไม้ ฯลฯ อยู่ในเกณท์มาตรฐาน
~~
การบริการ พนักงานเดินเก็บจาน และเสิร์ฟได่ค่อนข้างทั่วถึง แต่แปลกใจที่มากินบถปเฟต์ กลับมา Upsale อาหาร a la cart เพิ่มอีก อันนี้ดูงองมากๆ
~~
โดยรวมเฉยๆ ค่อนไปทางผิดหวัง ถ้าเทียบกับราคา"
ChZDSUhNMG9nS0VJQ0FnSUR2ZzktaFRBEAE,Thida Chongniramaisathit,5,ไลน์อาหารเยอะมาก ละลานตาไปหมด เท่าที่กินไม่มีจานไหนไม่อร่อยเลยค่ะ อร่อยทุกอย่างจริงๆ
ChZDSUhNMG9nS0VJQ0FnSURCNXVtWlZBEAE,Panjapon Khamsajja,5,"The berkeley dining room

วันนี้มาทานบุฟเฟ่ต์นานาชาติอาหารกลางวันที่ ห้องอาหาร
The berkeley dining room โรงแรมเดอะ เบอร์เคลีย์ โฮเทล ประตูน้ำ ราคา 699.- บาท คุ้มค่ามากๆ มีทั้งอาหารไทย อิตาเลี่ยน อินเดีย ญี่ปุ่น มีสลัดบาร์ ของหวานครบมากๆ การบริการเป็นกันเองมากๆ เวลาเหมาะสม ทานสบายๆ นั่งคุยกัน สถานที่สะอาด สวยงาม

📌 The berkeley dining room
⏰ เปิดให้บริการ 11.30 น. - 14.00 น.
📌  ชั้น 10 โรงเเรมเดอะ เบอร์เคลีย์ โฮเทล ประตูน้ำ แขวง มักกะสัน เขตราชเทวี กรุงเทพมหานคร 10400
🚗 จอดรถในโรงแรม"
ChZDSUhNMG9nS0VJQ0FnSURlbk5pd013EAE,อร่อยตัวแตก delicious my break,3,ห้อง The berkeley dining Room เป็นห้องอาหารในโรงแรมตั้งอยู่ชั้น 10 โรงแรมเดอะ เบอร์เคลีย์ ประตูน้ำ ใจกลางสี่แยกประตูน้ำ ติดกับห้างพาลาเดียม ตรงข้ามข้าวมันไก่ประตูน้ำ มีทั้งอาหารไทย ญี่ปุ่น อินเดีย ให้เลือกทานด้วย มาทานช่วงเจ ก็มีอาหารเจให้เราด้วย ซี่ฟู๊ดเป็นกุ้งเย็นๆ สำหรับปลาดิบก็ดีนะ เลือกได้สั่งที่เชฟเลย ซุปมันฝรั่งก็ดีนะ อร่อย คาโบนาร่าก็ดีทำจานต่อจานเลย แฮมตัวเนื้อก็อร่อยดี ตบท้ายด้วยขนมเค้กและไอศครีมให้ทานตบท้ายด้วย
ChZDSUhNMG9nS0VJQ0FnSURGaXVQc2N3EAE,Yuner Liau,5,"We have a late afternoon flight so thinking to have lunch at the hotel, thought there was buffet (lunch buffet 699B from Monday to Friday).
We had ala carte lunch instead, It's so quiet and comfortable.
Pad thai gung's river prawn is so nice, can see it's nicely grilled. And the egg got web pattern. The fried prawn in noodles tastes good too..Can feel that they really prepare the food with full of passion.
We had a late dinner Infront of Platinum mall stalls the day we arrived, food was expensive and environment was not comfortable. It's more worth to have your meal here."
ChZDSUhNMG9nS0VJQ0FnSUR4NV9ISmJ3EAE,James Chew,1,"The hotel is a bit run down, but the service is acceptable.
The location is quite close to the pratunam shopping area.
Hotel restaurant buffet not worth to try. Food quality is bad and not fresh. The buffet mentioned with ""King Crab""but waited for 1 hour they still never top up. Ask the waiter about the king crab when he or she will be top up, ask to wait and wait. Finally, I have the crab after feedback to the manager."
Ci9DQUlRQUNvZENodHljRjlvT25Ob1FVZFBkVWhMZW1wQ2MwMU9hbTR4T0dWQmRYYxAB,Prim Phon,5,ห้องอาหารสะอาด พนักงานดูแลดีมากค่ะ โดยเฉพาะน้องฝ้าย ยิ้มแย้ม ทักทายแขก และ อาหารอร่อย ราคาเหมาะสม
Ci9DQUlRQUNvZENodHljRjlvT2s1blkyUnNSR1ZyZFhkMWEwTkpkRFIwVnpac00xRRAB,Natthapol Kittitadachaikul,5,"This place is very underrated, I would give 10 stars if possible. Chose Gold package costing~1500 thb which I think 100% worths the price. Everything was perfect; food, desserts, and especially staff. Staff were super helpful to give us a birthday complimentary cake. Will come back again!"
Ci9DQUlRQUNvZENodHljRjlvT2xSNE5rMUVVR1phWWw5S1JHNVFiRk54Y0ZWZmJuYxAB,林 麗 莎NG NERISA,4,Lobby lounge excellent service all staffs are kind with Nani 🙏🏻the beverage menu good portable price to all kind of countries..Middle East.westerners and Asian too
ChdDSUhNMG9nS0VJQ0FnSUNkcElLQWx3RRAB,TheS andy,5,อาหารอร่อย หลากหลายและสดค่ะ ทานได้ไม่จำกัดเวลา คุ้มมากๆ
Ci9DQUlRQUNvZENodHljRjlvT21samJteFBjbEJPY200M0xXcFZNbkJ3VUMxNlpVRRAB,Suwanna Narongrach,5,อาหารเช้ามีหลากหลาย รสชาติดี พนักงานดูแลดี เป็นน้องศรีกับน้องฝ้าย
Ci9DQUlRQUNvZENodHljRjlvT2pCck4weDJhMDlUTm1jMFl6bE5OazlRZDBsd1ZWRRAB,Deedee Dreamer,5,อาหารเช้า หลากหลาย พนักงานเฟรนลี่ คุณ ฝ้าย ดูแล ดี ราคาดีเหมาะสม บริการดีเยี่ยม
Ci9DQUlRQUNvZENodHljRjlvT2tzdFZ6VnZaV2hTTjNoSU1VWlphall4U0U1RmMxRRAB,Super VVIP,5,"อาหารอร่อย มีหลากหลาย บริการดี สถานที่ดี
บุฟเฟ่ต์คุ้มมาก"
ChZDSUhNMG9nS0VJQ0FnSUQzNjR6Z2FBEAE,Cookie Cookie,5,"My parents and I just had the pleasure of dining at The Berkeley Hotel Dining Room and we cannot praise the Senior Restaurant Manager- Withoon Traiking enough! The meal was a true culinary masterpiece, service was incredible amazing! Every dish was thoughtfully crafted, bursting with flavor, and presented beautifully. The dining experience was elevated by the Manager’s attention to detail and wonderful atmosphere . We highly recommend to anyone looking for an unforgettable dining experience.
Thank you once again for your extraordinary hospitality and service! ⭐️⭐️⭐️⭐️⭐️"
Ci9DQUlRQUNvZENodHljRjlvT2pkRWJsZHFXV3haU3prelZrVmhibGRLY0VVMmEyYxAB,วรุต อุปดิษฐ,5,"อาหารเช้าหลากหลาย และรสชาติดี
น้องศรี น้องฝ้าย บริการดีครับ"
Ci9DQUlRQUNvZENodHljRjlvT2pSWFdXOUtiMkZUUjFOQk4yaFNObWRFYjB0ZmQwRRAB,Raviratn Pscp,5,Happy!
ChZDSUhNMG9nS0VJQ0FnSUNYaDR2ZmFnEAE,Melvin Sng,5,Bam and IK make sure our experience at the dinning is lovely.
ChZDSUhNMG9nS0VJQ0FnSUQtc3ViMFV3EAE,H. Jung,4,"Seafood buffet with king crabs.
Convenient mobile order system."
ChdDSUhNMG9nS0VJQ0FnSUNKeXREaGdnRRAB,Paphatsorn Booranamanus,5,อาหารอร่อยและหลากหลายมากๆ อยากทานทั้งหมด แต่กระเพาะมีพื้นที่จำกัด
ChZDSUhNMG9nS0VJQ0FnSUN2cXFMdEVnEAE,Pasquale Manna,5,Emma from Berkeley hotel dining is amazing. She is very friendly and helpful. Her attention to customer needs is fantastic. Would highly recommend her to any establishment in need of good quality and service
ChdDSUhNMG9nS0VJQ0FnSURQMU5LUTZBRRAB,Kiyeong Kim,5,"Great food and reasonable price, staff Gantgor served nicely and made our dinner glory !"
ChZDSUhNMG9nS0VJQ0FnSUNSaG9pU0t3EAE,Rizky R,5,"i loooveee it ❤️❤️❤️, the food is delicious and seafood is fresh, and i want to come back again soon, the staff is very kind with the big smile and excellent service 🙏🏻🙏🏻😍😍"
Ci9DQUlRQUNvZENodHljRjlvT2w5VmFXaGhYMEpoTUhwSVpWUjZWVUZDZVhka1FsRRAB,Karl W,5,"Ying, Jame and Ikkyu provided amazing service and were very friendly."
ChZDSUhNMG9nS0VJQ0FnSURsMnVLSWVBEAE,David Tan,5,"This evening on 1st Dec 2023 had a great dinner experience on dining and service. Had met Mr Withoon Traiking and he provided a great service and he had given extra mile for my hot flask water which normally the restaurant serve cold water. He is a very friendly. Hope can see him again when I am back in bangkok. Also all the staff in the restaurant is very friendly and helpful. Will definitely come back again for the dinner buffet.

And kudos to Mr brown shirt serving crew on 1 Dec 2023 . He was busy all night serving good food to every customer."
ChZDSUhNMG9nS0VJQ0FnSUNSbU1DWEV3EAE,Frankie Tan,4,"The theme was weekend seafood buffet with king crab. Plenty of oyster, prawn, crab, mussels, shellfish on the cold cut areas. Varieties of prepare to order thru the in house menu application. The fresh oyster was our favorite and The King crab replenishment was a disappointment. Is it the best quality seafood? It is good quality but certainly not the best. However, the staffs are very friendly and accommodating."
ChdDSUhNMG9nS0VJQ0FnSURidE9ETDlBRRAB,Fox,5,พนักงานบริการดีมากๆๆๆค่ะ เดินเก็บจาน ยิ้มแย้ม พูดคุย แนะนำตลอด อาหารหลากหลาย สะอาด หน้าตาน่าทาน รสชาติพอใช้ได้ค่ะ แต่ประทับใจเรื่องการดูแลของพนักงาน
ChdDSUhNMG9nS0VJQ0FnSUNwOS1pdjBBRRAB,Joe,1,Most of the food are not fresh. The attitude of Restaurant Manager is bad and racist.  He only served the Local Thai people. He will show unhappy face when you require his services. Overall the service and food are not up to stand and not worth the value of money. Do not conned by pictures or YouTubers.
ChdDSUhNMG9nS0VJQ0FnSURoa2RHQTJRRRAB,Mam Pkl1655,5,อาหารทะเลสดมาก หอยนางรม ปูอลาสก้า ก็วยเตี๋ยวเนื้อวากิวอร่อย แต่พลาดไม่ได้ คือมุมขนมหวาน อร่อยทุกอย่าง แต่งจานสวยงาม อาหารมาเร็ว พนักงานทุกคนน่ารัก ให้คำแนะนำลูกค้าดีมาก มาอีกแน่นอน
Ci9DQUlRQUNvZENodHljRjlvT2pGeVYyaE5PRlJaTFRWYVJsOUdVR1ppYjNKVmJsRRAB,Ratna Ningrum,5,Give best service fron Ying jameikkyu thankyou🥰
ChZDSUhNMG9nS0VJQ0FnSURwbnVYdFBnEAE,bello bello,3,"Choice of food is little but quality is not bad

crab legs refill very slow and only fill a few each time, but I can still get enough when others are full and stop grabbing crab kegs

I would recommend baked prawn and waygu beef

Oysters are not well cleaned and I still eat “sand” in it, already reported to waitress at that moment

It is acceptable for a buffet which only cost 1500b

Nearly all are chinese guests."
Ci9DQUlRQUNvZENodHljRjlvT2tsdGFVWnFaWEJrTmxNdFRrdERTMjFtV0d0blpuYxAB,Mookda Trakasem,5,😋😋😋กาแฟ 10 💥💥ดาวเลยจ้า
ChdDSUhNMG9nS0VJQ0FnSURWbTRyVjVRRRAB,Andy Lee,5,Awesome seafood buffet!!
Ci9DQUlRQUNvZENodHljRjlvT21Wd1oxUk9WMmx5ZGt4VlZFSktSWEY0TW5SNk5sRRAB,Riana Yanti,5,best service from Ying Jame Ikkyu
ChZDSUhNMG9nS0VJQ0FnSUN6LXZxVmR3EAE,Chinnarong Asavaroengchai,4,"Food and atmosphere are good, great ingredients and delicious. Suitable for the price."
ChdDSUhNMG9nS0VJQ0FnSUNIazRPLW1nRRAB,Aisha Oo,5,The staff is helpful and friendly👍🏼 …
ChZDSUhNMG9nS0VJQ0FnSURqbl9PdWRnEAE,วิฑูรย์ ไตรกิ่ง,5,Every thing very good
ChdDSUhNMG9nS0VJQ0FnSURsdU95RmtBRRAB,May Maylada,4,I love the mushroom soup and seafood so much!
ChZDSUhNMG9nS0VJQ0FnSUNsOXItZkpnEAE,khattiya boonmat,5,บริการอาหารทุกประเภทนะค่ะ
ChZDSUhNMG9nS0VJQ0FnSURINzc3UFNBEAE,T P,5,"great service , nice waitress"
Ci9DQUlRQUNvZENodHljRjlvT201Qk1UWk1TekZ6YjBoUFFVNUNlakZETTFsdFMyYxAB,Desi Warni,5,good service
Ci9DQUlRQUNvZENodHljRjlvT2kxNE9GSjZiMlI2V1ZaMk1WWmFlUzFETjBOR2JIYxAB,Winky Susanto,5,The best Ying
ChdDSUhNMG9nS0VJQ0FnSUNSaHNqR2dRRRAB,Nyoman Juliani,5,"Very very very goodddd😍😍😍😍😍 i likee it, i wanna comeback again🥰🥰🥰🥰"
ChdDSUhNMG9nS0VJQ0FnSUN6dXRTOG9BRRAB,BangkokSachse Bangchak,4,Good service and good buffet!
ChdDSUhNMG9nS0VJQ0FnSUNSN1pYRDRBRRAB,A W,5,Awesome! Must try!
ChZDSUhNMG9nS0VJQ0FnSUR0eWNpZ09REAE,PRASANNA KUMAR,5,Overall good
ChZDSUhNMG9nS0VJQ0FnSUNwN0lua2FnEAE,อรุณภัสร์ ฐิติทัศนารัตน์,4,อาหารอร่อย
ChZDSUhNMG9nS0VJQ0FnTUNRaU56LWJBEAE,F. K.,3,"The selection isn't particularly large; the quality is good and the taste is okay, but nothing special. Unfortunately, no Coke Zero or Diet. It's a Saturday evening and there are hardly any customers."
ChdDSUhNMG9nS0VJQ0FnSUNSOU9qODJBRRAB,Olivier Thongphanh,5,"Excellent Laotian/Thai restaurant.
Very reasonable prices.
I recommend it."
Ci9DQUlRQUNvZENodHljRjlvT20xdmNXNTNkSFZyYTJKaVVXMHpTV2RMWDJ4b1kyYxAB,Chananchida Y,5,"สาขานี้ดีมากๆ พนักงานในร้านบริการดีสุดๆ มีความสนใจลูกค้าและกระตือรือร้นที่จะบริการ ส่วนเรื่องอาหารอร่อยและคุณภาพดี

สรุปได้ว่าสาขานี้ดีมากกก ประทับใจ ✨🫶🏻"
Ci9DQUlRQUNvZENodHljRjlvT2xCeU56bHpWakV6WXpCUFZsOU9Xa0ZMVm5OYVpIYxAB,MAMILQ GMG,4,"Mo-Mo-Paradise สาขา Mega Bangna

สาขานี้จะอยู่ชั้น 2 โซน Food walk อยู่ตรงด้านหลัง Sizzler ข้างๆร้านเนื้อย่าง Kobe ค่ะ หาไม่ยาก
เรามาช่วงวันเสาร์ อาทิตย์ ตอน 11 โมงหน่อยๆ ก็คือมีคิวแล้ว รอคิวนานพอประมาณ

น้ำซุปที่เราสั่งมาก็จะเป็น น้ำซุปสุกี้ยากี้และน้ำซุปชาบูชาบู
ตัวเนื้อที่เราสั่งมา รอบแรกๆที่ได้ เนื้อไม่สวยเลยค่ะ มาแบบแห้งๆ เหลืองๆ
แต่พอสั่งไปเพิ่มสัก 2-3 ถาด เนื้อเริ่มโอเคขึ้น

ตัวรสชาติของ MoMo ก็คือดีงามอยู่แล้ว
สาขานี้ตัวร้านใหญ่ดี ที่นั่งเยอะ ไม่วุ่นวาย บาร์ตักผัดสด บาร์น้ำใดๆก็สะอาดดี

ถือว่าเป็นอีกสาขานึงที่ดีและโอเคเลยค่ะ ส่วนตัวชอบ MoMo มากๆอยู่แล้ว สาขานี้คือดีจ้า

รีวิวนี้เป็นความเห็นส่วนบุคคล
รสชาติและวัตถุดิบที่เจอในแต่ละรอบ
ความชอบของแต่ละคนไม่เหมือนกัน
อย่างไรต้องมาลองด้วยตัวเองนะคะ

ภาพและรีวิวขอสงวนลิขสิทธิ์เฉพาะทีมงาน Wongnai
ไม่อนุญาติให้บุคคลอื่นนำไปใช้โดยไม่ได้รับอนุญาติในทุกกรณี

สำหรับรีวิวนี้ ขอบคุณและสวัสดีค่ะ"
Ci9DQUlRQUNvZENodHljRjlvT2tVelIzQk9aR3ByTW5Oa1lYSjFiekozV21zM2NYYxAB,Parichat Deeudom,5,"เนื้ออร่อยมาก ค่อนข้างดีเลย
แต่มีให้เลือกไม่กี่อย่าง
วิธีสั่งต้องเรียกพนักงานเพื่อสั่งอาหาร
ซึ่งพนักงานบริการไวมาก ได้ครบทุกรายการ
ของหวานรอนานหน่อย มีโมจิกับไอติม
ส่วนผักกับน้ำบริการตนเอง"
Ci9DQUlRQUNvZENodHljRjlvT2kwNWNUYzFXRGRaZVhwM2RtWlZVMVUwUTJORWIwRRAB,Mana Krasprapan,5,สาขานี้คนค่อนข้างเยอะ ถ้ามาช่วงเย็นคิวจะยาวมาก ให้จองคิวไว้ก่อนแล้วไปเดินเที่ยวรอ พนักงานที่นี่บริการดี รวดเร็ว เอาใจใส่ รสชาติอาหารอร่อยตามมาตรฐานของร้าน เนื้อคุณภาพดี น้ำซุปสุกี้อร่อยเข้มข้น กินกับไข่ดิบเข้ากันสุด ๆ
Ci9DQUlRQUNvZENodHljRjlvT2xGVmF6Tkpialp4YVVaME5taElXVXRNTWtWdVFXYxAB,Tony,5,"ชาบูสุกี้ยากี้ร้านแรกที่คิดถึงเมื่อรู้สึกหิว มาตรฐานเดียวกันทุกสาขา วัตถุดิบถึงจะมีให้เลือกน้อย แต่ทั้งหมดคุณภาพดีมาก โดยเฉพาะเนื้อวัว และไอติมบ๊วยคือที่สุด

การบริการพนักงานทุกคนตั้งใจให้บริการดีมากๆ

โดยรวมความคุ้มค่า ⭐️⭐️⭐️⭐️⭐️"
Ci9DQUlRQUNvZENodHljRjlvT2kxVmJWZGZSbEJZU3pCRGVpMVdRVzF0WkVOYU1VRRAB,กรุณา ภู่ศรี,5,เนื้อดี เป็นบุฟเฟ่ต์ที่คุ้ม และรสชาติอร่อยไม่เปลี่ยนแปลง น้ำซุปชาบู สุกี้ น้ำจิ้มดี ไข่ดองซีอิ๊ว เส้นราเม็ง ของหวานไอศครีม ไดฟุกุ กาแฟร้อน
Ci9DQUlRQUNvZENodHljRjlvT25WcmEzaFdNbTlaVVZoMFZUbFdlRms0TUZaV2VHYxAB,Siri Sae,5,อาหารดีอร่อยกินครั้งแรกก็จะงงๆกับน้ำจิ้ม น้ำซุป พนง.ไม่ได้ถามเหมือนร้านชาบูที่อื่นๆว่าลูกค้าเคยมาทานแล้วยัง เลยไม่ได้บอกอันไหนคือน้ำจิ้ม อันไหนคือน้ำซุป🤣 แต่จะไปกินซ้ำแน่นอนสาขานี้คนเยอะมากต้องจองคิวก่อนเลยค่ะ
Ci9DQUlRQUNvZENodHljRjlvT2t0amFraDVUMmd5ZFdWRVEzUmtNRUpaUWpWbE5VRRAB,ลูกเจี๊ยบ Twetty Bird,4,"วันนี้ื 22/11/68 ปกติกินสาขาพระราม2วันนี้ืครั้งแรกที่นี้ การบริการดีกว่า พระราม2 สอบถาม คอยมองว่าต้องการอะไร เสริฟ ไว  ตักไขมันออกให้ เรียกเติมของง่าย ไว
บริการ10/10    ส่วนเนื้อวากิว สามชั้น พื้นท้อง ไม่ผ่านเลยคะ ชั้นไขมัน เยอะมาก เนื้อนุ่มโอเค แต่มันเยอะไปมากจริง และไม่สวย  วากิวขาหลัง โอเค นุ่มต้องลง3-4วิ (ลืมถ่ายรูป)"
Ci9DQUlRQUNvZENodHljRjlvT2pSSFpHZE1RakJNUzNSMmJVZFdZMTlYWWtablFtYxAB,Praew Praww,5,สาขานี้ พนง.น่ารัก บริการดีมากๆ ค่ะ พนง.คอยเดินมาสอบถามตลอด เมื่อวานไปเจอน้องชื่อ โทน คอยเดินมาดูน้ำซุป ดูเนื้อให้ตลอดไม่ขาด
Ci9DQUlRQUNvZENodHljRjlvT210c1VYZG9lbVUzU1RoSlFsOHdRVmRzVGtNMVpGRRAB,Sutthi Chuvichit,5,ร้านชาบูในดวงใจ  เนื้ออร่อยมาก พนักงานบริการดี สาขานี้คนเยอะมากแต่ร้านไม่ใหญ่มากแนะนำให้มาตั้งแต่ก่อนเที่ยงสัก11โมง
Ci9DQUlRQUNvZENodHljRjlvT2xRMGJqWlZUazh4UTJOaFpuWnRkeTE0WmsxU1VuYxAB,Meen Nicha,5,"อร่อย และใกล้บ้าน สามารถโทรหาร้านเพื่อจองคิวได้ ช่วงที่ไปกินมีไดฟุกุช็อคโกแลต อยากบอกว่ามันอร่อยมากกกก🤣 อยากไปกินทุกวันเลย

แล้วก็ตอนชำระเงินเราใช้ grab dine out นะมันจะทำให้จ่ายในราคาที่ถูกลงอีก ถ้ายังไม่เคยใช้เลยก็ยิ่งลดเยอะ แต่เราใช้หลายรอบแล้วมันน่าจะลดมาอยู่ที่ 500-594 นะลองใช้กันดู"
Ci9DQUlRQUNvZENodHljRjlvT25CbFNqZE1NSEpKWDFoTmFYVjZNMmQyYjFsMFJVRRAB,Napatra Tanganurakpongsa,5,Same standard and taste as the other branches despite the extremely heavy traffic. Staff are very accommodating; we brought our baby with us in a stroller and they prepared a table with a more spacious alleyway and took out one chair for us to park the stroller.
Ci9DQUlRQUNvZENodHljRjlvT2xoWWN6ZHRia2R1WVZBMWRXSmxSalpQTVdONGRFRRAB,Aum AUMPIKA,5,ประทับใจทุกครั้งที่กิน  เนื้อดี อร่อย นุ่ม ไอติมดี  ส่วนตัวประทับใจทุกอย่าง น้องพนักงานบริการดี
Ci9DQUlRQUNvZENodHljRjlvT25Rd2RHUkJNamswTm5KRGNFUk5ObmRMTUhkR04yYxAB,YELLYPIPO P.,5,รอคิวนานมากๆค่ะสาขานี้ 😓 รอประมาณ 2 ชั่วโมง อาหารได้ไว ครบถ้วน ร้านสะอาด
ChZDSUhNMG9nS0VJQ0FnTURJbWNuT0VREAE,Thiwarat Nuangjumnong,5,"วัตถุดิบสด ใหม่ คุณภาพดี พนักงานบริการดีมาก
ออเดอร์ได้รับไว มากินหลายครั้งแล้ว ประทับใจทุกครั้ง รสชาติถูกปาก แนะนำ เมนูไข่ดองทำเองที่โมโม่ เนื้อนุ่มแกว่งในน้ำซุปสุกี้ยากี้"
Ci9DQUlRQUNvZENodHljRjlvT2pGWFEyUllWbnBVTW5Wck5sUktORGd4V2tocFluYxAB,ju pit,5,"10/10 - Delicious shabu as usual, worth it with quality meat.
10/10 - Easy to find parking lot in Megabangna. Nice location.
8/10 - Staffs are ok, good service."
ChZDSUhNMG9nS0VJQ0FnSUQ5c09xOWVnEAE,THE CHAMUNG,4,"Mo-Mo-Paradise ร้านชาบูสุกี้ยากี้ชื่อดังที่ใครๆก็รู้จัก วันนี้เรามีโอกาสได้มาลองทานที่สาขา Mega Bangna) บอกเลยว่าประทับใจสุดๆ
น้ำซุป : เราเลือกน้ำซุปสุกี้ยากี้และชาบูน้ำใส น้ำซุปสุกี้ยากี้เข้มข้น หอมหวาน กลมกล่อม ส่วนน้ำซุปชาบูน้ำใสก็อร่อย ทานง่าย
เนื้อสัตว์  ที่นี่มีเนื้อสัตว์ให้เลือกหลากหลาย
-เนื้อวัวออสเตรเลียเกรดพรีเมียม -เนื้อวัว USDA BEEF -หมูคุโรบูตะ PREMIUM (สันคอ) -หมูคุโรบูตะ PREMIUM (ส่วนท้อง) -เนื้อเป็ดอนามัย -ไก่ไม้ไผ่ -เส้นราเมน -อุด้ง -โมจิ -ข้าวญี่ปุ่นผัก -ไอศครีม -เชอเบท -ขนมไดฟูกุ  ของหวาน : ปิดท้ายด้วยของหวาน ไอศครีม พนักงาน : พนักงานบริการดี ยิ้มแย้มแจ่มใส บรรยากาศ : ร้านตกแต่งสวยงาม นั่งสบาย
ราคา คุ้มค่ากับคุณภาพอาหาร ราคาบุฟเฟต์เริ่มต้นที่ 599+ บาท แต่ถ้าอยากทานเนื้อเกรดพรีเมียม ราคาก็จะสูงขึ้น
โดยรวม : ประทับใจสุดๆ แนะนำเลย  📍Tips จองคิวล่วงหน้า จะได้ไม่ต้องรอนาน เลือกน้ำซุป 2 แบบ จะได้ทาน 2 รสชาติ ทานเนื้อกับไข่ ฟินสุดๆ ของหวานมีให้เลือกเยอะ อย่าลืมเผื่อท้องไว้"
ChdDSUhNMG9nS0VJQ0FnTUNvME96UnZBRRAB,Arisa Tatongjai,5,อร่อย บริการดี พนักงานน่ารัก รอคิวนานหน่อย แต่พอถึงคิวจะมีเจ้าหน้าที่โทรตาม ไปเดินเล่นเมกะบางนาได้เลย
Ci9DQUlRQUNvZENodHljRjlvT2xWS2NIaENUMGh0WVhaUFdFaGpYMjkzYlVsMFVIYxAB,Tang Kanchanathaworn,5,พนักงานบริการดีมากค่ะ แนะนำโปรโมชั่น ได้รับส่วนลด happy ค่ะ 🥰
ChdDSUhNMG9nS0VKZXEzN0stMTdPbjRBRRAB,Donovski Rotten,5,อาหาร คุณภาพดี อิ่มอร่อย ที่เยี่ยมกว่านั้นคือ บริการ น้องๆ ดูแลดีมากครับ เครียล์จานบนโต๊ะตลอด อาหารออกไว  ติ นิดนึง น้ำชาไทย หวานไปนะครับ
ChdDSUhNMG9nS0VJQ0FnTUNJMTVXb293RRAB,NoMiNa GiFT,5,น้องพนักงานน่ารักมากกกกกกกกกก เดินบริการตลอดเลย จะเอาอะไร ขอแค่สบตา ก็เดินมาเลย อาหารอร่อยเหมือนเดิม ไอติมสตรอเบอรี่อร่อยมากกกกก ❤️
ChdDSUhNMG9nS0VJQ0FnTURReXZxUG9nRRAB,Evenin,2,มาทานบ่อยแต่สาขานี้สองสามครั้งได้ไม่ชอบมาเพราะมันดูเล็กแออัดแล้ววันนี้ดันเจอแมลงตามกำแพงร้านอีก สำหรับอาหารที่ราคาเท่านี้ควรมีสภาพแวดล้อมแบบนี้จริงเหรอ พนักงานก็ยังไม่คล่องไทยรับออเด้องงๆแต่พอเข้าใจได้อยู่เล็กน้อย 🍻ที่สั่งหมดก็ไม่แจ้งต้องทวงออเด้อก่อนถึงจะบอกว่าหมดให้สั่งอีกยี่ห้อ
Ci9DQUlRQUNvZENodHljRjlvT2tST1dVUXpkeTFGWlVWWVZFaEVZakJrV1RoaVNYYxAB,Aki Momiji,5,"10/10 - Mom paradise is nice as usual in every branches.
10/10 - Taste good and delicious.
6/10 - Should come in lunch time or afternoon. If you come in the evening, you will have to wait more than an hour.
6/10 - Staffs are so busy, sometimes have to order them many times."
ChZDSUhNMG9nS0VJQ0FnTUR3LUlPaUtBEAE,Matinee Kerdkong,5,เนื้อวัวนุ่ม ไอศครีมและไดฟูกุอร่อย หลากหลายรสชาติ พนักงานบริการดีมาก ดูแลเก็บจานไว สามารถโทรมาจองโต๊ะได้ค่ะ ถ้าไม่อยากรอคิวหน้าร้านนาน โดยรวมดีเยี่ยมค่ะ
ChZDSUhNMG9nS0VJQ0FnSURXMDRPLWNREAE,pakinai kasiwat,3,"ได้กลับมาลองอีกครั้ง เหมือนร้านเปิดไวขึ้น ลองเข้าไป 10.30 ก็เข้าทานได้แล้ว ร้านรับลูกค้าคนเดียว อาหารไม่มีตกหล่น มาเช้าเข้าร้านทานได้เลย

ช่วงเที่ยงไปแลเงร้านนี้รอคิวค่อนข้างนาน ตัวร้านเล็ก โต๊ะก็เล็กมากด้วย
ความหลากหลายของอาหารไม่เยอะอย่าง แต่คุณภทพเนื้อดี ราคาหัวละ 660 บาท โดยประมาณ เมื่อรวมภาษีเวลานั่งทานได้เพียง 1.45 ชม
แต่เนื้อคุณภาพค่อนข้างดีและนุ่ม น้ำจิ้มอร่อย ไอติมรสชาติกลมกล่อมดี
พนักงานที่ร้านพูดไม่ชัด อธิบายไม่ค่อยรู้เรื่องเท่าไหร่ แต่ใส่ใจลํกค้าและบริการดี"
ChZDSUhNMG9nS0VJQ0FnSUNIN3FtYkNBEAE,Nattapob Pornplanamai,5,เป็นร้านสุกี้ยากี้ที่อร่อยมากๆๆๆๆๆๆๆๆๆๆๆๆ ก่อนตายควรลองสักครั้ง เนื้อคุณภาพดี น้ำซุปอร่อยแต่ห้ามซด ไอติมต้องลองทุกรสชาติเพราะอร่อยกว่าร้านไอติมดีๆหลายร้าน ราคาถือว่าค่อนข้างสูงแต่คุ้มค้าเลยครับผม กินมาแล้วเกิน 20 ครั้งครับ🤣🤣🤣🤣
Ci9DQUlRQUNvZENodHljRjlvT25CQ1FWcHNkRkpRVFhoaWJYcE5TRlJaYlhsTFJGRRAB,JJ,5,อาหารอร่อย พนักงานน่ารัก ขออะไรก็หามาให้หมดค่าาา
ChZDSUhNMG9nS0VPX2FrcFd4d2N1WGVnEAE,ชเนตตี ศรีนันทา,5,มาทานที่นี่ประจำอาหารสดใหม่ พนักงานบริการดี แนะนำมาที่นี่้เลยจ้าาา👍👍👍 …
ChdDSUhNMG9nS0VJQ0FnSUNIbi1LZGpBRRAB,Sooksira G,5,"รู้กันอยู่แล้วว่าอร่อย เนื้อคุณภาพสมราคา ซุปหอม ผักสด และขนมที่อร่อยเกินคุณภาพร้านบุฟเฟต์

ที่ไม่เข้าใจ คือ เนื้อบริสเก็ตมักจะดีที่สุดตอนที่สั่งรอบแรกเสมอ ไม่รู้ทำไม
ส่วนหมู อร่อยมาก
และชอบที่มีผักปวยเล้งให้กินตลอดทั้งปี"
ChZDSUhNMG9nS0VJQ0FnSUMxbnNLOVZREAE,Lastshot Z,4,"สาขานี้คนโคตรเยอะ แบบรอคิวหลักหลายชั่วโมง
ต้องไปเดินเล่นในเมกะรอจนเหนื่อย พอถึงคิวพนักงานจะโทรมาตาม ไม่ต้องรอคิวหน้าร้าน
เค้ามาจะมีน้ำซุปให้เลือก3-4แบบ สามารถเลือกได้2แบบ โดยรวมชอบทุกอย่างในMo-Mo สิ่งที่ไม่ชอบคือรู้สึกเมนูน้อยไปหน่อย พนักงานเรียกยาก สบตาจะสั่งยากมาก
สิ่งที่ชอบสุดคือไดฟูกุอร่อยมาก เป็นของที่ต้องกิน และไอติมก็อร่อย มีให้เลือกหลากหลายรส"
ChZDSUhNMG9nS0VJQ0FnTUR3djdldElREAE,Jin J.,5,ชอบสาขานี้ที่สุดแล้วค่ะ รู้สึกได้มาตรฐานทุกครั้งที่มา บรรยากาศร้านโปร่ง นั่งสบาย พนักงานบริการดี อาหารได้ไว แต่ไอติมค่อนข้างได้ช้าตลอด
ChdDSUhNMG9nS0VPbWgyNVdncEthTXlBRRAB,Rain ^^,5,จะมากินสาขานี้ต้องทำใจ เพราะรอนาน ถ้าให้ดีก็จองล่วงหน้ามาเถอะ
ChdDSUhNMG9nS0VJQ0FnSUNCemREWHpnRRAB,PRAJAK ประจักษ์ ๙,5,"กินมากินครั้งแรก เนื้อสันคอ คุณภาพมากกก
อร่อย เนื้อหอม
ไอติมอร่อย ชาเขียว มะม่วง บ๊วย
มีน้ำ 4 อย่างให้เลือก  เลือก 2
ชาบู 1 อัน เอาไว้กินต้ม รส กำลังดี เบาๆ
กับ น้ำดำ สุกี้ยากี้  1  รสเข้มข้ม ชุบหอมเนื้อ ดีงาม

ข้อเสีย คิวเยอะ  มาต่อคิว รอประมาณ 1 ชม
แต่บริการดี มาก เค้าโทไปแจ้ง เราสามารถถามคิวได้เป็นระยะ คนบริการให้คิวใจเย็น

บริการ ดี มารับออเดอร์ได้เรื่อยๆ มองลูกค้า ตลอด
ไดฟุกุ ก็ลองกินดูิรสชาติกลางๆ

แนะนำกาแฟสดิ กดคาปู แล้วไปเติม ชอคโก้เย็น
อร่อยเข้ม กำลังดี"
ChZDSUhNMG9nS0VJQ0FnSUQ1cHFmTFVnEAE,Stampple B.,5,เราไปถึงตอนร้านเปิดพอดี ไม่ต้องรอคิว คุณภาพปัง ราคาดี กินหลายครั้งแล้ว ติดใจสเลอปี้บ๊วย ทำตามพี่สาวชาวเน็ต อร่อยดี อิอิ เนื้อปัง ไก่ไม้ไผ่โอเค แต่ไข่ดองซีอิ้วคือที่!!!
ChdDSUhNMG9nS0VJQ0FnTURvc05QQjJnRRAB,Natchapon Jansuk,4,น้ำซุปเข้มข้นไปนิด  พยายามเติมน้ำเปล่าแล้วก็ยังเข็มข้น เนื้อดีมาก แต่ใดๆคือไอศกรีมอร่อยมาก มีรสสตอเบอรี่เพิ่มมาใหม่
ChRDSUhNMG9nS0VJQ0FnSURCNU9aUxAB,Nomyen,5,มาทานวันอาทิตยช่วงเย็นๆ มีก่อนหน้า40 คิว รอประมาณ2-3 ชั่วโมง คุณภาพเนื้อดี รสชาติอร่อยดี เมนูของหวานอร่อยดี พนักงานบริการดี รวดเร็ว รอไม่นาน ราคา599บาท+vat7%+sevrvice10%
ChdDSUhNMG9nS0VJQ0FnTUR3b1lxQzB3RRAB,Hypex,5,"การเข้าใช้บริการวันนี้
งานบริการอาหารเสิร์ฟได้รวดเร็วตรงตามที่สั่ง
คุณภาพอาหารรสชาติเป็นไปตามมาตรฐานที่เคยมาทาน ทั้งเนื้อและของหวาน"
ChdDSUhNMG9nS0VJQ0FnTUNneVlmVHh3RRAB,Chotiź,5,"ไม่ต้องเม้นอะไรมาก คิวบอกทุกอย่าง มาวันธรรมดาเต็มอยู่ร้านเดียวว :0

ไอศกรีมแนะนำชาเขียว มาค่อนข้างช้าต้องสั่งล่วงหน้าซักระยะนะจ๊ะ"
Ci9DQUlRQUNvZENodHljRjlvT213eFZtaHVPV1ZMWkVSS2JIWnlibXBYYmxac2JXYxAB,Chxry,5,ดีมาก อร่อยสุดๆ
Ci9DQUlRQUNvZENodHljRjlvT2xGdGExbDNaMHB0WVhFNU1sbE9PRzUwVjJscmVHYxAB,Anyaporn Vongtreesin,5,"We are MOMO lover :))
Good service."
ChdDSUhNMG9nS0VJQ0FnSUQ5ckpPM3N3RRAB,Atima Namkun,5,"อร่อย  เนื่อดี  มากกก คุ้มมาก กับการรอคอย  และ คุณภาพ วัตถุดิบที่ได้  เนื่อนุ่ม ละลายในปาก  ไม่เหนียวเลย  เน้น ว่าเนื้อ ไม่เหนียวเลยจริงๆ   งง มาก  คุณภาพ กับราคา  คือ ไม่แพงเลย   เห็นเค้าบอก อร่อย เยอะมาก  จนมาลองกับตัว  อ่ะ  จริง  ไม่ได้ซื่อรีวิว

ทุกอย่างดี เริศ ไปหมด  แต่คนเยอะ ไปหน่อย

คุ้มค่ากับการรอคอย"
ChdDSUhNMG9nS0VJQ0FnTURRNFBERTB3RRAB,B Suchaya,5,"บริการดีมาก อาหารอร่อย

วันนี้มาทานมีคิวก่อนหน้า30คิว แต่มีการจัดการคิวที่ดี ฝากเบอร์แล้วโทรตามใน1ชมก็ได้ทานแล้ว

พนักงานบริการสุภาพ น้องผู้ชายชื่อบิ๊กน่ารักและตามอาหารให้เร็ว พนักงานทุกคนยิ้มแย้มแจ่มใส

รสชาติอาหารอร่อยตรงมาตรฐานMomo เดือนนี้มาทาน2รอบแล้ว เวลานึกถึงร้านชาบูจะนึกถึงร้านโมโม่ก่อนตลอดเพราะรอคิวไม่เวอร์ ราคาเหมาะสม อาหารคุณภาพดี"
Ci9DQUlRQUNvZENodHljRjlvT2w5UVFUWkZNVWt5VTBkV1NsRjBaV2xTUlZseGFGRRAB,La W ye,5,"พนักงาน ใน ร้าน สาขานี้ดูแลลูกค้าเป็นอย่างดีบริการเสิร์ฟเร็วประทับใจในเรื่องของแคชเชียร์ด้วย
โดยรวมพนักงานดูแลดีมากๆเลยค่ะชื่นชมค่ะ"
Ci9DQUlRQUNvZENodHljRjlvT25GWk9HeDRjVGxUWnpNMmVFTkJaVGRJTkhOUmRHYxAB,SIRIBIM Deachsiri,5,Good shabu japan 🇯🇵 style.Beef and pork premium grade👍👍
Ci9DQUlRQUNvZENodHljRjlvT25sRmFUVmpaMWQ0Yms0d0xYQklhRTB3WldoS2JHYxAB,Ananya Uppakarat,5,อาหารอร่อย พนักงานน่ารักมาก บริการดีสุดๆ ใจสุดๆ
Ci9DQUlRQUNvZENodHljRjlvT2pCcGVWODFhbEZ5Tkd0ak16WmtOMWgzZHpScWVVRRAB,Humayra Mostafa,5,"Loved the food there. The staffs are really cordial.
Meats are fresh and good. Had a small variety of dessert as well."
Ci9DQUlRQUNvZENodHljRjlvT2xsZmFHd3hXbFpUVERjMlVISm1PVWxCTW1sd2MyYxAB,Patcharin Srithorn,4,เนื้อดี อร่อย แต่น้ำซุปดำติดเค็มนิดนึง แต่ทานกับน้ำจิ้มไข่ที่ทางร้านแนะนำก็คือเข้ากันดี และก็รอคิวนาน คนเยอะ
ChdDSUhNMG9nS0VJQ0FnSUQ5a0lIZHdnRRAB,Papa Bear,5,ชาบูน้ำดำ และน้ำซุปทงคัตสึ หอม อร่อยดีงาม ไอติมบ๊วยของโปรด เปรี้ยวๆเค็มๆ แก้เลี่ยนดีมากครับ
ChZDSUhNMG9nS0VJQ0FnTUR3bGZTY2RBEAE,Sarawut Kludsem,5,พนักงานสาขานี้บริการดีมากครับ สอบถามชื่อว่าคุณต้น คอยสอบถามตลอดสังเกตุว่าต้องการอะไรเพิ่มไหม มีใจรักบริการมากๆครับ
ChdDSUhNMG9nS0VJQ0FnSUNlM3BmaDdBRRAB,jaggi supapornpasuphat,5,"ส่วนตัวแล้ว เป็นคนกินบุฟเฟ่ไม่คุ้ม
แต่ยังไงก็ต้องขอลองกิน momo ซักครั้ง
เพราะเห็นคนต่อคิวยาวเยอะบ่อยๆ

-เนื้อหนากำลังดี ลวกไม่นานก็สุก
กินแล้วนุ่มมาก.

-ถ้าสั่งเนื้อกินแล้ว ไม่ต้องไปสั่งหมู
เพราะหมูจะไม่มีใครคีบกินเลย 555

-ของหวาน ลองไอติมนมข้าว
อันนี้แปลกดี มาข้าวในไอติมรสนม."
ChZDSUhNMG9nS0VJQ0FnSURCaUxhNEZnEAE,PLOY WIYADA,4,เย็นวันจันทร์ รอประมาณ30 นาทีถือว่าไม่นาน อาหารคุ้มค่า ร้านบริการเป็นปกติ ที่แปลกคือผ้าคล้ายผ้าเช็ดโต๊ะ ผ้าขี้ริ้ววางอยู่บนผนักพิงบนหัวเลย วางอยู่แบบนั้นจนทานเสร็จ กับพลาสเตอร์ยาที่ถูกแกะทิ้งไว้ที่อยู่ที่นั่งทานอาหาร อยากให้ปรับปรุงเรื่องความสะอาดของบริเวณนั่งทานให้มากว่านี้ค่ะ
Ci9DQUlRQUNvZENodHljRjlvT2toNVpHcFpObmhQVW5ReFZteE9ZMTl3VkRVeWVtYxAB,Nathapong Meksamanasak,5,"รีวิว Momo Paradise สาขาเมกะบางนา – ประสบการณ์ชาบูและซุกิยากิระดับพรีเมียม!
ทันทีที่ก้าวเข้ามาใน Momo Paradise สาขาเมกะบางนา สิ่งแรกที่สัมผัสได้คือบรรยากาศกว้างขวาง โปร่งสบาย ตกแต่งสวยงามสไตล์ญี่ปุ่นทันสมัย ทำให้การมานั่งทานเป็นทั้งการพักผ่อนและการดื่มด่ำบรรยากาศไปพร้อม ๆ กัน

เรื่องอาหาร – เนื้อที่นี่คือที่สุด! คัดเกรดพรีเมียม ละเอียดทุกชิ้นจนแทบละลายในปาก ยิ่งเอามาจุ่มในน้ำซุปทั้งแบบชาบูใสหอมละมุน หรือซุกิยากิรสหวานกลมกล่อมแล้วตีไข่สด ๆ คลุกเนื้อเข้าปาก บอกเลยว่า “ฟิน” จนยิ้มไม่หุบ ผักสดใหม่ กรอบหวาน เครื่องเคียงจัดเต็มครบถ้วน

น้ำซุป – ชาบูจะได้ความใส ซดแล้วสบายคอ ส่วนซุกิยากิหวานหอมแบบญี่ปุ่นแท้ ๆ เคี่ยวเนื้อไปเรื่อย ๆ กลิ่นลอยมาเตะจมูกจนอดใจไม่อยู่

บริการ – จุดเด่นที่ทำให้สาขาเมกะบางนาโดดเด่นคือ พนักงานที่ใส่ใจทุกรายละเอียด เติมน้ำ เติมผัก เติมเนื้อทันใจ ยิ้มแย้มตลอดเวลา รู้สึกเหมือนถูกดูแลแบบ VIP ตลอดทั้งมื้อ
ของหวาน – ปิดท้ายด้วยไอศกรีมและของหวานที่เข้ากับมื้อหนัก ๆ ได้อย่างลงตัว เป็นการจบคอร์สที่สมบูรณ์แบบ

สรุป – Momo Paradise สาขาเมกะบางนา คือที่สุดของการทานชาบูและซุกิยากิในบรรยากาศที่สะดวกสบาย กว้างขวาง พร้อมอาหารพรีเมียมและการบริการเหนือระดับ คุ้มค่ากับทุกบาทที่จ่ายไปแน่นอน"
ChZDSUhNMG9nS0VJQ0FnSURWaGNYYWJ3EAE,Easylife,5,ร้านโมโมพาราไดซ์เป็นร้านอาหารประเภทชาบูแบบญี่ปุ่นขนานแท้ เป็นแบรนด์ต้นตำรับจากประเทศญี่ปุ่น โดยสาขาแรกเกิดขึ้นในย่าน “คาบูกิโจ-ชินจูกุ” ในปี 1993 ด้วยคอนเซ็ปท์แบบ “All-You-Can-Eat” Shabu-Shabu & Sukiyaki ที่ลูกค้าสามารถเลือกสั่งอาหารได้แบบไม่อั้นจนกว่าจะอิ่ม รวมถึงยึดหลักการนำเสนออาหารที่อร่อย มีคุณภาพ จุดขายในเรื่องรสชาติของชาบูแล้ว ของหวานที่นี่ยังโดดเด่นไม่แพ้กัน โดยมีทั้งไอศกรีม และไดฟุกุ ที่ไม่ใช่แค่ขนมหวานยอดฮิตของญี่ปุ่นเท่านั้น แต่ยังเป็นขนมที่มีความหมายดีๆ แปลว่าโชคดีมากๆ ทำให้คนญี่ปุ่นนิยมให้ไดฟุกุแทนคำอวยพรเพื่อนำพาความโชคดีมาให้ผู้รับอีกด้วย
ChdDSUhNMG9nS0VJQ0FnTUNnOGJmdzZBRRAB,Nahm Tamakorn,5,"Nice service 👍 impressive
ชอบอาหารและประทับใจการให้บริการดีเยี่ยมมากครับ พนักงานทุกท่านมีความสุภาพสูงมากในการบริการครับผม ในฐานะลูกค้าสัมผัสได้ด้วยใจ ประทับใจในการบริการมากครับ"
ChdDSUhNMG9nS0VJQ0FnSURNenRYdC13RRAB,kipzy,4,"เนื้อสัตว์มีให้เลือกไม่กี่แบบ หมูมีคุโรบูตะ เบคอน คอหมู แล้วก็เนื้อ อีกอันเป็นไก่สับ

หมูคุณภาพดี บาง แค่แกว่ง 2-3 ที ก็อร่อยได้เลย

น้ำซุปมีให้เลือก แบ่งได้ 2 ช่อง

น้ำจิ้ม มี 2 แบบ อร่อยดีค่ะ

ผัก ต้องไปตักเอง มีผักสลัดด้วย

เส้นทีโซบะ ราเมง ... ตรงนี้ต้องสั่งเอา แต่รวมในบุฟเฟ่ต์

ส่วนขนม มีไอศกรีม กับไดฟุกุ ให้สั่งได้เรื่อยๆ

...
ชอบ พนง.มาก เหมือนมาจากเพื่อนบ้าน แต่ยิ้มแย้มแจ่มใส เต็มใจบริการดีมากๆ ค่ะ"
ChZDSUhNMG9nS0VJQ0FnSUNwekpfSmF3EAE,moo view,4,อาหารรสชาติอร่อยเหมือนเดิมคะ แต่พนักงานไม่ค่อยสนใจ ต้องเรียกหลายรอบเลย คิวรอนานนับชม.แต่วันที่ไปคนน้อยแต่ก็รอ25คิวย่อมๆๆ😅🤣🤣🤣🤣
ChdDSUhNMG9nS0VJQ0FnTUR3Mk1uYXh3RRAB,คณิศร รักษ์ชนม์,5,"น้ำซุปแบบใส 1 ดำ 1
เนื้อดี อร่อยมาก
ของหวาน
ไอศกรีม
โมจิ อร่อย"
ChdDSUhNMG9nS0VJQ0FnSURSc0pPVTR3RRAB,TARNNIE JOURNEY,5,ถึงจะรอคิวนานแต่ก็คุ้มความอร่อยค่ะ แต่ถ้าใครชอบที่มีเมนูให้เลือกเยอะๆ ก็ไม่แนะนำ เพราะว่าร้านนี้ไม่ได้มีตัวเลือกมาก แต่ก็มีให้สำหรับเนื้อและหมู เมนูไอติมคือแนะนำว่าอร่อยมาก ทางเราจัดมาทุกรสชาติ สั่งซ้ำไปหลายรอบมาก
ChdDSUhNMG9nS0VJQ0FnSUR3dXZuVjNBRRAB,paphatkan boonsu,5,"อร่อยสุดใจได้ไปต่อค่า เนื้อหมูความอร่อยเต็ม 10 เอาไป 10 คือคัดสรร คุณภาพมาจริงๆค่ะ เห็นเขาว่าเนื้ออร่อยมากก แต่เราไม่ทานเนื้อ ทานแต่หมู หมูก็เอาใจเราไปเลยค่า ชอบเส้นหมี่ เส้นใส สุดๆ หนึบๆอร่อยพอดี ความฟินกรึบๆอยู่ในปาก สนุก และสุข ในการกิน พนักงานน่ารัก ยิ้มแย้มแจ่มใจ ใส่ใจการบริการ และใจดีต่อเด็กด้วยค่ะ (เรามีหลานไปด้วย พนักงานมองหลานและยิ้มๆกันตลอด ช่วยดูหลายเราด้วย น่ารักค่ะ ) ไปต่อบอกต่อ มาทานอีกแน่นอนค่ะ
ราคา เมื่อเทียบกับความสุขจากความอร่อยและการบริการเราถือว่าโอเคเลยค่ะ จ่ายแพงแต่ได้คุณภาพอาหารที่พอใจ และการบริการที่เต็มร้อย เราแฮปปี้ค่า"
ChZDSUhNMG9nS0VJQ0FnSUQtMjkybElREAE,Simon Leong,5,Always great value here IF you get a table 😉. It gets full very quickly so going early is recommended. The meat quality is great for the price and the sauce and vegetable selection is generous. I recommend getting the sukiyaki option as they provide eggs as well.
Ci9DQUlRQUNvZENodHljRjlvT2xrMk5HdFllR05CYVdSTk5ubEpaSGxoY1d0cFdHYxAB,Supatcha Pinwiset,5,อาหารรสชาติอร่อย พนักงานบริการดี สาขานี้มา 3 ครั้งแล้วค่ะ (แนะนำโทรจองคิวก่อนนะคะ)
ChdDSUhNMG9nS0VPT2oyNktybHNfMjRBRRAB,Dao Ya,5,ประทับใจทุกครั้งที่ได้มาทานที่นี่  พนักงานบริการดี น่ารักมาก
ChZDSUhNMG9nS0VJQ0FnSURKMW9TTUlnEAE,Keng good,4,"หัวข้อการกินวันนี้: ไม่เน้นหลากหลาย ขอเนื้อๆ
สูตรไม่ลับในการกินชาบูให้อร่อยในสไตล์เก่งกู๊ด : ซุปชาบู-ชาบู นำเนื้อ US ส่วนท้องจุ่มน้ำ 3 ครั้ง ครั้งละ 2 วิ ณ ระดับความร้อนเตา P2
ต่อด้วยซอสงาพอนสึ และ สวีทโชยุ แล้วก็เข้าปาก = อร่อยมาก 😋
#เก่งกู๊ดพากิน
#ความรักก็เช่นกัน"
ChdDSUhNMG9nS0VJQ0FnSUMybTQycWtRRRAB,เฒ่าราชสีห์ ศิษย์หลวงพ่อกวย,4,"ดีหมดยกเว้นรสชาติครับ
คอผมอาจจะไม่ถึงก็ได้
เพราะวันที่มาจองคิวบ่ายสามได้ทาน18.30
แต่พอทานขนาดหิวนะครับ
ไม่ได้อร่อยเว่อรขนาดที่มานั่งรอสองสามชั่วโมงครับ"
ChdDSUhNMG9nS0VJQ0FnSUNGbWJtZHFRRRAB,Joseph Brown,5,It’s a favorite of ours. We had an occasion to celebrate and similar to what was stated below…getting a table can be a challenge but we were on our way earlier enough on weekday night to snag a table with a short wait time. We will be sure to find ourselves back or order delivery in the near future.
ChZDSUhNMG9nS0VJQ0FnSURSdXRxNkJREAE,Peppa AKA,5,"ร้านนี้ขอใช้คำว่า ต้อง ทาน เลยค่ะ อร่อยมาก ส่วนตัวชอบน้ำดำค่ะ เนื้อดี หมูดี ถ่ายรูปไม่ทันเลยค่ะ อร่อยจนถึงไอศครีมเลยค่ะ ถูกใจทุกคนแน่นอนค่ะ ที่สำคัญราคามิตรภาพ คุณภาพเกินราคาเลยค่ะ
A must for Shabu especially suki yaki soup
Nice beef and pork. There are varieties of ice cream flavors. Reasonable price"
ChdDSUhNMG9nS0VJQ0FnTUNRa09Qb3FRRRAB,Natcha Kontheing,5,"อร่อยค่าาา แต่คนเยอะจังง
น้องๆบริการดี ค่ะ"
ChdDSUhNMG9nS0VJeXpqYnpmeF9DQV9nRRAB,npraew prw,5,บริการดี พนักงานน่ารัก อาหารอาจจะออกช้าบ้างถ้าช่วงเวลาเย็นๆ 🩷
Ci9DQUlRQUNvZENodHljRjlvT2tSSVNXNTFNRmxqYW5GYWNubDNaRkJZWjIxM05FRRAB,ชนิดาภา สายพานิช,5,ประทับใจทุกครั้งที่มาค่ะ รักษามาตรฐานคุณภาพอาหารได้ดีมากค่ะ มากี่ครั้งก็อร่อยเหมือนเดิมค่ะ พนง บริการดีมากๆค่ะ
ChZDSUhNMG9nS0VJQ0FnSURBX2NXc1dBEAE,N H.,5,"เนื้อน้อยแต่ดีงามทุกเมนู ผักต่างๆและเห็ดสดมากๆ
ไข่ไก่เขามีให้มา 3 ฟอง คือเหมือนบังคับกิน55555 แต่ไข่ไก่คือรู้เลยว่าคัดสรรมาดีมากๆ
พนักงานที่นี่น่าจะเป็นประเทศเพื่อนบ้าน แต่ดูรู้เลยว่าถูกเทรนมาดีมากๆ แต่ขอตินิดนึงคือ ตะแกรงตัดน้ำซุปไม่ค่อยโอเท่าไหร่ มันดูเหมือนจะเป็นสไตล์ญี่ปุ่นแต่ก็ไม่สุด"
ChdDSUhNMG9nS0VJQ0FnTUNJd296RTdnRRAB,Pp Pp,5,เป็นสาขาที่พนักงานน่ารักที่สุด ใส่ใจและบริการดีมากๆ สะอาด อาหารอร่อยเหมือนเดิม 🤍🫶🏻
Ci9DQUlRQUNvZENodHljRjlvT2w4emEyRTVWbEJVTW1wd2VETjBOM05wUTNrMGJGRRAB,phanthip wutipongpairoj,5,พนักงานที่นี่บริการดีมากค่ะ ขอแยกไข่แดง ก็จัดได้เลยค่ะ10ฟอง พึ่งเคยมาทานสาขานี้ครั้งแรก ประทับใจมากๆค่ะ
ChdDSUhNMG9nS0VJQ0FnSUNCMTZpU2dBRRAB,Ruttiya V.,5,"เริ่มจากคิวก่อน ตั้งใจทานประมาณ 12:30-13:00 เลยเดินไปถามประมาณ 10:30 หลังห้างเปิดไม่นานวันที่ 2/1/23 น้องพนักงานแจ้งรอบแรกเพิ่งเข้าไปเต็ม ต้องรออีก 45 นาที++ ไม่รับจองระบุเวลา ต้องมาจองหน้าร้านเอง
น้องแนะให้กลับมาจองใหม่ 11 นิดๆ ร้านโทรมาว่าโต๊ะจะได้แล้วตอน 12:36 นาที สรุปไปได้โต๊ะเกือบๆบ่ายโมง กว่าจะเดินพา สว ไปถึงร้านกัน ☺️

📍ปกติไม่ทานของดิบ แต่มาจบร้านนี้ที่การ dip เนื้อหมูจากหม้อร้อนๆ น้ำซุปดำสุกี้ เค็มๆมาเจอไข่ก่อนทาน อร่อยมากกกก ถูกจายยย 😆

เมนู 599฿ ++ คนละ 658.9/pax net
ตักผัก เติมน้ำที่แคบ คนในนั่งลึกจะเดินออกยากหน่อย

ทานไปเรื่อยๆ เมนูซ้ำๆ ที่สั่งมาเติมเรื่อยๆ จบที่ขนมโมจิกับไอติมถ้วยน้อย เสริฟโดยหุ่นยนต์จิ๋ว อิ่มมาก อร่อยชอบ ร้านดี พนักงานโอเคร ทำเต็มที่เค้าแล้วทุกคน 👍🏻👍🏻👍🏻"
Ci9DQUlRQUNvZENodHljRjlvT21nd2EzUnBjbGMxVGs1dk1uWktVa3hmYnpCRGJuYxAB,Airconner,5,พนักงานบริการดี รวดเร็วสั่งอาหารได้ตรง แต่สาขานี้คนจะเยอะนิดนึง แต่ก้อยังประทับใจกับสาขานีั
ChZDSUhNMG9nS0VQeml6NUR1d1otS1J3EAE,chubby,5,คุณภาพเนื้อดีมาก สด สะอาด การบริการดี ราคาสมเหตุสมผล
Ci9DQUlRQUNvZENodHljRjlvT21aNE5sUldOVzFxVjNSWWVqVmpUbWRSZW10WFRtYxAB,Jakapan Itharat,5,มารอได้คิวที่ 11 มาตอน 11.00 ได้กิน 12.00 พอดี แต่ระหว่างรอก็สามารถไปเดินเล่นได้เลยในห้างใกล้ถึงเวลาเค้าจะโทรตาม ร้านสะอาดพนักงานบริการดี อาหารมาไว ก็คุ้มค่ารอชั่วโมงนึงอยู่นะ
Ci9DQUlRQUNvZENodHljRjlvT2s1V1ptZFZXVnB5WDNBNVJrRmhWbUpYTjBsak5GRRAB,Sukanya Jintakaweepun,5,เลิศ อาหารรสชาติดี เครื่องเคียงเพียบ หอมน้ำซุป  น้ำจิ้มเข้มข้น ของหวานมากมายหลายรสขาติ อร่อยทุกครั้งที่มา
ChZDSUhNMG9nS0VJQ0FnTUN3c0stX2ZBEAE,Call me Kuān,5,พนักงานบริการดีมากค่ะ ใส่ใจ สอบถามความต้องการตลอด อาหารอร่อย สะอาด
ChZDSUhNMG9nS0VJQ0FnSURoOGVIQVNBEAE,RÖLLKE messebau,4,"Momo Paradies a quite expensive hot pot Japanese style restaurant…
Waiting for quite long 1.30 hours on a Saturday

The food was quite good the beef and pork there had was fresh and ok

The waitress and waiter was quite hard to understand as all of them weren’t Thai nationals but there had try there best to talk to us

4 out of 5 as it’s quite expensive for this buffet

But would comeback as the quaility of the food is ok"
ChdDSUhNMG9nS0VJQ0FnTUNRc01lT2p3RRAB,Peerawat Nutt,5,กินประจำ ไปกินหลายสาขา นอกจากชาบูสุกี้ยากี้ ก็ไอติมนี่แหละ กินเยอะพอๆกับเนื้อ 15 ถาด
ChZDSUhNMG9nS0VJQ0FnSURKa1A2UGJBEAE,SongHyeKyo,5,ที่นี่เนื้อดีมากๆครับ อร่อยสดและบริการดีมาก สาขานี้เนื้อสดและนุ่มอร่อย แนะนำจิ้มกับไข่กิน หรือโซยุหวานใส่พริกกระเทียม
ChdDSUhNMG9nS0VJQ0FnSUN1bk92d3F3RRAB,Milky and the Greenwhale,5,Booking one day in advance is Highly recommend. The beef is delicious and tasty you can try Dee shabu shabu sukiyaki soup with raw egg as a dipping and eat with rice.  The test is very nice and  flavorful. The Buffet come with standard dessert which are the mochi and ice cream. Rice flavor ice cream is very nice and always run out.
ChdDSUhNMG9nS0VJQ0FnSURJaHAtUTBBRRAB,Soratas Maneerojchai,3,รสชาติเนื้อดีมาก อร่อยและนุ่ม ขอหัก 2 ดาวจากพรักงานล้วนๆ คือฟังไม่รู้เรื่อง หรือไม่ใส่ใจ เพราะขอช้อนตักซุปไปถึง 4 รอบกว่าจะได้ ทุกอย่างต้องตามตลอด แก้วน้ำก็ต้องตาม ขอเติมน้ำซุปไปก็ไม่ได้ อาหารบางรายการสั่งไป 2 ได้มา 3 บางทีมันก็จุกเกินไป สรุปควรปรับปรุงพนักงานอย่างยิ่ง
ChZDSUhNMG9nS0VJQ0FnTUR3NklQREZBEAE,Krittapat Wongyaowarak,5,พนักงานบริการดีมาก อาหารอร่อย ถ้ามาแต่เช้าจะไม่ต้องรอคิวนาน
ChZDSUhNMG9nS0VJQ0FnTURJNHRhbkV3EAE,Eakarin Ritti,5,เนื้อ Brisket ดีมากๆ เนื้อนุ่ม แทบไม่ต้องเคี้ยวเลย จัดไป 10 ถาดเต็มๆครับผม
ChZDSUhNMG9nS0VJQ0FnSUQyN2U3ZlN3EAE,PlatinumZ,5,"เมนูมีไม่กี่อย่างแต่อร่อยมาก Simple & Good ผักก็มีมาให้หลายชนิดสดๆ และคุณภาพดีมาก น้ำจิ้มมีมาให้สองแบบส่วนตัวชอบเอาน้ำจิ้มงาผสมพอนสึเข้ากันดี

ไม่แปลกใจที่เป็นที่นิยมจนถึงปัจจุบัน สาขานี้มีคิวเกือบตลอด และมีระบบโทรตามด้วย ไปเดินเล่นรอได้เลยจ้า

ปล. ไอติมเหมือนโอ่งพระบิดาแนะนำรส Charcoal จ้า"
ChdDSUhNMG9nS0VPbTh1ZEdlX191S2x3RRAB,sirada naranong,5,มีการถ่ายรูปเซอร์ไพร์วันเกิดให้ด้วย พนักงานน่ารัก เป็นกันเองสุดๆ
ChdDSUhNMG9nS0VJQ0FnTUNJaFBUNDZnRRAB,Netty's Journey Channel,5,น้องแตงโม สาขาเมกาบางนาแนะนำดีบริการดีมากๆ แจ้งโปรโมชั่นชำระผ่าน grab ได้รับส่วนลดด้วยค่าา พนง ในร้านทุกคน บริการดีเลยค่า อาหารอร่อย ขนมดีสุดๆไปเล๊ยย
Ci9DQUlRQUNvZENodHljRjlvT2xoQ2RtaDJUa001U2xGSVMzcDZNVEJWZW1wcVdIYxAB,Jane Natthida,5,อาหารอร่อย พนักงานดูแลทุกโต้ะได้รวดเร็ว จำอาหารที่สั่งได้หมดเลยค่ะ เก่งมาก
ChZDSUhNMG9nS0VKdkxocmpXN3ViUk53EAE,Pruksawan Sonjai,5,"พนักงานทุกคนบริการดีมาก คุณแอร์น่ารักมากครับ
มีระบบโทรเรียกลูกค้า ชอบตรงนี้มาก ระหว่างรอคิวสามารถไปเดินเล่นได้
วัตถุดิบเนื้อก็ดี กินกับไข่แล้วฟินมาก
อากาศในร้านแอบร้อนไปนิดนึง"
ChdDSUhNMG9nS0VJQ0FnTURnaHJUM3NBRRAB,Thanyaphat Wongrawiwit,5,เนื้อหมู เนื้อวัว ผัก อาหารทุกอย่าง ขนมของหวาน คุณภาพดี101010 บริการจากเจ้าหน้าที่ดีมาก ใส่ใจ ให้บริการอย่างว่องไว ประทับใจค่ะ
ChZDSUhNMG9nS0VJQ0FnTUNncFpHelB3EAE,Aoi Naraktesud,5,เนื้อคุณภาพดี อาหารเสริฟไว้ น้ำซุปกลมกล่อม ชอบไอศกรีมบ๊วย อร่อยมากๆ แต่อยากให้เพิ่มตัวเลือกน้ำจิ้มค่ะ
Ci9DQUlRQUNvZENodHljRjlvT21sVk1XTjZTa1JtVldOZk0xVlhZV0l3VW5RMFZGRRAB,Rajit Takkavatakarn,5,"อาหารอร่อยรักษาคุณภาพได้ดีเหมือนเดิม
Advisor น้องแอร์บริการดีมากเอาใจใส่ในการบริการทุกขั้นตอนสุภาพเรียบร้อยดูแลลูกค้าเป็นเยี่ยม"
ChZDSUhNMG9nS0VJQ0FnTUNRMFB2R09nEAE,Tikamphorn Luxkullamas,5,พนักงานบริการดีมากๆๆๆ ใส่ใจสุดๆ มาทานรอบนี้ประทับใจมากค่ะ
ChdDSUhNMG9nS0VON0QyY3V2MFktUnd3RRAB,Nutcha Triworawong,5,พนักงานดูแลมากค่ะ พี่แอร์ คนประจำโต๊ะแนะนำดีมากกก เพิ่งเคยมาทานครั้งแรก แนะนำทุกอย่างเลยค่ะ มาทานอีกแน่นอนค่ะ มาวันธรรมดาบ่ายสามนิดๆ วันหยุดเคยมาคิวจะยาว55555 อร่อยมากค่ะ วัตถุดิบสดใหม่ เนื้อหมูน้ำซุปน้ำจิ้มดีมาก อร่อยสมราคา สุกี้อร่อย ของหวานก็ดีค่ะะะ
ChZDSUhNMG9nS0VLcjdoYWF4N3NHelFREAE,oraya channarong,5,พนักงานเอาใจใส่ บริการดี อาหารออกรวดเร็ว สดสะอาด
ChdDSUhNMG9nS0VPR0xtSy00ZzZPajFBRRAB,thiraporn duangkampa,5,รอคิวไม่นาน พนง.บริการดีมากกกกกกกก เนื้อดี หมูดี และไอติมโมโม่ดีเสมอออ
ChZDSUhNMG9nS0VJQ0FnSUNkX1pMMUNREAE,Donlatam Ar,5,อร่อยมากครับ ทุกอย่างดี ทานแล้วไปเกิดใหม่ได้เลยครับ ชีวิตเกิดมาคุ้มค่าแล้วครับ
ChZDSUhNMG9nS0VJQ0FnTURJdWVYWGZnEAE,พรรณกาญจน์ หวังประสพกลาง,5,อาหารอร่อย แต่วันนี้ไอติมชาเขียวหมด เลยได้ลองรสชาโคล อร่อยเหมือนกัน
Ci9DQUlRQUNvZENodHljRjlvT21aRFZGTlpPR0ZwTkdOUk5rdEdUa3BNYURWb2VFRRAB,NUDTHAPORN Jamdee,5,อร่อย พนักงานบริการดีมาก
ChdDSUhNMG9nS0VJQ0FnSURNbnEtbXN3RRAB,สมชาย ห้องทองคำ,5,อิ่มอร่อยกับรสชาดน้ำชุปที่เข้มข้น ผักสด ไอศครีมชาเขียวเข้มข้น ไดฟุกุที่อร่อย
ChdDSUhNMG9nS0VJQ0FnSURVbWFybzJBRRAB,Mew Chatsinee,5,ดีทุกอย่าง เสริ์ฟของไว เติมส่วนที่ต้องตักเองเรื่อยๆ คุณภาพเนื้อไม่ค่อยตกหรือแตกต่างจะสาขาอื่นเท่าไหร่ เมนูที่พลาดไม่ได้เลยคือไอศกรีม มะม่วงคือเริ่ดสุดค่าาา 🥰🫠 …
Ci9DQUlRQUNvZENodHljRjlvT21ScVNqSnhiMHB1TjFsaVNFOVdZa1ZEVkdGT2VtYxAB,Foremost K,5,พี่แอร์ บริการดีมาก ได้ของครบ ไม่ต้องตาม ไข่ไก่ก็แยกไข่แดงให้ ดีมากกกก
Ci9DQUlRQUNvZENodHljRjlvT21jdE5uWjRWemxYWWw5eE5YZHVhRXRNZHpZM2MwRRAB,Suttipat .S,5,พนักงานบริการดี น่ารัก รสชาติอร่อยมาตรฐานดีเหมือนเคย
ChdDSUhNMG9nS0VJQ0FnSUNadE1tY3RBRRAB,กุศล หมื่นรวย,5,พนักงานบริการดี ร้านสอาด น้ำจิ้มอร่อย ราคากำลังดี ขนมหวาน+ไอศครีม อร่อยมากครับ
ChdDSUhNMG9nS0VQN2wyWWkycllfVHBBRRAB,Paphawee C.,5,อร่อยยยยยยย เนื้อสวย พนักงานให้บริการรวดเร็ว สุภาพมากค่ะ
ChZDSUhNMG9nS0VJQ0FnSUNGc2JpeUZnEAE,kolf sue,4,เมนูไม่เยอะเท่าไร ราคาเดียวทุกเมนู เลือกน้ำซุปได้น้ำจิ้มตามซุปที่เลือก เนื้อคุณภาพดี ราคาก็สูงหน่อย
ChZDSUhNMG9nS0VJQ0FnTUR3Mzc2elBBEAE,Nitchanan Chaiaoeb,5,พนักงานบริการดีมากค่ะ ยิ้มแย้ม บริการรวดเร็ว มากๆ เนื้อหมูดีมาก อร่อยมากค่ะ
Ci9DQUlRQUNvZENodHljRjlvT214YVRtZERhRFZyZFc5NFNVNTJUMjVyV0c1UFEzYxAB,Prasit Rodphan,5,"มาทานโปร Happy hour เปิดโต๊ะก่อนบ่าย 2 จากราคา 799 เหลือ 599 บาทรวมน้ำเปล่า หากจะทานน้ำชาเขียวหรือน้ำอัดลม +55 บาท

เนื้อในโปรนี้ ตัวเนื้อจำแลงผมว่าเหนียวไปนิด สู้เนื้อลายหินอ่อนไม่ได้ ส่วนเนื้อติดมัน และเนื้อสามศอกกำลังดี

เตาแรงดี กระทะหากเริ่มไหม้ให้พนักงานมาเช็ดได้

การบริการ จัมีพนักงานประจำจุดสามารถเรียกสั่งอาหาร เต็มเครื่องดื่มได้ตลอด

การเสริฟจะช้านิดหนึ่ง แนะนำว่าถ้าอาหารกำลังหมด ควรสั่งรอไว้เลย ไม่อย่างนั้นจะขาดช่วง

ราคานี้ได้เนื้อเกรดดี แถมได้แซลม่อนซาซิมิบอกเลยว่าคุ้มค่าครับ"
Ci9DQUlRQUNvZENodHljRjlvT2xCbVgwNXFOMk5yY2twNGFFSjBVbW93VkY5TmNIYxAB,Cafe Story Thailand,5,"บุฟเฟ่ต์โปรฯดีแค่ 888.- ใกล้ BTS
วากิวออสก็มา, ลิ้นวัวแบบหนาก็มี และอีกเพียบ!

📍 Guru Gyuu บุฟเฟ่ต์ปิ้งย่างขั้นเทพ กูรูกิว / 4289 🐮🥩✨️ สะพานควาย

เปิดวาร์ปบุฟเฟ่ต์ปิ้งย่างที่ตัวจริงเรื่องเนื้อไม่ควรพลาด! โดยเฉพาะใครที่เล็งบุฟเฟ่ต์ 888.- ไว้ บอกเลยว่านี่คือของจริง! เพราะล่าสุดเขาอัปเดทเมนูเนื้อน่าอีทระดับพรีเมียมตัวเด็ดๆ มาเอาใจคนรักเนื้อให้เอ็นจอยกันแบบตัวไม่แตกไม่ต้องกลับบ้านกันไปเลย ไม่ว่าจะเป็น

🥩 เนื้อโซโตะ โมโมะ วากิว เป็นวากิวออสจากฟาร์มชื่อดังของออสเตรเลีย เสียใจแน่ถ้าไม่ได้ลอง 😋

🥩 เนื้อคารุบิ วากิว อีกหนึ่งวากิวตัวท็อปของออสเตรเลีย สายเนื้อเลิฟเลย

🥩 เนื้อซาบูตง วากิว เป็นเนื้อไทยวากิวจากภาคอีสานของไทยที่คัดพิเศษ รสชาติพรีเมี่ยมแน่นอน

🥩 ชิโอะ โจทัง เป็นลิ้นวัวแบบหนา ที่เมื่อย่างพอสุกแล้ว ให้ฟีลหนานุ่มชุ่มลิ้น อร่อยถึงใจคนรักลิ้นวัวเลยล่ะ

🥩 เนงิชิโอะ โจทัง เป็นลิ้นวัวแบบบาง แนะนำให้ย่างแค่พอสุก  แล้วห่อต้นหอมซอย โรยน้ำมันงา คือฉ่ำเต็มคำมาก

🦐 กุ้งแดงหวาน เป็นกุ้งแดงอาเจนเปลือกบาง เนื้อหวานฉ่ำ แค่ย่างหรือลวกแค่พอสุกก็อร่อยฟินแบบไม่ต้องจิ้มอะไรเลย

🍳 นามะ ทามาโกะ เป็นไข่ไก่ดิบญี่ปุ่นเกรดสำหรับทานดิบโดยเฉพาะ ทางร้านเสิร์ฟเป็นฟองให้เราตอกเอง จะทานทั้งไข่แดงและไข่ขาวคู่เนื้อวากิวสไลซ์ย่างก็เลิศ หรือจะทานเฉพาะไข่แดงแล้วใส่น้ำจิ้มโชยุด

🐟 แซลมอนดองซีอิ๊วญี่ปุ่น
เมนูที่คัดแซลมอนสดดองกับโชยุแบบเบาๆ
เพิ่มความแซ่บสไตล์ไทยๆ ให้ได้อร่อยกันแบบเพลินๆ

✨️ พิเศษ! เมื่อสั่งบุฟเฟ่ต์ 888.-
สั่ง “หม้อชาบูซุปน้ำดำ” เพิ่มได้เพียง 29.-/เตา เท่านั้น

นอกจากนี้ยังมีอีกหลากหลายวัตถุดิบสุดพรีเมียม พร้อมน้ำจิ้ม กิมจิ และซอสสูตรเฉพาะของทางร้านที่อร่อยไม่เหมือนใคร รสชาติถูกปากคนไทยแน่นอน

คุ้มสาแก่ใจคนรักเนื้อแบบ 10 10 10 ไปเลย! รอช้าไม่ได้แล้ว รีบปักหมุดแล้วรวมก๊วนเพื่อนมาปาร์ตี้ปิ้งย่างกันให้ตัวแตกด่วนๆ เลยนะทุกคน! 😋🥩✨️

🗺 พิกัด: ริมถนนพหลโยธิน หน้าทางเข้าโครงการ The Hub (ใกล้ธนาคารออมสินสำนักงานใหญ่ สะพานควาย)
🕙 วันอังคาร-อาทิตย์ 11:30 - 23:00 น. (หยุดวันจันทร์)
✨️ รับลูกค้ารอบสุดท้ายไม่เกินเวลา 21:30 น.
✨️ ครัวปิดรับออเดอร์เวลา 22:00 น.
✨️ ลูกค้ารอบสุดท้ายนั่งทานได้ไม่เกินเวลา 23:00 น.
🚅 ใกล้ BTS สถานีสะพานควาย ประมาณ 700 เมตร"
Ci9DQUlRQUNvZENodHljRjlvT21sSGVHWmllbXBLVUZvM1dVMTFObTEyTVhWZmRtYxAB,J SS,5,"เป็นร้านยากินิกุแถวสะพานควายที่ ชอบที่สุด แล้วจริง ๆ  คุณภาพของเนื้อดีมายกให้เป็น “ร้านโปรดในดวงใจ” เพราะมีหลายส่วนให้เลือกเยอะมาก เนื้อวัวสไลซ์บาง ลายสวย ย่างแล้วหอมละลายในปาก รวมถึงหมู ไก่ ไส้กรอกชีส ทะเลคือชิ้นใหญ่มากกกก และเมนูอื่น ๆ กินเล่น ที่คุณภาพดีไม่แพ้กัน

ของกินเล่นก็มีให้เลือกเยอะ ทั้งซาซิมิที่สดและทำได้ดี น้ำซุป เครื่องเคียงต่าง ๆ ก็ครบถ้วน น้ำจิ้มเองก็มีหลายสูตรให้เลือก

✨ จุดที่อยากแนะนำมากคือเรื่อง ราคาและเซตบุฟเฟต์
• 📍 888 บาท – ตัวนี้คือคุ้มที่สุดสำหรับสายเนื้อ ได้เนื้อดีแทบครบทุกส่วน ทั้งวากิวหลายแบบและเมนูพรีเมียมอื่น ๆ
• 📍 599 บาท – มีโปรช่วง ก่อน 15.00 น. และ หลัง 20.30 น. สำหรับใครที่อยากกินแบบเบา ๆ ในราคาย่อมเยา
• 📍 1,999 บาท – สายพรีเมียมตัวจริงต้องลอง ได้ทั้งวากิว A5 และซีฟู้ดระดับดีมาก เช่น กุ้งลายเสือ หอยเป๋าฮื้อ ฯลฯ
แต่เรากิน 888 เป็นประจำ

บรรยากาศในร้านโปร่ง โล่ง สบาย ไม่อึดอัด พนักงานก็บริการดี ยิ้มแย้มและใส่ใจ เติมน้ำ เติมถ่าน เปลี่ยนตะแกรงให้โดยไม่ต้องเรียกซ้ำ บริการดีตั้งแต่ต้นจนจบมื้อ

📌 สำหรับใครที่ขับรถมา ร้านมีที่จอดในโครงการให้ จอดฟรี 1 ชั่วโมง แต่ถ้ามาช่วงเย็นหรือช่วงพีคอาจต้องเผื่อเวลาไว้หน่อย เพราะที่จอดมีจำนวนจำกัดและอาจเต็มได้ง่าย

โดยรวมคือครบทุกอย่างทั้งคุณภาพ ความอร่อย ความหลากหลาย และบรรยากาศ เป็นร้านที่กินแล้วมีความสุขทุกครั้งจริง ๆ

ใครที่เป็นสายเนื้อบอกเลยว่า “ต้องลอง” แล้วจะเข้าใจว่าทำไมร้านนี้ถึงได้กลายเป็นร้านโปรดของหลาย ๆ คน"
Ci9DQUlRQUNvZENodHljRjlvT2tsRWNpMXNibXR3ZEcwNFMyNHlUVWhZVVd4TFFsRRAB,พลอยมณี สุวรรณวุฒิชัย,5,"ใช้ชองดีค่ะ ทั้งเนื้อ กุ้งและแซลมอน พนักงานบริการดี ให้คำแนะนำครบ บอกโปรและรายละเอียดครบดี ของรอนานนิดนึง แนะนำสั่งเผื่อเวลาไว้หน่อย เตาไฟแรงดี ไม่ติดกะทะเพราะใช้เทฟลอน ที่จอดรถข้างๆร้าน ในโครงการ the hub (เสียค่าที่จอด)

แนะนำจองโต๊ะก่อนค่ะ คนเยอะ ถ้าไม่จองอาจรอโต๊ะนานหน่อย"
Ci9DQUlRQUNvZENodHljRjlvT2xsQ1VWQk9YMFV4WkVSM1psWTBNblZRT1U1WVEzYxAB,พรุ่งนี้ค่อยลด 2morrowdiet,5,"บุฟเฟ่ต์ปิ้งย่างที่ใช้เนื้อแบรนด์ท็อประดับโลกมาเสิร์ฟแบบไม่อั้น 888 net

- บุฟเฟ่ต์ 888 net กินได้ 90 นาที เมนูไฮไลท์ Soto Momo (พับนอก) และ Karubi (คารุบิ) จากแบรนด์ Blackmore และ 2GR ซึ่งเป็นวากิวออส Fullblood ไม่ใช่ F1 แบบที่หาได้ทั่วๆไป ตามด้วย ลิ้นวัวอาเจนคัดพิเศษเฉพาะโคน ปิดท้ายด้วย ไทยวากิวมันแทรกส่วนซาบุตงกับเนื้อซุปเปอร์มาราธอน(น่องแก้ว)

- Soto Momo โคตรดี รสเนื้อมีความ Beefy ไขมันแทรกละเอียด เจอความร้อนแล้วละลายง่ายตามสไตล์ของ Fullblood กินแบบปิ้งย่างว่าดีแล้ว แต่พอกินแบบชาบูชาบู เนื้อนุ่มลื่นเด้งและยิ่งอร่อยกว่าอีก (สามารถเพิ่มหม้อชาบูชาบูได้ หม้อละ 28.-)

- Karubi แบรนด์ 2GR คุณภาพสูงอยู่แล้ว ใดใดเลยร้านค่อนข้างหั่นหนาและด้วยลักษณะเตาที่เป็นเตาเคลือบ ข้อดีก็คือไม่ติด และโอกาสไหม้เกรียมเกิดสารทำลายสุขภาพก็น้อยกว่า แต่ข้อเสียคือไขมันมันไม่ระเบิดเกรียม อาจจะต้องย่างนานหน่อย

- ลิ้นวัวอร่อยมากกกกก จะแบบสไลซ์บาง ย่างฝั่งเดียว โรยเกลือ วางต้นหอม แล้วห่อกินก็ดี หรือแบบหั่นหนาก็เยี่ยม ร้านคัดโคนลิ้นแบบโคนจริงๆ กรึบเด้งไม่เหนียว กินรัวๆครับจานลิ้นวัว

- เนื้อซุปเปอร์มาราธอน หรือน่องแก้ว เรามักจะเจอมันตามร้านก๋วยเตี๋ยวเนื้อตุ๋น แม้จะใช้เป็นเนื้อไทย แต่ปกติพาร์ทนี้ไม่ใช่จะหาได้ง่ายๆจ้า ลองเอาไปลวกให้พอสะดุ้งแล้วจิ้มไข่….ไม่เวิร์ค(555+) พอจิ้มน้ำจิ้มซีฟู๊ดกรุบอร่อยมากมาย

- ร้านมีไข่ไก่สดโมริทามะ (ย้ำว่าแบรนด์โมริทามะ) นี่ก็เอามาคลุกข้าวร้อนๆเป็น TKG กินคู่เนื้อย่างซะเลย ฟินๆครับ

- นอกจากนี้ในคอร์ส 888 net ยังมีเนื้อไทยวากิว และเนื้อพาร์ทอื่นๆ ไปจนถึงหมูคูโรบูตะ กุ้งแดง, แซลมอนซาซิมิ และแซลมอนดองด้วย แซลมอนดองที่นี่จะมีรสและกลิ่นของขิง แปลกดีครับ

- เป็น 1 ร้านที่คัดเลือกวัตถุดิบได้ดีคุ้มค่ากับเม็ดเงินที่จ่าย เพราะทั้ง Blackmore และ 2GR ปกติเนื้อไพร์มคัตเค้ากิโลละร่วม 3,000 เลย จะมีเสียดายก็เรื่องเตาเล็กน้อย เพราะชอบเตาแบบไฟแรงๆมากกว่า แต่มีข้อเสียก็ต้องมีข้อดีตรงที่เตาเค้าย่างไม่ติด และไม่ไหม้ มีโอกาสมาลองกินกันดูครับ

📍 Guru Gyuu สะพานควาย
⏱ 11.30 - 23.00 น. (หยุดวันจันทร์)
🚘 จอดรถโครงการ The Hub แล้วเดินมาได้ (มีสแตมป์ร้าน จอดฟรีได้ 1 ช.ม.)"
Ci9DQUlRQUNvZENodHljRjlvT2pGMGRIaFhUbk5aUjNWRVFrZGxSM042Tm5kNlVXYxAB,poqpy K,5,"888.- โคตรรรรคุ้มมมมมม 🌈
ไปทานเป็น 10 ครั้งได้ ไม่เคยผิดหวัง เนื้อดีมาก กุ้งแดงหวาน แซลมอนสด พนักงานบริการดีมากๆค่ะ

สิ่งที่ไม่แนะนำ คือ กุ้งแม่น้ำ รู้สึกเนื้อจะยุ่ยๆ
แต่ไปทานอย่างอื่นก็คุ้มมากๆแล้ว"
Ci9DQUlRQUNvZENodHljRjlvT2pGcmFVMXpZVXR0VVZBNVpGZHdTWGR5Vms1U1ZWRRAB,Anutsara Sangsawaeng,4,อาหารอร่อยค่า เกรดพรีเมียมเลย สดใหม่ มีหลายราคาให้เลือก แต่อาหารบางรายการ รอนานไปหน่อย สั่งรอบแรก แต่ได้พร้อมที่สั่งรอบหลังๆเลย
Ci9DQUlRQUNvZENodHljRjlvT21JemMyODJUblZ2YWpsUVVXWk1aSE5QYkhaVFkzYxAB,Padkaprao,4,เนื้อเเล่บางดี ปลาชิ้นใหญ่ ย่างได้กำลังดี เเต่เมนูไม่ค่อยหลากหลายมาก น้ำจิ้มอร่อยทุกอย่าง
Ci9DQUlRQUNvZENodHljRjlvT2taWFZubHNhM2xuTURsaFNESk5jRXR5YTNOUVNXYxAB,NT review,4,"ได้โปร 399 Net รวมทุกอย่างเเล้ว สำหรับอาหารคุ้มค่าคุ้มราคาสุดๆ เสริฟเร็วทันใจ

สิ่งที่ควรรู้ก่อนไปร้าน
1.อาจจะต้องจองก่อน
2.ขอเปลี่ยนกระทะ ด้วยความที่ระบบร้านไม่เปลี่ยนกระทะ ใช้ระบบคนถูกระทะเเทน เสียเวลาพนักงานมายืนขัด 2-4นาที พนักงงานขัดกระทะไปก็สอนลูกค้าไป พี่ต้องเอาทะเลย่างข้างล่าง เนื้อย่างข้างบน
3.สั่งอาหารเพิ่ม ต้องสั่งกับพนักงงาน

ในฐานะลูกค้าคนนึงที่ชอบกินปิ้งย่าง กินมาหลากหลายรูปเเบบ เกือบ300ร้านเเบรนด์ปิ้งย่าง เพิ่งจะเคยเจอระบบขัดถูกระทะต่อหน้าลูกค้านี่ล่ะ ไม่ยอมเปลี่ยนให้จริงๆ เเล้วมาสอนลูกค้าให้ย่างเเบบไหน อยากจะบอกมันไหม้ซอสเนื้อล่ะ ไม่ได้ไหม้ทะเล กระทะเเบบนี้ไหม้ทุกอย่างที่เป็นซอสอยู่เเล้ว ถ้าจะมาสอนมาบ่น ไม่ต้องขัด เปลี่ยนกระทะให้ก็จบ เเทนที่จะมายืนขัด เปลี่ยนเอาไปเเช่น้ำ เอามือลูบก็ออกเเล้ว เข้าใจว่ากระทะถูได้ เเต่มันไม่ควรเป็นหน้าที่พนักงงานเสริฟ มันควรทำหลังร้าน มันสะอาดกว่า ภาพลักษณ์เเบรนด์ ยังไม่เคยเห็นร้านไหมมายืนขัดสักที ตกตลึงร้านนี้มาก ถูกระทะโคตรโปร ละเอาทิชชู่ถูเอี่ยมด้วย ยอมใจจริงๆ ชอบๆ เกือบยืนปรบมือให้เลย"
ChdDSUhNMG9nS0VQLUNrcGJOc3NEU3hRRRAB,Kansinee W.,5,เป็นร้านเนื้อที่ควรค่ามาทาน ราคาไม่แพงเมื่อเทียบกับคุณภาพ เราทานแพค 888เนท ตอนนี้ร้านเพิ่มเมนูพิเศษด้วย กุ้งตัวใหญ่สด หอยเชลส์ใหญ่สะใจ ไข่ดองมาให้พร้อมทานจิ้มกับเนื้อคือดีย์เข้ากันมาก กิมจิก็อร่อย พนักงานบริการดีมาก รวดเร็วอาหารคอไม่นานด้วย ออกไวเสริฟเร็ว ข้อเสียที่นี่เรื่องที่จอดรถมีน้อย ต้องเสียตังค์รายชั่วโมง และร้านค่อนข้างแออัด  ร้านนี้ควรโทรจองค่ะ
Ci9DQUlRQUNvZENodHljRjlvT2psVExXODFiVEZpVERSdWIzTTFRMVJIY0UwdGFsRRAB,SIRIPHORN JANG,5,"บุฟ ราคา888 คือคุ้มละสำหรับเรา
เน้นกินเนื้อเป็นหลัก"
Ci9DQUlRQUNvZENodHljRjlvT2pGRGIyZHBlR1psZEdoSFlVWklTREpTTFhWUk0zYxAB,poompat lee,4,อาหารคุณภาพดีมาก ไม่ผิดหวัง ราคาสมเหตุสมผล บริการดี บรรยากาศธรรมดา ที่จอดรถไม่พอ แนะนำไม่ควรเอารถส่วนตัวมา
Ci9DQUlRQUNvZENodHljRjlvT2s5SFExaGpRV05qUm5ObVgyMVROME4yY2toVlZWRRAB,Anivat W.,5,Premium 1999 ดีมากๆ เนื้อ A5 หอยเปาฮื้อหอยเชล มันปู หม้อชาบู alcohol ไม่อั้น จำกัดเวลา 1 ชั่วโมง 45 นาที
Ci9DQUlRQUNvZENodHljRjlvT25OUVNHZFhOVFJuWm1aeVYxTkxWbDl0T0ZOUlFuYxAB,Duke DK,5,"พาน้องๆที่บริษัทมาเลี้ยง เซต 399 คุ้มมากครับ
รวมน่ำอัดลมอีก ไม่แพง
พนักงานอาจจะยุ่งกันบ้างแต่ได้กินอิ่ม ครบครับ"
Ci9DQUlRQUNvZENodHljRjlvT21sSlNXRTJXR3RKZUdGRGRGOURTVWN6Y1hSMlRWRRAB,Piya Muangkhunrong,5,"วัตถุดิบดี
ราคาโอเค
บริการใช้ได้ช่วงลูกค้าไม่เยอะบริการดี
พอลูกค้าเยอะเสิร์ฟไม่ค่อยทัน
รสชาติอร่อย โดยเฉพาะวากิว
วันนี้จัดคอร์ส 888"
Ci9DQUlRQUNvZENodHljRjlvT2xRMGJqQm5NbEZUTWtOME5GZElZM2xITW1oTFRIYxAB,Petijung Eiamphipat,5,ราคา 399 บาท ได้เนื้อแบบนี้โอเคเลยครับ น้ำจิ้มโอเคแต่ราคานี้ไม่ได้กระเทียม แอบผิดหวังนิดหน่อย 😭😭😭
Ci9DQUlRQUNvZENodHljRjlvT2pSRVFsTk1jalJLVUVKbVpHOXpNSGt4YkZSeVFXYxAB,HIDEANDSEEK,3,อาหารอร่อยจริง พนักงานบริการดี แต่ของออกช้ามากกกกก ส่วนตัวว่ารอแล้ว แต่เห็นโต๊ะข้างๆต้องตามของตลอด และใช้โต๊ะไม้แบบนี้ดูไม่ค่อยสะอาด
ChZDSUhNMG9nS0VJQ0FnSURfb0pfSUlREAE,RIGHTNOWPHOTO,5,"เราไปกินช่วงเวลาที่มีโปรโมชั่น 599.- รวมน้ำเปล่า
หรือจะบวกเพิ่ม 55.- รีฟิวน้ำอัดลม
จะเป็นร้านโปรดร้านนึงเลย ถ้ามีโอกาสจะไปกินอีก
แซลมอนซาชิมิสด ๆ แน่น ๆ ฉ่ำ ๆ กินจนอิ่มคุ้ม
หมูและเนื้อมีหลายส่วนให้เลือก
กุ้งแม่น้ำคัดแต่ตัวใหญ่ ๆ มา เนื้อแน่นมากโคตรสดชอบ ๆ
ไข่ตุ๋นอร่อย เกี๊ยวซ่าอร่อยมากตัวใหญ่ด้วย ไส้กรอกชีสอย่างดี หอยจำแลงอร่อย ไข่หวานอร่อย
ซุปมิโซะอร่อย น้ำจิ้มอร่อยทุกแบบ
กระทะไฟแรงตลอด ย่างแปบเดียวต้องรีบเอาขึ้นเดี๋ยวไหม้
**ร้านมีมันเนื้อด้วยนะคะ เผื่อใครไม่ทานหมู สามารถของมันเนื้อได้ค่ะ
อาจจะมีอาหารบางช่วงออกช้า เพราะคนเยอะคนเต็มร้าน
พนักงานทำไม่ทัน

**แนะนำให้ทางร้านเปลี่ยนระบบการสั่งอาหารเป็นสั่งผ่านคิวอาร์โค้ดเพื่อความรวดเร็วนะคะ
เพราะสั่งกับพนักงานจะต้องรอรอทั้งคนสั่ง ทั้งคนรับออเดอร์เลย"
ChdDSUhNMG9nS0VJQ0FnTUNveFByYjlBRRAB,JAVIIZO,5,"กินร้านนี้เข้าปีที่ 12 ปี ไม่เคยผิดหวัง เนื้อตรงปกไม่จกตา
ครั้งนี้กินราคา 888.-
เนื้อลายสวยตามภาพ
อาหารทะเลสดอร่อย
ที่จอดรถ จอดที่ซอยข้างร้านได้"
ChdDSUhNMG9nS0VJQ0FnSUR2eWFQZ2lnRRAB,Peach Phichsinee,5,"กินเป็นโปรราคา 888.- ถือว่าคุ้มมาก เนื้อคุณภาพดี มีให้เลือกหลากหลาย เหมาะกับคนชอบกินเนื้อ ส่วนแซลมอนก็ดีเหมือนกัน สดๆ นอกจากนี้ยังมีกุ้งหวานด้วย พวกเครื่องเคียงก็มีให้เลือกหลายอย่าง ทั้งสลัด ยำสาหร่าย แมงกะพรุน ผักน้ำมันงา แต่เมนูผักสำหรับทานคู่กับปิ้งย่าง รู้สึกว่ามีน้อยไปนิดนึง ราคานี้มีเซ็ตผลไม้ และมินิพุดดิ้งให้คนละชุดด้วย แต่อาหารได้ช้านิดหน่อย รู้สึกกินละขาดตอนบางที

ทางร้านไม่มีที่จอดรถนะ แต่สามารถจอดในโครงการได้ มีลิฟต์จอดอยู่ ใครจะไปแนะนำให้จองก่อนน้า ร้านคนเยอะตลอดเลยย"
ChdDSUhNMG9nS0VJQ0FnSUNQdGZTR2h3RRAB,coremedia tv,3,"20-11-24 บุฟเฟต์ 888 net สั่งได้ 1:30 ทานได้ 2ชม. เนื้อวากิวถือว่าดี แต่คารูบิแทบไม่เจอเนื้อมีแต่มัน ไม่ตรงปก ลิ้นวัวชิ้นหนาปิังง่าย
ซีฟู้ด ยังไม่ค่อยสด พอทานได้ คุ้มสำหรับคนชอบทานเนื้อ
กระทะปิ้งง่าย เนื้อไม่ติดกะทะ ระบบดูดอากาศถือว่าดีกลิ่นไม่ค่อยติดเสื้อ
ที่จอดรถเสียตังค์ ชม.30
ประทับตราฟรี 1ชม."
Ci9DQUlRQUNvZENodHljRjlvT25velJqTkVOR0ozWkVkZlRVbGhjalV6Y1VWMFRsRRAB,Aukkarapong Rueangdech,5,"อร่อยดีทุกอย่าง เนื้อดี หลากหลาย อาหารเคียงอร่อย ซ้ำเป็นสิบรอบแล้ว

ข้อเสียคือไม่มีไอติม ขนมหวานมีแค่ผลไม้กับเยลลี่กากๆ และบัตรเครดิตลาร์จ 3%"
ChdDSUhNMG9nS0VJQ0FnSURYZ1ByeXZnRRAB,gordon simon,5,เนื้อดีจริง ในราคาเดียวกันถือว่าสวยสุดที่เคยกินเลย แต่ติตรงระบบร้านยังห่วยอยู่ ให้เรียกพนักงานมาสั่ง ซึ่งเสียเวลามาก บางทีคนเยอะๆ เราจะเต็มแค่น้ำจิ้ม เติมน้ำ เรียกนานมาก เหมือนรำคาญๆเราด้วย ก็ทำไมร้านไม่ใช้ระบบสั่งด้วย qr ล่ะคับ ท๊แุกร้านเค้าใช้กันหมดแล้ว ขอร้องปรับปรุงเถอะ จะดีมาก เนื้อคุณเพอเฟคอยู่แล้ว
ChZDSUhNMG9nS0VJQ0FnSUROdjQ2X09BEAE,Wanas Kaewdeeatsadawut (Discursive21),5,"บุฟเฟ่เนื้อย่าง เนื้อดี มีคุณภาพ มีหลายราคา แต่ทางร้านมีโปรโมชั่น Happy Hour ก่อนบ่าย 3 และ หลัง 3 ทุ่ม ราคา 399 อร่อยเลยนะ วัตถุดิบดีมาก สด อร่อย ทั้งเนื้อ ทั้งหมูไข่ตุ๋นก็อร่อย แต่ส่วนตัวชอบ เนื้อจำแลง / ลิ้นสไลด์ เป็นพิเศษ อร่อยมาก ๆ คุ้ม แนะนำว่ามากินกันได้ พนักงานบริการดี แต่ถ้าลูกค้าเยอะอาจเจอกับการเสิร์ฟอาหารช้าหน่อยหรืออาจลืมอาหารที่สั่งบ้าง แต่เข้าใจได้ ไว้มีโอกาสจะกลับมาอุดหนุนอีกแน่นอน

Grilled buffet, excellent quality meat available at various prices. The restaurant offers a Happy Hour promotion before 3 PM and after 3 PM, priced at 399 baht. It's delicious with high-quality ingredients, fresh and tasty, whether it's beef, pork, or braised eggs. Personally, I recommend the Angus beef / tongue slide, it's exceptionally delicious and worth it. The staff is friendly, but if the restaurant is busy, there might be a slight delay in serving or some orders might be forgotten. However, understandable. Definitely worth revisiting!"
Ci9DQUlRQUNvZENodHljRjlvT2pWVFQybEVXR3RKZDI1aVRVcFBXamRLU0c1bWRXYxAB,Phot Surong,5,"Set 888  อร่อยคุ้มค่า
กุ้งหวาน หอยเชลล์ อร่อยมาก
วากิวดี ลิ้นอร่อย
จอดรถข้างร้าน หรือในโครงการ ฟรี ชม.แรก
ถ้าเป็นจอดลิฟต์ ชม.ละ 50"
Ci9DQUlRQUNvZENodHljRjlvT25aclFrTm5URjkzTFdrNWRqVXdORU5NTWxZNGIzYxAB,ดวงกมล โชติปัญญา,5,อาหารสดมาก น้ำจิ้มอร่อยทุกแบบและที่สำคัญ...น้องพนักงานให้บริการดีเยี่ยมและรวดเร็วค่ะ
ChZDSUhNMG9nS0VJQ0FnSUNMMnJIVFpnEAE,tamonwan udomdechakul,5,"สำหรับใครที่ชอบทานเนื้อย่าง แนะนำเลยค่ะ เนื้อมีหลากหลายชนิด ส่วนตัวไปทานในราคา 888++ ก็ถือว่าคุ้มค่า คุ้มราคามากแล้วค่ะ

แต่ตัวหอยเชลล์ แอบเค็มไปนิดนึง ทานเยอะๆ อาจจะเลี่ยนก่อนได้ค่ะ

นอกนั้นโดยรวม ถือว่า ดีเลยค่ะ ฟินๆ สำหรับคนชอบเนื้อ 😋🥩🥢"
ChdDSUhNMG9nS0VJQ0FnSUNfdzRuUjlRRRAB,Phu Koanantakool,4,"Very good Beef Yakiniku restaurant near bts Ari. Very good quality of beef for the price. We opted for 888 baht per person plus some extra for soda and hot tea. The service could be better, several of the employees were just gathering near the cashier while I tried to flag them down for ordering. Some of the workers are very attentive and work harder. The atmosphere is ok, nothing special, parking is very pricey at 50 baht per hour"
ChdDSUhNMG9nS0VJQ0FnTUN3Z3BiVGpBRRAB,BIGSUCK,3,มาตามช่วงเวลาโปรโมชั่นได้เนื้อเกินราคา อร่อยมากแต่พนักงานรับออเดอร์ช้า อาหารได้ช้า ที่จอดรถหายาก วุ่นวาย
ChdDSUhNMG9nS0VJQ0FnSURiN3NxXzBnRRAB,Pimpetch Paisithmongkol,5,"ตอนแรกกะกินนิดๆหน่อยๆเลยสั่งอลาคาส แต่ชิมเนื้อไปปุ้ปขอเปลี่ยนมาเป็นบุฟเฟ่ต์ เรากินเซต 888.- เนื้อซาโตะโมโมะคืออร่อยมากก แล้วก็เนื้อชาบูก็นุ่มม เสียดายในบุฟไม่มีไข่ดอง กุ้งตัวใหญ่แต่ไม่ค่อยสด หอยเชลล์เค็มไปนิด เน้นเนื้อไปเลยดีกว่า ราคานี้ ฟรีน้ำเปล่า และขนม1ที่ ถือว่าคุ้ม

เดินทางสะเวด จอดรถได้ที่โครงการ The Hub ข้างๆ แสตมป์ที่ร้านฟรี 1ชม. ชม.ถัดไปชม.ละ 30บาท"
ChdDSUhNMG9nS0VJQ0FnSURydUtLVmtRRRAB,Dusadee Bualert,5,"I like grilled beef of every style be it steak or Japanese yakiniku or charcoal grilled or whatever. I just love beef period.

If there’s any place that I would always recommend, it would be this place.

I know this place since their first location around Sanam Pao. 2 reasons why this place is at the fore front for me since then ;

1. Instead of the traditional iron-mesh grill, they’re using a coated cast-iron grill pan which is very easy to clean. This means they don’t need to replace the charcoal all the time due to meat water drops on them. This is ingenious from the cost-control perspective, and I admire that.

2. From the first to the last batch of meat that we order, we always get the same texture, color, and taste. The meat you get on your last order is as good as the meat you get when you first order them. That’a some good quality control right there which is rarely seen in Bangkok unless you go to a really high-end place. Bear in mind even some high-ends that we’ve been to cannot compete with this restaurant though. They are just that good.

The tier that I chose today was the mid-tier, 888+ per person. Plus another 50 for a refilled drinks, that’s a 938 Baht per person net. I mean, for less than 1,000 per head, look at those photos for the meat quality…!!!!

I couldn’t be happier recommending this restaurant. 😊❤️"
ChdDSUhNMG9nS0VJQ0FnSURQdnR2MnV3RRAB,Pani,5,เป็นร้านที่อร่อยคุ้มมากๆค่ะ เรามาทานมากกว่า 5 รอบแล้วค่ะ เนื้อคุ้มราคาสุดๆ ราคาไม่แรงถ้าเทียบกับร้านอื่นแล้วเนื้อคุณภาพนี้ เลิฟสุดๆค่ะ🥩👍🏼🤍⭐️
ChZDSUhNMG9nS0VJQ0FnSURqOXJQU2NBEAE,Gene,5,Tried their happy hour buffet during weekdays lunch time. Price is 399 not including drinks with 55. You can also pay around 90 baht to add another shabu pot. They have promotions so you could order other meat from 777 set. I would say this price is really good and worth it. But for dinner you can only choose from 777 or 888 set may be a little bit pricey.
ChZDSUhNMG9nS0VOUGV2LXotLUp6Ylp3EAE,Lita To go !!,5,เนื้อดี / สามชั้นดี ราคา 777 แถมฟรี น้ำเปล่า ผลไม้ คนละ 1 จาน จอดรถ ข้างๆ ค่าจอด ฟรี 1 ชั่วโมง อย่าลืมแตมป ที่จอดรถด้วย // ชมละ 30฿
Ci9DQUlRQUNvZENodHljRjlvT2sxUE9XaExRbmhTT1hGdVpESmxhbVJmWHpReFVGRRAB,Penpilas P.,5,อร่อย บรรยากาศชิลๆ ไม่แย่เลยค่ะถ้าจะมากิน มีให้เลือกหลายแบบหลายราคาด้วยค่ะ น้องพนง.บริการดีค่ะ
ChZDSUhNMG9nS0VJQ0FnSURudk9xNFRREAE,Orca-Organ,5,กินราคา 399 net. เนื้อดี ราคาเหมาะสมครับ  จิ้มกับน้ำจิ้มเข้ากันอย่างดี  จัดไปรวมๆเกือบ30ถาดได้  สลัดงาก็อร่อยสดชื่นครับ. น้ำเปล่ารวมอยู่ในบุฟเฟต์  แต่ถ้าจะกินน้ำอัดลมต้องเพิ่มเงินนะครับ
ChZDSUhNMG9nS0VJQ0FnSUNIcHNxQkZ3EAE,Porntiwa P.,3,"กินบุฟเฟต์ชุด 888 net ฟรีแค่น้ำเปล่า
เนื้อโมะโมะ ตงชาบู และ เนื้อตังเม กลิ่นเนื้อดีมาก หอม หวาน แต่ที่เหลือธรรมดา พนักงานชาวต่างชาติบริการแย่มากใส่อารมณ์กับลูกค้าหลายท่าน แต่คนรับออร์เดอร์บริการดีพูด(ไทย) แต่งตัวแตกต่างจากพนักงานเสริ์ฟท่านอื่น ไม่แน่ใจว่าเป็นเจ้าของไหม ของหวานมีพุดดิ้งและผลไม้ สั่งได้ท่านละ1อย่าง  น้ำจิ้มเฉยๆ เตาไฟร้อนช้าไม่เหมาะกับย่างกุ้งแม่น้ำ มีค่าที่จอด"
ChdDSUhNMG9nS0VJQ0FnSURfMHN6Zmd3RRAB,Siri Sook,4,"เนื้อดี ลิ้นอร่อย ตะแกรงดีย่างไม่ติด
ปลาดิบ กุ้งหวาน สดดี
กุ้งแม่น้ำ ไม่สด อาหารออกช้า บางช่วงเตาว่างรอของ บางรายการได้ไม่ครบต้องตาม"
ChZDSUhNMG9nS0VJQ0FnSUNBaHRTamN3EAE,ดวงศิริ ปัญญาคง,5,อร่อยมากๆมากินแล้วไม่ผิดหวังจริงๆ คะ เนื้ออร่อยไม่เหนียว อกเป็ดคือเดอะเบสท์ นุ่ม หอม ละมุนลิ้น หมูติดมัน นุ่มมากๆคะ ทานกับข้าวผัดกระเทียม เข้ากันสุดๆ กุ้งแม่น้ำตัวไม่ใหญ่มาก ปลาหมึกไข่ อร่อยมากคะ มีไข่ทุกตัว ทานกับน้ำจิ้มซีฟู้ด คือเด็ดมากคะ สันคอหมู ชิ้นใหญ่ไปนิด แต่เอาเข้าปากแล้ว อร่อย หมูอร่อยจริง แทบทุกอย่างคะ พนักงานบริการดี อาหารออกไว และไม่เคยได้ของไม่ครบคะ ไปทานทุกครั้ง ประทับใจทุกครั้งคะ
ChZDSUhNMG9nS0VJQ0FnSUNOazdTcmR3EAE,Pusit Kittiteeranurak,5,อร่อย! มีทั้งแบบบุฟและไม่บุฟ ที่จอดรถไม่มี จอดซอยข้างๆเสียเงิน แต่อาหารอร่อย คุณภาพดี ได้ค่อนข้างไว พนงบริการใช้ได้ กุ้งแกะเปลือกมาให้แล้วซึ่งดีมาก
ChdDSUhNMG9nS0VJQ0FnTURJaGFMZmlnRRAB,Surerat Saeng,5,เนื้อร้านนี้ดีมากกกค่ะ สั่งมาลองหลายครั้งแล้วไม่เคยผิดหวังเลยจริงๆ ราคาก็ดี ซอสน้ำจิ้มก็หอมอร่อยเข้ากันมากๆค่ะ เป็นร้านโปรดเลย🙂
Ci9DQUlRQUNvZENodHljRjlvT25kbVZFVnNVWE5rZUU1dllrSndYM28wVGsxV05HYxAB,Ausanee A.,5,เป็นร้านยากินิคุ ปิ้งย่าง Buffet ที่ใช้วัตถุดิบดี คุ้มค่า คุ้มแคล ไม่แพง อร่อย แต่ต้องอดทนกับความช้าของอาหารที่ต้องตามแล้วตามอีก เพราะออกช้าที่สุด ไม่เร่งไม่มาอ่ะ เป็นร้านแรกที่ทานครบเวลาโดยที่ไม่ออกก่อน เพราะรออาหาร รอเตา รอไฟให้แรง บ่นนะ แต่ก็จะไปอีก เพราะเนื้อหมูอร่อยจริง เนื้อวัวคนอื่นทานก็ชมว่าดี ทานได้เยอะเลย
ChZDSUhNMG9nS0VJQ0FnSUQxbXJhakVREAE,Prince Wongaroon,5,"Great place Great food

น่าอิจฉาคนแถวนี้ ที่มีอาหารดีๆ ให้กิน ชั้นสามของ Guru Gyuu กลายเป็นร้านอาหารทานง่ายๆ เตี๋ยวเนื้อ ข้าวแกง ข้าวกะเพรา เด็ดจริงนะเว้ย

Gyuu to go เป็นร้านสวยงามเรียบง่ายสีสะอาดตา เมนูเป็นหลักๆสั่งง่ายๆ เน้นอาหารจานเดียว จานด่วน กินแล้วไปทำงานต่อสบายๆ

มาลองกันซะครับ"
ChZDSUhNMG9nS0VJQ0FnSURXcGZhVWFnEAE,Caorudin P,5,ส่วนตัวชอบร้านนี้มากๆ เนื้อดีสุดๆ เตาก็ดีทำให้ปิ้งทานได้แบบสบายๆ ส่วนตัวเน้นกินเนื้ออยู่แล้วเลยชอบร้านนี้เป็นพิเศษ อาหารสดใหม่ กุ้งใหญ่ หมึกก็ดี เนื้อดูจากภาพเอา เป็นร้านที่คิดว่ายังไงก็ต้องกลับไปซ้ำแน่นอน
ChdDSUhNMG9nS0VJQ0FnSURsNnZYYTF3RRAB,Achiraya Jangkrajrung,5,ห้่าดาวกันเลย สำหรับร้านนี้ ข้อแรกด้วยบรรยากาศยามเย็นชมแสงที่ค่อยๆลดลง บริการแบบบเป็นกันเอง และเนื้อที่มาแบบนุ่มลิ้นละลายในปาก มีทั้งแบบเลือกเปนจานๆหรือลองสั่งเปนเซทมาชิมทุกๆส่วนก่อน พร้อมกับเครื่องดื่มเยนๆ นี่ละรับไปห้าดาวเลย
ChZDSUhNMG9nS0VJQ0FnSURCMFotTEdnEAE,Kla Bkk,4,"เนื้อลายสวย แต่ขึ้นกับจังหวะ ถ้าได้ลายสวยๆแบบมันแทรก ให้รีบสั่งต่อเลยเพราะจานต่อไปใกล้ๆกันน่าจะมาจากเนื้อก้อนเดียวกัน

ของทะเลดี ทั้งกุ้งขาว หมึก หอยเชลล์

ไม่แนะนำให้สั่งปลาไข่ เพราะย่างแล้วพอติดกระทะ ตัวมันจะขาดและคีบยาก

แซลมอนซาซิมิกลางๆ สีไม่สวย ลายไขมันไม่มี

น้ำจิ้มมาตรฐานแบบร้านปิ้งย่างดีๆทั่วไป

พนักงานบริการดี

กระทะย่างดี ไม่ติดกระทะ สามารถเรียกพนักงานให้คอยเช็ดคราบไหม้ออกได้ตลอด

ที่จอดรถเสียเงิน ชม.ละ 30 บาท ปั๊มบัตรจอดรถได้ฟรี 1 ชม. แต่สรุปยังไงก็ต้องเสีย 60 บาท เพราะจอด 2 ชม.กว่าๆ"
ChdDSUhNMG9nS0VJQ0FnSURiclBHNHF3RRAB,S. Alone,3,"ครั้งหน้าถ้ามีโอกาสได้ไปกินจะหลีกเลี่ยงวันเงินเดือนออก วันหวยออก เวลาพักกลางวัน และช่วงเย็นหลังเลิกงาน เพราะจะเจอแก๊งค์พนักงานพากันมากินเลี้ยง เสียงดัง คนเยอะ

เสริฟช้า รอนาน กินไม่อิ่มหมดเวลาแล้ว บางทีนั่งรอจนไม่มีอะไรจะย่าง ทวงออเดอร์หลายรอบ

ทำไมเนื้อต่างๆรอบแรกจะดีงาม รอบสองเกรดจะลดลงแบบเห็นได้ชัด

หลายครั้งเจอพนักงานผู้หญิงที่ไม่เต็มใจบริการ
เวลาสั่งอาหารทำเสียงไม่พอใจและมองบนใส่ลูกค้า
ยิ่งเป็นโปรเล็กไม่ใช่โปรสูงสุด บริการไม่เต็มร้อยเลย
พนักงานผู้ชายหลายคนตั้งใจทำงานมากกว่า สุภาพกว่า"
ChdDSUhNMG9nS0VJQ0FnSUN1cE9qWnVRRRAB,Ball XPERIA,5,"ได้มีโอกาสกลับมาทานที่กูรูกริว สะพานควายอีกครั้ง ซึ่งครั้งนี้ได้มาในช่วง Wagyu Festival ที่มี Special Menu เป็น เนงิชิโอะวากิว เนื้อวากิวลายหินอ่อนแบบมันแทรกทุกอนู ย่างแบบพอสะดุ้งไฟ ให้มีความชุ่มฉ่ำ แล้วแปะวาซาบิในเนื้อไปหน่อยๆ น้ำเข้าปาก เรียกได้ว่าอร่อยล้ำโดนใจ

นอกจากนี้ยังมีเนื้อติดมันที่มีความนุ่มชุ่มฉ่ำเป็นอย่างดี รวมถึงหอยเชลล์ หมึกไข่ ไข่ปลาหมึก หอยแมลงพู่ ก็มีความสดอร่อยเช่นกัน ปิดท้ายล้างปากด้วย เจลลี่ ผลไม้รวม และน้ำแข็งไส ก็เรียกว่าจบมื้ออย่างสมบูรณ์"
ChZDSUhNMG9nS0VJQ0FnSUNLNUtfRVlBEAE,Chanida Phutthiwachananon,5,"เป็นครั้งที่ 3 ที่ได้มาทานร้านนี้ ในราคา 699 อร่อยทุกครั้งที่ได้มาทาน หลงรักไข่ปลาหมึกร้านนี้ กุ้งแกะเปลือนตัวใหญ่ เนื้อดี ลิ้นกรุบๆ ราคารวมน้ำเปล่าแล้ว

และอีกอย่าง นานๆ ทีจะได้เห็นอิกะซาชิมิ และครีบปลากระเบนอยู่ในบุฟเฟต์ร้านปิ้งย่าง"
ChZDSUhNMG9nS0VJQ0FnSUNCdjhHX1BBEAE,Boon Tan,5,"สาขาสะพานควาย อยู่ใกล้ ๆ ธนาคารออมสิน สนญ ติดถนน  ที่จอดรถค่อนข้างจำกัด  มาทาง BTS ลงสถานีสะพานควาย แล้วเดินมา สะดวกสุด ๆ

ร้านบุฟเฟต์ปิ้งย่าง บรรยากาศร้านค่อนข้างโล่งโปร่ง จัดที่นั่งไม่แออัดมากเกินไป พนักงานบริการดี เป็นกันเอง รวดเร็วดีมาก

เนื้อ(วัว) ใช้เนื้อไทย แต่คุณภาพดเลิศมาก ๆ นุ่ม หนึบ สด เทียบชั้นเนื้อราคาแพงเกิน 1000 บาทได้ 👍❤️

รอบนี้ ลองราคา 888 บาท/คน ถ้าจ่ายบัตรฯ ชาร์จ 3%"
ChdDSUhNMG9nS0VJQ0FnSURDZ09QSXBRRRAB,Ratchaphol T.,4,"อร่อย หลากหลาย ราคามี 599,699 และ 1,999 บาท
ส่วยนากคนมากินที่นี่แนะนำเนื้อวัว มีให้ฟินแบบ beef cut 21 แบบ เดินทางสะดวกติดถนน ร้านไม่เหม็น มีที่ดูดควันตรงเตา กระทะย่างดี"
ChZDSUhNMG9nS0VJQ0FnSUMyd2Q3UFF3EAE,Ruby Lib,4,A grilled style restaurant. Set as buffet in 3 course. Majority in beef and pork. The beefs were very good. High quality and delicious especially wagyu beef. Within the friendly cost. The service was quite slow. Local beers and sake were available. The price has no vat or service charge on top. Credit card was acceptable. Reservation was recommended. Parking lot at The Hub beside the restaurant.
ChZDSUhNMG9nS0VPMkxrNXo1MnBETUVnEAE,ICEBEAR Prat,5,"I have went to this brand since 10 years ago.

Last time is 3 years ago with moderate satisfied.

But this round, They changed. Very good meat quality in 888.- price. Fresh seafood. I'm highly satisfied."
ChZDSUhNMG9nS0VNZktsb0drd0syQ1hnEAE,smintza chai,5,กินเซ็ต1999 เนื้อวากิวลายสวยและนุ่ม กุ้งลายเสือสดและกรอบ
ChdDSUhNMG9nS0VJQ0FnSUM2emJ2NWd3RRAB,pornthep theecharoen,5,ร้านบุพเฟต์ ปิ้งย่าง ที่ต้องบอกเลยว่าราคาสูงแต่วัตถุดิบดีมีความสดใหม่ น้ำจิ้มอร่อย ทานแล้วรู้สึกคุ้มค่า กุ้งสดหวานตัวใหญ่ๆ เนื้อดีละมุนนุ่มลิ้น เสริฟเร็ว บริการดี ใช้ถ่านแท่งอัด ย่างบนกะทะเทปล่อน ซาชิมิคือสด และกินไม่อั้น แซลม่อน ชูโทโร่ และปลาหมึก คือดีงาม ไฃ่ตุ๋นแบบญี่ปุ่นอร่อยเนียนนุ่ม แนะนำมาก ส่วนของหวานจะมีเพียงแค่พุดดิ้ง ประมาณปีโป้เกาหลี คือเน้นคาว ไม่เน้นหวาน มีที่จอดรถไม่มาก สามารถโทรจองก่อนเข้ารับประทานได้  จอดรถฟรี1 ชม. ชั่วโมงถัดไปคิด 30 บาท ชุดที่กินไปคือชุด 699 บาท
ChZDSUhNMG9nS0VJQ0FnSUNvNHQzTUJnEAE,Jim Darkside,5,ร้านสำหรับคนรักเนื้อ มาถึงแนะนำให้สั่งบุฟเฟ่ต์หัวละ 699 เลยเพื่อความคุ้มค่าน้ำจิ้มมีให้เลือกหลากรสทั้งน้ำจิ้มปิ้งย่างซอสโคชูจังน้ำจิ้มเต้าเจี้ยวแบบญี่ปุ่นและน้ำจิ้มแจ่วกับน้ำจิ้มซีฟู้ดอาหารสดดีมากครับ แนะนำให้สั่งทั้งเนื้อบูโกกิและเนื้อติดมันอร่อยมากครับโดยส่วนตัวน้ำจิ้มชอบทั้งแบบธรรมดาและแบบเต้าเจี้ยวเลยครับซีฟู้ดร้านนี้ก็รสชาติกำลังดีเหมาะสำหรับคนที่ไม่กินเผ็ดมากทั้ง seafood ทั้งน้ำจิ้มแจ๋วเลย ซาซิมิมีให้เลือกทั้งหลายอย่างทั้งมากุโร่และปลาแซลมอนชิ้นใหญ่ๆเต็มคำเนื้อแน่นเต็มคำมากครับ โดยรวมถือว่าดีมากครับคุ้มค่าคุ้มราคาเสียอย่างเดียวพอคนเริ่มเยอะแล้วอาจจะมีการช้าบ้างควรจะสั่งตุนไว้เลยครับไม่งั้นจะขาดตอน
ChZDSUhNMG9nS0VJQ0FnSUQwcHNlZ0t3EAE,Amornrat Arunsrisirikul (Sherry),5,"สายเนื้อ ต้องมาลองสักครั้งค่ะ
ตะแกรงปิ้งย่างจัดว่าดีเลย ไม่ติดไม่กวนใจ
ราคา 699 บาทต่อคน กินได้หลากหลายดี
น้ำจิ้มซีฟู้ด กะ น้ำจิ้มแจ้ว ดีกว่าที่เคยกินร้านบุฟเฟ่ต์หลายร้าน
ด้านบริการ บริการดีมากค่ะ
(ดีกว่าบางร้านที่คิดค่าบริการเพิ่มอึก)
ตอนคิดเงินพนักงานก็ถาม มีบัตรเครดิต KTC มั้ย จะได้ลด 5% นะ (โปรมีถึง 31 ธ.ค. 2562)"
Ci9DQUlRQUNvZENodHljRjlvT2pOclMzTk5hR2RKVFdneFZ6WjFiRlZ5ZEhwcVVVRRAB,W R,5,กินโปร 888 เนื้อดีมาก อาหารดีทุกอย่างเตาร้อนดี ย่างไม่ติดเตา แต่ลูกค้าเยอะสั่งแล้วบางครั้งต้องรอ order ทำให้ขาดตอนนิดหน่อย
ChZDSUhNMG9nS0VJQ0FnSUNZcThMMkZ3EAE,BIGSHOW LOWLAR,5,อาหารอร่อยใช้ได้แต่ไม่ถึงกับว้าวที่สุดเนื้ออร่อยกว่าร้านอื่นๆแต่เวลาย่างกุ้งจะสุขช้าต้องใช้เวลาย่างนานเพราะว่าเตาไม่เหมาะสำหรับย่างกุ้งแต่เหมาะสำหรับย่างเนื้อรวมรวมแล้วโอเคใช้ได้อยู่ในระดับดีไม่ได้ถึงกับดีมากและไม่ได้แย่ต้องลองไปทานแล้วจะรู้ว่าเป็นอย่างไรราคามีตั้งแต่ 499 บาท 599 บาท 699 บาทและ 1000 กว่าบาท
ChZDSUhNMG9nS0VJQ0FnSUNNOV83VGZREAE,Sunwish Wattanapornmongkol,5,"คะแนน
ที่จอดรถ 1/5
บริการ 5/5
รสชาติ 5/5
คุณภาพ 5/5
ราคา 4/5

ใันนี้ไปทานบุฟเฟ่ราคา 1,999 เน็ต ไม่มีบวกเพิ่ม เป็นราคาพร้อมเครื่องดื่มแล้ว และเป็นราคาสูงสุดของร้าน

คุณภาพเนื้อถือว่าน่าพอใจมาก แนะนำ ซุปเปอร์คาลลูบิวากิว, ซุปเปอร์ลูบโกกิวากิว, นอกนั้นก็สั่งเซ็ต 1,999 ก็ถือว่าพอคุ้มค่า

การบริการถือว่าดีสมราคา อาหารไม่ช้า พนักงานรับออเดอร์รวดเร็ว

น่าเสียดายเรื่องที่จอดรถ เพราะมีแค่หน้าร้านสองคัน นอกนั้นต้องหาที่จอดตามซอย ซึ่งครั้งนี้ผมต้องไปจอดที่ Big C แล้วเดินมาก็ว่า 300 เมตร

โดยรวมสามารถมาอีกครั้งได้ครับ(^^)/

*หากเห็นว่ามีประโยชน์ ช่วยกดๆลค์ให้กำลังใจหน่อยนะคร้าาาบบบ ขอบคุณครับผม*"
ChdDSUhNMG9nS0VJQ0FnSUQ4cDhqeXRRRRAB,หมอฉัตรชัย ไอซียู,4,มีบริการบุฟเฟ่ห์ 3 ราคา 399 599 699 เนื้อมีหลายชนิด ทานได้ 2 ชั่วโมงกำลังดี มีเทศกาลเนื้อวากิวช่วงนี้เป็นเนื้อพิเศษแทรกเข้ามา บริการดี อาจจะช้าเล็กน้อยช่วงคนเยอะ เนื้อรสชาติดี มาทาน 2-4 คนจะกำลังดีในช่วงโควิด มีคอยเช็ดกระทะเอาส่วนที่ไหม้ออกให้เป็นระยะ ที่จอดรถมีจอดในซอยฟรีแต่มักจะเต็ม และที่จอดอัตโนมัติ คิด 50 บาทใน 2 ชั่วโมงอยู่ตรงต้นซอย คนที่ชอบกินเนื้อน่าจะชอบมากๆ กุ้งตัวใหญ่ดี แต่หอยเชลล์จะตัวเล็กๆ
ChZDSUhNMG9nS0VJQ0FnSUMydlBuV2RBEAE,Wasupol Temwijit,5,ปิ้งย่างย่านสะพานควายข้างโครงการ the hub ใกล้แยกสะพานควาย มีหลายราคา 399/599/699/1999 สำหรับหัวละ699 เนื้อมาแต่ละรอบส่วนใหญ่จะมันแทรกค่อนข้างน้อยมีบางครั้งที่มันแทรกเยอะหน่อย ตัวเนื้อไม่ได้หอมมาก จะออกไปทางต้องเคี้ยวหน่อย น้ำจิ้มมีให้เลือก 5 แบบฟรีน้ำเปล่า ของหวานเป็นเหมือนเจลลี่กับผลไม้3 ชนิด อย่างละ1 ชิ้น ถ่านไฟแรงเนื้อสุกทันใจ เมนูในราคานี้โดนตัดไปเกือบๆ 5 อย่าง ณ ปัจจุบัน เสิร์ฟไม่ช้ามาก ทันกินแน่นอนครับ
ChdDSUhNMG9nS0VJQ0FnSUNBd2JDcjNBRRAB,Wanthida 'Mim' Saiphim,4,"A great buffet in Sapan Kwai area. Located by the main road next to the big Government Saving Bank ( The pink Bank ). Staffs are friendly and helpful. Theres many choices in the buffet menu with prices ranged from 399 - 1000+ per person. We had a 699 ( only water is included ) and we werent disappointed. In order to get a refill drink you will need to add 55 baht for soda like est cola , green tea and other drinks they have available. We love the Salmon Sashimi  and Seafood as well as pork and beef selection. The pan is easy to cook and its not too hot like most restaurant. If you have a car the parking behind the restaurant charged 30 baht per hour per car. Overall, apart from the green tea that's smell of some soap. I highly recommended this place. Fast and nice service from staffs and we love the 5 sauces especially the seafood sauce!!! Share your pic on facebook for a free drink."
ChdDSUhNMG9nS0VJQ0FnSUNCajhtRDdnRRAB,Latthawan Chanthong,4,มากินโปรบุฟเฟ่ต์ 888 ค่ะ แต่ซื้อ voucher ราคาตกเฉลี่ยใบละ 750 บาท อร่อยดีนะคะ ของดีเลย ผักย่างอร่อยมาก เนื้อดี ติดอย่างเดียวค่ะ ราคาแพงอยู่นะคะ แต่ไม่รวมของหวานพวกหวานเย็น เลยเลี่ยนไปหน่อย ทั้งที่ราคาระดับนี้ หวานเย็นไม่น่าจะแพงอะไร ไม่มีอะไรล้างคอเลยค่ะ 🥲
ChZDSUhNMG9nS0VJQ0FnTURvd2Z6QU13EAE,Korrapin Krisnavarin,5,ชอบมาก เนื้อดีมาก วันนี้มาเจอโปรโมชั่นราคาก็ดีมากเลย คุณภาพของเค้าดีจริง น้ำจิ้มอร่อยเลย มีทั้งปิ้งย่างและชาบู ไว้จะมาอีกค่า
ChZDSUhNMG9nS0VJQ0FnSUNNOThtdmZnEAE,Chanakarn Pankaew,5,"สุดยอดประสบการณ์การกินปิ้งย่างแบบพรีเมี่ยม ล๊อบเตอร์ ขาปูทาราบะ หอยเชลล์คิงไซต์ เนื้อลายหินอ่อน ระดับ A4 เนื้อนำเข้าจากญี่ปุ่น เนื้อคุณภาพพรีเมี่ยมของไทย สามารถสั่งได้แบบไม่อั้น สดมากกกก ฟินมากกกก คุ้มค่ากับการไปลองสักครั้งแน่นอน ราคา 1,999/คน เวลาทาน 2 ชั่วโมง"
ChZDSUhNMG9nS0VJQ0FnSUNTcUlpTmRREAE,ชาญชัย เอื้อภราดร,5,ถ้าเน้นๆเนื้อๆต้องตัวราคาแพงสุด 1990 บ.  จะเป็นเนื้อญี่ปุ่น เนื้อนุ่มมากๆ หอยเชลญี่ป่นก็ดี ขาปูอลาสก้าพอได้ มันปูอร่อยครับ
ChZDSUhNMG9nS0VJQ0FnSUMwOWVmT2VnEAE,Jejura Jeju,4,ร้านหาไม่ยากอยู่ติดถนนใหญ่ แต่หาที่จอดรถยากนิดนึง ตอนนี้มีตึกข้างหลังที่สามารถจอดรถได้แต่เสียค่าจอด สามารถเอาใบเสร็จจากร้านมาลดค่าจอดได้ 1 ชั่วโมง อาหารค่อนข้างหลากหลาย งานซีฟู้ดจัดว่าดี แต่งานเนื้อมีบางตัวที่ค่อนข้างเหนียวมากแต่โดยรวมแล้วก็ ok ครับ
ChZDSUhNMG9nS0VJQ0FnSUMtZ2QtdlpnEAE,JaiMai Chu,3,"มาทานส่งท้ายราคา 1999 ก่อนจะปรับเป็น 2444

กว่าที่จะได้โต๊ะคือ3ทุ่มกว่า
ทำการโทรมาจองปกติ กลุ่มคนที่จอง3ทุ่มคือกลุ่มอื่นได้เข้าไปก่อน แล้วกลุ่มเราเป็นกลุ่มสุดท้าย ซึ่งไม่ได้คิดอะไรเพราะทุกคนก็จองมา

น้องพนักงานย้ำหลายรอบมากๆ ว่าจะปิดร้าน 5ทุ่ม แบบว่า 5ทุ่ม ทุกคนจะกลับบ้านเลิกงาน แต่คิวที่จองมาคือ 3ทุ่ม นั่งทานได้ 2 ชั่วโมง แล้วคือ รีบไปไหน น้องล้างจานเตรียมกลับกันตั้งแต่5ทุ่ม
ซึ่งช่วงหลังๆ เลยหมดอารมณ์กินไปนิดนึง

หักคะแนนความรีบอยากกลับบ้านของน้องๆ ซึ่งเราออกจากร้าน5ทุ่มเป๊ะ

ถ้าคิวแบบนี้ เราคิดว่าทางร้านควรทำมาตรการลงเวลาในบิล ตอนเข้ามาใช้บริการ เพื่อที่คิวก่อนหน้าจะได้ไม่มาเบียดเวลาคนคิวรอบสามทุ่ม (ซึ่งพนักงานต้องการปิดร้าน5ทุ่มตรง!!)"
ChZDSUhNMG9nS0VJQ0FnSURPLWVQNlVBEAE,KT Jung,4,"Keep coming back to this place! The price is reasonable. The quality is on point!

The shop is very popular. Recommend you make reservations so you do not need to wait.
The place is located in the between BTS Saphan Kwai and BTS Ari, both equally walking distance, about 10-15 mins. (The walk from BTS Saphankwai would require crossing big road/climb up overpass bridge.)

Motorbike taxi costs 20 baht from BTS Saphan Kwai to the restaurant.

Parking: You may park at The Hub which is right next to the restaurant, but also quite limited."
ChdDSUhNMG9nS0VJQ0FnSURSOEpPTG5nRRAB,GABOON VIPER,3,เนื้อมีให้เลือกหลากหลาย ถือว่าใช้ได้ ในระดับหนึ่ง พนักงานชาวต่างชาติใส่ใจดีมาก บุฟเฟ่ต์ ราคา แปดร้อยกว่าที่ไม่มีเครื่องดื่มน้ำอัดลม และขนมหวาน หากต้องการต้องจ่ายเพิ่ม
ChZDSUhNMG9nS0VJQ0FnSURSamJ2cU5BEAE,TT Bong,4,"Overall is good. I like the chuk flap wagyu the most, salmon sashimi is fresh tough.They only allow 1.5 hours for dining, so we need to cook faster"
ChdDSUhNMG9nS0VJQ0FnSUNodjh5WC13RRAB,surat prasoprattanachai,5,ร้านประจำ เนื้อติดมันคือที่สุด🤩  แซลมอนก็ดี สั่งได้ไม่อั้น เมนูมีทั้งหมู เนื้อ ทะเล ผัก ของมีให้เลือกหลากหลาย นั่งได้ 2 ชม. โทรมาจองที่นั่งกับทางร้านได้ มีที่จอดรถ ใช้เวลาจอดรถนานหน่อย ถ้าดวงดี ก็แปรบเดียว (จะจอดริมถนนก็กลัวโดนล๊อคล้อ)
ChZDSUhNMG9nS0VJQ0FnSUNNOTU3TmV3EAE,Hochi TV,5,สายเนื้อ ต้องมาลองชิม เนื้ออร่อย แซลม่อนก็มี และอื่นๆหลากหลายเมนู พนักงานก็บริการดี 1 ร้านในใจเลย
ChZDSUhNMG9nS0VJQ0FnSUNkNm9HcU1BEAE,Kittinut.P Pramhhan,4,"พนักงานบริการดีมากครับ
เนื้อดีคุ้ม ราคา 888 นี้คือสำหรับคนรักเนื้อและแซลมอน
แต่ถ้าอยากหรูหรา จัดเลย 2444 บาท มีวากิวให้ทาน
แต่นี้ว่าแค่ 888 ก็ได้เนื้อคุ้มแล้วนะ"
ChZDSUhNMG9nS0VJQ0FnSUNGNmJXaFlBEAE,Burin A,4,"มีที่จอดรถรวมพอจอดได้ มีพนักงานคอยโบกรถให้

อาหารโอเคเนื้อใช้ได้อยู่ ราคาโอเค"
ChdDSUhNMG9nS0VJQ0FnSUMtNU5IVDBnRRAB,Penpicha Rojananavin,5,"Love this place. It worth the price paid for the quality of meat. I choose the 888 plan which is still in promotion till the end of Oct 2022. Then the total price paid per head is 699 baht.

One of the best buffet for meat lover
I keep repeatedly come back to this place.

อร่อยมากเนื้อคุณภาพดี เสริฟอาหารไว พนักงานยินดี ให้บริการ ของรอไม่นาน ไม่ดรอปคุณภาพ"
ChdDSUhNMG9nS0VJQ0FnSUNpczlXbnFBRRAB,Viriyah,5,ร้านมีสองชั้นที่นั่งไม่ได้เยอะมาก กินราคา 699 เนื้อมีให้เลือกหลากหลาย ค่อนข้างดีแทบทุกส่วน กุ้งตัวใหญ่มากแล้วแกะเปลือกมาให้เรียบร้อย พนักงานบริการดีมากๆ ใที่จอดรถเสียชั่วโมงละ30฿
Ci9DQUlRQUNvZENodHljRjlvT21aR1kyZFZXRWh2VUdWT2JWODBhMGRNWmtkeFprRRAB,TAKUYA Channel,5,สายเนื้อไม่ควรพลาด มีแซลม่อน มีเนื้อ ทำถึงมาก
ChZDSUhNMG9nS0VJQ0FnSURZM1lDdFNBEAE,Chaimongkon Sinpaksa,5,Love this place for its quality. Beef is very good and very nice service. Some orders have been missing because many customer but totally is fine. You can pay by rabbit line pay or QR code.
ChZDSUhNMG9nS0VJQ0FnSUQybXRPNUVnEAE,Danai Chaisayan,4,กินชุด 599 รู้สึกหมู กับ เบคอน อร่อยกว่าเนื้อ ถ้ามาอีกจะกินโปร 399 เป็นร้านที่หมูอร่อย แต่ไม่รู้ชุด 699 เนื้ออร่อยไหม
Ci9DQUlRQUNvZENodHljRjlvT2xKT2JtOTFlSFV6VmxKNmFubFFlbUpOU1daQlZrRRAB,Kan Kamolnorrathep (kanone),5,เนื้อดีมากครับ ถ้ามีโอกาสไปซ้ำแน่นอนครับ
Ci9DQUlRQUNvZENodHljRjlvT2tSMFFURktiRGxpVG5GeWNFSjZTMHQ0Y0RaeVFWRRAB,IconWhite,3,"กินโปร 888 ได้ของหวาน แค่ พุดดิ้ง 4 อัน
แตงโม 1 เสี้ยว สัปรด 1 เสี้ยว และ ฝรั่ง 1 เสี้ยว

ไม่เหมาะกับคนชอบกินหลากหลาย ถ้ามาเจาะจงกินเนื้อ ก็คิดว่าที่นี่น่าจะเหมาะกับคุณ

ใครที่กินเนื้อไม่ได้ ของอย่างอื่นก็มีให้เลือกไม่เยอะ

น้ำจิ้มมีไม่ครบ ขาดโคชูจัง

ถือว่ามาลองกินครั้งเดียวแล้วกันนะ"
ChdDSUhNMG9nS0VJQ0FnSUN5enQyOC1RRRAB,Varisa Wong,4,อร่อย เนื้อวัวดี บุฟเฟต์มีเมนูหลากหลาย หากขับรถมา ต้องไปจอดในซอยข้างๆร้าน ซึ่งค่าที่จอดรถค่อนข้างแพง
ChdDSUhNMG9nS0VJQ0FnSUNlaDgzbjRnRRAB,Apinya Pradittaphonlert,4,ทานชุด 699 เมื่อก่อน 599 มีเนื้อวากิวไม่อั้นคือดีงาม หอยเชลล์และกุ้งสดและเด้ง ส่วนเนื้ออื่นๆในชุดก็อร่อยหมด เพื่อความชัวร์ควรจองมาก่อนเพราะคนเต็มตลอด อาหารออกค่อนข้างช้าบางอย่างหมดก็ไม่แจ้งก่อนต้องตามถึงทราบ
Ci9DQUlRQUNvZENodHljRjlvT2xreE9IZHFlVmxpTUhSZldIUTFTVlZRY0hGMFdGRRAB,Jaturong Kiewdee,5,จัด 888 มาเด็ดครับ คุณภาพ
ChZDSUhNMG9nS0VJQ0FnSURzNlBIZUdnEAE,Boony Beau,5,Have a chance to try both of Guru Gyuu and Bargyuu. I must say I am impressed with the quality of the beef i.e super tender and taste incredibly good. The prices are very reasonable comparing to the qualities. My suggestion is to either go for BarGyuu or order the Wagyu A4  a la carte at Guru Gyuu.
ChZDSUhNMG9nS0VJQ0FnSUN5bUpuWExBEAE,T-RIT MEMEOUN,5,ไม่ต้องบอกว่าอร่อยแค่ไหน  ดูรูปล่ะกัน  ใครมาที่นี่ ควรจอดรถบิ๊กซีสะพานควายนะ  ถ้ามาจอดในซอยข้างร้าน  ค่าจอดแม่งแพงเกิน  กินไมาเป็นสุข  กลัวโดนฟันค่าจอดรถ
ChdDSUhNMG9nS0VJQ0FnSUMwNnBxOG13RRAB,Oaddybeing B,4,Buffet 3 ราคา max สุดที่ 699 มีซาชิมิ (ปลาดิบ) ด้วย อาหารคุณภาพดี เนื้อหลายแบบ พนักงานบริการดี ขยันเปลี่ยนเตา 😂 …
ChZDSUhNMG9nS0VJQ0FnSUNsNW9YUk1BEAE,tung jungting,5,"สายเนื้อ จบที่ 888 net มีน้ำเปล่าให้ ถ้าต้องการน้ำอัดลมมีบวกเพิ่มแต่ก็คุ้มราคา เพราะคุณภาพของอาหารดีมากกก ⭐️⭐️⭐️⭐️⭐️ ไปหลายครั้งแล้วคุณภาพก็ดืเหมือนเดิม ที่มีรูปเดียวเพราะเสืยดายเวลาที่จะได้กินเนื้อดีๆ

สิ่งที่ไม่ควรพลาด
- โซโตะโมโมะวากิว ย่างแล้วกินกับต้นหอม และกระเทียมสด
- ลิ้นวัว นุ่มกรึบ อร่อย
- ปลาไข่ ย่างข้างๆ เตา จะได้ไม่ติด
- ไข่ตุ๋น นุ่มมากก
- พริกหยวก/แตงกวา
- แซลมอนซาซิมิ ถ้าปรับปรุงโชยุได้จะดีมาก

เตาปิ้งดี พนักงานบริการดีมาก มีที่จอดรถในซอย แต่ช่องจอดค่อนข้างเล็ก"
ChdDSUhNMG9nS0VJQ0FnSURzNmU2cXF3RRAB,Xyzxyz,5,"Omg this is really good.
Best meal of my 4 day trip. Prices are ok as well, but i ordered a la carte instead of buffet. Regretted my choice, should have ordered the buffet instead. Will be back to eat this again.
1 not so good thing is, the meat cuts are very thin. But the quality is good. Wont be a problem if you ordered the buffet!
Service was really good as well!"
ChdDSUhNMG9nS0VJQ0FnSUNoOUxxeHRRRRAB,Nut Phoyai,5,888 บาท net ได้แค่น้ำเปล่า บริการดี ของได้ไว ไม่กั๊ก เน้นกินไม่เน้นบรรยากาศ จอดรถยากหน่อย มีแซลมอน น่าจะมีทูน่าด้วย
ChdDSUhNMG9nS0VJQ0FnSUN2d08tcm13RRAB,Naszha Pimpawatin,4,"เคยกินตั้งแต่อยู่ตรงซอยราชครู ถือว่าเปิดมานานมาก จะร่วม8-10 ปี
ร้านมาตรงนี้ใหญ่ขึ้น มีหลายโต๊ะ
ราคาปรับมาแล้ว
มีราคา happy hour ถือว่าราคาดีเลย
พนักงานนบริการดี"
ChdDSUhNMG9nS0VJQ0FnSUNnMVlDZW93RRAB,Nkr bear,5,"One of the best buffet grilled restaurant in view of taste and worth for money.  There are 3 price offered; without beef, with beef and premium.  with beef is good for meat lovers and premium is very nice meat. It 's a bit expensive but really worth."
ChZDSUhNMG9nS0VJQ0FnSUNNajh5WGJBEAE,Porames Tripeuch,4,"Good for small group lunch. I try 299 ฿ menu. There are 2 types of beef, 3 types of pork and some more menus."
ChZDSUhNMG9nS0VJQ0FnSUQteWZmcEV3EAE,Nilekung Family,5,เนื้ออร่อย น้องพนักงานทำงานหนักค่ะ ไม่ค่อยว่างกันเลย เรียกสั่งออเดอร์ทีก็เกรงใจ แต่น้องๆน่ารักทุกคนนะคะ บรรยากาศเสียงดังค่ะ คนเยอะ ก็เนื้อเค้าอร่อยอะเนอะ
ChdDSUhNMG9nS0VJQ0FnSUNGbWRTNXlnRRAB,Pratumporn Inpow,5,อร่อยมากกกก กอไก่สามล้านตัว แนะนำให้จองก่อนมาเพราะร้านเต็มไวมากค่ะ
ChZDSUhNMG9nS0VJQ0FnSUN3NGF1S05nEAE,prakaipan ถนัดโซ้ย,3,"กติกา ตามป้ายสีแดง ""ย้ำ"" ทุกคนต้องสั่งเครื่องดื่มคนละ 1 แก้ว สั่งแบบขวดแบ่งทั้งโต๊ะไม่ได้ (คนไม่ทานน้ำระหว่างอาหารก็อย่าลืมสั่งน้ำถือกลับด้วย) ยอมรับคุณภาพเนื้อดี ซีฟูดส์สด พนักงานบริการดี ที่จอดรถน้อย แต่ด้านในมี จอดชั่วโมงละ 30฿ ที่ตั้งเดิมเปลี่ยนชื่อแล้ว"
ChZDSUhNMG9nS0VJQ0FnSURudnJXQ2FBEAE,baeYin,5,อร่อยมาก สุดยอดเลยครับ เนื้อคุณภาพดีมาก แต่ราคาสูงเช่นกัน
ChRDSUhNMG9nS0VJQ0FnSURQOGR0cBAB,Nannie Sukanda,5,อาหารอร่อย เนื้อดี ชอบไข่ตุ๋นสุดๆ เนื้อวากิวนุ่มนิ่มละลายในปาก
Ci9DQUlRQUNvZENodHljRjlvT2s0MFR6TjJXVFp1YUdkU2MyVm1ORkJtYnpCVVpuYxAB,BKK snap & bite,2,"Yes they have many variety of choices to choose from. But the quality and the tastes of the food is not as good as it looks. Love the freshness of the spinach salad 👍

I didn’t enjoy it as much as expected to. Got the 599+ buffet with refill green tea. Total bill was 750 baht which is not really match up with my expectation.

The service was OK not as friendly and welcome.  During my lunch hearing noises all the time I asked, they said they are cleaning dishes. Should be just one time visit for me."
Ci9DQUlRQUNvZENodHljRjlvT2taRFQxaDVTR05rWVROc2RYTkVMV0l4VDJkV05uYxAB,Akapatr Chiraarreebutr,4,"ร้านปิ้งย่างบุฟเฟต์ญี่ปุ่นเจ้าดัง มีหลายสาขา มีอาหารให้เลือกเยอะไม่ว่าเป็นเนื้อสัตว์ หรือของทานเล่น น้ำจิ้มก็อร่อย วัตถุดิบดี โดยรวแล้วชอบมาก คุ้มค่าคุ้มราคา พนักงานบริการดี

ราคา : 4/5
คุณภาพ : 5/5
ความอร่อย : 4/5
ความสะอาด : 5/5
ความเร็ว : 4/5
บริการ : 5/5
สถานที่ : 5/5
ความคุ้มค่า : 5/5"
Ci9DQUlRQUNvZENodHljRjlvT21oNU9EUlNWRmR3Y2tGRExWWnhlV0ZNT0RSclRIYxAB,Rattikan T.,5,"Sukiyaki Karubi, ข้าวอบวากิวปลาไหล อร่อยมาก แนะนำๆ ไอติมชาเขียวดี

พนักงานบริการดีสุดๆ ใส่ใจ เต็มใจบริการ"
Ci9DQUlRQUNvZENodHljRjlvT2xWbVMzaFBhemxzWHpKd1QyTkljRjl4WlhBeVJrRRAB,Noeul Noon,5,อาหารคุณภาพดี สมราคา ผักสด พนักงานบริการดีมากคอยเปลี่บนตะแกรงให้ตลอด ใส่ใจดีมาก ดีกว่าสาขาอื่นๆที่เคยกินมา
Ci9DQUlRQUNvZENodHljRjlvT2xZdFIwZ3pOV2htVldsV05YUlVNbDlQWjFGMGRVRRAB,Rawinda,4,สั่ง Lunch Set สเต็กหมูกะทะร้อนค่ะ ได้เนื้อเยอะดีแต่ซอสหวานไปหน่อย กับหมูติดมันเยอะไปนิดนึงค่ะ แต่เซทนี้คุ้มมากๆค่ะ ได้สลัด ซุป ไอศครีมในเซทด้วย
Ci9DQUlRQUNvZENodHljRjlvT21odFEyRlhiVVZ0WjB0aUxWTlZjVU5XYmt0M1puYxAB,Vacharee Aursirisub,5,มาทานเป็นประจำค่ะ  พนักงานดูแลเอาใจใส่ในการบริการเป็นอย่างดี รวดเร็ว เช่น การดูแลของเตา ระดับความร้อนของถ่าน เปลี่ยนตะแกรงโดยไม่ต้องบอกกล่าว คุณภาพอาหาร สดสะอาด อร่อยค่ะ
Ci9DQUlRQUNvZENodHljRjlvT25KSVVVOW9hVXMzZW1vdGFtTkxkM2xCZURsRE5uYxAB,YIF LONG,1,"Was told only 599 baht buffet available. Fine.

Was told salmon is out of stock. Fine.

Was then told over 4 kinds of beef are also out of stock. Didn’t warn me beforehand. Didn’t say a word when I walked in and sat down. That’s way out of line.

And what about all meats being very chewy and not fresh?  Must have been frozen for too long.

Furthermore they have a rule of not accepting foreign credit cards. Tried all of my cards with sufficient balance and was all declined with wired reasons.

The staff were always busy but not attentive enough.

This branch was good 2, 3 years ago but it no longer is in terms of food quality, service and payment process.

Would definitely not go again!"
Ci9DQUlRQUNvZENodHljRjlvT2kxcmMwdFBhbXhSTjJaMU9YWm5jM2szUzJGeWFYYxAB,Pang TheTripleEyelid,5,คุ้มค่าราคา พนักงานสุภาพ ใส่ใจคอยเปลี่บนตัแกรง เนื้อหมูคุณภาพดี แต่อยากให้สามชั้นมันน้อยกว่านี้อีกนิดนึงจะดีกว่านี้ ไอศครีมชาเขียวรสขาติอร่อย ไ
Ci9DQUlRQUNvZENodHljRjlvT2xOcFprdHBUWE5sVGpSbVowcEVVRlozU1daWFRFRRAB,Worawat Theerapattrathamrong,5,"Still the very best BBQ Buffet of all time.
Value for money with good service manners.
This branch is also not too crowded in case you don't want to wait for the long queue."
Ci9DQUlRQUNvZENodHljRjlvT21SQldtZ3lURmRJVTJKV1ExOWpWV2xKZFRCdGMxRRAB,Worawee Khernamnuai,5,อาหารเสิร์ฟไว พนักงานเซอร์วิสดีมาก แนะนำเมนูดี ใช้บัตร JCB ได้ลด 10% แต่เครื่องดื่มไม่รวมต้องสั่งแยกจากเมนู ไอศกรีมอร่อยมาก ร้านปิด 21.00 น.
Ci9DQUlRQUNvZENodHljRjlvT2tSS1oyNUdjekY2VEhGbVVEUkhTWGs0U21GUU5IYxAB,Arnon Bampenpien (Pete),5,"Gyu-Kaku is a well-known buffet spot that offers excellent value for money. Their lunch sets are reasonably priced, high in quality, and perfect for a quick, satisfying meal. Whether you're in the mood for a full buffet or a fast lunch, it’s a solid choice."
Ci9DQUlRQUNvZENodHljRjlvT25kbGJrTkJPV2xNUmpaNE1WbEJPVTFKVG1WdVlVRRAB,Vayla,5,"ทานแบบ lunch set ที่เป็นเนื้อ คุณภาพโอเค แต่เติมได้แค่ข้าวกับซุป ควรเติมเครื่องเคียงกับสลัดได้ด้วย ในราคาขนาดเซตละ 499++
พนักงานบริการดี อาหารมาไว แต่ควรมีเครื่องกดเรียก จะดีกว่า จะได้ไม่ต้องเดินไปเรียกหรือตะโกน"
Ci9DQUlRQUNvZENodHljRjlvT2tSdFUzbElWRXBmWXpsRVZXUnlVV2hYUldSQ2NtYxAB,Trairong Bunyasiriphant,5,Service was excellent! The food was fresh! Reminded of my playstation 2 gyu kaku game from back im the days . Tried the 599 menu will try the others next time l.
Ci9DQUlRQUNvZENodHljRjlvT2pWSFRUUnpVa00wWlhwRk5FcHdOWEpOZFRCSlpHYxAB,chantima Sungkaew,5,"คุณภาพดีมาก,การบริการเอาใจใส่มากๆ บรรยากาศเงียบสงบ นั่งสบายๆๆคะ"
Ci9DQUlRQUNvZENodHljRjlvT21kaGFHcHNhWFZrYTNCWFpGSnJXVkF3ZVU1MVpHYxAB,Worakan Wongprecha,5,ร้านสวยมากกว้างนั่งสบาย ส่วนตัว มีวิว บริการดีมาก คอยเติมน้ำ เปลี่ยนจานให้ เนื้ออร่อยมากกกก
ChZDSUhNMG9nS0VJQ0FnSUNINW9lekpREAE,Patpaphanun Kongtanakunroj,4,"ชอบกินปิ้งย่างร้านนี้หมูดี เนื้อคุณภาพดี สลัดฮอเรนโซอร่อย เครื่องเคียงดี ปกติกินบุฟเฟต์ราคา 599 ตอนนี้ไม่มีเอ็นข้อไก่ทอดแล้ว แต่ก่อนราคานี้มีเอ็นข้อไก่ทอด หมูสเต็ก ตอนนี้โดนตัดออก  ถ้าขอมายองเนสเพิ่มต้องจ่ายตังเพิ่มงงมาก  ชาเขียวรีฟีลรอบนี้ไปทานคือจางมาก
ร้านนี้พุดดิ้งนมอร่อยแนะนำไม่รวมในบุฟเฟต์
ร้านนี้ควรปรับปรุงพนักงานด้านการสื่อสารของพนักงานกับลูกค้าให้ดีขึ้น เคยเจอพนักงานไม่พอใจแล้วเรานั่งใกล้ครัวกระแทกถาดเนื้อที่คืนเพราะออเดอร์มาซ้ำ แล้วแจ้งทางครัวว่าให้ทิ้งเลยลูกค้าไม่เอาแล้ว ซึ่งนั่งอยู่ก็ได้ยิน"
Ci9DQUlRQUNvZENodHljRjlvT2pVM2RVeDFjbGgwUlhWSU9XWjNRVloyWldOVVNIYxAB,Teerapat Prompunjai,5,"Amazing services! Refresh the grill and refill coals regularly, never have to ask for it even once.
The meat is very good, a 599 offers less variety but still top quality. Seafoods though, not very fresh, so you might want to stick to just meat or pork.

Clean and elegant atmosphere, nicely decorated. A few private table to offer with doors to separate you from other tables."
ChdDSUhNMG9nS0VJQ0FnSURGdG91OS1nRRAB,vorawit pattanakamchornkij,5,"ร้านปิ้งย่างญี่ปุ่น รสชาติอร่อย เนื้อคุณภาพดีมาก มีเมนูหลากหลาย

ไปกินที่สาขาอื่นมาก่อน ก็ติดใจอยู่แล้ว พอมาที่นี่ก็แวะเลย เจ้าของร้านน่าจะมาจากญี่ปุ่นทำเพราะเห็นหัวหน้าพนักงานเป็นคนญี่ปุ่น ยิ่งทำให้อยากกินขึ้นไปอีก

แน่นอนว่าต้องมากินปิ้งย่าง เนื้อคุณภาพดี มีให้เลือกหลายส่วนและหลายการหมัก ส่วนตัวชอบแบบหมักน้ำผึ้ง หอมหวาน เนื้อยิ่งนุ่มเข้าไปอีก ส่วนน้ำจิ้มก็เป็นสไตล์ปิ้งย่างญี่ปุ่นเพิ่มพริกกระเทียมเข้าไป อร่อยเชียว อีกอย่างที่อร่อยและติดใจคือสลัดน่าจะเป็นใบผักโขมคลุกมากับน้ำสลัดงา มีเบคอนกับกรอบลอยมา ดีมาก

จากนี้ก็มีอาหารทานเล่น พวกของทอดต่างๆ เช่น เกี๊ยวซ่า เฟรนฟราย สั่งมาชิมได้เลย ตบท้ายด้วยของหวาน จะเป็นไอศกรีมชาเขียวและวนิลา โรยผงสีน้ำตาลมา น่าจะเป็นน้ำตาลและถั่วบดละเอียดคลุกกัน ดีงามมากๆ

บอกเลยว่าเป็นร้านปิ้งย่างอีกร้านที่ดีงามมากๆ สายปิ้งย่างต้องมาให้ได้

#food #foods #yummy #foodblogger #foody #foodlovers #foodgallery #foodphotography #foodmania #foodland #foodhopping #foodstagram #foodhub #foodbangkok #foodalholic #foodstory #dessert #dessertlover #bangkok #bistro #cafe #buffet #yummy #delicious #อิ่ม #อิ่มอร่อย #อิ่มท้อง #อิ่มบุญ #หลับเต็มอิ่ม"
Ci9DQUlRQUNvZENodHljRjlvT25wT1l6WXdPRTFmUjFGUGQzTlhla2hEZERnMU5XYxAB,Koranit M,5,"เนื้อสด รสชาติดี, พนักงานบริการดี,ไอศครีมอร่อย แต่ไม่มีเพิ่มเติม take away ก็ดีนะคะ"
ChdDSUhNMG9nS0VJQ0FnTUNZcEpUZTBnRRAB,perselone S,1,ปกติเป็นร้านโปรดแต่วันนี้ เนื้อไม่สด คีบปุ้บเนื้อขาดจากกันปั้บ พนักงานไม่ค่อยมาเก็บจาน แต่ที่สุดคือเจอน้องแมลงสาบในไอติม
Ci9DQUlRQUNvZENodHljRjlvT2pCRVVsRnNkV0ZTYjNSdkxVOW1TM0F5ZVZKbk5IYxAB,Kamolchanok Kongsiri,5,อร่อย บริการดี รวดเร็ว อยากให้กลับไปเปิดที่ Mega Bangna อีก
Ci9DQUlRQUNvZENodHljRjlvT21SZlpGbHNTR1EzV0U1ZlQydFBRMUJqVUVKelkwRRAB,Apricot Mochi,5,"A frequent place for my family gatherings. Love the service for this BBQ place, the staffs are friendly and attentive. The beef is of great quality for the price, definitely worth the price. Have to say the layout of the restaurant is quite spacious and quiet on weekends, very much recommended for big families who enjoy yakiniku buffet. The parking is great on weekends but weekday parking is very difficult, so might have to call in for those who visit on weekdays. On the whole great experience and will definitely will dine here often."
Ci9DQUlRQUNvZENodHljRjlvT2xOSGQxSlFRazE2V0VsTk5FZHRjbWhwZEZCallWRRAB,Chompu Porsampow,5,มาทานวันเสาร์มื้อเย็น คนน้อย ไม่มีคิว พนักงานบริการดี เปลี่ยนตะแกรงให้บ่อย น้ำไม่มีพร่อง พนักงานใส่ใจ แต่เฟรนซ์ฟราย กับ ถั่วแระญี่ปุ่น หนักเกลือไปนิด โดยรวมคือชอบค่ะ ที่นั่งไม่อึดอัด
Ci9DQUlRQUNvZENodHljRjlvT25Gc2JqTkNVRFJKVjJGbVpHRTFUVUUxZFZKNGJGRRAB,Polake Rawang,5,อร่อยจัดๆเลยครับพี่จ๋า ไม่ไหวแล้ว อิ่มมากก แน่นมาก เนื้อดี ข้าวอร่อย พนักงานบาิการอย่างดี สะอาด พุดดิ้งคือที่หนึ่ง
Ci9DQUlRQUNvZENodHljRjlvT2pGa2NYWlJhSEp5YVZaS2FuTlViWHBtWHpSR04zYxAB,Voraya Primprai,5,บรรยากาศ ดี ร้านโปร่ง สะอาด พนักงานบริการดีมากๆค่ะ
ChdDSUhNMG9nS0VJQ0FnSURocGNUV3BnRRAB,Review เอฟวี่ติงจิงเกอเบล,5,สาขานี้จัดร้านสวยดูดีและดูสะอาดที่สุด ราคา Lunch set คือดีงาม เติมข้าวและน้ำซุปไม่อั้น สาขานี้ทำน้ำซุปอร่อยที่สุดหอมน้ำมันงาและให้สาหร่ายเยอะดี แค่ตัวข้าวทำไมเหมือนข้าวไทยไม่เหมือนข้าวญี่ปุ่นเมื่อก่อนข้าวอร่อยกว่านี้เปลี่ยนยี่ห้อหรือเปล่า อยากให้ใช้แบบเดิม
Ci9DQUlRQUNvZENodHljRjlvT205VVJEWktSamhXWTFOQlpIVnRSbk5UYW14amFVRRAB,Rinlasaya Aswaratvorakul,5,อร่อย คุ้มค่า บริการดีมากค่ะ
Ci9DQUlRQUNvZENodHljRjlvT25SeE9UUTBNRXh1YzBWdlVHcEtjbUpaWVdkak1FRRAB,iii ไอซ์,5,เมนูใหม่อร่อยมากค่ะ พนักงานบริการดีมากๆ
ChZDSUhNMG9nS0VJQ0FnSUNEanZtbmJBEAE,Mmhewy S,5,"Good beef, pork and seafood as well. I choose 1299++, full options of fresh ingredients and side dishes. Not crowd on weekend, however the service is really good and fast."
ChZDSUhNMG9nS0VJQ0FnSUR0c1lYamJ3EAE,M Thana,5,"ร้านอาหารอร่อย คนไม่ค่อยเยอะ ไฟแรงสะใจมาก
มีเมนูให้เลือกเยอะ ราคาไม่แพง"
ChdDSUhNMG9nS0VJQ0FnSUNINHR2QW1nRRAB,小国幸恵,4,Walkable from WSNCC MRT station. Tried lunch set. Most people order all you can eat but lunch sets are tasty and reasonable too. A bit slow services.
Ci9DQUlRQUNvZENodHljRjlvT2xKQk5FVnBUVGhqTUZWR1ZHNWtRMEZ2YmpSbVNsRRAB,Capitan QeemohPilot,5,เนื้อค่อนข้างอร่อยเลยครับ อีกทีผมแนะนำเป็นตัวแฮมเบิร์กชีสในซอสแกงกะหรี่ นอกจากนี้ทางพนักงานของร้านมีความใส่ใจ อธิบายส่วนต่างๆของเนื้อตอนนำมาวางที่โต๊ะ แล้วก็คอยเปลี่ยนตะแกรงให้ตลอด สามารถใช้คำว่าช่างสังเกต มีมารยาทและเอาใจใส่ลูกค้าเป็นอย่างดีครับ
Ci9DQUlRQUNvZENodHljRjlvT21KUlVIVnBOVnBYYW1GdlpXbHhRMDlWVjFKTE5WRRAB,NALINEE POONBUNDITKUL,5,บริการดีมาก นั่งสบาย เหมาะกับสายเนื้อ มีให้เลือกหลายชนิด บุฟเฟต์ 2ชม รวมไอศกรีมวนิลา ชาเขียว
ChdDSUhNMG9nS0VJQ0FnSUNHMVlUMnZRRRAB,Pongsathorn Ten,5,ได้มาลองที่สาขา the parq รสชาติดีมาก มีทั้งเนื้อและหมู ทีเด็ดเลยคือลิ้นวัว นุ่ม กรึบ อร่อย มีทั้งแบบ บุฟเฟ่ และ อะลาคาร์ท แถมมีเซ็ทอาหารกลางวัน ราคาถูก มาพร้อม ข้าวกับ สลัด ขาย ยาวๆ ถึง 16.00 น  สั่ง 1 เซ็ท เติมข้าวได้ตลอด สบายกระเป๋าเลยครับ บุฟเฟ่ก็ราคาไม่แพง คุ้มครับ ปล.ไฟแรง สุดๆร้อนหน้าไปหน่อยแต่เนื้อสุกเร็วดี
ChZDSUhNMG9nS0VJQ0FnSURteTVIMmF3EAE,P. Surattanawanit,4,"(TH/ENG) เป็นสาขาที่คนน้อย ไม่พลุกพล่าน พนง. สามารถบริการได้รวดเร็วและทั่วถึง  วัตถุยังคงมีความสดใหม่ คุณภาพดี โดยเฉพาะเนื้อ ถือว่าดีเยี่ยมเมื่อเทียบกับราคา หอยเชลล์ตัวใหญ่มาก สด เต็มปากเต็มคำสุดๆ ทานคู่กับผักสด เห็ดผัดเนย เข้ากันมากๆ และอย่าลืมสั่งของหวานเป็นไอศกรีมราดน้ำตาลทรายแดง ทานคู่กับพุดดิ้งนม คือฟินจริงๆครับ
.
(ENG) It is a branch with few people, not crowded. Employees can provide quick and thorough service.  The material is still fresh and of good quality, especially the meat.  It is excellent considering the price.  Scallops are very large, fresh, mouth full.  Eat with fresh vegetables, butter sauteed mushrooms, they go very well together and don't forget to order a dessert that is brown sugar ice cream.  Paired with milk pudding  is really perfect."
Ci9DQUlRQUNvZENodHljRjlvT2psbGJYaHdhREZtUkVkd1ZGaGZPSGRHWW10a1RrRRAB,Pohnchuda Maneesai,5,อาหารอร่อย บริการดี เปลี่ยนเตาย่าง เติมน้ำตลอดเลยค่ะ กิมจิรสชาติดีมากๆ
Ci9DQUlRQUNvZENodHljRjlvT2xwMFgyWnVVWGd0WlMxek9ETnBaMlZxYkdwTlJGRRAB,ferdius lambok,5,Overall great service and quality of meat. The staffs are very attentive.
Ci9DQUlRQUNvZENodHljRjlvT205UVNGSXlUSGxzU0hWRFNUYzVUVk5UYlc1VmJHYxAB,Miki Pusayapaibul,5,อาหารอร่อยมาก พนักงานเอาใจใส่ แอร์เย็นฉ่ำ
ChZDSUhNMG9nS0VJQ0FnSUNubTd6bUR3EAE,Jaijaras Sathiropas,1,"เคยมาทานปีที่แล้วดีมาก รอบนี้มาผิดหวัง สั่ง lunch set เนื้อพรีเมียม J, K พนักงานเอาหมูมาเสริฟ เนื้อยังเป็นน้ำแข็ง

ที่แย่สุดคือผักเคียงสามอย่างเสีย กลิ่นเหมือนของบูด

ผู้จัดการร้านดีมากมาดูแลและขอโทษอย่างดี"
Ci9DQUlRQUNvZENodHljRjlvT25aSlpWcHhNSFUyZERKTVlVOVNPV2RxTkVOdWJXYxAB,NOAI,5,อาหารอร่อยมากพนักงานก็บริการดีสม่ำเสมอ วันหลังต้องมากินซ้ำแน่นอนครับ
Ci9DQUlRQUNvZENodHljRjlvT2tNd1ZVSjVVa3h6VkhvelUwTnVOVVk0V1hSTVZVRRAB,SANSERN HOMSANG,5,อาหารสด พนักงานบริการดี เปลี่ยนจานใหม่ให้ตลอด เปลี่ยนตระแกรงใหม่....ให้คะแนนเต็ม100%ไปเลย
ChZDSUhNMG9nS0VJQ0FnSUR1NUxYYVhnEAE,Jesse Lau,4,"It has been a long time since last time I have Japanese style BBQ, finally!!!!!
We have Gyu Kaku in Hong Kong as well. Not surprisingly, it is more cheaper when compare to Hong Kong one. But I enjoyed a similar taste and quality of food. One thing that disappointed me is the nori rice, HK’s one have lots of nori that make the rice so perfect, but the Bangkok one just have only three pieces of nori. Hope the restaurant could improve it in the future!
Other thing are good!"
Ci9DQUlRQUNvZENodHljRjlvT2twR2NUZEVZVVZQUjNkYWJsRmxlVU5TUnpobVYxRRAB,Savin Wangtal,5,"Still my go to place after all these years.
The Boss Harami may take a long time to cook but totally worth it. Ice cream with kinako powder is also great for ending the meal."
ChZDSUhNMG9nS0VJQ0FnSUN5N2J2UERnEAE,Knott Putthajong,5,เลือกบุฟเฟ่ต์เมนู 699++ บาท เนื้อดีคับ คุ้มราคา ซอสหมักอร่อย แนะนำฮารามิหมักเกลือนะคับ ไอติมมีให้เลือก 2รส ส่วนตัวชอบวนิลา เพีาะมากินมากับมันหวานคาราเมล 😆😆 …
ChdDSUhNMG9nS0VMRFp6YURQMlppTDVnRRAB,Navaporn Luengluepunya,3,รอบนี้มาลอง lunch set เมนูไม่ได้เยอะมากแต่ราคาใช้ได้ หมูทงเทกิน้ำซอสหวานไปหน่อย
Ci9DQUlRQUNvZENodHljRjlvT21Sb1FWQkRjVmczVDBKNVdWRnpWalZ3VFd4UVRtYxAB,Tanattabhorn Opassvorarutt,5,คุณภาพอาหารดีมาก บริการดีเยี่ยม ร้านนั่งสบาย เนื้อมีให้เลือกหลายตัวมาก อร่อยๆ
Ci9DQUlRQUNvZENodHljRjlvT21aQ00wVlJUM1JyYnpaSU9EUnZjVlZKY2xkMVVtYxAB,WND SOONTH,5,"Best Staff Service. They took care us in the highest level - change plate, change stove screen, keep filling the green tea.

i do got the best service here.
Thank yoy"
Ci9DQUlRQUNvZENodHljRjlvT25SRU5tZzFjbTVJTjB0emJVeHdkalZCUzJwclQwRRAB,Tan Paptawan,5,"วันนี้มาทานช่วงหยุดยาว คนเงียบมากๆ พนักงานบริการดีทั่วถึง เก็บจานตลอด
อาหารได้คุณภาพตามสั่ง มันน้อยก็มันน้อยจริงๆ"
Ci9DQUlRQUNvZENodHljRjlvT2tjeFZVSkxZbE5vYTNNdFUxSk5Sa2xFWjFoelJuYxAB,Kwanhathai Chaiyo (Giing),5,พนักงานบริการดี อาหารเสิร์ฟไว คุณภาพอาหารดีมากค่ะ เป็นร้านโปรดไปแล้ว
ChZDSUhNMG9nS0VJQ0FnTUNZNk5qQkRnEAE,Wisarut Siravisidporn,1,"เมื่อวานได้ลองชุดปิ้งย่างบุฟเฟ่ 1399++ (1670บาท) ต่อหัวหวังว่าจะได้กินเนื้อวากิวญี่ปุ่นอย่างดี ตอนแรกก็เอะใจแล้ว วากิวเรทติ้งมันแปลกๆ (ใช้คำว่า F1 แทน A..  เช่น A5) แต่ก็เข้ามานั่งแล้ว เกรงใจเขา ไม่เป็นไรลองดู พอสั่งมาลองปิ้งกิน รู้สึกว่ามันไม่ใช่ รสมันเฝื่อนๆมาก มีรสติดลิ้นแปลกๆ ไม่มีความหวานเหมือนวากิวญี่ปุ่นดีๆ

ตอนทานเสร็จน้องๆที่เสริฟมาถามว่าเป็นอย่างไร
ก็ฟีดแบคไปว่า รสชาติมันเฝื่อนๆแปลกๆนะครับ
แต่ก็ไม่ได้ติดใจอะไร ตอนแรกไม่ได้คิดจะรีวิวด้วย
เพราะน้องพนักงานน่ารักมาก และ ก็ให้ใบส่วนลด
15% สำหรับทานครั้งถัดไป
(ซึ่งก็โยนทิ้งเลยเพราะคิดว่าคงไม่ได้กลับไป)

จุดที่ทำให้ต้องรีวิวคือ
หลังจากทานเสร็จกลับบ้าน
(ไม่ได้ทานอะไรอีก)
ปวดบิดหนักมาก ปวดเกร็งท้อง และคลื่นใส้
จนถึงตอนนี้ยังเข้าห้องน้ำไม่หยุด (ตอนนี้คือ 4.34am)

พนักงานยอดเยี่ยมมาก คล่องแคล่ว ดูแลดี
แต่เรื่องอาหารอยากให้ปรับปรุงเพราะราคาที่เก็บก็พอควร สำหรับคนที่คาดหวังว่าจะได้กินวากิวญี่ปุ่นดีดีคงไม่ใช่แม้ราคานี้คือแพงสุดของทางร้านแล้ว

ต้องขอโทษทีมงานด้วย
แต่ทำดีก็ต้องชื่นชม
ทำไม่ดีก็ขอฟีดแบคให้ปรับปรุง"
Ci9DQUlRQUNvZENodHljRjlvT21GaFVGVkxSV1l3WTNwYVJXZEZZM2hJYm1zemVHYxAB,Thunyaluk Khumlertkitpanit,5,พนักงานร้านสาขาเดอะพาร์ค บริการดีมากค่ะ อาหารอร่อยมาก เนื้อดี ไอติมอร่อย
Ci9DQUlRQUNvZENodHljRjlvT2sweVVrVlVPREZvTlcxVVduUm9ZemxNY0UxSExWRRAB,Apaporn (Joya),5,“เนื้อดี น้ำซุปสุกี้ยากี้อร่อย น้ำจิ้มงาดี 😋”
Ci9DQUlRQUNvZENodHljRjlvT2tFMGFubGxZVUppVEZSTWFWSlJSRGxyYVdoUmQxRRAB,bigtu 3T,5,อาหารอร่อย เมนูให้เลือกหลากหลาย น้ำจิ้มอร่อย ครับ พนักงานสุภาพ บริการดี ที่สำคัญ ไอซครีมอร่อย มาก
ChdDSUhNMG9nS0VJQ0FnSUMyNnBTOW9RRRAB,Yutthapol Kulthanun,5,"The famous yakiniku from Japan. Always provide you quality Karubi, Harami and Rosu, with à la carte or buffet serving, likewise other branch, this branch has a connected with Shabu Shabu On-yai."
ChZDSUhNMG9nS0VJQ0FnSUN5NGViZ2VnEAE,wat warin,4,ร้านอาหารดีมาก ชีสหอมมาก กับมัน ส่วนผักกรอบมากเนื้อ ชอบแบบบางไฟแรงดีปิ้งเกือบไม่ทัน
ChZDSUhNMG9nS0VJQ0FnSUNSbktmWlhREAE,Aticha Gabulon,5,"ดูเมนูแล้ว ออกกึ่งๆ ญี่ปุ่นผสมเกาหลี แต่ไม่ได้มีปัญหาอะไร ชอบทั้งสองชาติ

ไปคนเดียว เลยไม่ได้สั่งแบบบุฟเฟต์  เลือกกินเมนูดินเนอร์เนื้อญี่ปุ่น  ในราคานี้ น่าจะเป็นญี่ปุ่นโตในไทย แต่ก็อร่อยอยู่ ไม่ได้ชอบแบบแทรกมันพุ่งปรี๊ด ราคาพุ่งปรื๊ด ขนาดนั้น

ในเซ็ต นอกจากเนื้อแล้ว ก็มีข้าวหนึ่งถ้วย ซุปสาหร่ายหนึ่งถ้วย ผักเคียงเป็น ผักกาดเขียวลวก ถั่วงอกลวก และกิมจิผักกาดขาว น้ำจิ้มให้มาสามแบบ หวาน เปรี้ยวน้ำส้ม กับซอสพริก

รสชาติโอเคทีเดียว ถ้าไปหลายๆ คน เลือกกินแบบบุฟเฟต์คงน่าสนุก แต่กินคนเดียว ก็ไม่น่าจะพลาดอะไรมาก เซ็ตนี้กินอิ่มกำลังพอดีๆ

คิดว่าถ้ามีโอกาสจะกลับไปกินอีก"
Ci9DQUlRQUNvZENodHljRjlvT25wQ1ZIVjViRE5MV2poWWEyMUtSbTV4U3pCeVYwRRAB,Chez'z Techapinyo,5,เป็นร้านอาหารที่อร่อย คุ้มค่ากับราคา นั่งได้นาน
Ci9DQUlRQUNvZENodHljRjlvT25WNFYzUTViMGRWZVRrdExUSjRkRTFYUzFKcVZrRRAB,mj mmj,5,อร่อย บริการดีมากค่ะ
ChdDSUhNMG9nS0VJQ0FnSUNObThHVWpnRRAB,Empowering Mindset,5,Nice beef and side dishes. The side dishes portion will be slightly smaller in size.
Ci9DQUlRQUNvZENodHljRjlvT25kb1VFRnZVblp3ZWtsc05GSkZjRXRoWlhNMmJrRRAB,BhomZilla,5,อร่อยมากครับ พนักงานร้านดูแลดีสุดๆ แนะนำให้มากินครับ
Ci9DQUlRQUNvZENodHljRjlvT21KME4yMDJjMGhxYkdoU2EyZEhSRE4zWVUxQldVRRAB,Chawitree Manowan,5,พนักงานบริการดีมากๆ อาหารอร่อย อาหารออกเร็วมาก
Ci9DQUlRQUNvZENodHljRjlvT2t0TWJWaHlhams0Tm5abFYyVkhhR0ZRZVMweVlVRRAB,URBAN ACTIVE,5,อาหารอร่อย ราคา Lunch set ดีมากค่ะ เติมซุปข้าวชาเขียวไม่อั้น เลิสมากค่ะ
Ci9DQUlRQUNvZENodHljRjlvT2xCeFptdG1ZbkJIYm14aFdGVkNlbnBoV2tkdVdYYxAB,Khem,5,"รู้สึกว่างานบริการดีขึ้น
พนักงานใส่ใจ เปลี่ยนจานเปลี่ยนตะแกรง
เติมน้ำ เก็บจาน 👍🏻"
Ci9DQUlRQUNvZENodHljRjlvT21Kd2JXUkRNMDVwUmpGT2QwRTFOR3hyZUhnNVVFRRAB,Bam Saralporn,5,Lunch Set ราคาไม่แรงมาก refill น้ำซุปและน้ำได้ด้วยค่ะ
Ci9DQUlRQUNvZENodHljRjlvT25nMFRuY3dVMUphUTIxd05tVjNkbFpHU0RSMWNGRRAB,Varamart Laosanthathi,5,"อาหารอร่อยมาก
บริการดีเลิศ"
Ci9DQUlRQUNvZENodHljRjlvT2pObE1FMXJSRGg2V0dFd1QyUm9SMlJ2ZGpkdGJXYxAB,Mai Apisada,5,อาหารอร่อย พนักงานใส่ใจและบริการดีมากๆๆๆ  ประทับใจค่ะ
Ci9DQUlRQUNvZENodHljRjlvT2xBM1RsZDBZbGhGZG01UWREWjVSVlJoUzFoYWJFRRAB,Nitima Kaewmano,5,Meat was delicious and good quality:) but shrimp is not fresh:(
Ci9DQUlRQUNvZENodHljRjlvT2xRdE1tOWhUV3BmT1dSb2JYUTJTMVoxU1hwWldFRRAB,Lapatrada Chuenklin,5,กุ้งแม่น้ำคุณภาพดีมาก คุ้มมาก เครื่องเคียงอร่อย เนื้อริบอาย เนื้อใบพาย ดีมาก คุ้มราคา
ChdDSUhNMG9nS0VJQ0FnSURXby1xRTRRRRAB,Ben C,4,Variety of menu items.Good quality of beef and good service
Ci9DQUlRQUNvZENodHljRjlvT2tOM2EyTjBUV0pCWDNJMFpsb3RiMFI0T1dVME1XYxAB,KOTO MONO,4,"*คุณภาพเนื้อลดลงกว่าก่อนหน้านี้

บริการดี สะอาดดี"
Ci9DQUlRQUNvZENodHljRjlvT2tGUFkzRk1hV0ZrYVY5M1IxSlhUV3gxZW1oaU4zYxAB,Pussakorn Tadsanaivorraphong,5,"อาหารว่าอร่อยแล้ว
เบอร์บริการอร่อยกว่า
บริการ ดีมาก"
Ci9DQUlRQUNvZENodHljRjlvT2tJMk9XcFdTM2hMTVROSGVrNXNWbkJ0Ymt4amNXYxAB,่jannarong auppakankeaw,5,บริการดีมากครับ เนื้อดี
ChdDSUhNMG9nS0VJQ0FnSUQ2eDV6WnlnRRAB,Fai Chanthicha,4,Choice of buffet and a la carte. Really impressed with quality of beef with this price. Nice staff and fast service.
ChZDSUhNMG9nS0VJQ0FnSUNUZzRua0xBEAE,Matthew Campbell,5,"Super good, better then in Japan cause they have seafood sauce and chilis to add to your sauce. If you ate here  in Japan you’ll like it here"
Ci9DQUlRQUNvZENodHljRjlvT21VNU9IcElTekpxZFUxTFNFa3llRXc0WDNnMU5sRRAB,Chayin Srisuk,5,"The meat is great, hardworking staffs. Great service management."
Ci9DQUlRQUNvZENodHljRjlvT21SV09EaDRjV2RqZFhCV01tbGZaRlZ5V25KVE4wRRAB,Sutee Anantsuksomsri,5,อาหารคุณภาพดี คุ้มราคา บริการดีมากๆๆ
Ci9DQUlRQUNvZENodHljRjlvT25SRk1IZGZXVE10WVdscFFtUkxXazVhV1dKeVZrRRAB,รัฐนินทร์ สมบัติวรโรจน์,5,เนื้อดีมาก อร่อยมากครับ พนักงานบริการดีเยี่ยม ชอบครับ
Ci9DQUlRQUNvZENodHljRjlvT2xCdk9YVkdiM3BsVTBsaVpHWnNZaloyYWtSUE5XYxAB,pppenny,5,อาหารอร่อย บริการดี ทุกอย่างโอเคค่ะ
Ci9DQUlRQUNvZENodHljRjlvT2xweVJXTlhNVEZRTkdvM2RISm9WV0pKVVVScE9XYxAB,Nitcha Mint ผู้หญิงบ้าพลัง,5,คุณภาพดี คุ้มราคา ไปบ่อยมากกกก พนักงานบริการดีมากค่ะ
Ci9DQUlRQUNvZENodHljRjlvT2pOeGQxRjFiMjl2VkhaalRWVlRPVU5OY2xsa2NGRRAB,its gonena,5,อร่อยมากกก อยากให้เปิดดึกๆบ้าง นั่งกินเบียร์งี้
Ci9DQUlRQUNvZENodHljRjlvT205a00wdE1kMDlqT1VGb1pqWkpMVGx0YTNOUU9HYxAB,Aom Yampol,4,Good place no large group.  Abit confusing on the bills process.
Ci9DQUlRQUNvZENodHljRjlvT2xaUFdITnlaR1pUYXpGU1pWOVJiRmRtY21NMWVuYxAB,Sinez Khaonongbua,5,บริการดีมาก อาหารสดสะอาด 👍👍
ChZDSUhNMG9nS0VJQ0FnSUQ3OExmRVF3EAE,Nichnicha Phayak,2,ควรแก้ไขในเรื่องบริการ  และการจัดการ รอนานในการเสริฟ ต้องคอยเรียกพนักงานเติมน้ำจิ้ม มีพนักงานห้ามสั่งเกิน เข้าใจว่าสั่งเกินมันเหลือก็ควรเป็นความรับผิดชอบของลูกค้าไม่ควรจำกัดสิทธิในการสั่งอาหาร
Ci9DQUlRQUNvZENodHljRjlvT2pZdFJuWTBhVU5xYjJoTGVHeExkakppZFdWbmFrRRAB,thunrada jitsuraphol,5,อาหารดี น้ำจิ้มอร่อย พนักงานบริการดีมากค่ะ
ChdDSUhNMG9nS0VJQ0FnSUNONnJEVm5RRRAB,Sebas Dpy,2,"พนง. มึนงง มากค่ะ

ยืนรอหน้าร้านสักพัก ไม่มีใครมารับคิว หันมามองแล้วเดินผ่าน บางคนยืนมองกันเฉยๆซะงั้น

พอได้โต๊ะ เราสั่งเซ็ทอาหารกลางวันแบบอะลาคาส ได้รับข้าวและซุป แต่ลืมเสิร์ฟจานเนื้อ พอถามหา ก็หายเข้าครัวไป แล้วออกมาถามว่าสั่งอะไรไป เราก็ลืมชื่อเมนูค่ะ เลยขอเล่มเมนูอีกที เพื่อจะชี้ภาพให้ดู พนง.อีกคนเข้ามา ถามว่าสั่งอะไร กลายเป็นว่าหายไปช่วยกันหาเล่มเมนูกันหมด ตรงนี้ งง เรื่องระบบจัดการออเดอร์มากค่ะ ไม่รู้ว่าลูกค้าออเดอร์อะไรไปทั้งๆที่เสิร์ฟข้าวและซุปแล้วในเซ็ทแล้ว

ครั้งนี้ไม่ได้รับผักเคียงพวกกิมจิและถั่วงอกผัด ไม่แน่ใจว่าเอาออกจากเซ็ทไปแล้วหรือเปล่า เพราะครั้งก่อนเคยได้รับ ครั้งนี้ลืมถามด้วยค่ะ

สั่งไก่คาราอาเกะ ไม่ได้รับ จนย่างเนื้อหมดจานแล้ว และทวงไปกว่าสามรอบ ไก่มาเสิร์ฟตอนอิ่มแล้ว เลยเรียก พนง.ขอห่อกลับบ้าน น่าจะเป็นเด็กใหม่ค่ะ เดินไปถามพนง.อีกคนว่าห่อได้มั้ย งงไปตามๆกัน เราสั่งอะลาคาสนะไม่ใช่บุฟ และค่อนข้างเหลือปริมาณเยอะในจานด้วย

ถามว่าคิดเงินที่โต๊ะเลยได้มั้ย พนง.บอกว่าได้ และนำบิลแจ้งยอดมาให้ เลยเลือกจ่ายบัตรแบบใช้โปรโมชั่น พนง.บอกให้กดรับสิทธิ์ที่แอป จากนั้นเดินหายไปเลย เราก็รอสักพักนึกว่าจะเดินกลับมาหา สุดท้ายเราเดินถือบิลไปคิดเงินที่เคาน์เตอร์อยู่ดีค่ะ เสียค่าเซอร์วิสชาร์จให้การบริการแบบงงๆ"
Ci9DQUlRQUNvZENodHljRjlvT2toR1Eyb3pVRnBHVFRobmMwWmlXbGxmYm1selExRRAB,Gib Ruangkritya,5,"Great lunch set.
Good price"
ChdDSUhNMG9nS0VJQ0FnSURKMnVhTjZnRRAB,sutee ngamaroonchot,3,เนื้อคุณภาพ ไม่ค่อยโอเค เท่าไหร่ ริบอาย เหนียวมาก
Ci9DQUlRQUNvZENodHljRjlvT2w5UlRsQjRabVJ1YWpkUE9YWm5lWFJZTTFaSVFsRRAB,Onn Vipavee,5,"Great meat, deliciousssss and very nice service"
Ci9DQUlRQUNvZENodHljRjlvT205SmVHZE9lRXBVV1Rjek5VWlJUREphV1VGRVVYYxAB,Nimittra Hiransiriswad,5,"Lunch sets are very good, decent amount and affordable price."
Ci9DQUlRQUNvZENodHljRjlvT2pORk1VNTRRVmN5TkhwUExXTjRjR3d6ZFdkWk0wRRAB,Wang Bekay,5,อร่อยมากครับ กินบ่อย ใกล้ออฟฟิศ
ChZDSUhNMG9nS0VJQ0FnSUNsZ0lfb0V3EAE,Papada Kwaengjak,1,บริการแย่ พนักงานงงมาก สั่งอาหารรอนานต้องตามหลายครั้งแล้วยังเสิร์ฟไม่ถูก คิดเงินผิดเป็นราคาคอร์สที่แพงกว่าที่เรากินไป น้ำรีฟีลสั่งสามที่คิดสี่ที่ด้วย ทำเรื่องคืนเงินช้ามากทั้งๆที่ไม่ใช่ความผิดลูกค้า
Ci9DQUlRQUNvZENodHljRjlvT21wd01GaDBUbUZDZG1wMmNVSklRVTV0WTBKSWQwRRAB,Zee Suwan,5,"Tasty grill , best service , good place to dine out."
Ci9DQUlRQUNvZENodHljRjlvT21ocVZqa3lSSEZ6YmxoaVdGWlRVVmhaYkhOcWEzYxAB,SOungLHi,5,พนักงานดูแลใส่ใจมากครับ เปลี่ยนตะแกรงเปลี่ยนจานให้ตลอด
ChZDSUhNMG9nS0VJQ0FnSUNXcnVDMUlnEAE,WAGM,5,"Staffs are very helpful and efficient, overall a good restaurant."
Ci9DQUlRQUNvZENodHljRjlvT2s1Q05tMUpjMmxSYUhKT2FYUjVUVFpEWVZrNWRsRRAB,aphi phewngam,5,อร่อยทุกอย่าง บริการดีมากค่า
ChdDSUhNMG9nS0VJQ0FnSUNtbGVUS2t3RRAB,Jean Sanuk,4,"One interesting restaurant in Bangkok.

Japanese barbecue (yakiniku).

The grill beef buffet at 799 THB has the best value.

Unfortunately they are closed for dinner (buffet last order is at 8.00pm, it's a 2h buffet, which means you need to start your dinner at 5.30pm or 6.00pm max).

Edit June 2024: they changed their menu!
More beef selection, good news.
But they removed their best signature dish, Korean pizza.
And degraded the quality of the ice cream..

Unfortunately they use the ++ price."
Ci9DQUlRQUNvZENodHljRjlvT2sxVVlWa3paMjVGYkdOU2VrUm9RV3hZYjFKcFZtYxAB,บุหลัน ลอยเลื่อน,5,Yummy
Ci9DQUlRQUNvZENodHljRjlvT2treVpqRnZlV1pDU21SeFRVbDZjMVJvYzBkek5FRRAB,Tannavee Boonngamanong,5,อาหารอร่อย บริการดีมากค่ะ
ChZDSUhNMG9nS0VJQ0FnSUNSd1lqVUl3EAE,NaNatt S.,3,"Last order for buffet is 30 mins before the checking out time. After that only drinks can be ordered, in owner’s perspective seems to be fair you can finish it in time for 30 mins but after a meal ice-cream cannot be order. Well, people want some sweets after all and it just scoop of ice cream. Pretty disappointed.

Btw all of your staffs performed an excellent services."
ChZDSUhNMG9nS0VJQ0FnSURKNjdMZ0pBEAE,Vijarn Chotivithayatanin,5,Good for lunch set menu 😊
Ci9DQUlRQUNvZENodHljRjlvT2pOdWJIcGxiRmQ0YUVRNU1ETm5WRVZMTjBaR2QxRRAB,Fan,5,"The price is high, but let me tell you that it is 100% worth it. You have to book an appointment through the app which is easy. On weekdays no deposit, on weekends with deposit which makes sense.

The check-in we did not really know where to go, so we went to the counter and we had to pay there. The staff behind the counter did not tell us where to go so that part was a bit confusing.

We were seated at 126, which was quite far walking to the main part of the buffet.

It is a bit of queuing at the ""order counter"", and is quite hard as there is only one menu hanging there. So you can only check when it is almost time for you to order.

When you order to the staff, it feels a bit like you are ordering in a takeaway restaurant telling the staff the numbers you want and is honestly not very convenient. I would prefer a QR code to order from the table so I don't need to waste time queuing. Or at least make the process easier at the counter.

It did not take away the fact that the food was overwhelmingly good. Every single dish that I tried from starter to dessert is just super delicious. The meat is of top Quality as well the presentation.

I ate so much at lunch that I could not eat in the evening anymore, it was that good!"
Ci9DQUlRQUNvZENodHljRjlvT2pST09WRlhVSEJRTVdOWGVraHRYMUZHWDI5Q1RHYxAB,Nathatai,5,"ห้องอาหารใหญ่มาก คนเยอะ จัดระบบระเบียบดีมาก อาหารสดสะอาด เมนูสเต็กธรรมดา  แนวอาหารญี่ปุ่นคุณภาพดี ซีฟู้ดดี ฟิวชั่นก็ดี ของหวานดีมากคะ อร่อยทุกอย่าง ก๋วยเตี๋ยวน้ำตกอร่อยมาก ซุปเห็ดก็อร่อยมาก
พนักงานบริการดีค่อยเก็บจานตลอด ดูแลดีมาก โดยรวมคือดี
ขอหัก 1 ดาว ส่วนตัวว่าเวลาในการทานน้อยไปคะ บางเมนูกว่าจะเสิร์ฟใช้เวลาครึ่งชม. โต๊ะไกล เดินสนุกเลย
ห้ามพลาด ..ซุปเห็ด กับ ของหวานค่า

***คนที่ไม่เคยมาทาน ควรดูเมนูมาก่อน จะได้ง่ายต่อการสั่ง
** คนธาตุอ่อนระวัง หอยนางรม นะคะ ที่บ้านกลับมาก็ท้องเสียคะ"
Ci9DQUlRQUNvZENodHljRjlvT2t4VVV6ZGtUWEZ5ZURVNVprWlFaRm8yTmxZMlRuYxAB,Gurkensalat,5,"I rarely ever write reviews, but I had to for this place. I’d had a terrible day, and this restaurant didn’t just save my day it saved my whole week.
I arrived with high expectations after hearing so many great things, yet I was still blown away. The staff operates like clockwork incredibly kind, attentive, and genuinely helpful with recommendations. Honestly, I’ve never experienced service this good in my entire life.
I was seated right away, and every staff member spoke fluent English. The food was phenomenal beautifully prepared and served almost instantly. Most of the time, the dishes reached my table before I did, and whenever I left for even a minute, the plates were cleared like magic.This restaurant is a solid 10/10 an absolute must-visit in Bangkok. I’ll definitely be coming back."
Ci9DQUlRQUNvZENodHljRjlvT2kxUGQzVmxaRVkzZERKNWJFRTBXa1J3U1c5alZYYxAB,Suwjn THP,3,"27.11.2025 : อยากให้เปลี่ยนระบบการสั่งอาหารไปสแกนสั่งแล้วดูประวัติการสั่งอาหารได้ค่ะ เข้าไปรับบริการแล้วอาหารมาค่อนข้างช้า และมาไม่ครบ นั่งรอจนง่วงนอน

อาหารอร่อยอร่อยเมนูทำรสชาติออกมาได้โอเค
ขอยกเว้นเมนู กุ้งดอง หมึกดอง รสชาติยังไม่ถูกปาก

เมนูที่ชอบ : ซาซึมิ , ซูชิเนื้อวากิว , ตระกูลสปาเกตตีทำออกมาได้ดี , หอยนางรมอร่อยมาก , ของหวานก็ยังไม่ค่อยถูกใจเท่าไหร่

(เป็นการใช้บริการครั้งที่สาม
เรื่องรสชาติอาหารอะไรที่กินไม่ได้ แบบไม่ชอบมากๆ
ก็จำไว้แล้วไม่สั่งอีก และยังติดเรื่องการสั่งอาหาร
ต้องเดินไปสั่งที่เคาน์เตอร์จุดบริการ
บอกเลขโต๊ะ แล้วรอให้อาหารมาเสิร์ฟ
แต่ละเมนูอาจจะรออาหารไม่เท่ากัน
แต่โดยรวมค่อนข้างช้า และโต๊ะเราได้อาหารไม่ครบค่ะ
ซึ่งเราเองไม่สามารถดูได้ว่าเราสั่งอะไรไปแล้วบ้าง
มีการสอบถามกับพนักงาน
พนักงานแจ้งว่าอาหารของเราไม่ได้ค้างอยู่ที่ครัวแล้ว

ซึ่งกว่าจะรู้ ก็เหมือนจะเสียเวลาไปเกือบ 30 นาที
พอไปสั่งใหม่อาหารก็จะมาช้ามากกว่าเดิม
เพราะว่าคนที่เข้ามารอบต่อไป ทีนี้ก็รอนานหนักเลย

นั่งรอจนง่วงนอนแล้วง่วงนอนอีก
อาหารก็ยังไม่มา ถ้าเปลี่ยนเป็นระบบสแกนสั่ง
แล้วดูประวัติได้ว่าเราเคยสั่งอะไรไปแล้วบ้าง
น่าจะดีกว่านี้ค่ะ)

- ที่อยากให้ปรับปรุงอีกเรื่องนึงคือ บาร์น้ำ ไม่มีน้ำเปล่า
ไลท์สุดน่าจะเป็น ชาเขียวมะลิ (ซึ่งยังหวานอยู่ดี)
ชาไทย หวานมาก (ชาไม่หอม)

- เก้าอี้หนังที่เป็นแตกๆ อยากให้ปรับปรุง ใส่กางเกงขาสั้นนั่งโดนตรงที่มันแตกแล้วเจ็บค่ะ"
Ci9DQUlRQUNvZENodHljRjlvT25aUVNXOUNWM0pKYnpKMFMwaGpjMkZNUlZSUVNtYxAB,JOE HI,5,ร้านเปิดให้กินเป็นรอบๆส่วนตัวคิดว่าการจองค่อนข้างยากถ้าคนที่ไม่ค่อยรู้เทคโนโลยีอาจจะจองไม่ได้ อาหารอร่อยดีมีให้เลือกหลากหลายระบบจัดการในร้านดีมากถึงแม้จะคนเยอะแต่ก็เสิร์ฟได้เร็วอาหารร้อนทุกจาน แต่ถ้าเป็นไปได้อยากให้มีช่องทางสแกนคิวอาร์โค้ดแล้วสั่งเองจากโต๊ะไม่ต้องเดินไปต่อคิวที่เคาน์เตอร์เพราะมันเสียเวลายืนต่อคิว ชอบเนื้อมากทำได้ดี
Ci9DQUlRQUNvZENodHljRjlvT2s0MlIzVkhjM2RYUW5Wc1lWUkJSWEJHZUZreVIyYxAB,Butter Belle,4,"2 ชั่วโมง อิ่มอยู่นะ ตกคนละ1,3xx คือไม่ต้องเผื่อเวลามานั่งรอเยอะ ประทับได้แค่ 3 ชั่วโมงต้องจ่ายส่วนต่างก่อนมารถกระติ๊ดติด รวมอาหารกลางกลางถ้าให้มาสามอีกคงไม่มาอาหารดีอยู่แต่รู้สึกว่าไม่ค่อยคุ้มเท่าไหร่ บริการดีอยู่ แต่ตอนแรกคิดว่าจะดีกว่านี้สุขเค้ามาถึงก็ไม่ร้อนและอาหารกว่าจะมาเสิร์ฟ หมอมาเลี้ยงสังสรรค์กินบุฟเฟ่ต์กับเพื่อนเพื่อนนั่งเม้าส์มอยส์ได้แค่แป๊บเดียว ข้างในร้านตกแต่งสวย มีอาหารหลายชาติและอาหารไทยส่วนใหญ่รสจัดเผ็ดอยู่ถ้ากินไม่เผ็ดต้องบอกว่าไม่เผ็ด อันนี้เพื่อนจองมา"
Ci9DQUlRQUNvZENodHljRjlvT2xwR2VuWjBWMVIyVEZwRlMzRjNjbmszUjNsT1pFRRAB,Puvanai Dardarananda,3,"An Organizational Marvel with Five-Star Service
This well-established buffet restaurant is famed for offering a level of service and efficiency that rivals five-star hotel buffets, and my first visit certainly confirmed its operational prowess. The sheer number of people waiting to get in was amazing, and the entire experience is run with military precision, starting exactly at the noon hour.
The system is highly streamlined: you register to get your table number, and once seated, you find a clean setup of utensils. Most of the hot food is ordered through various stations—you select your items (from grilled meats and pasta dishes to rice and desserts) and give your table number, and the dishes are delivered right to you. There are also self-serve stations for fresh seafood, skewers, fried items, and noodle bowls.
I ordered the roast beef and steak, which arrived within a reasonable ten minutes—a testament to their system's efficiency. While the food was decent, I have to say I was more impressed by the smooth, machine-like service than by the flavors. The staff are constantly moving and highly attentive.
In the end, we spent the full two hours enjoying the atmosphere and flow. It was a good time, but given the price point and the restaurant's reputation, I had expected a greater ""wow"" factor in the taste and depth of the food. It's an experience worth having for the efficiency alone, but one should manage expectations regarding culinary excitement."
Ci9DQUlRQUNvZENodHljRjlvT2pKaVpIbEZRVkJoUmxOM1l6aG5OSGxOZUc1cFRGRRAB,HummingbirdS,4,"อาหารรสชาติดีเกือบทุกเมนู คุณภาพวัตุดิยดี
- ซุปทรัฟเฟิลดี ครัวซองเฉยๆ
- เกาเหลาเนื้อวากิวเข้มข้น สมกับที่หลายคนแนะนำ
- ซุชิ ชอบข้าวซูชิรสเปรี้ยวนิดๆอร่อย"
Ci9DQUlRQUNvZENodHljRjlvT2pBd1lpMXlRWE5PVVVKcFRFcHJka3RKZWxCaE1tYxAB,Pichayapa Sws,5,มีทานสาขานี้รอบ2ในรอบหลายปี รสชาติดี แต่รู้สึกว่าบางเมนูให้น้อยกว่าอีกสาขาค่ะ โดยรวมพนักงานบริการดี อาหารอร่อยหลายอย่าง บางอย่างเฉยๆ สถานที่กว้าง จองง่ายเดินทางง่ายค่ะ
Ci9DQUlRQUNvZENodHljRjlvT25FdGQwRkJTamxSVkZOSGFVODVkR2MyVW5GU2NWRRAB,Fynn Neo,3,"Taste of food ok especially salmon. Not much choices like thise hotel buffet.
Initially get the package A w lobster tail and change to line app booking offer, the service lady told me same package but at the end just normal buffet without the lobster.
Environment ok.
Food quality to improve suspect oyster cause my stomach upset 1hr after, and vomit. Luckily taken charcoal pill immediately as saw other old review with similar food poisoning."
Ci9DQUlRQUNvZENodHljRjlvT2toc2VYQjZNbWxXVTNGYVVXeHVhVU5wZEMweloyYxAB,Ah Kay,4,"The main dishes “lobster with cheese”, “lamb” and “steak” were great add one and definitely great value. Remaining items ordered from the buffet were average, but the desserts were great. Thai milk tea was a highlight and the staffs were friendly and provided good service. Overall a good experience."
Ci9DQUlRQUNvZENodHljRjlvT25JMGN6ZHVURGxyWWt0S2FtSjNWMjFhZVhFeFUwRRAB,Jayden Ho,5,"It is my fourth time coming to cooper, it was one of my highlights in Bangkok trip. I love the vibe. I love the decorations. Although it’s a bit expensive for a dinner which cost around 2000 baht.

However, I think most of the dishes are delivered beyond expectations. That’s why I always come back and enjoy the food and drinks. I come back to this further away location as it’s cheaper than the other branches.

Definitely one of the experience about remember on time !"
Ci9DQUlRQUNvZENodHljRjlvT21kRFptVllOa1ZDTTA5T1ZISllTakZSYTBkTFYwRRAB,Remy Ng,4,"This is like a food haven and you will be drown with luxurious food and desserts. First of all, you need to book a you will be allocated a specific two hour slots. Once you are there, you have to check-in with the receptionist and you will the be assigned to a table. They have almost 10 different types of buffet menu for you to choose from. From unlimited caviar to unlimited foie gras depending on your preference. Each station set up is big and they really handle the food well. We tried almost everything and most of their food was spot on. The only set back is, you might not be able to eat so much (haha) anyway love it and will be back for more"
Ci9DQUlRQUNvZENodHljRjlvT21WaFV6aDVTbmMzYW1KcFVFbG5jM1kyYWxwcVdFRRAB,HimeSan Aricia,5,"⭐️⭐️⭐️⭐️⭐️

มาสาขา The Sense ปิ่นเกล้า บอกเลยว่าประทับใจสุด 🥹 Copper ไม่เคยทำให้ผิดหวังจริง ๆ อาหารคือพรีเมียมทุกอย่าง เริ่มจากเนื้อวาที่ย่างมาหอมฉ่ำ ละลายในปาก สั่งแบบมีเดียมละลายแทบไม่ต้องเคี้ยว ซุปเห็ดทรัฟเฟิลคือเมนูในตำนานที่กินกี่ครั้งก็ไม่เบื่อ 🍄

ซีฟู้ดคือสดมาก หอยนางรมสดเด้ง สายญี่ปุ่นก็คือฟินเพราะมีทั้งซาชิมิแซลมอน ทูน่า ฮามาจิ ชิ้นหนาเต็มคำ 🍣 ของหวานก็ไม่แพ้กัน มีทั้งช็อกโกแลตลาวา ไอศกรีมที่เลือกกินวนได้ไม่อั้น 🍫🍨

บรรยากาศร้านกว้างขวาง โล่งสบาย ไม่แออัด นั่งได้ชิล ๆ จะมากับแฟน เพื่อน หรือครอบครัวก็ดีหมด ✨ พนักงานก็บริการดีมาก เก็บจานเร็ว ยิ้มแย้มตลอด

ราคาถือว่าคุ้มมาก ๆ เมื่อเทียบกับคุณภาพวัตถุดิบและบริการที่ได้ 🏆 ใครอยากหาร้านบุฟเฟต์ที่ครบเครื่อง ทั้งคุณภาพ บรรยากาศ และความพรีเมียม Copper คือคำตอบจริง ๆ สาขา The Sense ปิ่นเกล้าเดินทางสะดวกด้วย 🚗💨

คือถ้าอยากพาคนสำคัญไปเลี้ยง หรืออยากให้รางวัลกับตัวเอง แค่จองแล้วไป Copper ก็พอ ไม่ผิดหวังแน่นอน 💖

ไปวันครบรอบกับแฟน แฮปปี้มาก ❤️✨"
Ci9DQUlRQUNvZENodHljRjlvT21JNVZXcEdXVzEwYUZwT1RteExabGN5TkRSNllWRRAB,Samuel Tan,5,"I booked our group buffet via Klook, and the experience started on a very positive note. Due to an unexpected incident I needed to reschedule: we moved from Saturday to Friday, then split our 6-person booking into two days (3 persons each day). The restaurant’s customer service (via Line chat) was extremely accommodating—no fuss, they handled the changes smoothly. I’ll give full stars just for that level of service.

When we arrived, the buffet selection was impressive. We opted for the main course of lobster (which is one of their premium highlights) and beyond that the unlimited stations included beef cuts, seafood (oysters, prawns, mussels), local Thai dishes, sushi/sashimi, and more. According to their menu listings you’ll find things like “Baked & Torch Canadian Lobster Tail with Trio Cheese Velouté”, “Australian Rangers Valley Wagyu Tomahawk MB9+”, river prawns and large Thai royal oysters.

The food quality overall was very good. The lobster was meaty, the beef cuts were tender, and the seafood counters looked fresh. The dessert section and sushi/sashimi stations were also mentioned by many online reviewers as stand-outs. The venue itself is large and comfortable, which gives you space to move around and enjoy the buffet without feeling too cramped. Many have noted the “fine-dining‐buffet” feel at Copper, even though it’s all-you-can‐eat.

Service during the meal was also excellent. Plates and trays were cleared promptly, staff were responsive, and the ordering system for premium or special mains (depending on package) worked smoothly. The ambiance was modern and the layout quite spacious, which added to the positive impression.

Some practical details to note (based on their public info and what I observed):

Location: 2nd Floor, The Sense Pinklao, 71/50 Borommaratchachonnani Rd, Arun Amarin, Bangkok 10700.

Typical operating hours (from one source): 12:00 pm–7:45 pm daily.

Booking packages: They have multiple tiers (basic buffet + special mains + premium items). Some packages listed: from ~ THB 1,999 for an “Unlimited 9th Anniversary” package.

Advance reservation strongly recommended. Several reviews and guides indicate walk-in risk is high given popularity.

This visit reinforced why this venue is so talked-about. If you’re willing to pay for a premium buffet experience (not just “eat whatever you like” but “eat very good quality and variety”), this hits the mark. The booking flexibility and staff helpfulness added a big plus.

If I were to pick minor areas for improvement: some stations might get busy, and you’ll want to arrive early or during less-peak times to fully enjoy everything.

But overall I would highly recommend this place for a special buffet outing in Bangkok."
Ci9DQUlRQUNvZENodHljRjlvT2xKeU5VSkRSR2hLZFd0VVlsWnZTWGR3U2xobVVVRRAB,kamonrot chanalotpison,5,อันนี้ราคา1900 บาท แต่ถึงว่าคุ้มเลย เพราะ ฟัวกราไม่อั้น นี่กินไป2ชิ้นก็คุ้มแล้ว เช็ตข้าวมันปู อันนี้ดีมาก ก๋วยเตี๋ยวเรือก็อร่อย นี่กินได้ไม่เยอะ ชอบความที่ทุกจานมาแบบ2-3คำ ชิมได้เหลากหลายดี ไม่จุกเกิน มีโอกาสมาอีกแน่นอน  พนักงานบริการดีมาก ทุกคนกระตือรือล้นหมด เสียที่สถานที่กว้างมากเดินไกลสุดๆ  soup ตัวดังไม่ได้อร่อยมาก อย่างอิ่นอร่อยกว่า
Ci9DQUlRQUNvZENodHljRjlvT2sxR05YVlpPRlpqYm5GT1YxRklTMTlOY25kNmQyYxAB,Thitiwarada Henglerdwattanakul,5,"เป็นร้านที่ชอบ และกินบ่อยมากกกกก แต่ก็ไม่ค่อยได้ลง อร่อย วัตถุดิบดี รสชาติอาหารส่วนใหญ่ค่อนข้างถูกปาก คุ้มค่า บริการเร็วมากกกกกก พนักงานทุกคนดูใส่ใจสุดๆ ไม่ว่าจะไปกี่ครั้ง มาตรฐานไม่เคยตกเลย เมื่อก่อนคนแน่น คิวเยอะ จองยาก แต่ตอนหลังมานี้ง่ายขึ้นเยอะเลย วันนึงมีรอบพอสมควร เลือกที่สะดวกได้เลย ชอบตรงที่ไม่ต้องจองนานๆก็ได้กินแล้ว ไม่ว่าจะมากี่ครั้ง ก็ไม่เคยผิดหวังเลยค่ะ

#ซุปทรัฟเฟิลยกให้ของที่นี่คือที่สุดตั้งแต่กินมา"
Ci9DQUlRQUNvZENodHljRjlvT210MWJrbHhTRmxHYTJacmIyOVJRVlJTZEV0c1prRRAB,Noam,2,"The food was mid at best. Most of what you order from waiters and don't take by yourself, is cold when served to you. The only tasty thing that was there was the boat soup and the deep fried chicken. Kind of sad considering we had to pay around 5000 baht in advance for 2 people. The all-you-can-eat buffet isn't worth it when the food is mostly mid or worse."
Ci9DQUlRQUNvZENodHljRjlvT2kxdVJHRTVNalpPVGxOdVZtNUpibGxvYTA5ZlNFRRAB,winrhcp,5,คอปเปอร์ บียอนด์ บุฟเฟ่ต์ เดอะเซ้นส์ ปิ่นเกล้า เป็นบุฟเฟ่ต์คุณภาพที่อาหารหลากหลายมาก ทั้งซีฟู้ด เนื้อย่าง สเต็ก ของทอด ซูชิ รวมถึงเมนูพรีเมียมที่เติมไวไม่ปล่อยให้ขาด รสชาติดีเกือบทุกอย่าง วัตถุดิบสดใหม่ ของหวานก็ดีงามโดยเฉพาะไอศกรีมและเค้ก บรรยากาศร้านกว้าง นั่งสบาย ไม่อึดอัด พนักงานบริการดีมาก คอยเก็บจานตลอด ของหกรีบมาเช็ดให้ ราคาอาจสูงนิดแต่คุ้มกับคุณภาพและความหลากหลาย เหมาะมากสำหรับมื้อพิเศษหรือมากับครอบครัวครับ
Ci9DQUlRQUNvZENodHljRjlvT2xjeFozTTBOM052WjJwSFlUbGFibWd5ZUU5eFpWRRAB,Cikgu Eric Ong,5,"Went there for side by side dining with my wife as written in remark. First, they place me face to face. Then, they realised and politely changed my seat. The food and service is phenomenal. We even got a cake as gift from them too. Even though we are the last table to leave, they still serve us well. Felt so happy for our anniversary dinner. Best buffet I have so far in my life. Love it"
Ci9DQUlRQUNvZENodHljRjlvT2kxSlFVWlhSMUJFVEU1RmIzSlVhbHBYVTJkQmIyYxAB,jaru gill,4,เรากินที่นี่รวมๆ เกือบสิบครั้ง มาบ่อยมากที่นึงเลย แต่ที่เพิ่งมารีวิวเพราะพักหลังๆ คุณภาพของการบริการกับอาหารสวนทางกับราคาที่เพิ่มขึ้น อาหารพวกเสต็กที่อยุ่ตาม สเตชั่นคือ เย็นชืด พนักงานดูแลไม่ทันหลังจากเพิ่มขนาดร้าน อยากให้ร้านมาช่วยอ่านความเห็นเพื่อปรับปรุงให้ดีขึ้น จากใจลุกค้าประจำ
Ci9DQUlRQUNvZENodHljRjlvT2paTk16QXRTRmxLZWxSUmIyZHRUMk4xWmxsYVMxRRAB,Akapatr Chiraarreebutr,5,"บุฟเฟ่ต์นานาชาติขวัญใจชาวไทยรวมถึงชาวต่างชาติ อาจจะจองยากนิดหนึ่งแต่ปัจจุบันถือว่าไม่ได้วุ่นวายหรือว่าต้องรอคิวนานแล้ว แต่ก็ยังคนเต็มทุกรอบโดย ชาวต่างชาติไปกินค่อนข้างเยอะ โดยบุฟเฟ่มีอาหารหลากหลายมาก ไม่ว่าจะเป็นอาหารไทย อาหารตะวันตก อาหารญี่ปุ่น อาหารจีน แต่ละอย่างจะเสริมมาเล็กๆไม่ใหญ่มาก ถ้าไปในวันเสาร์-อาทิตย์หรือวันหยุดนักขัตฤกษ์จะได้กินเนื้อ prime-rib เพิ่มด้วย โดยรวมของทุกอย่างรสชาติดีอร่อยมาก ของหวานก็นับว่าใช้ได้เลยทีเดียว

ราคา : 5/5
คุณภาพ : 5/5
ความอร่อย : 5/5
ความสะอาด : 5/5
ความเร็ว :5/5
บริการ : 5/5
สถานที่ : 5/5
ความคุ้มค่า : 5/5"
Ci9DQUlRQUNvZENodHljRjlvT2taeFJFWTFObFJxZFRSVlpWTTRMVlJaZUY5elQxRRAB,HM Wong,5,"Booked using Hungry Hub app.
The price is high but the ingredients is fresh and of higher quality.
Recommend the lobster tail, fresh oysters and truffle soup. The rest are rather normal.
Service is good. You can actually order food not at the stations to be sent to you.
I enjoyed the dessert very much. 👍🏼👍🏼👍🏼
Surprised with the birthday chocolate pudding 🥰"
Ci9DQUlRQUNvZENodHljRjlvT25OamNtaG5kVkpXTVdndFFqVkdVSGRKYkZaUFFrRRAB,Siriratchakorn .c,5,บรรยากาศเรียบหรูดีมากคะ ทุกอย่างเป็นระบบ ตั้งแต่การจอง การรอคิวหน้าร้าน คนยังเยอะเหมือนเดิม (วันอาทิตย์ รอบ 12:30 น.) อาหารที่สั่งตรงเคาน์เตอร์ได้เร็วทันใจ อาหารมาขนาดพอดี ทำให้ทานได้หลายเมนู อาหารทะเลสดใหม่ รสชาติกลมกล่อม สปาเก็ตตี้ซีฟู๊ดซอสหมึกดำ🦑 ซุปเห็ดทรัฟเฟิล🍄‍🟫ครัวซอง🥐 แนะนำสลัดปูนิ่ม🦀 หอยนางรมสดมากๆ 🦪 ของหวานอร่อยทุกเมนู🍨🍰🍮 ราคาคุ้มค่า อาหารคุณภาพ บริการประทับใจ⭐⭐⭐⭐⭐
Ci9DQUlRQUNvZENodHljRjlvT25Kb1ptUXlhbE4zTkRBNVpXSnJVMUk0U0hRME1WRRAB,Eurng Manita,4,"มาทานคอปเปอร์เป็นครั้งที่ 2 แล้วค่ะ
คุณภาพอาหารโดยรวมถือว่าดีเลยค่ะ รสชาติอร่อย ของสด สะอาด
เมนูอาหารจะเสิร์ฟมาพอร์ชั่นเล็กๆ ส่วนตัวชอบเลยค่ะ เพราะจะได้ทานได้หลายอย่าง
-เมนูครัวซองค์ซุปเห็ดทรัฟเฟิลคืออร่อยมากก ซุปหอม นึ่มละมุนลิ้น
-กุ้งเผาก็เนื้อเด้งฉ่ำมาก
-มาวันเกิดก็แจ้งพนักงานได้ค่ะ เลือกเค้กแล้วพนักงานก็มีการเขียนจานและปักเทียนมาให้"
Ci9DQUlRQUNvZENodHljRjlvT25sWlFYQXlOazVXVnpGcVZqYzBaVEpVTVdkdWRXYxAB,Theeraphorn. P,5,วัตถุดิบดี พรีเมียม foiegras ดีแต่แอบเหนียวไปหน่อย ไลน์อาหารอื่นก็โอเคดีค่ะ ประทับใจซุปทรัฟเฟิลสุดแล้ว กลิ่นหอม มีความมันนิดๆ กลิ่นทรัฟเฟิลชัด แต่ไม่กลบความหอมของครีม 👍🏻
Ci9DQUlRQUNvZENodHljRjlvT2tjelp6SkRSMlJzU0U1bVZuQktTVEZTWjFkYVIwRRAB,Karnrawee Naratham,3,"ลูกชวนไปกินค่ะ เพราะทางร้านมีโปรโมชั่น มีเมนูฟัวกราส์ ไม่อั้น ในราคา 1590.-/ ท่าน (เวลา 2 ชม.) โปรโมชั่นของที่ร้านจะเปลี่ยนไปเรื่อยๆ นะคะ เราไปกินวันเสาร์ รอบ 12.30 น. คนเยอะมากๆ ค่ะ คิดว่าโต๊ะน่าจะเต็มนะคะ

การสั่งอาหารของที่ร้านจะมี 2 แบบ มีแบบที่ไปหยิบได้เลย กับแบบที่ต้องไปสั่งแล้วจะมีพนักงานมาเสิร์ฟให้ที่โต๊ะ สวนเมนูพิเศษของรอบนี้คือฟัวกราส์ สามารถสั่งกับพนักงานที่โต๊ะได้เลย ลูกสาวสั่งไป 5 จาน ทางร้านใช้เวลามากกว่า 30 นาทีนะคะ กว่าจะนำมาเสิร์ฟ

พอทางร้านเริ่มปล่อยคนเข้าไปในร้านแล้ว คนก็จะรีบไปหยิบอาหาร หรือ รีบไปสั่งอาหารไว้ก่อน เพื่อจะได้มีเวลากินได้เยอะๆ ทำให้คิวต่อแถวยาวมาก

ตรงที่สั่งอาหารจะมีอยู่หลายจุด จะมีเมนูแผ่นเล็กๆติดไว้ สำหรับให้เลือกว่าจะสั่งอะไร ทำให้ใช้เวลาค่อนข้างนานต่อการสั่งอาหารของแต่ละคน แนะนำว่าไม่ต้องรีบมากค่ะ ให้นั่งที่โต๊ะก่อนแล้วเข้าไปดูเมนูของร้าน ดูเมนูที่อยากกินแล้วจดเลขของเมนูนั้นไว้ แล้วค่อยลุกไปสั่งที่จุดสั่งอาหารค่ะ สามารถบอกเลขที่จดไว้กับพนักงานที่รับสั่งอาหารได้เลย และควรสั่งไปเลยหลายๆ เมนู เราไปสั่งทีละ 5-10 เมนูเลยค่ะ (สั่งที่เราคิดว่ากินไหวนะคะ) เพราะเขาจะทยอยมาเสิร์ฟค่ะ ซึ่งบางเมนูมาเสิร์ฟช้ามากๆ จนคิดว่าคงตกหล่นไปแล้ว ก็เลยไปสั่งใหม่ สรุปว่ามาเสิร์ฟเบิ้ลเลยค่ะ กรณีนี้เราสามารถตีกลับได้เลยนะคะ อย่ารับไว้หมดเพราะเดี๋ยวจะกินไม่หมดค่ะ เพราะระหว่างที่รออาหารที่สั่งมาเสิร์ฟ เราสามารถไปหยิบอาหารที่ทำสำเร็จเอามากินได้ด้วย อาจจะทำให้อิ่มก่อนได้ค่ะ อาหารแต่ละจานจะเป็นแบบจานเล็กๆ ทำให้สามารถลองกินได้หลายอย่างค่ะ

ลูกสาวที่อยากไปกินฟัวกราส์ไม่อั้น สรุปว่าได้กินไป 5 จาน และกินเมนูอื่นๆไปประมาณ 2-3 อย่างค่ะ ก็เลยบอกลูกไปว่า รอบหน้าเอาเงินค่าบุฟเฟ่ต์ของ 3 คน ไปซื้อฟัวกราส์มาทำกินเองที่บ้าน น่าจะได้ซัก 20-25 ชิ้นเลยนะคะ 😂"
Ci9DQUlRQUNvZENodHljRjlvT21aSlJVMVlVVmhZVkhwTk1Hb3hNMVppUTNkZlkzYxAB,Natsorn Thonggumnerd,5,"อาหารนานาชาติ ราคาและเวลาในการทานคุ้มค่า
เหมาะสำหรับการมื้อพิเศษหรือวันสำคัญได้เลย
รสชาติดี มีความไทยสูง ดีเยี่ยมมากๆ ประทับใจตั้งแต่ครั้งแรก

ที่จอดรถบนอาคาร มีเยอะมาก สามารถแสตมป์บัตรจอดรถได้ที่ร้านเลย

มาตามเวลารอบที่ซื้อได้เลย เผื่อเวลาสัก 10 นาที มีที่นั่งรอเยอะ"
Ci9DQUlRQUNvZENodHljRjlvT2s1c1luVkViR05rYm1oeWVITnljRWhhVjJoTlVXYxAB,Pimchanok Kumlangngam,5,เพิ่งมีโอกาสได้มาครั้งแรก ประทับใจทุกอย่าง ตั้งแต่การจัดการคิว ระบบสั่งอาหาร บรรยากาศร้าน ที่สำคัญคือ อาหารที่หลากหลายและอร่อยมากๆค่ะ วัตถุดิบสดใหม่ ทุกอย่างปรุงรสชาติดี ถูกปากเลยค่ะ ต้องไปซ้ำแน่นอน
Ci9DQUlRQUNvZENodHljRjlvT2xSVExWWTNWVEo2T1dVM1EwZ3pRM1pvWVVsNlRFRRAB,Olena Marunska,5,"What food was great amazing I've got no words to describe it, just delicious, every dish has its flavor. Desserts are unforgettable, I'm not quite sure you can find any of those in Bangkok.
The only issue - super cold, AC was freezing me and the food was cooling down fast."
Ci9DQUlRQUNvZENodHljRjlvT2poRVNsaDNTVzR4WDJwWGFWQnpRMUJ1VEZwT1oxRRAB,Atcha “Alice” Y.,3,"โดยส่วนตัว คุณภาพวัตถุดิบดีมาก ของสด อาหารรสชาติถูกปากไม่ถูกปากคละกันไป แต่ก็รู้สึกว่าราคาสูงไปเมื่อเทียบกับเวลาที่ให้ เวลาไปทานให้ความรู้สึกว่าต้องไปสอบ ต้องไปแข่งขันอะไรสักอย่าง ต้องวางแผนว่าทำอย่างไรให้คุ้มค่ากับการรับประทานอาหารมื้อนี้ เพราะมีเวลาแค่ 2 ชม. การยืนต่อแถวสั่งกับเคาน์เตอร์ก็อาจหมดไปแล้ว 10 นาที หากไม่ได้เตรียมตัวมา การรอหน้าร้าน การต่อแถวเข้าร้าน เหมือนมากินฟรียังไงยังงั้น คราวนี้เป็นครั้งแรกที่ได้ลอง ก็คงจะเป็นครั้งแรกและครั้งสุดท้าย

พนักงานบางคนดูงงๆ ไม่แม่นเรื่องโซนโต๊ะที่ตัวเองดูแลอยู่"
Ci9DQUlRQUNvZENodHljRjlvT2toWmNFczVjVzlmWDBaMlJtTmtRMUJ3ZWxCVGNHYxAB,Kinjonboum,5,"เมนูให้เลือกเยอะ
แต่ละอย่างมาแบบจานเล็กพอดีคำ
ทำให้กินได้หลายอย่าง
ชอบหลายเมนูเลยอย่าง
ซุบทรัฟเฟิล น้ำตก แกงปูใบชะพลู
พนักงานบริการดี คอยดูแล มาเก็บจานตลอด"
Ci9DQUlRQUNvZENodHljRjlvT2pkUlFsRjZabTQwYTA1b05XUTBVMlJrZWs0MVYxRRAB,Yanping Li,5,"รอบนี้มาแทน 1999 โปรฟัวกราไม่อั้น + ล้อปเตอร1 จาน

คุ้มค่าค่ะสำหรับคนชอบแทนฟัวกรา คุณภาพอาหารอย่างอื่นถือว่าดีเลยคะ อร่อยเหมือนเดิม ไม่ว่าจะมากี่ครั้ง👍🏻"
Ci9DQUlRQUNvZENodHljRjlvT2pWaFoycFlTWFo1U21wd01tNW1WMGRsVEZKWFdFRRAB,Jack Worapan,4,"วัตถุดิบดีเลิศ รสชาติอร่อย ทุกจานทำเนื้อสัมผัสดีมาก แม้แต่เส้นก๋วยเตี๋ยวยังลวกได้ดีมาก

แต่กลับไม่ถูกปากเราเท่าไหร่ อาหารไทยไปทางหวานทุกจาน พาสต้าหมึกดำยังทำให้ออกหวานได้ แอบแปลกใจ

ส่วนตระกูลปลาดิบ ซาชิมิ ขออภัยที่กินไม่หมดเลยสักจาน เทมปุระ หวานอีกแล้ว

พยายามหาอาหารที่มีรสเผ็ดเปรี้ยวขมมาแก้เบื่อ ได้หวานมาอีกแล้ว

ทำให้รู้สึกอิ่มและเบื่อไปเอง

โดยรวมคุ้มค่าคุ้มราคามาก ไปกินเมนู 101-105 วนสองรอบ 10 จาน ก็เกินคุ้มกับราคาเริ่มต้นที่จ่ายไปแล้วล่ะ

นอกจากห้าจานนี้ ยังมีแฮมเบิร์กไข่ออนเซ็น อันนี้อย่าพลาด

รอบที่ไปกิน ชาวต่างชาติเยอะมากด้วย"
Ci9DQUlRQUNvZENodHljRjlvT21KRWVIbzJPRmRUYWpKdGJHbzBObWRJU2xrd1lVRRAB,The Angry Stringinstrument,5,The best service you could find. The staffs work very hard to make your experience smooth and pleasant. You never have to worry about empty dishes piling at your table ever here. Everything is cleared out as soon as you're finish with them. The food is amazing in quality and variety. The desserts are the highlight for me. Nice atmosphere with relaxing classy bg music (there was a pretty loud private party happening when I was there but it didn't hinder the overall experience).
Ci9DQUlRQUNvZENodHljRjlvT25CblpXeDZYM0J2VkVGcWFDMWtZMjFuUWt0eFZuYxAB,Yam Asamapohn,5,"Beyond buffet สมชื่อ! ถ้าไปวันธรรมดา แค่จองตอนเช้าก็ได้โต๊ะมื้อค่ำรอบ 19.30 สบาย ๆ ไม่ต้องรอนานเลย 🕢

อาหารคุณภาพดีจริง ทั้งซีฟู้ด เนื้อ และของหวาน อร่อยและคุ้มค่ากับราคาที่จ่าย 🦪🥩🍰
ร้านรีโนเวทใหม่ กว้างมาก✨ ไลท์ติ้งก็ดี ถ่ายรูปมุมไหนก็ออกมาสวยถูกใจสายคอนเทนต์ 📸

โดยรวมคือเป็นบุฟเฟ่ต์ที่ได้ทั้งความอร่อยและประสบการณ์ครบ — มากกว่าการกินบุฟเฟ่ต์ทั่วไปจริง ๆ 💯"
Ci9DQUlRQUNvZENodHljRjlvT2tGR1N6UjFTVkpuTmpKUmNESkxSMkpNYm1OQ2FrRRAB,Kannicha Chuajedtone,5,อาหารดีค่ะ แต่กินเยอะจะเลี่ยน พนังงานบริการดีมากค่ะ ต้องจองไปตามรอบ ทานได้ 2 ชั่วโมงค่ะ
Ci9DQUlRQUNvZENodHljRjlvT214a05HNHRkVkJrYlVweVZrWTVRblJ1WkV0NU0wRRAB,PR,3,วัตถุดิบไม่คุ้มค่าราคาที่จ่ายไปเท่าไหร่ค่ะ  บางอย่างต้องเดินตักซึ่งไกล เช่น บาร์น้ำไนโตรต้องเอาแก้วมาเอง หมดแล้วถึงเติมได้ซึ่ง แก้วเล็กมาก เดินดูดยังไม่ถึงโต้ะเหลือครึ่งแก้วแล้วค่ะ ต้องเสียเวลาเดินไปเดินมา บางอย่างต้องต่อคิวเพื่อกดสั่ง เช่น ส้มตำ ผลไม้ ค่อนข้างเสียเวลาวางไว้ให้ตักจะดีกว่าสำหรับเมนูที่ไม่ต้องการความร้อนหรือพรีเมี่ยม เมนูที่พรีเมี่ยมต้องเดินไปสั่งเข้าใจได้ค่ะแต่บางอย่างมาแล้วไม่ร้อน อันนี้งงค่ะ แล้วการไปให้พนักงานกดสั่งเกิดความผิดพลาดได้ง่ายค่ะ ให้กดสั่งเองที่โต้ะดีกว่า ถ้ากัวสั่งเยอะเกิน สามารถจำกัดการสั่ง หรือตั้งกฎแทนได้นะคะ อีกอย่างคือสั่งซูชิมาเสริฟแต่ไม่มีโชยุกับวาซาบิมาให้ต้องเดินไปหยิบเองควรมาคู่กันค่ะ แต่ให้คะแนนความครีเอทของอาหารสวยงาม บางจานอร่อยเลยค่ะ แต่โดยรวมส่วนตัวยังมองว่าไม่คุ้มกับราคา2000ค่ะ วัตถุดิบตามรร.ดีกว่าถ้าเทียบราคานะคะ
Ci9DQUlRQUNvZENodHljRjlvT2xGblV6Vm9lbGxEYkRCbE0zQlJZVU5hY0c0MmFWRRAB,TAEW,5,อร่อยค่ะ แต่รู้สึกตัวเองยังสั่งไม่คุ้มเลย สาขานี้ร้านสวย โต๊ะเยอะนั่งสบาย แอร์เย็นมาก โดยรวมดีเลยค่ะ ประทับใจ
Ci9DQUlRQUNvZENodHljRjlvT2tVMldtTk1URFpUZDJoR00wTk1hbHBmUTBnelpuYxAB,Billy Than,4,"เป็นบุฟเฟ่ต์ที่ให้คะแนนเรื่องวัตถุดิบที่ได้คุณภาพและจัดร้านสวยงามพนักงานมีจำนวนค่อนข้างมากให้บริการอาหารที่หลากหลายเมนู

ต้องจองล่วงหน้าและแบ่งเป็นรอบทำให้ต้องมาถึงก่อนเวลาและเช็คอินเพื่อรับที่นั่งว่าได้นั่งโต๊ะไหน ซึ่งสำคัญมากในการสั่งอาหาร เพราะจะมีโซนที่จะเขียนว่า order here เราจะต้องเลือกว่าสั่งเมนูไหนแล้วให้ทางครัวทำออกมาซึ่งตรงนี้ยังถือว่าจัดการได้ไม่ค่อยดี เพราะรอนานมากกว่าจะทยอยมา บางทีก็คิดว่าคงไม่มาแล้วทำให้กินอย่างอื่นไปจนอิ่มทำให้ทานไม่ไหว

จะแบ่งโซนที่นั่งเป็น 3 โซนซึ่งก็จะมีโซนที่ซ้ำๆกันอยู่ แต่บาร์อาหารบางโซนจะมีลิ้นวัว ไพร์มริบส์ ซี่โครงหมู ซึ่งท่านั่งโซนด้านที่ติดกับรีเซฟชั่นก็จะไม่ทราบเลยต้องเดินไปอีกฟากหนึ่งสุดทาง ส่วนโซนน้ำก็จะมีสวนน้ำอัดลมและอีกฟากหนึ่งก็จะเป็นโซนน้ำชาเขียวมะลิน้ำพั้นซ์และน้ำชาเย็นโบราณ

ทำให้ผู้ใหญ่หรือคนที่ไม่เดินให้ทั่วก็จะพลาดโอกาสไปได้ ซึ่งก็ไม่มีป้ายบอกที่ชัดเจนอาจจะต้องช่างสังเกตนิดนึง"
Ci9DQUlRQUNvZENodHljRjlvT2xGdE56WjNabTlXVkhoeWJtaGhTM2hFU0hOdGMzYxAB,Tunyada S,5,คนเยอะ แต่ที่ร้านจัดระเบียบดี มาทานเป็นครั้งที่ 2 แล้ว อาการอร่อย ควรดูเมนูมาก่อน เข้าไปจะได้สั่งได้เลย
Ci9DQUlRQUNvZENodHljRjlvT21wS2VXTjBjM3BUYlhCaGRWQlRXREZoV0V4eFYyYxAB,COACH LEE,5,"อาหารมีความหลากหลายเยอะมากแบบระเบิด สั่งมาก็ไม่มีทางกินครบทุกอย่างแน่นอน แต่ละจานทำออกมาละเอียดและดูหรูหรา คุ้มค่าที่จะสั่งมาลองชิมสักครั้ง

อาหารออกเร็วมาก ไม่ทำให้เสียเวลาในการกิน มีแต่กลัวว่าสั่งเร็วเกินไปจนยังไม่ทันได้กินก็มาอีกแล้ว

เมนคอร์สแต่ละอย่างคือสุดยอดจริง ๆ รสชาติทำให้ต่อมรับรสตื่นเต้นแบบเต็มที่ คำเดียวที่อธิบายได้คือ “ฟิน”

ถ้าเป็นไปได้ อยากกลับมากินอีกครั้ง 🤩

ข้อควรระวังเล็กน้อย: ชานมไข่มุกหวานมาก รสหวานล้วน ๆ คนที่ไม่ชอบกินหวานควรเลี่ยง"
Ci9DQUlRQUNvZENodHljRjlvT2tOME5GWnJObk15WkdjMGVUVjFTak01WW00MFVXYxAB,Punnatorn Vechaputi,5,"คอปเปอร์ สุดยอดร้านบุฟเฟ่ต์ มีเมนูมากมายอาหารทุกรูปแบบ หลากหลายเชื้อชาติ สดใหม่ สะอาด อร่อยทุกเมนู Portion ไม่ใหญ่มาก สามารถทานได้หลากหลายเมนูก่อนที่จะอิ่ม มีของหวานเยอะสุดๆ ระบบการสั่งจัดการได้ดีมากๆ ร้านกว้างนั่งสบายสุดๆ

แนะนำเมนู
ลิ้นวัวซูวีด์
Sashimi ต่างๆ (ฮามาจิ แซลม่อน กุ้ง หอย)
อกเป็ดรมควัน
ฟัวกราส์ (Foie gras)
Panacotta"
Ci9DQUlRQUNvZENodHljRjlvT2xGeGVIaFVjelZWUzI1SlNEbEtlR2h6YmpaNFpGRRAB,Pimnapat Taevongcharoenjai,4,"📍หลายๆเมนูอร่อยมากค่ะ พวกเมนูเนื้อใช้เนื้อดี เสต็กสุกกำลังดี พาสต้าเริสๆๆๆๆ เริสเกือบทุกตัว แต่ตัวสปาหมึกดำแอยติดรสขมๆ ส่วนเกาเหลาคือเลิศที่สุดดดด อีเมไปหลายถ้วยมาก ชอบมาก

📍ในบางเมนูที่เป็นพวกเมนูฟิวชั่นแปลกๆ รสชาติเอ๋มาก เข้าไม่ถึง รสชาติส่วนผสมไม่เข้ากันเลย (ความคิดเห็นส่วนตัว)

📍ไปวันธรรมดา คนน้อยดีมาก ไม่วุ่นวาย ของเสิร์ฟไว พนักงานเจ็บจานไว แต่หน้าแอบตึงๆเหวี่ยงๆ 😂 โดยรวมดีค่ะ แนะนำ"
Ci9DQUlRQUNvZENodHljRjlvT2pCUFlWVlVkV2x4U1c4eWNXeDVORXQ1YVZwT2RuYxAB,Nopphasorn N.,5,"COPPER Beyond Buffet - หัวละ 1,599฿
สาขา : The Sense ปิ่นเกล้า
ราคา: คนละ 1,599฿

เมนูไฮไลต์ที่เลิฟมาก!
1. สเต๊กปลากะพง ซอสต้มยํา
ปลาเนื้อแน่นสด ซอสรสต้มยำเข้มชัน
2. สเต๊กเนื้อออสเตรเลียนสันนอก
สั่งแบบ Medium rare ฉ่ำๆ จิ้มเกลือนิดๆ ฟิน~
3. หอยเซลล์ฮอกไกโด ครีมดอกกะหล่ำย่างมาแบบหอมๆ ซอสอร่อย

ของหวาน: ชอบพานาคอตต้าวนิลา ละมุนมาก หอม

เครื่องดื่มไนโตร: ชาเขียวมะลิ (อร่อยมากกก สดชื่น)

ข้อดีที่รู้สึกชัด: วัตถุดิบดีมากๆ ทุกอย่างสด! หอยกุ้งปูปลา เนื้อแน่น ฉ่ำ เด้ง

สรุป: รู้สึกคุ้มกับราคาสมเหตุสมผล อยากไปกินอีก"
Ci9DQUlRQUNvZENodHljRjlvT25OWFMzaDVVa1Y0VWtrNFIweGhhVWRUZFdSWFVXYxAB,Jaa J,4,"ร้านใช้วัตถุดิบดีจริงนะ โดยเฉพาะพวกเนื้อ ๆ ทั้งหลาย คุณภาพคือดีเกินมาตรฐานบุฟเฟ่ต์ทั่วไปอยู่

ล็อบสเตอร์ดี เนื้อแน่น หวาน สดใช้ได้ เสิร์ฟมาเร็วมาก ตั้งแต่นั่งจุ่มแรก
ข้าวซอยก็คืออร่อย ซุปหอม รสเข้มกำลังดี แต่จานใหญ่มาก ถ้ากินหมดคืออิ่มได้เลยตั้งแต่ต้นมื้อ

ต่อด้วยสเต้กเนื้อวากิว ซึ่งควรจะเป็นไฮไลต์ แต่กลายเป็นเซอไพรส์ เพราะพอชันใหญ่มาก แบบในรูปนึกว่าแค่พอดีคำ แต่ของจริงมาแบบเบิ้มอีกนิดเท่าร้านเขียว

หลังจากนั้นคือเริ่มงงกับหลายจาน โดยเฉพาะพวกที่ซอสเยอะ ๆ เหมือนตั้งใจจะซับซ้อน มีเลเยอร์ แต่รสจริง ๆ กลับไม่เข้ากันเท่าไหร่
มีจานหอยที่ราดซอสเสาวรส หวานจัด เปรี้ยวจี้ดจนกลบรสหอยหมด กินไปแล้วสงสัยว่า “ทำมาให้ใครกินกันแน่” (ไม่ใช่เราแล้ว1)

ซุปทรัฟเฟิลที่คนชอบกันเยอะ ส่วนตัวว่าเหมือนนมรสเห็ดมากกว่า กลิ่นหอมก็จริง แต่รสเหมือนไม่ไปไหน

เมนูดี ๆ ก็มีนะ แต่ต้อง “หาให้เจอ” และวางแผนลำดับกินให้ดี ไม่งั้นคือพังเร็วมากตั้งแต่เริ่ม เสียงประกาศเอยใดช้งเช้งจีนโวยวุ่นวายมากไม่สมกับราคาเกือบสองพัน"
Ci9DQUlRQUNvZENodHljRjlvT2tZeVQxaERiVlF0Vm5RMFNUUnVkVzVzUkhNdFJHYxAB,Boonyapak,5,"อาหารมีให้เลือกหลากหลายแต่ละจานตกแต่งสวยงามรสชาติอร่อยเกือบทุกเมนู มีแบบสั่งแล้วเสริฟ์ถึงโต๊ะด้วยและมีแบบเดินไปเลือกเองหยิบเอง เมนูเยอะหลากหลาย เสียดายวันนี้ถ่ายรูปมาน้อยไปหน่อย พนักงานดูแลเอาใจใส่ดีมาก มารยาทดี บรรยากาศดี สถานที่สะอาด  การจัดการเป็นระบบ
แนะนำให้จองล่วงหน้านะคะ😊"
Ci9DQUlRQUNvZENodHljRjlvT21Sb2IwMWtNVFZhVVdkYVRtSnpWM1JYUm1kQ1IyYxAB,p p,5,"ร้านบุฟเฟ่ต์อีกร้านในใจ ร้านกว้างขวาง ไม่แออัด พนักงานน่ารัก บริการดี ยิ้มแย้ม เรียกได้ตลอด
เมนูอร่อยเยอะมาก  ทานจนอิ่มคุ้ม ชากาแฟ เครื่องดื่มรวมหมดแล้ว
แนะนำให้จองมาก่อน  มีเป็นรอบ
ที่ถ่ายรูปมา  ถ่ายมาไม่หมด ทานมากกว่านี้😆
ฟัวกราส์ ให้ชิ้นใหญ่จุใจ ไม่อั้น
ลอปสเตอร์สุกกำลังดี"
Ci9DQUlRQUNvZENodHljRjlvT25ablJIcFJOa2hDWDNaUFNqUm9aV3h5WDJScFVFRRAB,Qingzhe Tan,5,"best buffet I had in my life, words can’t describe how good the food is. I had 4 other buffets in Bangkok before this (they were good but not as good as this) and this is hands down the most worth it buffet in Thailand!
I can’t wait to return here in the future 😋"
Ci9DQUlRQUNvZENodHljRjlvT2xsc01ucFJkV2t0V0ZKNk1HTkdTMWQ2YmxsT2RuYxAB,Patthranit Ratpatthrawarin,5,ก๋วยเตี๋ยวอร่อยจริง บรรยากาสดี จัดระบบเป็นระเบียน เข้าร้านพร้อมกัน เดินตามกันเหมือนมารถทัวร์เลย
ChZDSUhNMG9nS0VKcTc0TkxsMmFYZFh3EAE,Kay Cee,5,"คุณภาพ คงที่คงวามาก
กินมาหลายปี ตั้งแต่ยังไม่ renovate
ยีงไม่เคยรีวิว

เทียบกับร้านที่พยายามจะขึ้นมาแข่งถือว่ายังห่างกันมาก

ซอร์ฟตัวโชว์ยังคงอร่อยไม่เปลี่ยนแปลง

รอบนี้มาด้วยความอยากกินฟัวกราห์
จัดไปเต็มเต็มแบบไม่มีขี้เหนียว

สเต็กเนื้อย่างได้ดี  มีหอยเป๋าฮื้ออีกต่างหาก

รสชาติกับวัตถุดิบพิถีพิถันทุกชั้น

ในระดับบุฟเฟ่ต์ ระดับหัวละ 2000
ถือว่าที่นี่เป็นเบอร์ต้น

พวกซาชิมิต่างๆก็คุณภาพดีมากสดทุกอย่าง"
Ci9DQUlRQUNvZENodHljRjlvT25oNFZtODRhMjl2Wld4NWJXbDFlbGhwVUdOTVozYxAB,Panisara,4,หลังจากไม่ได้ทานมาสักพัก เห็นโปร foiegras เลยมาอีก โดยรวมการจัดการคิวและ food station ดีขึ้นมาก แทบไม่ต้องรอเลย อาหารคุณภาพโอเคเหมือนเดิม อร่อย แต่ foiegras คิดว่า burn มาน้อยเกินไป ทำให้กลิ่นไม่หอมและค่อนข้างเลี่ยน ถ้า burn เยอะกว่านี้หอมอร่อยและมันกำลังดีมาก แอบเสียดาย มากินเพราะเมนูนี้แต่ดันไม่โอเค มาการองทรัฟเฟิลพึ่งเคยลองครั้งแรก ก็อร่อยดีแต่หวานไปนิดนึง
Ci9DQUlRQUNvZENodHljRjlvT2xSVGJHdGpRakJpUkdwUUxWRjJURVJQVFRjM1kwRRAB,Kansinee W.,3,"ใช้วัตถุดิบดี แต่หักดาวเพราะรสชาติอาหารปรุงมาหวานแทบทุกจาน หวานมากกก จนเลี่ยน ทานได้ไม่เท่าไรก็ต้องหยุด รู้สึกไม่คุ้ม ช่วยบอกพ่อครัวแม่ครัว เบาน้ำเชื่อมหน่อยเหอะ แต่ของหวานกลับไม่หวานเลี่ยนเหมือนของคาว อร่อยดี ซาซิมิสดชิ้นใหญ่ดีค่ะ ฟรัวกาส์ทำออกมาได้ดีมาก ส่วนสเต็กเนื้อทำความสุกกำลังดีตามที่สั่งเลย ปล.เราไปทานเมื่อวันที่ 28/07/25 ที่ผ่านมา แพคเกจฟรัวกาส์ 1,599฿"
Ci9DQUlRQUNvZENodHljRjlvT2xWV2QzRlpiMmxzYldack5WSmZRV3hwYlhnMUxXYxAB,Nana L,1,สั่งทาร์ตข้าวโพดมา รู้สึกว่าเปรี้ยวๆไม่แน่ใจว่าเป็นรสชาติที่ตั้งใจทำให้เป็นแบบนี้รึเปล่า กับตอนทานขนมจีนน้ำยาปูแล้วรู้สึกแปลกๆ พอกลับมาก็อาเจียน ในชีวิตกินบุฟเฟ่ต์ไม่เคยเป็นแบบนี้ และระหว่างทาน ระวังตัวเองตลอดไม่ให้สั่งเยอะหรืออิ่มเกินไป คนที่ไปด้วยก็มีอาการ คลื่นไส้ ผะอืดผะอมเหมือนกัน
Ci9DQUlRQUNvZENodHljRjlvT25ObVNIa3hURjlYZVhkTGRtMXhhV3hrVGkxdFptYxAB,LaLi,5,"เป็นบุฟเฟ่ต์ที่วัตถุดิบดีมากมีคุณภาพ อร่อยมาก
ประทับใจมากไม่เสียดายเงินที่ได้มาทานเลยค่ะ
ทุกอย่างสด สะอาด เริ๊ดในเริ๊ด😘"
Ci9DQUlRQUNvZENodHljRjlvT2pCeWNVbFRORU5PZVRGMVRVTnJaR2RzT0U5WGVuYxAB,FateOfChaos Leonado DaVince,5,"ไปกินโปรฟัวกรา
อาหารดีมาไว อร่อยเกือบทุกอย่าง
ซาซิมิดีมาก+++แนะนำให้กิน
ซูชิดี เนื้อดี ของหวานดี

ของหวานดีหลากหลายชิ้นไม่ใหญ่เกิน
ไม่หวานจนแสบคอ
ใครสายของหวาน++ให้ลองอย่างละ1ได้เลย
แต่วาฟเฟิลออกไปทางเฉยๆ ค่อนข้างชืดๆแข็งๆไม่ค่อยชอบ

สเต็กปลาๆ ไม่ค่อยชอบรู้สึกว่าแข็งไป

บาร์อาหารแอบไกลในหลายๆจุด
บาร์น้ำชาไกลจากอีกฝั่งพอตัว
ถ้าทำสแกนสั่งในแอปไปเลยน่าจะดีกว่า"
Ci9DQUlRQUNvZENodHljRjlvT2xCcVpWcEZMWEJ4Ym1wVWVtTlRjREJTYjE5WVExRRAB,Soon Nerd,4,จัดวางระบบไว้ได้ดีมาก flow ทุกอย่างดีมาก อาหารก็ดี ไม่ต้องรอนาน คุณภาพอาหารดีตามเคย มาทานกับทีม 3 รอบแล้ว
Ci9DQUlRQUNvZENodHljRjlvT21KNVRsVkhaSEZNTWpsUlR6STJUVU0yY0VGNlprRRAB,Kanokporn Kaewjamras,5,วัตถุดิบสด รสชาติอร่อย เมนูหลากหลายตามมาตรฐาน ราคามีหลายคอร์สให้เลือก ส่วนตัวว่าขนมหวานมากไปหน่อย
Ci9DQUlRQUNvZENodHljRjlvT21GZk5tbDRTRkJzWkRsUU15MW9VWEJVUTBwcWNXYxAB,PAWIKA,1,"พาครอบครัวไปทานกัน 5 คน รอบ 12:30 น. วันอาทิตย์ที่ 23 พฤศจิกายน 2568 หลังทานเสร็จประมาณ 30 นาทีทุกคนมีอาการท้องเสียเหมือนอาหารเป็นพิษ คลื่นไส้ อาเจียน ทุกคนถ่ายท้องเกิน 4 รอบ พยายามติดต่อร้านแล้วแจ้งว่ามีอาการท้องเสียกันทุกคน ร้านตอบว่าให้เอาใบรับรองแพทย์มาเบิกกับประกันที่ร้านทำเอาไว้ได้
ถามจริงเถอะ เปิดร้านอาหาร แล้วขายไม่ถูกนะคะราคานี้ ไม่ได้กินซี้ซัว จองแล้วจ่ายเงินมากินด้วย หัวละ 1,349 บาท 5 คน 6,745 บาท ถ้าอาหารไม่อร่อยก็จะไม่บ่นนะเพราะความอร่อยมันเป็นเรื่องส่วนบุคคล แต่อาหารไม่สะอาดและไม่ถูกสุขลักษณะแบบนี้เอามาขายให้คนทานไม่ได้ค่ะ มันอันตรายมากนะ แล้วร้านไม่คิดจะรับผิดชอบอะไรมากกว่านี้เลยหรอ เสียทั้งเงินเสียทั้งเวลาเสียทั้งสุขภาพ ruined our day สุดๆ ถ้าขายอาหารแล้วต้องลุ้นเอาว่าจะกินแล้วท้องเสียหรือเปล่ามันไม่ใช่แล้ว โคตรผิดหวังเลย จะไม่อุดหนุนอีกต่อไป แล้วไม่แนะนำให้ใครไปทานด้วย"
Ci9DQUlRQUNvZENodHljRjlvT2xJMWFWQnhiR3BOZEhCNlZtWlhTRFp0YVVOc2VIYxAB,Natif Rahamim,5,"⭐️⭐️⭐️⭐️⭐️
One of the best restaurants I’ve ever been to. The food was excellent, and the atmosphere and design were amazing. Everything felt perfect from start to finish. I’ll definitely come back again."
Ci9DQUlRQUNvZENodHljRjlvT2xSelRVSXlhazlqTkdwVmJqaFlRa055UjFCUmRYYxAB,ARRGirl,5,"อาหารอร่อยเหมือนเดิมค่ะ
คนไม่เยอะในวันธรรมดา มาทานได้แบบสบายๆ
อยากให้มีการสั่งจากที่โต๊ะไม่ต้องเดินจัง จะได้มาอุดหนุนบ่อยกว่านี้"
Ci9DQUlRQUNvZENodHljRjlvT2tkU2IwRnlTRVk1UTI5VmNuQlBSbTFvVDFkb1RVRRAB,My Love,5,ร้านอาหารที่คัดสรร อาหารขนาดพอดีคำเพื่อให้ทานได่หลายอย่าง แต่ละอย่างพรีเมียมมาก วัตถุดิบสดใหม่ สมราคา
Ci9DQUlRQUNvZENodHljRjlvT25NMU16TnZkRE5OT0ZCTVlYRndVekZCTkVOTlExRRAB,Itthiwat Khumsaart,5,คุ้มค่าคุ้มราคาแน่นอน ทุกจานคัดสรรมาจากวัตถุดิบที่คุณภาพ อร่อยเกือบทุกจาน จานไม่ใหญ่เกินไปกินได้หลายเมนู
Ci9DQUlRQUNvZENodHljRjlvT25sdlJWWnJhbU5SWmpGbVYzbHBNWHBpVW1Wb01rRRAB,Bao Chau Pham,5,"all-time-favourite buffet. Been there twice and never disappointed. so many choices. Quick service. Sufficient staffs. the price can scare you a bit but the quality meets the price. Good to great ingredients, great taste, nice decoration. Tips: When entering, go straight to ala-cart station, give them you table number and book the dishes in advance there. Also, although they are not so strict with penanlty with food waste, be sure you dont order too much (look like most of people also follow that manner) ."
ChdDSUhNMG9nS0VQalp0N1BDcE9xbHp3RRAB,mmeimeii,5,"💗ทานโปร 1,999 ฿ กิน 2 คน

✨Overall: ดี เหมาะกับวันสำคัญ กินปีละครั้งได้ ถ้ารวยหน่อยก็เดือนละครั้งฮีลใจ อาหารมาไวมาก  รสชาติปานกลาง-ดี พนักงานดี บรรยากาศดี แอร์เย็น
❌ไม่เหมาะสำหรับคนขี้เกียจเดิน คนที่มีผู้สูงอายุมาด้วยเยอะ เพราะเดินมีระยะทางอยู่ หรือครอบครัวที่คุยกันเสียงดังมากๆๆๆๆ เพราะร้านค่อนข้างเงียบ

🍽️โต๊ะที่นั่ง: อยากรู้ว่าดวงช่วงนี้ตกหรือขึ้นวัดที่เลขโต๊ะเลย 5555555 แล้วแต่ดวงเลยว่าใครได้นั่งใกล้หรือไกล bar มี zone ริมซ้ายสุดติด bar ขนมหวาน ริมขวาสุดติด bar เนื้อ เอาจริงเราได้นั่งโต๊ะ bar เนื้อก็ไม่ได้รู้สึกเดินไกลจนไม่ไหว ก็สนุกดี ตอนแรกกลัวเพราะอ่าน Review บางคนบอกเดินไกลมาก (🚨ยกเว้นคนที่ไม่ชอบเดิน หรือมากับผู้สูงอายุอาจไม่ค่อยชอบ เพราะเดินสับๆๆ เดินไปเดินมา เหมือนไปกินอาหารโรงแรมดีๆ ที่เราต้องเดินไปตัก)

🍝อาหาร: แล้วแต่ความชอบคน สำหรับเราอยู่ในระดับกลาง-ดี ไม่แย่ บางอย่างที่หลายคนกินแล้ว 10/10 แต่เรารู้สึกเฉยๆ เช่น ก๋วยเตี๋ยว ซุปเห็ด แต่บางอย่างก็อร่อยจริง ลืมชื่อเมนู55555 แต่กินแล้วสดชื่นสีเขียวๆ panna cotta อร่อย Fettuccine อร่อย ชอบแซลม่อนมากกินแล้วเด้งซ้ายเด้งขวา ไอศกรีมเฉยๆ

⏰เวลา: จำกัด 2 ชั่วโมง สำหรับเราอิ่มตั้งแต่ 50 นาที รู้สึกเขาก็ให้เวลามาพอดี ได้กินเยอะ ไม่ได้รู้สึกกินไม่ทัน อาหารมาเร็ว ไม่รอนาน คิวรันไวมาก ไม่ได้รอเหมือนโรงอาหารโรงเรียน

👥 พนักงาน: ดี แต่เจอพนักงานที่ขึ้นเสียงใส่ ส่วนพนักงานอีก 99% คือดีมาก ไม่อยากให้คะแนนน้อยเพราะพนักงานบางคน

🌠บรรยากาศ: ดี เหมือนกินอาหารบุฟเฟ่โรงแรม 5 ดาว บรรยากาศค่อนข้างเงียบ แต่ละคนกินเงียบๆ กินจุบกินจิ๊บ ร้านเหมาะกับพาแฟนไปเดท วันเกิดเล็กๆ ครอบครัวเล็กๆ แต่คิดว่าอาจจะไม่เหมาะกับครอบครัวครอบครัวเสียงดังๆ ชอบตะโกนแหวกโวกโวยวาย555555555555 (แบบบ้านเรา🤣)"
ChdDSUhNMG9nS0VJQ0FnTUNZak5iR2xRRRAB,Pawinee,5,"เป็นบุฟเฟต์นานาชาติที่เราคิดว่าคุ้มค่า คุ้มราคามากที่สุด ไลน์อาหารดีมาก มีครบครันหลายสัญชาติ เมนูอร่อยมีหลายอย่าง
ซุปทรัฟเฟิล
ขนมจีนน้ำยาปู
ซาชิมิ
ก๋วยเตี๋ยวเนื้อ
หอยนางรมสด
ส้มตำ ก็อร่อย
มาการอง ไอศกรีม

เรื่องอาหารมีแบบสั่งตามจุด order และรอเสิร์ฟ รวมถึงแบบที่ไปหยิบเองตามเคาน์เตอร์อาหาร ช่วงแรกของรอบคนจะเยอะ รอสักสิบนาทีคิวจะน้อยลง

สาขานี้เป็นสาขาแรก ขนาดร้านกว้างขวาง จุคนได้เยอะกว่าห้างเกสร ใช้ระบบจองล่วงหน้าเหมือนกัน สาขานี้ไกลตัวเมืองหน่อย แต่คนไม่พลุกพล่านดี

พนักงานบริการดีมีช่วยถือจานมาให้ บริการเสิร์ฟดี เคลียร์จานไว"
Ci9DQUlRQUNvZENodHljRjlvT25NdFp6UkhlSHBKT0hoSVlXOW9jbWxrUm14d1UwRRAB,Bo Leung,5,"Best buffet in Bangkok! Amazing atmosphere and experience. You only have 2 hours and there are so many great stations and made to order dishes. Let's start with the high quality sashimi...excellent! The prime rib is steak house grade. The boat noodle is among the best in Thailand. Great value as well! The made to order dishes like steak, foie gras, salmon, sea bass, sushi, etc. are all wonderful. The drinks station has excellent fruit punch and milk tea. And the lobster with cheese is perfect for kids. And lastly, the desserts are plentiful and delicious. Lots of interesting Thai-Western creations as well. Everyone will leave happy!"
Ci9DQUlRQUNvZENodHljRjlvT2pSWlZsaG9WWGx4UkZCVFZEUkVPRlF5YVhwZlVuYxAB,T P,5,ดีทุกเมนู อาหารหลากหลาย ที่สำคัญดีกว่าบุฟเฟต์โรงแรมหลายๆที่ ที่มีแค่บางเมนูที่โอเค แต่หลายๆเมนูที่เหลือ มีแค่ให้รู้ว่ามีเยอะ แต่คุณภาพไม่ได้เรื่องซักอย่าง
ChZDSUhNMG9nS0VMX1pyX1g0djcyZFJ3EAE,Siri Paijit,5,Recommend international buffet restaurants. Must have dining experience in Thailand. Reservation needed! ร้านบุฟเฟ่ต์นานาชาติ อาหารอร่อยปรุงใหม่สดสะอาด สถานที่สวยงามและสะอาด พนักงานบริการดีแต่งตัวสะอาดและเป็นมิตร มีสถานที่จอดรถ แนะนำว่าควรจองก่อนไปรับประทาน.
Ci9DQUlRQUNvZENodHljRjlvT25KdVFVSmFSSGRhVDBsU2RrMWFWM1I1WjNOa1ZXYxAB,Kriso Sey,5,มาเป็นรอบที่ 3 แล้ว อาหารใช้วัตถุดิบดีมากก คุ้มค่า เหมาะสมกับราคา ปลาดิบ อาหารทะเล พาสต้า อาหารคาว หวาน อร่อยทุกอย่าง ราคารวมน้ำ เครื่องดื่มก็มีให้เลือกเยอะ มาทานทั้งครอบครัว ทั้งเด็กและผู้สูงอายุ ถูกปากกันทุกคน
Ci9DQUlRQUNvZENodHljRjlvT21wT1lXNHhNVXRoUWxsVVNrNXdSSEppTldwQ2JtYxAB,Winnie A.,5,ที่สุดของ Buffet อาหารหลากหลาย Sashimi สดมาก แต่ต้องนั่งรอ รับคิว ประตูเปิด นานไปหน่อยค่ะ ซ้ำแน่นอน
Ci9DQUlRQUNvZENodHljRjlvT21KNmVGZHVVek42WVdGZk9UVlVVa2RUZUdWRWQwRRAB,Pattana Na,5,อาหารอร่อย บรรยากาศเหมือนได้กินฟู้ดคอร์ทแบบบุฟเฟ่ อาหารอร่อย คุณภาพดี
ChdDSUhNMG9nS0VMckI3cXZrN05IRDJRRRAB,Kultiwa Chunpaengngoen,5,"ร้านบุฟเฟ่ต์นานาชาติระดับพรีเมียมที่คัดสรรวัตถุดิบคุณภาพดีเยี่ยม 🥩🦐🍣 🦪 อาหารมีให้เลือกหลากหลาย อาหารคาวครอบคลุมทั้งตะวันตกและตะวันออก อาหารหวานก็มีเยอะเช่นกัน แต่ละจานตกแต่งสวย รสชาติอร่อยแทบทุกเมนู สมกับราคาที่จ่าย

การบริการมีทั้งแบบบริการถึงโต๊ะ และแบบเดินไปเลือกเองตามประเภทอาหาร พนักงานดูแลเอาใจใส่ดี บรรยากาศหรูหรา เป็นระบบ

แนะนำให้จองล่วงหน้า มีจัดเป็นรอบๆ"
Ci9DQUlRQUNvZENodHljRjlvT2tWWGIzZG9OVnB1Wm5aUVlrOU9jV0pNVUhWeVNuYxAB,Grace Bu,5,"Taste: beautiful plating with small portions to taste. Among the many dishes we ordered, the ones that stood out were raw oysters and sashimi, Thai boat noodles with pork ribs, truffle cream soup with croissant, abalone with orzo pasta

Desserts: loved the truffle macaroons, Panna Cotta and Brioche with banana cream

Cost: Baht 1599/pax

Waiting time: NA

Overall: 9/10, worth trying once! Gorgeous interior and there were many locals eating there. Strictly cashless payment."
Ci9DQUlRQUNvZENodHljRjlvT2t0WE16SmlRblUxTlRaeVZubGlaVmRQWW1wWFdXYxAB,Oilly Buell Ivy,5,อาหารอร่อยมากๆๆๆ บริการดีมากๆ  บรรยากาศดีมีสไตล์ รับรองไม่ผิดหวังค่ะ แนะนำให้ลองทุกเมนู
Ci9DQUlRQUNvZENodHljRjlvT2xGcFdGaHhjelZwVUY4M1JsOUROMHhJY2tSeU1rRRAB,Narawara Boonset,5,"วันนี้มีโอกาสได้มาลองคอปเปอร์บุฟเฟ่ต์
อาหารนานาชาติมีให้เลือกหลากหลายมากเลยค่ะ  เมนูที่ต้องลองเลยก็คือก๋วยเตี๋ยวเนื้อวากิว ก๋วยเตี๋ยวรสกลมกล่อมเข้ากับเนื้อนุ่มนุ่มละลายในปากไปเลย ซุปทรัฟเฟิลแล้วก็ครัวซองนี่ต้องลองเหมือนกันนะคะ บริการก็ดีมากๆเลยมีพนักงานคอยเก็บจานให้ตลอดเลยค่ะ เครื่อง ดื่มก็มีให้เลือกหลากหลายมากๆเลยค่ะ ประทับใจสุดสุด"
Ci9DQUlRQUNvZENodHljRjlvT2pCelZVZE1OMHRVUkcxUVkwbGpWMFJTV0hCdVNFRRAB,Chatchon Kunsombat,5,อาหารดี หลากหลายมีคุณภาพ คุ้มค่า ต้องรีบมาเข้าคิว ให้ภาพเล่าเรื่อง
Ci9DQUlRQUNvZENodHljRjlvT25WU1NXSlFUMjE2VlVSVFdGcDBTamRPV1d4WlFXYxAB,Winter T.,5,อร่อยทุกอย่างค่า ทุกเมนู portion เล็กดีค่ะ ทำให้ได้ทานหลากหลายมาก แต่เสียดายที่สั่งก๋วยเตี๋ยวมาก โดนตัดกำลัง ถ้าจำไม่ผิดน่าจะสั่งแบบไม่เอาเส้นก็ได้ อูนางิอร่อยมากกกก ชิ้นใหญ่ ซาชิมิก็อร่อยค่ะ โดยรวมก็โอเคนะคะ บรรยากาศดี แต่เสียงดังมากกกกก เพราะคนเยอะมาก ใครที่อยากจะมาจัดวันเกิดน่าจะไม่โอเค คงไม่ได้มาทานได้บ่อย ๆ ค่ะ
ChdDSUhNMG9nS0VKYTBsX243MS1DazZ3RRAB,Rory Overlunde,5,"An amazing dining experience not to be missed if you're in Bangkok. I highly recommend it.  The only thing I think could be improved is the font size on the menu as it's small, so it takes a while to read what's available."
ChZDSUhNMG9nS0VJQ0FnTUN3LXRiZ1dREAE,Ben C,4,"The visual appeal of Copper Beyond Buffet The Sense Pinklao is undeniable; the restaurant is beautifully decorated. Unfortunately, the food didn't quite match the ambiance. The flavor profile was a mixed bag, with some dishes being genuinely delicious and others falling flat. This inconsistency made for an uneven dining experience. If the kitchen could achieve a more consistent level of quality, it would be a top-tier buffet."
ChZDSUhNMG9nS0VOR29rYmVfa0p6dmFnEAE,Non Gg,4,ไปมาแล้ว 2 รอบ ถือว่าเหมาะสำหรับคนที่ เริ่มต้นกินบุฟเฟ่ หัวละเกิน 1000+ ได้ดีเพราะอาหารหลากหลาย รสชาติดีถูกปากคนไทย พนักงานตอบคำถามได้ดี อาหารไม่รอนานจนเกินไป ครั้งต่อไปจะลองที่บวก กุ้งล๊อบเตอร์
Ci9DQUlRQUNvZENodHljRjlvT2toRU0yOUdRbUpoVGxwTU4wTkZja3hUUzJwWVZYYxAB,Moonlight,5,"Everything is great.
อร่อยคุ้มค่า ราคาสุดคุ้ม
คุณจะไม่ผิดหวัง หากคุณมาทานเมนูที่คุณตั้งใจไว้"
Ci9DQUlRQUNvZENodHljRjlvT2pWdWRXWkZSMDE2UkVWTU5uTTFhbm95UkdOVGRWRRAB,CP PNK,4,"ของพรีเมี่ยม และอร่อย อาหารทะเลสดใหม่
ถูกใจโทมาฮอกมาก เพราะให้แบบไม่ขี้เหนียว กินจนจุกเลยทีเดีบว

เสียดายเรื่องสถานที่และการจัดการที่ต้องให้ลูกค้าเข้าพร้อมกันทีเดียว ทำให้วุ่นวายมาก คนที่ไม่เคยมาแทบจะต้องไปเปิดไกด์ก่อนมา"
ChdDSUhNMG9nS0VNcjNqNFBQdnNDanBRRRAB,piyanan Suw,5,"มาทานปีละครั้ง ปีนี้มาทาน มีชาเย็นทานตอนนั่งรอ อร่อยมากกกกก โดนไปสองแก้ว(แอบหิว) แต่ด้านในก็มีให้ทาน  ไปช่วงวันหยุด เดือนกันยา 68 มีโปรมา2 คนแถมกุ้งล็อบเตอร์อบชีส 1 จาน 🙏🏻
คนเยอะ แต่ไม่แออัด โฟล์วๆ แต่อาหารบ้างอย่างค่นข้างมาช้า สั่งไปแต่แรกๆ แต่มาตอนหลัง(ของเพื่อน) แต่เราได้ครบ🤣  ไม่รู้จะแนะนำเมนูอะไรดี แค่กินเกาเหลาน่ำตกหมูไป4 ชาม ขนมจีนแกงเขียวหวาน2 ของหวานช็อกลาวาไปอีก4 อิ่มมากกกกกกกกก ราคาแพง แต่อาหารมีคุณภาพ และหลากหลาย นานๆไปทีละกัน 💕"
Ci9DQUlRQUNvZENodHljRjlvT2tocFRWZzRkVkJ2YVdFeVRXbzBZblJtYjJ4T09WRRAB,Haru B,4,"Good food, fine dining style for some dishes, very yummy boat noodles, yummy macaroon. Very good service."
ChdDSUhNMG9nS0VJQ0FnTUNvcXZDYjFRRRAB,Prapaporn K,4,"เมนูเยอะหลากหลาย เยอะจนสั่งไม่ถูกเลย แต่2ชม.แปบเดียวเองนะเพราะต้องไปยืนต่อคิวตรงจุดที่ออเดอร์สั่งไว้แล้วรอพนง.มาเสิร์ฟที่โต๊ะ แต่บางเมนูก็ต้องยืนออเดอร์และรอรับเองค่อนข้างเสียเวลาตรงนี้ไป เหมือนกินไม่ครบทุกอย่างเลย บางเมนูตัดกำลังไปเยอะ
ปล.จองในhungry hub THB1990/person"
ChZDSUhNMG9nS0VJQ0FnSURQaWEyZUhnEAE,Fangnaf Noon,5,"มากินหลายรอบมากแล้ว เมนูเปลี่ยนไปตามช่วงไม่เคยลองหมดทุกเมนูสักที แต่รสชาติยังคงความอร่อยมาตลอดถึงจะเป็นเมนูใหม่

แต่ถ้าให้แนะนำคงเป็นซุปเห็ดทรัฟเฟิล อร่อยมาก มาที่ไรต้องหยิบ ส่วนเมนูอีกอันลิ้นวัวเพิ่งดคยได้ลองกินรสชาติดีมาก ไม่เหนียว นุ่มละลายในปาก

ตั้งแต่ร้านทำไมบรรยากาศดีมาก กว้างขวางไม่แออัด แต่อาจจะเดินไกลนิดนึงแต่ถือว่าเดินย่อยไปในตัว แต่รสชาติอาหารทุกอย่างยังคงตามมาตรฐานตลอด ถือว่าดีมากเลน"
Ci9DQUlRQUNvZENodHljRjlvT21OMVEyWTVNV2hXUVRocFEzSnNXaTFwWjAwdFdYYxAB,GungFuu,5,บุฟเฟ่ต์นานาชาติ ต้องจองก่อนไปเท่านั้น ถ้าต้องการความอร่อยแนะนำ แต่อย่าไปคิดว่าคุ้ม ไม่คุ้ม เน้นอร่อย ได้ 2 ชม. จุกๆ
ChZDSUhNMG9nS0VJQ0FnTUR3ck5uZWNREAE,Sukhum Cheff Truengtrachitkul,5,"Just like the name suggests, this place takes buffet dining to the next level. Every dish feels like fine dining—beautifully plated and made with top-quality ingredients. Honestly, it’s the best buffet I’ve ever had. Totally recommended and absolutely unmissable, no debate. The only downside is its location—slightly outside central Bangkok—and the traffic around dinner time can be a nightmare. But trust me, it’s worth the trip!"
Ci9DQUlRQUNvZENodHljRjlvT2xoUlMweGxhbFkwTWxCc1JVWjNObk5wUmxsaFlsRRAB,Fon Fon,5,อาหารอร่อยเกือบทุกอย่างบริการดีรวดเร็วทันใจ มีเคาน์เตอร์ ให้สั่งอาหาร หลายจุดไม่รอนาน
Ci9DQUlRQUNvZENodHljRjlvT201blRqQmxZa2N0YVRGQ1pqazNSV0Y2ZUVaMmRtYxAB,Kobkran Roongreang,5,มีให้เลือกหลากหลาย ส่วนตัวผมชอบก๋วยเตี๋ยวเรือเนื้อวากิวอร่อยสุดๆ 🫶🏻
ChdDSUhNMG9nS0VPXzQzS184cUpfZXFRRRAB,PP R.,5,มีอาหารให้เลือกหลากหลายทั้งคาวหวานหรือของทานเล่น หลายสัญชาติเหมาะกับทุกวัย เมนูยอดฮิตอย่างครัวซองต์กับซุปครีม ซูชิเนื้อวากิวที่จ้าวนิดเดียว ต้องสั่ง สายปลาดิบซาซิมิมีให้เลือกหลายอย่างมาก อาหารรอไม่นาน เพราะต้องจองคิวเข้าไปเป็นรอบๆ
Ci9DQUlRQUNvZENodHljRjlvT25KMVVVMXNZVkZ1U1ZsdFNtUnlhVFIzYUhScExXYxAB,Latte Mint,5,"Best buffet in Thailand !!

Recommend food :
- Authentic Smoked Australian Valley Wagyu Prime Rib
- Lumina Lamb Shortlion
- All type of sashimi (Especially Akaebi , Hokkaido Hotate)
- Thai Style Wagyu beef boat noodle
- Truffle soup

Service : similar to 5 star hotel

Atmosphere : newly renovate, modern with theme COPPER color like the name of shop"
ChZDSUhNMG9nS0VJQ0FnTUNZaUtIeFBnEAE,Ruby P,5,คุณภาพดีตามมาตรฐาน อาหารสดใหม่ รสชาติดีทุกจาน โดยเฉพาะซีฟู้ดที่สด วัตถุดิบโดยรวมดูเลือกมาอย่างดี ไลน์อาหารสะอาด เติมตลอด ไม่มีของวางทิ้งไว้นาน พนักงานดูแลทั่วถึงแต่ไม่จุกจิก บรรยากาศร้านกว้างขวาง ไม่อึดอัด ถึงคนเยอะก็ยังนั่งสบาย ไม่แออัดเหมือนอีกสาขา😅 เมนูมีให้เลือกเยอะพอดี ไม่น้อยไปไม่มากไป กินเพลินแบบไม่รู้สึกฝืน คุ้มค่าและเหมาะกับมื้อพิเศษแบบไม่ต้องทางการเกินไป
ChdDSUhNMG9nS0VJQ0FnSUNQdHRfcDRRRRAB,Xulin Yang,4,"Service(10/10): all staff can speak English so it is very easy to order anything you want at the menu. They collect the used plates so often to make sure you can always have the place for the new dishes.
Food(8/10): you can see the cooking process through the glass, it’s very clean and all the ingredients are so fresh. The taste may not be perfect for everyone but definitely worth the price!
Decoration and atmosphere(10/10): like sitting in a luxury restaurant but the price is acceptable for the most"
ChdDSUhNMG9nS0VJQ0FnSURfdEpTWTFBRRAB,Weiting Wang,5,"Copper Beyond Buffet at The Sense Pinklao is hands down the best buffet I’ve ever experienced! The variety of dishes from around the world is incredible, and the lobster is absolutely unforgettable. I loved how you could either grab food directly or order dishes to be freshly cooked. The desserts were a highlight too—delicate, delicious, and beautifully presented. The interior design is stunning and impeccably clean, creating a luxurious dining atmosphere. The service is top-notch, and the watermelon juice they serve while waiting is such a thoughtful touch. Truly a buffet worth revisiting!"
ChZDSUhNMG9nS0VJQ0FnSURmcmJib09REAE,Thana Chop,5,"ร้านตั้งอยู่ชั้น 2 มาถึงแล้วจะต้องเอาหมายเลขรหัสจองมาเอาเบอร์โต๊ะ เปิดก่อนประมาณ 30 นาที
พอใกล้ๆถึงเวลาก็จะปล่อยให้เข้าไป

อันดับแรก แนะนำให้เตรียมเมนู a la carte หมายเลขที่ต้องการไว้ แล้วก็แจ้งที่ counter order มีอยู่หลายๆที่ ไม่ต้องไปแย่งกันสั่งที่ order ใหล้ททางเข้า
ใช้เวลาราวๆ 10-15 นาที เมนูที่สั่งก็จะเอาไปส่งที่โต๊ะ
ระหว่างนี้ก็ไปเดินหาของกินที่สั่งแล้วรอเอาได้เลย

อันที่ประทับใจสุดคือก๋วยเตี๋ยวเรือเนื่อวากิว อร่อยมา กินไปสามรอบ

ส่วนเมนู a la carte ชอบ 101 มากสุด

ของหวานชอบ ชีสเค้ก

น้ำ แนะนำชามะนาว

ทุกเมนูปรุงและ serve แบบ fine dining เลย
ทำความสุขของ protein ได้พอดีทุกอย่าง
รสชาติแล้วแต่คนชอบ

Portion ไม่ใหญ่มาก แนะนำอย่าเพิ่งสั่งเยอะ
เพราะรอไม่นาน จะได้ไม่ต้องยัดให้ตัวเองทรมาน

ส่วนตัวแนะนำค่อยๆสั่งสัก 5 เมนูก่อน แบบ a la carte มันจะค่อยๆเสริฟมาพอดี แบบกำลังร้อนๆ ไม่งั้นทิ้งไว้เย็นจะไม่อร่อย"
ChZDSUhNMG9nS0VJQ0FnTURvenFpV09REAE,Armen Millerian,5,"Excellent experience. Tried everything from the menu 🤫 most of the menu - delightful and delicious. Food here indeed beyond. Reasonable pricing and outstanding service. Great combination of taste, however some plates were disappinting but the desserts were game changing. Worth to visit this Buffet for sure. Atmosphere will enhance Your experience."
ChZDSUhNMG9nS0VJQ0FnTUNRaXFYb1VnEAE,Navakamon Shop,5,อร่อยมาก มีอาหารหลากหลาย รสดี วัตถุดิบเยี่ยม ซุปเห็ดทรัฟเฟิลอร่อยมาก ขนมโคแนะนำเลย มาการองดีเลยค่ะ ข้าวผัดมันเนื้อหอมมากค่ะอาหารเยอะจนเลือกไม่ถูกเลยค่ะ พนักงานบริการดีมากค่ะ  การจัดการระบบดีค่ะ
ChdDSUhNMG9nS0VJQ0FnSUMzbDYycWdRRRAB,CHATCHAWAN CHAIVISITRAKUL,5,"Copper ชื่อนี้การันตีคุณภาพอยู่แล้ว วันนี้ลองมาทานเซ็ต
Japanese Oguma Wagyu Ribeye A5 Boat Noodle เนื้อนุ่มมาก ก๋วยเตี๋ยวเรือธรรมดาว่าดี อันนี้ beyond กว่า ไป2คน ได้ทาน 4 ชาม แต่เลือกห่อกลับ 2 เพราะชามใหญ่มากกก ส่วนเมนูใหม่ 24 เมนูที่ได้ลองถือว่าเฉยๆส่วนตัวไม่ว้าวเท่าไร แต่สำหรับคนที่มาทานบ่อยๆถือว่าเป็นเมนูที่ใช้หลีกหนีความจำเจได้ดี ส่วนเราไปทานแค่ ฮามาจิ และ ซาชิมิอื่นๆ สเต็ค และ ลิ้นวัว ก็อิ่มจุกแล้ว ของหวานดีโดยเฉพาะชีสเค้กรวงผึ้ง ถ้ามีโอกาสจะกลับมาทานอีก ยกเว้นขี้เกียจขับรถ อาจจะยอมจ่ายแพงเลือกนั่งรฟฟ.ไปที่เกษรแทน 🤣 ใครยังไม่เคยลองแนะนำครับ แบรนด์บุฟเฟ่ต์ที่เปิดมายาวนานกว่า 8 ปี ถ้าไม่ดีจริงคงไม่อยู่ยาวมาถึงทุกวันนี้ วัตถุดิบดี มีความพรีเมียม บริการดี ระบบดี สมควรแก่ราคา ทานแล้วไม่เสียดายเงิน เมนูซิกเนเจอร์เค้าอย่าง ครัวซองค์ซุปทรัฟเฟิล และ ก๋วยเตี๋ยวเนื้อน้ำตกบอกได้เลยว่าหาที่ไหนดีเท่าได้ยาก จากประสบการณ์ที่ทานมาหลายที่ทั้งร้านดังและเชนโรงแรม

การจอง: ผ่านทางไลน์ หรือ Hungryhub (ชำระเงินเลย)
การเข้ารับบริการ: ควรมาก่อน 15-20 นาที เพื่อรับโต๊ะที่นั่ง ตามโซน
การสั่งอาหาร: ผ่านพนักงานที่ประจำจุดต่าง สำหรับเมนูที่ต้องปรุง และ รับอาหารได้ทันทีสำหรับเมนู ซาชิมิ ซุป ก๋วยเตี๋ยวเรือ สเต็คต่างๆ รวมถึงเครื่องดืม

⭐️⭐️⭐️⭐️⭐️ ก๋วยเตี๋ยวเรือวากิว"
Ci9DQUlRQUNvZENodHljRjlvT2pWdVZFUnRWbWRNTjE5TWVXcFljMkpTY1ZkcFkxRRAB,Chomticha S.,5,"Recommended to book via the DQueue app, as walk-ins may need to wait up to an hour. The Mala soup costs an additional 99 baht per table and is worth trying. The 399+ baht per person package includes beef, shrimp, and other items.

The location is a bit hard to access, as it is not close to the main road or any BTS/MRT station."
Ci9DQUlRQUNvZENodHljRjlvT2pCMlJsbHhaRWhuWXpsYVZHUkxkREpGWjFFNVpsRRAB,Nipatchon Navapongsireetorn,5,"ไปกินวันพ่อ 5 ธันวา คนเยอะมาก แต่ดีที่มีระบบจองคิวได้แบบออนไลน์ พอไปถึงร้านก็เลยใช้เวลานั่งรอไม่นานมาก แต่ที่สังเกตเห็นหน้าร้านที่นั่งรอเขามีบริการให้สามารถกินไอศครีมได้เลย
เลือกสั่งบุฟเฟ่ต์ 299 บาทไปกัน 4 คน ยังไม่รวม Vat7% และน้ำซุป 99 จบที่ 1,385 บาท
เนื้อสไลด์ทำออกมาได้ดีเลย เนื้อบางมาก ที่ชอบเลยคือเนื้อออสเตรเลีย นุ่มอร่อย เนื้อโคขุนก็พอได้อยู่ถ้าชอบแบบเคี้ยวๆหน่อย เนื้อมีกลิ่นหอมดี หมูสไลด์ก็ดี มีให้เลือกหลายแบบ มีรายการประเภทเนื้อสัตว์หลายรายการ
ผักสดดี จัดจานออกมาสวยงาม
น้ำซุปหมาล่า ออกแนวสไตล์ไม่เผ็ดมาก กินง่ายหอมน้ำซุปหอมกลิ่นเนื้อ
น้ำจิ้ม ที่ร้านใส่ถาดเล็กๆแบบ3ช่องมาให้เลย มีน้ำน้ำจิ้มถั่ว น้ำจิ้มพริกเผา ตรงกลางเว้นไว้
ส่วนถ้าชอบปรุงน้ำจิ้มเอง ก็สามารถไปผสมเองตามสูตรเฉพาะตัวได้เลย ที่ชั้นน้ำจิ้มมีให้เลือกปรุงมากอยู่
ของหวานมีสั่งได้ตามในรายการ 3-4 อย่าง ชอบแป้งทอดใส่ถั่วแดง หอมอร่อยดีมาก
น้ำดื่มและไอศครีมมีให้เลือกหลายรสชาติมาก ตักเองได้เลย
น้องๆพนักงาน บริการดีมาก เอาใจ่ใส่ลูกค้าดี
มีห้องน้ำอยู่ด้านนอกร้าน สะอาดดี
มีที่จอดรถมาก"
Ci9DQUlRQUNvZENodHljRjlvT2pJd2RIUTRRV3AyZUhaVmRrczNVRmxTVFRScmFFRRAB,Heng Thailand,4,"เพิ่งจะมากินครั้งแรก น้องสาวจองคิวได้ ได้คิวที่40กว่าๆ จองไปตอน11.30 ได้กินตอน บ่าย2 ใครอยากกินต้องอดทนรอนะ

แต่เนื้อหมู เนื้อโคขุนโพนยางคำ สไลด์มาดี
ผักเครื่องเคียง มีครบ
ของกินทอด กินเล่น มีเยอะอยู่

พนักงานบริการรวดเร็ว บริการดี

ถือว่าคุ้มค่าที่รอคิว เรากินจนหมดเวลาเลย
ค่อยกินไม่รีบ"
Ci9DQUlRQUNvZENodHljRjlvT2prMVUwOTBiWEoyWjBVelNIWmhkMHM0TW5CeWJsRRAB,Bestlingchan,3,"เคยจะแวะกิน ไม่รู้ว่าร้านฮิต เห็นคิวแล้วไม่รอ พนักงานแนะนำให้จองคิว พอดีบ้านอยุ่ฝั่งตรงข้าม วันว่างๆ เลยลองกดคิวรออยู่ที่บ้าน 🤣

ลองราคา 399+ vat7% มีค่าน้ำซุป 99 บาทเลือกได้ 2 อย่าง หมาล่าน้ำมันวัวน้ำข้น อร่อยเลือกเผ็ดน้อยได้ ส่วนซุปทองคำส่วนตัวว่าเฉยๆ

อาหารไม่ค่อยตรงปก กุ้งก็ไม่เหมือนในรูป ยิ่งเนื้อวัวยิ่งแล้วใหญ่ บางยิ่งกว่ากระดาษทิชชู่ ถามพนักงานว่าที่ยกมาเสิร์ฟเป็นส่วนไหนบ้าง พนักงานก็แยกไม่ออก 🤣

ขอชมตับหมูสไลด์ได้บาง กินอร่อยมาก แต่จานหลังๆ มาเป็นเศษๆ ไม่มีมาตรฐานเลย

อยากให้มีตะกร้าลวกอาหารที่เกาะขอบหม้อได้แบบตามร้านใหญ่ๆ

สรุปส่วนตัวคิดว่า อาหารไม่ได้แย่ คุณภาพตามราคา แค่ควรลงรูปจริงตามที่เสิร์ฟลูกค้า พนักงานบริการไว น้ำจิ้มอร่อย ที่นั่งไม่ต่อยสบายคล้ายๆโรงอาหาร คนเยอะตลอดเวลา ที่จอดรถน้อย และสุดท้ายขอชื่นชมที่ให้คนแก่คนท้องลัดคิวเข้าก่อนได้ 👍

Tried the 399 THB buffet (+7% VAT), with 99 THB for soup (you can choose 2 types).
The Mala Beef Oil broth was flavorful — rich and spicy, but you can ask for mild. The Golden Soup was just okay in my opinion.

Some dishes didn’t quite match the photos on the menu. The shrimp looked very different, and the beef slices were thinner than tissue paper. When we asked the staff which cut of beef was served, they couldn’t tell either.

One highlight: the pork liver was thinly sliced and very tasty — but later servings came as scraps with no consistency.

It would be great if they offered wire baskets for cooking that hook onto the pot, like big-name hotpot places do.

Overall, food quality is acceptable for the price, but I wish they’d show actual pictures of the servings.
Staff were quick and attentive. Dipping sauces were great.
The seating area felt more like a canteen — not very comfortable — and the place is packed all the time. Limited parking, too.

Shoutout to the staff for giving priority access to elderly and pregnant customers. Respect!"
Ci9DQUlRQUNvZENodHljRjlvT2taNVUzb3pOSEpUWDNveFUwWkRaVFpHWVVSM2QxRRAB,Tanaporn Chaikulngamdee,5,"มาลองครั้งแรกกับเพื่อนที่มาหลายรอบ
ช่วงหลังเลิกงานคนเยอะมาก แต่ระหว่างรอมีเครื่องดื่มและไอศกรีมให้บริการตัวเอง ถือว่าดีเลย
บรรยากาศในร้านอบอวลไปด้วยกลิ่นหมาล่าน่ากินสุดๆ

พนักงานเสิร์ฟบริการไว เดินกันขาสับ
อาหารอร่อย น้ำซุบเลือกมา 2 แบบ

ส่วนตัวชอบน้ำจิ้มหมาล่า รสจัดจ้านถูกใจ
เพื่อนหลายคนติดใจน้ำจิ้มถั่ว เติมแล้วเติมอีก

ราคาสมเหตุสมผล อิ่มคุ้ม มีโอกาสจะกลับไปซ้ำแน่นอน"
Ci9DQUlRQUNvZENodHljRjlvT210SGRscGZORlF3VVVZd2NtUkZkR2xZZG5aM1QxRRAB,Alin young,5,ไปทานหม้อไฟคนเดียว พนักงาน 9015 น่ารักมาก เห็นเราถ่ายเซลฟี่ก็อาสาช่วยถ่ายรูปให้หลายรูปเลย บริการดีเยี่ยม ทุกคนก็บริการดีมากๆ อาหารก็อร่อยมาก มีพนักงานแบบนี้ เชื่อว่าร้านต้องรุ่งเรืองแน่นอนค่ะ
Ci9DQUlRQUNvZENodHljRjlvT2tZMVFrMUtaMDV5YWxkUmNreEthQzFpYTNKNmJXYxAB,Mineo,4,หม่าล่าเข้มข้นอร่อย แต่ไม่ได้อร่อยแตกต่างจากร้านอื่นที่ถึงขั้นต้องรอคิวเป็นชม. ของอาจจะไม่ได้เยอะหลากหลายมากเท่าไหร่
Ci9DQUlRQUNvZENodHljRjlvT21wdVdVNVJTMFZ6UWtkSlFrNW1iMmgxVEVodloxRRAB,Poonynaa Poonynaa,5,เพิ่งมีโอกาสได้มาทานปกติมาต้องรอคิวนานตลอดรอไม่ไหว พอได้กินเข้าใจเลยว่าทำไมรอคิวนาน วัตถุดิบดีสดสะอาดอร่อย พนักงานบริการดี น้ำซุปน้ำจิ้มอร่อยมากค่ะมาซ้ำอีกแน่นอน
Ci9DQUlRQUNvZENodHljRjlvT2pCR1VrSmFWbVkxU1ZGWGRsQktUazlETUMxWlpVRRAB,On The way,4,พนักงานบริการดี อาหารออกไว รอไม่นาน โต๊ะก็ดูว่างแต่คิวเยอะ ในร้านรู้สึกกลิ่นเนื้อแรงไปหน่อย สำหรับคนไม่กินเนื้อ เคยไปสาขาอื่นไม่รู้สึกแบบนี้ ที่จอดรถมีพอสมควร
Ci9DQUlRQUNvZENodHljRjlvT2pSSlFVVnpWR1ZHVEc5cWNrVk5UbTVCVjNCRlduYxAB,Will PvR,5,วันนี้มาลองร้านที่นิยมมากในตอนนี้ วันนี้มาลองในราคา299 น้ำซุปหม่าล่าเข้มข้นรสชาติดี พนักงานบริการดีเยี่ยม ร้านค่อนข้างสะอาด เนื้อและหมูรสชาติดี น้ำจิ้มแนะนำเป็นน้ำจิ้มถั่ว และหม่าล่า มีไอศครีมด้วย  เมนูไลน์อาหารค่อนข้างเยอะ แต่รอคิวค่อนข้างนาน ต้องจองผ่านแอป โดยรวมถือว่าคุ้มค่า
Ci9DQUlRQUNvZENodHljRjlvT2pCVGFUUjNPVzVJV0RsMWIwbEJVa05pVGw4dE0zYxAB,Sinisha Bejrananda,5,"Hotpot Man Shabu Mala สาขาประเวศ
ร้านอยู่บนถนนเฉลิมพระเกียรติ ร.9 ใกล้สามแยก ถนนพัฒนาการตัดใหม่
ไปทานมื้อกลางวัน คนไม่มากเท่าไหร่ แต่ที่มากคือไรเดอร์
อาหารอร่อยมากกก สด สะอาด บริการดีสุด ๆ พนักงานเดินมาดู มาเติม มาถามตลอด
เมนูมีเป็นเล่ม กับแบบสแกน สั่งผ่านแอปได้เลย
น้ำซุปมีหลายแบบให้เลือก น้ำจิ้มปรุงเองได้ มีซุ้มน้ำบริการ ไอศครีมตักเอง
ราคาบุฟเฟ่ต์มีหลายราคาให้เลือก ตามชนิดของวัตถุดิบ
ที่ร้านรับทั้งเงินสด scan จ่าย และ บัตรเครดิต
จอดรถหน้าร้าน ด้านในมีที่จอดรถพอประมาณ แต่คิดว่า ถ้าเป็นมื่อเย็น หรือวันหยุด ที่จอดรถอาจจะไม่เพียงพอ
ห้องน้ำอยู่ด้านนอกร้าน สะอาดใช้ได้ มีทิชชูบริการในห้องน้ำ"
Ci9DQUlRQUNvZENodHljRjlvT21sdmNYcG5WV0o2YWtoNU5HVjRUMlZOU2xWMmFHYxAB,Sun,5,อาหารรสชาติดี ขนมต้องรอหน่อย น้ำซุปมีให้เลือกหลากหลาย มีหลายราคา เริ่มต้นที่299 +vat7%  ใครจะไปกินแนะนำให้จองคิวล่วงหน้า หรือเช็คคิวก่อนจะได้ไม่เสียเวลารอ หรือรอไม่นาน
Ci9DQUlRQUNvZENodHljRjlvT2pkeE5pMVdaVm81Y0hGUFlsQTVSelJzWTFCdFpVRRAB,Opor 2729,5,"ร้านหมาล่าที่กินแล้วดีที่สุด
อร่อยที่สุด ไม่เคยเข้าร้านบุฟเฟ่ต์หมาล่าคนเดียว เป็นร้านที่ทำให้เรากล้าที่จะนั่งกินคนเดียวแบบไม่สนใจใครไม่อยากรอใครวัตถุดิบดี รสชาติโคตรดี น้ำจิ้มโคตรเริ่ด เสียอย่างเดียวกลิ่นติดตัว ยันชุดชั้นใน จะดีมากถ้ามีที่ฟอกอากาศหรือดูดควัน แต่ให้อภัยในความอร่อยและความใส่ใจทุกอย่าง ไอศครีมเผือกกับไมโลคือที่สุดดดดด หมาเหวียน สือปาเปิดประสบการณ์ดีๆ อร่อยๆๆๆๆๆ กินซ้ำวนไป💖💖💖"
Ci9DQUlRQUNvZENodHljRjlvT2tsZk1FTmlNMmxJTkdWdVFXVlFWbU5UV1RBdGMwRRAB,Aey Haloze,3,อาหารไม่ค่อยเหมือนในสื่อ หมูบางมาก ๆ ๆ ๆ กุ้งก็ตัวค่อนข้างเล็ก ยิ่งกว่านั้นคือ กุ้งบด ใส่ถ้วยมาเหมือนแป้งเปียก น้ำจิ้มดี (ผงชูรสแน่น) ไส้กรอกแดงดีมาก ๆ การบริการดีเช่นกัน ที่นั่งไม่ค่อยดี การระบายกลิ่นก็ไม่ดี
Ci9DQUlRQUNvZENodHljRjlvT2pWTGNWVnVSSFZpVlhWMlNVTXdXV3h6YVZOM05HYxAB,Busaba Wanchana,3,"น้ำจิ้มสูตรของร้านอร่อยดี แต่ทานไปนานๆๆๆ เริ่มก็จะอยากได้น้ำจิ้มสุกี้ อาจขาดความเผ็ดเปรี้ยวเติมมะนาวไปรู้สึกไม่เข้า พอได้น้ำจิ้มสุกี้ ไม่กลมกล่อมขนาดเติมมะนาว พริกกระเทียมแล้ว เลือกซุปกระดูกและน้ำดำ น้ำดำโอเคอร่อยเหมือนร้านอื่นๆๆ แต่ซุปกระดูกแอบผิดหวัง ตัวเนื้อสัตว์สไลด์ได้บางมาก เอาไปต้มแทบละลายหายไปเลย ในหนึ่งถาดสามารถเอาไปลวกได้ทาน 1 คำพอดี
บริการดีมากๆๆๆๆ ใส่ใจถามตลอดได้อาหารครบไหม อาหารออกเร็ว ยกเว้นของว่างและของหวาน เนื่องจากทำจานต่อจาน ส่วนตัวอาจรู้สึกผิดหวังในรสชาติเพราะคาดหวังสูงเนื่องจากร้านดัง ทุกคนอยากทาน รู้สึกสุกี้หม่าล่าชั่งกิโลใกล้บ้าน น้ำซุป น้ำจิ้ม อร่อยเด็จกว่า"
Ci9DQUlRQUNvZENodHljRjlvT25GVlJTMVdTbTVOYVdSQ2JVcEtaSEZMWDBZdFMwRRAB,TbackpackP (Ton),4,"ยก Office มาทาน ชาบูหมาล่า แบบไม่จำกัดเวลาคือดีเลย(ถ้าไม่มีคนรอ) กินจนอิ่มแล้วค่อยกลับไปทำงานกันต่อ มีอาหารให้สั่งทานเยอะ โดยโปรที่เราสั่งจะเป็น 399++ สั่งเนื้อ หมู ซีฟู๊ด จัดมาเต็มๆ ของทานเล่นอร่อยด้วย ปิดท้ายด้วยไอศกรีม 🍧

🍖สำหรับสาขานี้ ที่จอดรถเยอะ สะดวกสำหรับเพื่อนๆที่อยากมาทานกัน

#tbackpackp
*******************************************
♥️Review จากความคิดเห็นส่วนตัวของผมเท่านั้น คุณต้องมาลองจะได้รู้ว่า คิดเหมือนผมไหม 😁
******************************************
ฝากติดตามกันด้วยน๊า 🤭

📌Facebook & IG  : tbackpackp"
Ci9DQUlRQUNvZENodHljRjlvT210UWVtb3lRM1JhV1V0RFdVSnlYMVY2Wm1sd2JrRRAB,Kenika Ponsan,5,มาตอนร้านเปิด ไม่ต้องรอคิวเลย ดีมากๆ น้ำจิ้มอร่อย ของคุณภาพดีเลย พนักงานเสิร์ฟไว ไอติมไมโลอร่อยสุดๆ
Ci9DQUlRQUNvZENodHljRjlvT21KMVRsODVSamMyZG5aalRXeGpVMmd6ZFZWeVRtYxAB,Zi Ri (Maimeeplan),5,อร่อยดีค่ะ ร้านสะอาด พนักงานใส่ใจบริการดีมากๆเลย คนค่อนข้างแน่น แต่ร้านไม่วุ่นวายเลย เพราะพนักงานบริการให้ทุกอย่าง เราไม่ต้องลุกเดิน จองคิวผ่านแอพไว้ ไปรอหน้าร้านไม่นาน ของหวานอร่อยทุกเมนูนะคะ เราทาน499 เนื้อดีมากเลย คุณภาพดีเลยค่ะ
Ci9DQUlRQUNvZENodHljRjlvT25GaGRuVnJNV05CUTJWVU1IVjZaWGxvV2xnMFVFRRAB,Beeta Chan,5,ครั้งแรกสำหรับHot pot man ไปคนเดียว ชิลล์ๆ ไปตอนบ่าย3-4โมงคนไม่ค่อยเยอะ วัตถุดิบก็ถือว่าโอเคนะ น้ำจิ้มปรุงเอง อร่อยมาก😁ซุปหม่าล่าเข้มข้นดี ซุปกระดูกหมูยังไม่นัวไม่กลมกล่อมเท่าไร สั่งของบริการรวดเร็ว ไอติมหมดหลายรสชาติ พนักงานไม่เติมเลย สรุปคือดีคะ
Ci9DQUlRQUNvZENodHljRjlvT2s4M1dsQnJlR3BWVVhvelVrcGxUVEoyUTBSS1IyYxAB,Kunthida Fongphithak,5,ที่สุดของร้านชาบูหมาล่า ให้เป็นอันดับ 1 มันดีมากอร่อยมากๆ บริการดี ราคาเข้าถึงได้ อิ่มคุ้ม มีของให้เลือกทานหลากหลาย การบริหารจัดการคิว ทำได้ดีมากๆ ไม่ต้องมารอหน้าร้าน เอาไปเลย 10 10 10 +Vat7% ให้เลยค่ะ เริ่ดเลยล่ะ🫶🏻
ChdDSUhNMG9nS0VJQ0FnTUNZOE52V3ZnRRAB,Jaru Jaru,5,"ร้านชาบูหมาล่าที่จัดว่าคุณภาพดี มีเมนูให้เลือกหลากหลาย เราไปกินในราคาหัวละ 299 บวก vat เป็น 320 บาทต่อคน ราคานี้ได้หมูและเนื้อ ทะเลไม่ได้สั่ง คุ้นๆว่ามีปลาหมึก มีของกินเล่นหลายอย่าง ของหวานแบบจีนก็มีให้ลอง และก็มีไอศครีมด้วย อิ่มคุ้มครบจบ จริงๆมีขนมหวานอีกอย่างที่ไม่ได้ลอง แต่คนเยอะ พนงก็น่าจะลืมเลยไม่ได้ทาน
สำหรับการจองโต๊ะ ต้องจองล่วงหน้าผ่านแอพ ใช้เวลารอนับตั้งแต่จองคิวประมาณ 1ชม 20 นาที รออยู่ 62 คิว ถือว่าพอรอได้สำหรับในรอบเย็น"
Ci9DQUlRQUNvZENodHljRjlvT2tzdFJGYzJkbWczYjBrdE5XdG1Ta3N0YUZscmNXYxAB,Cho Kana,5,อร่อยมากกกกก สมแล้วที่มาจากภูเก็ตมากิน hotpot man กิน2รอบก่อนกลับ ครั้งหน้ามา กทม อีกจะแวะกินอีกแน่นอน
ChZDSUhNMG9nS0VKTGE0dl9FMmJ6ZVd3EAE,ปัญญ์นภัส ฮึ่งฮก,5,อาหารอร่อยสมราคา แต่ที่ว้าวคือพนักงานบริการดีมากทุกคนเลยค่ะ เราทำตะเกียบหล่น หัวเราะกับเพื่อนได้ไม่ถึงสามวิพนักงานรีบวิ่งเอามาให้ใหม่อย่างไว น้ำหมดแก้ว ก็วิ่งมาเติมให้อย่างไว ทั้งที่ตั้งใจจะไปกดเอง
ChZDSUhNMG9nS0VLQ0UwN0NVODVIWVd3EAE,Sagawrat Totawee,5,ทุกอย่างดี  ดีมากค่ะ บริการดี อาหารอร่อยหม่าล่าแซ่บ  แต่ก็มีให้เลือกสำหรับคนชอบน้ำซุปเผ็ดน้อยด้วยนะคะ ของหวานก็อร่อย  เป็นบุฟเฟ่ต์มีให้เลือกหลายราคา  แต่ขอย้ำว่าาาต้องจองคิวไว้ก่อนนะคะ คิวเยอะมากกกกกกกกก ของเขาดีจริง  #เท่าที่ลองหม่าล่ามาหลายร้านอยากบอกว่าร้านนี้เด็ดจริงค่ะ👍👍👍
Ci9DQUlRQUNvZENodHljRjlvT25kRGQyMXFXR2hNTTNadloxazRkM1JmVnpCMlRsRRAB,cin ss,5,ที่สุดของชาบูหมาล่า แถวนี้เลย มีที่จอดรถ บริการดี10/10 อาหารอร่อย ของกินเล่นดี คุณภาพอาหารดีมาก น้ำจิ้มอร่อย ตอนกลางวันคนน้อยรู้สึก สะดวกสบาย ชิวๆ เลิฟเลย
Ci9DQUlRQUNvZENodHljRjlvT21zdFFrRlZhRTUwYlc1dU5XNWZYMjU0ZDAxS1pFRRAB,ワンラヤー,5,เคยไปทานที่สาขาบางนาค่ะ แต่ส่วนตัวคิดว่าสาขาประเวศดีกว่า ค่อนข้างกว้างขวางแล้วก็ดูสะอาดกว่าสาขาบางนา เรื่องของบริการกับอาหารก็ดีทั้งสองสาขา แต่เราปักธงแล้วว่าจะมาที่สาขาประเวศตลอดไปปปป ไอเลิ้บ
Ci9DQUlRQUNvZENodHljRjlvT210ZlN5MHpWVlJ3V1RkSVlsTTJia3RRVEZOclduYxAB,praew pi,5,"เรื่องคิวนี้ไม่ต้องพูดถึง ทุกคนทราบกันดีว่านาน แต่สาขานี้รู้สึกว่าคิวลดไวนะคะ อาหารอร่อย บริการเลิศมากก คุ้มค่าราคา คุ้มค่ารสชาติ บริการนี้ที่สุด เยี่ยมที่สุด 2วันติดกับการกิน อยากกินทุกวันเลย 🤭
มาจากรามอินทราเพื่อมากินสาขานี้"
ChdDSUhNMG9nS0VNaWU2c0R5MXItTjZRRRAB,JALOY JOY,5,ซุปดี เนื้อดี พนักงานบริการดีแบบทุกร้านต้องมาดูนะคะว่าแบบนี้แหระลูกค้าไม่ไปไหนแน่นอน อาจรอนานมากแต่แนะนำให้กดคิวในแอปไว้ก่อน รับรองว่าคุ้มค่าแห่งการรอคอยแน่ๆ
Ci9DQUlRQUNvZENodHljRjlvT2xwTGEzSjJXV3hCWTB0ZmFXRTRlR1pTUTJGTGNGRRAB,Sif Doxy,2,ไปกินเรต 499 แต่เนื้อวากิวที่ได้มาคือ ไม่ตรงปกอย่างแรง มันเกือบ80% ไม่รู้ว่าทางร้านเปลี่ยนซัพฯหรืออะไร แต่ค่อนข้างน่าผิดหวัง
Ci9DQUlRQUNvZENodHljRjlvT2tsUlgwZzBURm81YTFSSWJ6QnBOV2hqV0RKRGRtYxAB,Wawa,5,"ทานครั้งแรก ประทับใจ 29.07.68 11:00
บริการดี ไว สะอาด
น้ำจิ้มอร่อย น้ำซุปเข้มข้น
โจ๊กปาเป่า⭐ หมูสามชั้นสวยมาก"
Ci9DQUlRQUNvZENodHljRjlvT2xONllsVmFZekpRY25CMFVYbG1jVkYxUjJKeVZXYxAB,Jaxx Eakkapon,5,อร่อยดี ราคาดี วันไปพนักงานดูน้อย ดูบริการไม่ค่อยทัน ของออกช้าหน่อย
ChdDSUhNMG9nS0VJQ0FnTUR3bHU2cWd3RRAB,Rain ^^,5,ชอบซุปหมาล่าเข้มข้นเพิ่ม 99 บาท กินราคา 299 บาทได้เนื้อริบอายโอเคเลย อร่อย ถือว่าคุ้มมาก คนก็เยอะมาก ที่จอดรถไม่พออาจต้องวนหรือไปจอดที่อื่น
ChdDSUhNMG9nS0VJQ0FnTURJeHJyR21RRRAB,Pisonlaya Srikajonkiat,5,"💖ชอบที่ทางร้านมีความใส่ใจว่าลูกค้าจะรอคิวนาน(ซึ่งนานจริงๆ😂) เลยมีตู้ไอศกรีม น้ำดื่ม และเก้าอี้ไว้หน้าร้าน (เก้าอี้มีจำนวนไม่เยอะมากนะคะ ต้องแย่งชิงเอา🤣)
💌สำหรับใครที่มีแพลนจะไป แนะนำให้จองคิวผ่านแอพDQueueล่วงหน้านะคะ ไม่งั้นจะได้ไปรอ2ชม.แบบเรา5555555
🍲อาหารอร่อยมากค่ะ น้ำซุปเข้มข้นมาก เมนูที่ลองจะเป็นซุปต้มยำกับซุปหม่าล่าที่มีนม อร่อยทั้งคู่เลยค่ะ ประทับใจมาก ของทานเล่นก้อร่อย แถมไอศกรีมยังมีหลายรส เราชอบซอสช็อกโกแล็ตมากๆๆ กินแล้วฟินนน🥰
✅ส่วนพนักงานบริการดีมากค่ะ อาหารเสิร์ฟไวมากๆ ส่วนตัวไปซ้ำแน่นอนค่ะ✨"
ChZDSUhNMG9nS0VJQ0FnTUNRNjZqT0d3EAE,Sunisa Tempeeti,5,"ซุปมันวัวน้ำข้นอร่อยมาก น้ำจิ้มอร่อยมากๆ
อาหารรอไม่นาน ออกเร็วมาก
น้องๆบริการดีมากกก คอยเดินมาถามเติมนุ่นนี่ให้ตลอด ไอศครีมมีให้เลือกหลายรสอร่อยทุกรส
ขนมก็อร่อย มาร้อนๆเลยออกเร็วด้วย
ที่จอดรถก็สะดวกสบาย เดินใกล้ดีค่ะ"
ChdDSUhNMG9nS0VJQ0FnTUN3ZzdTbjV3RRAB,ต๊อกๆเนยนัดมาปักหมุด _,5,"ดีมากแบบ ล้าน% ค่ะ 😍
พนักงานบริการดีมากๆๆๆ
บริการดีทุกคน แบบไม่เจอคนเหวี่ยง
ถามอะไรตอบได้หมด คอยใส่ใจคอยถามลูกค้าตลอด

นี่ออกปากชมกับแฟนเลยค่ะว่า
ผู้บริหาร เทรนงาน พนักงาน ดีมากกกก

ตะเกียบหล่นเบาๆ นึกว่าไม่มีใครเห็น
แต่พี่พนักงานเห็น เดินเอาตะเกียบมาให้
น้ำรีฟีลใกล้จะหมด ไม่รอให้ต้องเรียก
พี่ๆเดินวนเวียนมาบริการตลอด
ที่ร้านลูกค้าเยอะมาก แต่พี่ๆพนักงานก็ยังบริการได้ดี ไม่ขาดตกบกพร่องเลย

แม้จะไกลบ้านหน่อย แต่จะยอมขับรถไปทานค่ะ กลับไปซ้ำแน่นอน🧡"
ChZDSUhNMG9nS0VJQ0FnSUQzOVlLSVhREAE,MR.THANTHAI,5,รอบคิวนานครับ ประมาณ 50 กว่าคิวได้ รสชาติอร่อย ฉบับหม่าล่าของจีน มีน้ำซุบให้เลือกมากมาย น้ำจิ้มหลายอย่าง ราคา 299 399 499 ประมาณนี้ครับ โดยรวมถือว่าอร่อย จะกลับมาอีกแน่นอนครับ แต่ก็ ข้อเสียเดียวนั้นแหละครับ คอยนาน
Ci9DQUlRQUNvZENodHljRjlvT2pOS1VWcHNNSGR4Wm5KZmR6SjNkamxZUWxCYVEzYxAB,Tagee Kloypoyom (ตาจี),5,"อร่อยจนต้องรีวิว
หนักงานโคตรน่ารัก ดูแลดีมากๆ
อาหารสดใหม่ อร่อยทุกอย่าง 🤍 …"
ChdDSUhNMG9nS0VJQ0FnSURfOExPLXBnRRAB,Atchapan Sarthuprakul,4,อร่อยมาก ทานแล้วอยากทานอีกเรื่อยๆ 😅 กุ้งเด้งอร่อย เผือกหอม ไอติมโยเกิร์ตกับรสช็อคโกแลตราดช็อกโกแลตอร่อยแนะนำให้ลอง วุ้นจีนทานละชื่นใจ น้องพนงผู้ชายตัวสูงๆขาว บริการดีมากค่ะ แต่ที่จอดรถน้อยไป แนะนำทานที่ร้านคุ้มกว่า เคยสั่งมาทานได้น้อย
ChdDSUhNMG9nS0VJQ0FnSUQzbWRyTTF3RRAB,tle thiti,5,"ราคาBuffet เริ่มต้น320netรวมน้ำ
สั่งซุปต้มยำกับกระดูกหมูไม่บวกเพิ่ม

ส่วนตัวอร่อย ตัวต้มยำจัดจ้านมาก
ช่วงที่ไปคนไม่เยอะ นั่งทานได้เรื่อยๆ พนักงานบริการดี โดนเทรนด์มาดีทุกคน

น้ำจิ้มชอบแบบที่มีถั่วอร่อยมาก
ร้านรับเครดิตไม่ชาร์จ

ที่จอดมีพอประมาณ จอดได้เยอะอยู่
ห้องน้ำอยู่ด้านนอกร้าน เป็นของโครงการ"
ChdDSUhNMG9nS0VJQ0FnTURveVpQRnBRRRAB,PUBENN,5,ไม่เคยรอนาน เพราะว่ากดคิวในแอปโดยตลอดดดด เลิฟพี่ๆ พนักงานมากกก เสิฟเก่ง เสิฟเร็วแทบจะวิ่งเสิฟฟ น้ำใกล้หมดก็มาเติมให้ตลอด  นี่เลิฟหม่าล่าคลาสสิกที่สุด แต่ที่ว้าวมากกๆคือซุปทองคำ มัชอีทอะ กลมกล่อม ✨  อีทมาละทั้งสาขารัชดา บางนา พบว่าลาดกระบังคิวน้อยสุด รอไม่นาน
Ci9DQUlRQUNvZENodHljRjlvT21salpGOUxUVTVOVW5CQlMzaG1TMVZJUjBVNU5FRRAB,Pisan Klinsorn,5,บริการดี อาหารรสชาติอร่อย แต่น่ำซุปบางตัวหมดไวมาก
Ci9DQUlRQUNvZENodHljRjlvT2pZM0xVMHllbEJqYWtZM09UbHNhV3hFY0ZoWWVrRRAB,NuuNan Tubtimteth,5,คุณภาพ วัตถุดิบอาหารดีมาก พนักงานบริการดีมากๆๆๆๆๆ ของกินเล่นดี
Ci9DQUlRQUNvZENodHljRjlvT2xKc2FERnVia0ZuWkhSU1ZFbFdSVVZGUm5OSE0wRRAB,OhSirawit,5,"ใช้วัตถุดิบค่อนข้างดี
ของสดสะอาด

พนักงานบริการดีและรวดเร็ว

ที่จอดรถกว้าง
ไปทานตอนกลางวันสะดวกไม่มีคิว"
ChdDSUhNMG9nS0VJQ0FnTUR3a3AzLTRBRRAB,farm hayday,4,"ร้านดัง คิวยาว รอนานมาก แต่มีน้ำไอศครีมให้ทานระหว่างรอ
ร้านสะอาดสะอ้าน อุปกรณ์ครบ ใช้งานได้ดี
พนักงานบริการดีมาก
อาหารดี สั่งซุปหมาล่าเข้มข้นสมราคาที่ +100 บาท
เนื้อสัตว์สั่งรอบสองไม่เหมือนรอบแรก ตามมาตรฐานบุฟเฟ่ต์ 299"
ChZDSUhNMG9nS0VJQ0FnSUNfcDlLVlF3EAE,Hanh Le,5,"Best service hotpot buffet! Food served very fast and precise.
Soup taste yummy, beef and pork are fresh and tender. Vege is also fresh, however the portion they prepare is kinda less. Menu is various from red meat to dessert. 🧁
But it’s always long queue, last time I waited 80m for my dinner 🥲 unbelievable 🥹 when I finished my meal, I still saw others waiting outside! If you wanna eat here, pls book your queue in app first, but sometimes they dont open for online booking 🥲🙃🙃"
Ci9DQUlRQUNvZENodHljRjlvT21adGVXbFZNMFpJZGpaaGIwMURSMmx3VlU5T1FuYxAB,Meihua,4,อาหารเร็ว พนักงานบริการดี คอยเติมคอยถามตลอด
ChZDSUhNMG9nS0VJQ0FnSURYbmV2OExREAE,fasai chokanan,5,"ชอบนะ  เหมือนไปกินอยู่ที่ประเทศจีน  อาหารสด เยอะดี  พนักงานบริการดี  ไปทานกับอาม่า  ไม่ต้องรอคิวนาน  เพียงแจ้งหน้าเคาน์เตอร์รอ1คิว พาอาม่านั่งทานได้เลยไม่เกิน4คน รวมอาม่า  อาม่าแฮปปี้เพราะมีขนมกระลอจี๋เป็นขนมที่นานๆจะได้ทาน  มียำสาหร่าย/ยำแตงกวา  เป็นของทานเล่น  /มีไอศครีม  ตู้เบอเร่อ  ให้ทานระหว่างรอคิว   ที่นั่งรอด้านนอกร้อนหน่อย  เพราะแดดเต็มๆ  มีที่นั่งรอในร้าน   เงินมีของทานระหว่างรอ   จองคิวออนไลน์ได้  มาครั้งแรก  ประทับใจเลย  ต้องไปซ้ำแน่นอน

ราคาเริ่มต้น 299  ก็มีเนื้อ3อย่างแล้ว

เลิศที่สุด👍👍👍👍👍"
ChZDSUhNMG9nS0VJQ0FnSUNuMWNhRUx3EAE,Adisorn Tiwaphat,5,บุฟเฟต์หม่าล่าที่จริงใจ มีหลากหลายราคาแต่ให้เลือกราคาสูงสุดไปเลยครับ เพราะคุ้มค่าและมีอาหารหลากหลาย ส่วนน้ำซุปวันนี้ทานแบบข้นและกระดูกหมู ไปลองเถอะครับ ไม่ผิดหวังแน่นอน ... แต่แนะนำให้โหลดแอพแล้วจองออนไลน์ก่อนไป ไม่งั้นนั่งรอนานมาก
ChdDSUhNMG9nS0VJQ0FnSUMzdTRMMG53RRAB,SSC,5,"อาหารอร่อย เมนูหลากหลายทั้ง เนื้อสัตว์ ผัก ของทานเล่นและของหวาน รอคิวนานไม่เหมาะกับคนรีบ สามารถจองล่วงหน้าผ่านแอพDQueueได้ ช่วงเย็นๆค่ำๆรอ1ชม.+
น้ำซุปดีหม่าล่ามีให้เลือกความเผ็ดหลายระดับ อีกช่องแนะนำให้สั่งซุปฟักทองอร่อยกลมกล่อม หรือซุปน้ำดำรสออกหวานเค็มมากินตัดกันจะได้ไม่เลี่ยน ของหวานทอดมาดีไม่อมน้ำมัน อร่อยรสชาติคล้ายกับที่กินที่สาขาอื่น สาขานี้ที่จอดรถน้อย ช่วงค่ำๆที่จอดเต็ม"
ChdDSUhNMG9nS0VMbWkwT1Q1aHBld3ZBRRAB,nick,5,สาขานี้คิวไม่เยอะ ยิ่งกลางวันคือไม่มีคิวเลย พี่ๆสตาฟน่ารักค่ะ อร่อยเหมือนกันทุกสาขา💓💓💓💓
Ci9DQUlRQUNvZENodHljRjlvT25Gd1JtcFJhRTVpZVVaMFluSlNTMVk0WDFWcVExRRAB,Nattarin Chaduang,5,"อร่อยมากกก ประทับใจรสชาติน้ำซุป น้ำจิ้มก็อร่อย ถูกปากทั้งเราทั้งแฟนเลยค่ะ ชนะหลายๆแบรนด์ที่เคยทานมาเลย ของร้อน ของทอด ก็เสิร์ฟใหม่ๆร้อนๆกรอบๆ  ไอศกรีมมีขนมปังให้ด้วย จึ้งมาก

ขอชื่นชมพนักงานทุกคนดูตั้งใจทำงาน ขยันขันแข็ง ไม่ต้องให้บอก ถ้าเห็นน้ำหมด ก็จะเดินมาเติมให้ น้ำซุปจะหมดก็เดินมาถามว่าเติมไหม และมีแต่พนักงานคนไทย เลยทำให้การสื่อสารมันดูราบรื่น คล่องตัวมากๆ

ขอชื่นชมทางแบรนด์ และทางสาขาประเวศที่เทรนพนักงานมาดีทุกคน และคิดว่าทางเจ้าของน่าจะคิดอะไรหลายๆอย่างมาดีแล้วค่ะ เรื่องบุฟเฟต์ที่นี่น่ากลับมาซ้ำจริงๆค่ะ ราคาถูกมาก 299+ แต่ได้กินแทบทุกอย่างเลยค่ะ"
ChZDSUhNMG9nS0VJQ0FnSUNmeHRDZ1lBEAE,Anon La,5,น้ำซุปดี น้ำจิ้มอร่อย เมนูถูกสุดรวม vat หัวละ 320 รวม  ไม่มี service charge  พนักงานบริการดี ค่อยถามเติมน้ำ ให้ตลอด  น้ำจิ้มสูตรสุกี้งาอร่ยอย เติมน้ำจิ้มงาเพิ่มไปเพิ่มรสชาติหวานอีกนิดสำกรับคนไม่ชอบเผ็ด เมนูขนมหวาน (ที่ไม่ใช่ข้าวต้ม) อร่อย
ChZDSUhNMG9nS0VJejN5OWl4cl82d01nEAE,Samran Pokamta,5,วันที่ผมไปคือฝนตกแล้วครัวที่ร้านก็ปิดรับออเดอร์21:30แต่ผมไปถึง21:38 แต่พี่พนักงานเห็นใจเลยเปิดขายให้โดยรวมบริการดีและรสชาติอาหารอร่อยมากแต่ติดอย่างเดียวเนื้อให้น้อยและไม่ค่อยมีเครื่องอย่างอื่นมาใส่เพิ่มเหมือนร้านอื่นๆที่เคยทานมาแต่โดยรวมชอบมากและนำ้จิ้มดีกว่าทุกร้านที่เคยทานมาใครสนใจแนะนำได้เลยครับไม่ผิดหวังแน่นอน
ChdDSUhNMG9nS0VJQ0FnSURfMjdycTJBRRAB,ASAREEYA HATTHAPRADIT,5,ร้านชาบูร้านนี้ถือว่าเป็นหนึ่งในร้านที่ต้องลอง! รสชาติดีมาก มีของให้กินเยอะมากๆ ทั้งเนื้อสัตว์ ผัก และอาหารทะเล น้ำซุปมีให้เลือกหลากหลายชนิด ทั้งน้ำซุปใส น้ำซุปเข้มข้น และน้ำซุปสูตรพิเศษ น้ำจิ้มก็มีให้เลือกหลากหลาย ทำให้การกินชาบูสนุกและอร่อย ของออกไวมาก ไม่ต้องรอนาน นอกจากนี้ ควรจองคิวล่วงหน้าเพราะร้านนี้ค่อนข้างแน่น มีลูกค้าเยอะ แต่ถือว่าคุ้มค่ากับการรอคอย!
Ci9DQUlRQUNvZENodHljRjlvT2twNU5qVTVZMmMxTlVWSlNWUmpaa0ZGUzJaTk1IYxAB,KOOK GHAI,5,อร่อยครับ หมูนุ่ม เนื้อนุ่ม แต่รอคิวนานเพราะคนนิยมมากกก
Ci9DQUlRQUNvZENodHljRjlvT2xOUU1HMXNhbGsxYWtWU2RIVXlSMnh5ZFVFME5YYxAB,Tanapon Suebsri,5,"มากินบ่อย บริการดีเหมือนเดิมและบริการดีขึ้นเรื่อยๆ นี้คือจุดเด่นร้านนี้เลย

ประทับใจการบริการมากกกกก ใส่ใจกว่าเมียที่บ้านก็พนักงานร้านนี้แหละ

ล่าสุดทำตะเกียบหล่นพื้น พริบตาตะเกียบใหม่กลับมาถึงมือไม่ถึง5วินาทีจากเหตุการณ์เมื่อซักครู่ ยังบอกกับตัวนี้ในใจนี้เราทำหล่นไปจริงๆใช่ไหมหรือภาพหลอนวะ"
Ci9DQUlRQUNvZENodHljRjlvT25oR05IVm1SRWR0UW1Kb1RHMDNVbEpsYURkSVltYxAB,Jittima Lerttana,5,น้ำจิ้มอร่อยรสชาติ เข้มข้น น้ำซุป ดี มีหลาย รสชาติให้เลือก แต่ราคาบุพเฟต์  399+  เนตแล้วเป็น 470 นะคะ แอบแรงนิดนึง แต่ถ้าคนทานเก่งคุ้มมาก  แต่เรา กินได้ นิดเดียวอิ่มแล้ว ก้อถือว่า โอเค แล้วคะ
ChZDSUhNMG9nS0VJQ0FnSUMzN0xhR1JnEAE,Krittika Lukcharoen,4,"After seeing ads on Facebook for months, I finally tried HotPot Man. They offer three buffet tiers, with an option to add Ma La soup for an extra charge. Overall, it’s a good experience and worth trying! I went with the 399 THB package (the middle tier), and everything was great—food, service, and even the parking queue management. Make sure to download the “D Queue” app to reserve your spot online and save some waiting time. My only note is that the beef and pork slices were very thin. It’s not a big issue since you can always order more, but slightly thicker cuts would be even better!
Another highlight I loved is that with the middle tier and above, you can order shrimp that comes pre-peeled—perfect for someone like me who loves shrimp but dreads the peeling! It’s a thoughtful touch that makes the experience even better for us “lazy” shrimp lovers."
ChdDSUhNMG9nS0VJQ0FnSUR2bzUzcmtBRRAB,CHANA K,5,อาหารอร่อย   น้ำซุปแจ่ว อร่อยเกินคาด  น้ำจิ้มอร่อยมาก พนักงานบริการดีมากๆ   ใดๆ ชอบขนมฉือปา
Ci9DQUlRQUNvZENodHljRjlvT2sxemFFSTVSVWswWkdsNFF6QlNZWFoyUVZWdlpFRRAB,อุดมลักษณ์ แก้วดวงแสง,5,ไม่แปลกคนทำไมคนเยอะพนักงานบริการดีมากวัตถุดิบดีสดสะอาด#พึ่งมากินครั้งแรกมีครั้งต่อไปแน่นอนค่ะ
ChdDSUhNMG9nS0VJQ0FnSUQzbzZUTzZnRRAB,Warrintorn Parak,5,"สั่งมาทาน 2 ครั้งผ่าน LINEMAN รู้สึกประมาณนี้ค่ะ

1. เกาเหลาหม่าล่าหมู น้ำซุปหมาล่าน้ำข้นซดได้ น้ำมันวัว ปกติไม่ทานเนื้อวัวแต่มันเป็นน้ำซุปก็อยากลองทานดูค่ะ ประทับใจมาก คุ้มค่าคุ้มราคา สั้งมากินคู่น้ำจิ้มถั่วอร่อยมาก เราแบ่งกิน ได้ 2-3 ครั้ง ถ้าคนทานคนเดียวเราซดน้ำไม่เยอะเพราะกลัวหน้าบวม 😂 อร่อยมากอร่อยจริง ๆ ตอนนั้นได้ส่วนลด+ได้ฟองเต้าหู้ข้าวโพดแถมเพิ่มมา เป็นช่วงแรก ๆ ที่ร้านเปิดพอดีค่ะ

2. เกาเหลาหมาล่าหมู (น้ำซุปกระดูกหมู) เยอะเหมือนเดิม แต่จะจืด แนะนำให้สั่งน้ำจิ้มหมาล่าและน้ำจิ้มถั่วมาทานคู่ค่ะ อร่อยแน่นอน เราได้มีการทักสอบถามเรื่องถ้วยพลาสติกสามารถเข้าไมโครเวฟได้มั้ย แอดมินตอบไว สามารถเข้าไมโครเวฟได้ค่ะ

👉 น้ำจิ้มถั่ว Hotpot Man อร่อยมากทานคู่กันมันใช่ !!

👉 น้ำจิ้มน้ำมันงากระเทียม ก็ทานได้แต่มีรสปลายลิ้นแปลก ๆ ส่วนตัวไม่ค่อยชอบแต่ก็ทานได้ค่ะ

รสชาติ ⭐️⭐️⭐️⭐️⭐️
การบริการ ⭐️⭐️⭐️⭐️⭐️
บรรจุภัณฑ์ใส่น้ำจิ้ม ⭐️⭐️⭐️⭐️⭐️
บรรจุภัณฑ์ใส่หมาล่า ⭐️⭐️⭐️⭐️⭐️

บรรจุภัณฑ์ใส่น้ำจิ้มแน่นหนามีซีล มีฝาปิดให้อีกทีสามารถกันหกได้ดี มีไม้จิ้มฟันให้ด้วยค่ะ

สรุปแล้วซ้ำอีกยาว ๆ 🥰💗"
Ci9DQUlRQUNvZENodHljRjlvT2xoakxXTmlSMXBEUmtFelZuSjRjMDFRVWsxWFlrRRAB,Pet Boonmee,1,อาหารเซิฟช้า ผมสั่งในราคา 389 แต่รออาหารนานถึง 15 นาทีมาก็ไม่ครบแถมเวลามีอยู่ 1 ชม.ครึ่ง ผมรออาหารไปเกือบ 40 นาทีรวมๆสั่งไปหลายรอบ มาไม่ครบ แล้วผมเห็นริวิวจากหลายช่องทางดีมากสรุปผมมาเจอเอง ห่วยแตกมากคับ สั่งกุ้งแม่น้ำไป 20 มาแค่ 10 ผมเรียกพนักงานมาสอบถามแล้วแต่พนักงานก็ช่วยอะไรไม่ได้ไม่หาทางแก้ เป็นประสบการณ์ที่แย่มากคับ
ChZDSUhNMG9nS0VJQ0FnSURIMk95aUxBEAE,Jenhirunwong Mekhala,5,ซุปหม่าล่าอร่อยมากค่ะ มากินช่วงเที่ยงวันธรรมดาไม่ต้องรอคิวเลย พนักงานบริการดีมากๆคอยถามตลอด บริการเติมน้ำให้ด้วย แนะนำกินชุด499 จะมีเนื้อวากิว เนื้ออร่อยมาก ดีเว่อร์ คุ้มค่าสุดๆ
Ci9DQUlRQUNvZENodHljRjlvT2s4eFNHdFNVR1IwVFRWVVJsOW5VemxuVkRGUWFHYxAB,NATTHAPHAT WIRIYA,5,พนักงานบริการดีมากครับ พอลองมาสาขานี้ทำให้มองhotpotmanเปลี่ยนไปเลยครับ เนื่องจากกินสาขารังสิตมาก่อนรู้สึกว่าสาขานี้บริการว่องไวทันใจอาหารมาไวสุดๆครับถ้าเทียบกับสาขาอื่น
Ci9DQUlRQUNvZENodHljRjlvT2s5WFJteDJlbkYxYVhsbmVrTnpUVFpKVUZJd2MxRRAB,Guzzle,4,อาหารอร่อย ราคาเหมาะสม คุ้มค่า รอคิวไม่นานเพราะจองออนไลน์ก่อนได้ ขอหักดาวตรงสั่งรอบแรกได้อาหารเร็ว แต่ถ้าสั่งรอบใหม่รอนานกว่าอาหารจะมา
Ci9DQUlRQUNvZENodHljRjlvT2toQ2JrcG5iRXd3YUVJelFtZzNibFJYY2todWFIYxAB,Oilly Buell Ivy,5,เราตั้งท้องอยู่และไปกิน เลยไม่ได้รอคิวนาน อาหารอร่อยถูกใจมาก พนักงานบริการดี และเห็นคนรอคิวเยอะมากเกรงใจเหมือนกัน อาหารอร่อยทุกอย่าง สดและสะอาด ประทับใจมากๆค่ะ
Ci9DQUlRQUNvZENodHljRjlvT21Wc2J6SlFUbmhCUlZGS2FsRXRjRGh3YVZKS09IYxAB,Tarnkamon Paewtan,3,อย่างแรกที่รู้สึกได้เลยคือ พนักงานหญิง ไม่ค่อยยิ้มแย้ม ดูไม่ต้อนรับลูกค้า เคาท์เตอร์จ่ายเงินด้วย ของที่ให้ self-service เช่นพวกพริก กระเทียมน้ำจิ้ม ขนมหวาน ของขาดเยอะมาก ถ้วยไอติม ช้อนไอติม อุปกรณ์ขาด ต้องคอยถามหากับพนักงานซึ่งพนักงานน้อย ทุกคนดูยุ่ง ไม่ค่อยมีใครใส่ใจเติมของ บอกพนักงานหญิงที่หน้าเคาท์เตอร์ก็หน้าหงิก แต่อาหารอร่อย ของทอดอร่อยค่ะ คิดว่าซ้ำแต่คงไปลองสาขาอื่นแทน *ไปกินช่วงวันเสาร์เข้าวันอาทิตย์ ประมาณ 00.00
Ci9DQUlRQUNvZENodHljRjlvT2twbmNrMWFhbVpRWmpsSFNHVXhOSGREZW1kTWFrRRAB,Bb happy,4,มากินครั้งแรกหลังจากได้ยินชื่อมานาน ได้ยินคนไปกินแบบรอกันเป็นชั่วโมง อาหารโดยรวมรสชาติโอเค เนื้อดี ส่วนตัวชอบที่มีขนมปังกินกะไอติม มีน้ำจิ้มให้เลือกเยอะแถมมีดีวัวที่ไม่เคยเห็นในร้านอื่น พนักงานคอยเติมน้ำให้ตลอด เดินเก็บถาดเดินเสิร์ฟตลอด แต่ที่ขอหักดาวเลยคือ รู้สึกว่าหมูแอบมีกลิ่นคาวกินแล้วรู้สึกไม่อยากกินต่อ กับ อาหารค่อนข้างออกช้าไม่ต่อเนื่อง มีรอบนึงที่สั่งรอไปประมาณ15-20นาทีเลยลองตามพนักงานก็ตามมาให้แต่ก็มาซ้ำ2รอบ
ChZDSUhNMG9nS0VJQ0FnTUNvaE1uRFFREAE,Prince Kishiro (KIRA),5,อร่อย ชอบน้ำซุปของร้านนี้ ไม่เหมือนร้านอื่น พนักงานบริการดีมาก ที่จอดรถก็มี เวลารอหน้าร้านก็มีไอติมให้กินก่อน เนื้อหมูอร่อย เนื้อวัวก็อร่อยฉ่ำ น้ำจิ้มแปลกดี แต่ก็อร่อย
ChZDSUhNMG9nS0VJZXRydlNsMDRELVF3EAE,Cholthisha Nokkrut,4,มารอบสองค่ะสาขานี้ รอบแรกโอเคเลยช่วงสงกรานต์ แต่รอบล่าสุดของออกช้าจนเราคิดว่าสงสัยครัวลืมเลยกดไปอีกรอบ (หลัง20นาที) สรุปมาเบิ้ลอีกจะร้องไห้ อาหารเราว่าโอเคเลยนะตัวเลือกหลากหลายพอสมควรเลยนะ
Ci9DQUlRQUNvZENodHljRjlvT2w5QlRWZERVMGxzTTFJM1drTjVVMkZpYjNSelMzYxAB,กันต์ธีร์ นารอง,1,ถ้าให้ 0ดาวได้ผมกดให้ไปแล้วครับ.. เรื่องรสชาติอาหารไม่ติดเลย แต่การจัดการคิวร้านคือแย่มาก เรียกคิวลูกค้าแบบไม่มองว่าเดินมาหรือยัง เรียกคิวพร้อมกันสองคิว โต๊ะว่างอยู่1โต๊ะ ทั้งๆที่ถึงคิวผมก่อน คิวหลังผมเดินถึงร้านก่อนได้โต๊ะก่อนทั้งๆที่เดินมาติดกัน พนักงานที่รับคิวบอกให้ผมนั่งรอโต๊ะ ซึ่งตอนนั้นไม่ได้มีโต๊ะว่างด้วยซ้ำ แล้วตอนนั้นเวลา 0.40น. แล้วอะ ผมนั่งรอมาสองชั่วโมง เพราะชอบรสชาติอาหาร และตั้งใจมากินจริงๆ แต่เจอระบบจัดการร้านแบบนี้คงไม่กลับไปกินแล้วครับ พนักงานไม่คิดจะแก้ปัญหาอะไรเลย สุดท้ายวันนั้นผมไม่ได้กินเพราะกว่าจะมีโต๊ะว่างก็ตีหนึ่งกว่าไปแล้ว อาหารอร่อยแล้วก็ควรพัฒนาระบบจัดการร้านด้วยนะครับ คุณทำผมเสียเวลาเปล่าๆไปสามชั่วโมงครับ ทางร้านจะรับผิดชอบกับเวลากับเวลาที่เสียไปยังไงได้บ้างหรอครับ
Ci9DQUlRQUNvZENodHljRjlvT21KVVYwVXlOV3RKTW5kdWMzcEtTMWxSYUZCNVJrRRAB,สถาพร ตรีรัตนชัย,1,"พนักงานฟั่งไรเดอร์ชื่อถนอม ออเดอร์แจ้งว่าเสร็จแล้วมารับได้เลย ผมมาถึงแจ้งเลข  พนักงานบอกยังไม่เสร็จรอไม่ได้หรอ รีบหรอ

ผมบอกว่ารอได้ทำไมอะ
ผมถามหน่อยว่าถ้ายังไม่เสร้จจะกดส่งออเดอร์ทำขี้เกลืออะไร พนักงานพม่าอบรมมันหน่อยก็ดีนะครับ ฟากไว้ด้วย"
ChZDSUhNMG9nS0VJYkE5ZGFlZ19fZFhBEAE,Apisara Pak,5,Not expect much but it turn out incredible! Beef was amazing 🤩 And we got good service from all staffs. They are really polite and willing to help especially “Khun Tony”. I will come back again for sure. Amazing service 💖
ChZDSUhNMG9nS0VJQ0FnSUR2N0stQU93EAE,นพัสสร รากทอง,1,"ไปสาขานี่ครั้งแรกประทับใจมาก แต่ล่าสุดนี้นั่งรออาหารประมาณ 5 นาที 1.ระหว่างรอเพื่อนถามพนักงานผู้หญิงน้ำจิ้มจะไปตักเองหรือสั่งได้คะ พนักงานบอกให้ลูกค้าไปตักเองที่บาร์น้ำจิ้มได้เลย..  2.เราขอให้พนักงาน(คนเดิม)นำหมวกกับผ้ากันเปื้อนมาให้หน่อย สรุปหายไปเลย ได้สั่งกับพนักงานอีกคน
3.ระหว่างรออาหาร 5 นาทีนั้น ได้ยินโต้ะข้างๆบ่น ไม่ได้สั่งๆๆ จนผ่าน 5 นาทีนั้นไปถึงได้รู้ว่าพนักงานสลับบาร์โค้ดสั่งอาหารกับโต้ะเรา หลังจากนั้นนึกว่าได้รับการแก้ไขแล้ว แต่ในระหว่างที่ทานก็มีการเสิรฟอาหารผิดโต้ะอยู่ตลอด จนเสียบรรยากาศ
ผิดหวังจากครั้งแรกที่บริการดีมากกกก หรือเราคาดหวังมากเกินไป 🤣"
Ci9DQUlRQUNvZENodHljRjlvT2pNdFUwczViVlZFZUdKZmVqZGFhM3BUTmpGeVFXYxAB,Milky Review,3,แอร์เย็นมาก พนง.ถือว่าไม่ได้บริการตลอดตามรีวิว ที่บอกน้ำในแก้วแทบไม่เคยลด บลาๆๆ ขอที่คลุมผมรอบนึงต้องขอผ้ากันเปื้อนอีกรอบก็ไม่ได้ยิ้มแย้มเลย ไม่ว่ากันอาจจะคนเยอะคงจะเหนื่อย แต่พนง.หญิงท่านนึง รองเท้าผ้าใบสีแดงขนตายาวๆ แสดงสีหน้ากริยาไม่สุภาพหน้าเหวี่ยงมากกับลูกค้าและเพื่อนร่วมงานเหมือนไม่อยากทำงาน
Ci9DQUlRQUNvZENodHljRjlvT2tsWVZIZFJaREF5UWtORWFEUnZjSFJXZG1aVVYyYxAB,robin lynn chaffee,2,วันอาทิตย์ไม่รู้ทำไมไม่เปิดให้จองออนไลน์ มาถึงแล้วต้องมานั่งรอ ถามพนักงานบอกไม่เปิดเพราะ โต๊ะที่ร้านยังเหลือ แต่จริงๆ มันไม่เหลือ  มันไม่มีโต๊ะว่างในร้านแล้ว รอไปเป็นชั่วโมง แต่มาถึงแล้วก็ต้องรอไง น่าหงุดหงิด
Ci9DQUlRQUNvZENodHljRjlvT2tWYVFUWXRXazlxZDJ0RlZVWnpRMlZzV0U1WmJHYxAB,Methawadee Cinzano,3,"Booked at 18:00 for nearly 600 queue suddenly at 22:30 151 queue runs in 10 minutes, I don’t see the point of booking when I arrived it’s 44 queue gone in 3 mins ?? Really ?? Or it might be a trick from staff to not welcome the guest"
Ci9DQUlRQUNvZENodHljRjlvT2xGRWVDMWFiSGxWZEMxU1p6UjFaRVZTVEhjNWQxRRAB,Chutikhan Sailaor,4,"ขอหัก 1 เดียว เนื่องจาก 1. ที่จอดรถโครฃการไม่เพียงพอต่อความต้องการของลูกค้าที่มีจำนวนมาก
2. มีที่จอดรถร้านคาร์แคร์ที่ว่างสามารถให้ลูกค้าเข้ามารับประทานอาหารจอดได้แต่เลือกที่จะปิดไว้
3.ลูกค้าต้องหาที่จอดเองตามข้างถนนเองเลยหรอ
4.แล้วโครงการไม่คิดแก้ไขหรือปรับปรุงหน่อยหรอ มาแล้วคาั้งเดียวน่าจะไม่มาซ้ำอีกกับสาขานี้ค่ะ"
Ci9DQUlRQUNvZENodHljRjlvT2tsWU5qWTROVTFsYzJkd1JsOW1lRUozUWtrd1FXYxAB,Raphael,5,ไปทีไรไม่เคยผิดหวัง อร่อย ของดี บริการดี
Ci9DQUlRQUNvZENodHljRjlvT2pGeU56WjVOMXA0UkU4elZGZDBUWFpYWTFKUlFYYxAB,Mei Aoda,4,"“The soup tastes really delicious, though the cleanliness could be improved since we noticed some flies around the tables. The soup base is superb, and the meat quality is okay. Service is average, but not too bad considering the wide variety of choices. Having dessert and ice cream included at this price makes it really worth it!"
ChZDSUhNMG9nS0VJQ0FnSURubFBhelJnEAE,Gilbert Lim,5,"Ordered by Lineman and it's still the best!!! The not-so-spicy beef Mala soup is the best and you can even drink the soup. Strongly recommend!!!
I had to pay about 160 baht for delivery but it was so worth it!
Added my own fishballs."
ChZDSUhNMG9nS0VJQ0FnTURRcmREclJ3EAE,ฐานมาศ,5,เป็นร้านชาบูหมาล่าที่รสชาติเป็นเอกลักษณ์มากค่ะ มาทานทีไรติดใจตลอด น้ำซุป วัตถุดิบ การบริการ ทุกอย่างคุณภาพสุด ๆ เกินราคา บอกเลยว่าคุ้มค่ากับเงินที่จ่ายไปแน่นอน
ChdDSUhNMG9nS0VJQ0FnSUNQNWVPUm93RRAB,parichat khumwong,5,พนักงานบริการดีมาก ซุปหมาล่าคือดีย์ เลิฟชามะนาวมาก ขนมหวาน ของทานเล่น ทำทีละออเดอร์ คือได้กินแบบสดๆใหม่ๆ ต้องซ้ำ
ChZDSUhNMG9nS0VJQ0FnSUNIcmZDLVVnEAE,Wanchat A.,5,ราคาดี บริการดี มาช่วงเปิดใหม่อาจจะจังหวะไม่คล่อง แต่โดยรวมพนักงานมีใจให้บริการดี รสชาติอาหารไม่ต้องพูดถึง อร่อยเหมือนเดิม เพิ่มเติมน้ำซุป น้ำจิ้ม และสาขาใหม่
Ci9DQUlRQUNvZENodHljRjlvT20welVtUkplVEZyU2psb1dUTnJNbko1WXpKZloxRRAB,ภานุวัฒน์ ช่วยเกิด,5,รอนานหน่อยนะ แต่ต้องสั่งโจ๊กปาเป่า
Ci9DQUlRQUNvZENodHljRjlvT25BMWRVNVRWSGR4VldJMk5Ea3hlV1JIYmpoclgxRRAB,Pattarin Th,5,มาลองครั้งแรกที่สาขาประเวศ ปกติจะกินที่สาขาบางนา ร้านกว้างดีค่ะ มีหลายโต๊ะ ไม่แออัดเท่าสาขาบางนา  พนักงานบริการดีค่ะ แต่ไม่เท่าสาขาบางนา น้ำซุปอร่อย น้ำจิ้มดี แต่รู้สึกหลังๆทั้ง 2 สาขาเลย หันสไลด์บางมากกก บางคนเห็นตัวถาดที่ใสมา แรกๆมากินไม่บางขนาดนี้
Ci9DQUlRQUNvZENodHljRjlvT2pkcll6WkpiemxxVlU1Q2FrSnROMDlwWnpWNVpGRRAB,Kanlayanuth Pimsupap,5,"ที่จอดรถน้อย
อาหารสด อร่อยมากค่ะ
บริการดีมากๆ ใส่ใจ
ราคาพอสมควรนะ"
Ci9DQUlRQUNvZENodHljRjlvT210d1MxaEdRblJaYkV0d1dHWmZkMVJhU1hGUE0xRRAB,#fff,5,สั่งเกาเหลาหม่าล่าเนื้อผ่าน delivery มากินที่บ้าน อร่อยแซ่บมากกกก แบบชั้นไปอยู่ที่ไหนมา ทำไมถึงไม่เคยกิน🫠 ใช้โค้ดลดนั่นนู่นนี่เหลือ 130 กว่าบาท แต่ปริมาณที่ให้มาคือเยอะจนต้องแบ่งกินสองมื้อ น้ำจิ้มถั่วสูตรของร้านกินคู่กันแล้วยิ่งทวีคูณความอร่อยยยยยยย😋😋
Ci9DQUlRQUNvZENodHljRjlvT25KV2JGWjNkM1pIUldJd1JsRXpWM2htWXpGcVNVRRAB,บุรัสกร บุญมี,1,โทรมาถามคิว แต่จะถามว่าจองยังไงก็รีบวางสาย พอมาถึงรับคิว ตอน 18.30 น. แสกนยังไงก็พูดเหมือนไม่อยากบอก รอไป 1 ชม.แล้วยังเหลืออีก 50คิว เลยออกไปซื้อของ รอคิวนานมากถึง 21.00  รีบกลับมาก่อนถึงคิว 8 คิว ใช้เวลา 6 นาที พอถึง บอกคิวเลยไปแล้ววให้ไม่ได้อยากจะร้องไห้คือหิวมาก เสียใจ
ChdDSUhNMG9nS0VJQ0FnTUN3emRubXNRRRAB,Paolo Sanseon,5,ทุกอย่างดีหมดทุกอย่างครับในส่วนของทางร้านบริการดีมากๆ แต่ติดแค่อย่างเดียวสำหรับสาขานี้คือที่จอดรถน้อยไปหน่อยถ้าเทียบกับจำนวนคนที่มากินครับ
ChZDSUhNMG9nS0VJQ0FnSUR2NDdMVlBnEAE,PP J,4,พนง งง ไปหน่อย แต่ชอบอาหาร อร่อยดี คุ้มค่าคุ้มราคา ซุปฟักทอง เด็ดมาก อย่าพลาด!!!!!
Ci9DQUlRQUNvZENodHljRjlvT201T2RVZHpXVkZIYzFCaU0wc3lYek13UW5CMVVYYxAB,Bew Tunchanok,1,จาก 30 คิว อยู่ๆกลายเป็น 10 คิว เป็น 0 คิว ระยะเวลาที่เลยคิวไปไม่ถึง 15 นาที พนง ไม่ให้ การแก้ไขปัญหาเฉพาะหน้าของ พนง ควรปรับปรุงนะคะ  ปกติมาบ่อย จากนี้คงเลิกกิน
Ci9DQUlRQUNvZENodHljRjlvT25RM05YRjZRWGN0VUZwbVh6VjNRbnB2UVhodWVHYxAB,Moo Na,5,สั่งแบบเดลิเวอรี่มา อร่อยยยย เยอะด้วย
Ci9DQUlRQUNvZENodHljRjlvT2xGcFpFRlFWRVp1Y25KU1pVeGxOME42WmxGa1dWRRAB,Saran Teerachit,5,อร่อยคับ แต่รอนาน ตามคำเลื่องลือ แนะนนำว่าให้มาทานตอนกลางวันวันธรรมดา ไม่มีคิวเลย
ChZDSUhNMG9nS0VJQ0FnTURJNHNyR0h3EAE,Ono sayama,5,สาขาใกล้บ้านเลย ภายในร้านดูกว้างขวางกว่าสาขาบางนาเยอะ ส่วนรสชาติไม่แตกต่างกัน
Ci9DQUlRQUNvZENodHljRjlvT2xSQ2FGWTVhVEJMVjNSNlFtbFBTMnd4VmtWRlVFRRAB,Opas Usadee,1,ระบบคิวล่มการแก้ปัญหาหลังบ้านแย่มากกกก นั่งรอมา 2 ชั่วโมงและน่าจะต้องนั่งรอต่อไป ไม่มีแผนสำรองในการแก้ปัญหาเลยถ้าระบบ online ล่ม แก้ปัญหาช้ามากกกกกกกกกกก แล้วไม่รู้ว่าทำไมวันนี้คนเยอะกว่าปกติที่มากินในช่วงเวลาบ่าย สงสารพนักงานหน้าบ้านมากต้องมารองรับอารมณ์ลูกค้า
ChdDSUhNMG9nS0VMM0ozNWpXb09lVTh3RRAB,Nuttarida Kaenkham,5,ไปกินครั้งแรกประทับใจมาก บริการดีแบบไม่ต้องลุกเดินเองสักอย่างพนักงานทำให้หมดขนาดจะไปตักไอติมพนักงานกระซิบว่าให้หนูตักให้ก็ได้นะคะ 👍🏻👍🏻หม่าล่าก็อร่อยราคาดีรอคิวไม่นาน คิดๆแล้วอยากไปกินทุกอาทิตย์เลย😂👍🏻
ChZDSUhNMG9nS0VPYnZvTWlsb2FXVUtREAE,Wip Fagsukjit,5,อร่อยคุมค่าคุ้มราคา อาหารสะอาด พนักงานบริการดี ที่รอคิวหน้าร้านร้อนไปหน่อย
ChdDSUhNMG9nS0VJQ0FnTUNBMlBtZ29nRRAB,Cherrykoko Yuul,5,"ทุกอย่างเลิศที่สุดในปฐพี อาหารอร่อย บริการดีสุด
รสชาติ100 บริการ 100,000 หลัง4โมงเย็นคนจะแน่นร้าน แนะนำให้มาก่อนเวลา"
Ci9DQUlRQUNvZENodHljRjlvT2w5V2REVXdkbTl4VDNsZk5UZ3llbVpLU21rM2RrRRAB,Valentino Rocco,5,The food was alright but the service was 100/10. They are very Well-received for the payment concerned on each customer on each table. Will def come back for sure :)
Ci9DQUlRQUNvZENodHljRjlvT25GMFNEbEdjMXBRU0VaSlNUVnViVk5pYmpBM2MxRRAB,HAOLIN LI,4,"Craving hot pot like crazy, but my wife’s favorite spot was closed, so we ended up at this one (we’ve been here before).

The place was easy to find—within walking distance, close to the Ratchayothin shopping area.

The atmosphere and service were decent. You pick your broth right at the entrance (gotta go for mala!) Business seemed okay—Thai people really seem to love this revolving hot pot style.

Dipping sauces are self-serve, and drinks/food are grab-and-go. The flavor was alright, but the broth wasn’t as rich and spicy as we’d hoped. Still, it did the job to satisfy the craving."
Ci9DQUlRQUNvZENodHljRjlvT2s1VmFsRnRkMncxZG5JME5qa3hWazFhZEVsYVUyYxAB,Yuei 25,4,"ไปช่วงกลางวันคนไม่เยอะ ทางร้านรับโอนกับเงินสด อาหารค่อนข้างอร่อยหลายอย่างมีให้เลือกเยอะ ราคาคิดเป็นไม้กับเป็นถาด

ใครเอารถไปจอดเมเจอร์  (4ชม.20บาท) แล้วเดินไปไม่ไกล"
ChZDSUhNMG9nS0VJQ0FnSUQ3Mm9hZlFnEAE,No One No One,4,"ร้านหม่าล่าสายพาน ที่รสชาติใช้ได้ร้านนึง มีเมนูให้เลือกเยอะ สด ใหม่ ถาดที่เป็นเนื้อสัตว์ปิดด้วยฟิล์มมิดชิดดี เนื้อสด

น้ำซุปหม่าล่ามีให้เลือกแบบเผ็ดน้อย กับ เผ็ดชา

ซุปเห็ดหอม อันนี้ชอบ

ลูกชิ้นกุ้ง อันนี้อร่อย"
Ci9DQUlRQUNvZENodHljRjlvT210MFV6RkpObE5pYmxGa2RsRnlYMGM1YjI4d2JWRRAB,Roberto Marqués Ríos,1,"I almost never leave bad reviews, but this restaurant truly deserves it. This is the worst meal I have had in a long time. I ordered it online through the Grab app.

I am a big fan of soups, hot pot and such. This is the absolute worst one that I ever had the chance to try.

I ordered the Mala Set A. As soon as the ""food"" was brought, I knew that something was off. The smell was strange and off putting, and when I tried the food, the taste was even worse. It felt like eating something expired, something that has gone bad. I don't know what the issue actually was, but I can't consider that this was food, to the point that I couldn't even finish a few bites, it made me gag. The texture of the meat was also weird, it felt like biting a jelly cube.

I had to throw away the order and had diarrhea for 2 days.
Never in my life ordering here again."
ChZDSUhNMG9nS0VJQ0FnSUR2NnVXV0VREAE,許峰鳴,5,"The place was amazing! As a Taiwanese, the soup made me feel right at home; it smelled wonderful and was packed with spicy flavor. The meat was good, and the chicken was incredibly tender and juicy. You can customize the dipping sauce to your preference, but I highly recommend sticking with the default option. I was there with my girlfriend, and we both thoroughly enjoyed the food. The prices were very reasonable, which surprised me since I usually prefer trying local Thai cuisine. However, this experience really won me over."
ChdDSUhNMG9nS0VJQ0FnSUN2c2ZfTTBnRRAB,Teay Kz,3,"ร้านหม่าล่าสายพาน
- คิดราคาตามสีของถาด/ไม้เสียบ
- มีราคาตั้งแต่ไม้ละ 5 บาท - ไม้/ถาดละ 50 บาท
- น้ำซุปใหเลือก 6 แบบ ช่วงที่ไปให้เลือกน้ำซุปได้ 2 อย่างในราคา 59 บาท
- มีน้ำจิ้มที่ร้านปรุงเอาไว้ให้ และมีบาร์น้ำจิ้มให้ลูกค้าได้เลือกปรุงเอง
- คุณภาพของวัตถุดิบอยู่ระดับกลาง ๆ
- มีน้ำดื่มกระป๋อง / ขวด วางเอาไว้ด้านหน้า สามารถหยิบตามที่ต้องการได้เลย
- มีโต๊ะแบบนั่งคนเดียวหม้อส่วนตัว และสายพานวิ่งข้างหน้าเท่านั้น ไม่มีโต๊ะสำหรับนั่งด้วยกัน
- ร้านอยู่ตรงสี่แยกรัชโยธินพอดิบพอดี หากมาแท็กซี่อาจต้องให้จอดเลยร้านไปหน่อยถึงจะลงได้
- ร้านไม่มีที่จอดรถ หากเอารถมาต้องไปจอดที่เมเจอร์รัชโยธินแล้วเดินทา

ค่าใช้จ่าย : กินมื้อเย็นแบบกินอย่างอื่นมาแล้วแต่อยากกินหม่าล่าอีก ~280 บาท

สรุป : ร้านหม่าล่าสายพานคุณภาพกลาง ๆ หากต้องการกินแก้อาการอยากหม่าล่าก็พอได้อยู่"
ChZDSUhNMG9nS0VJQ0FnSURaeF9EUlFREAE,Pype Chengdu,5,ปกติชอบกินหม่าล่ามากกก ที่นี่เป็นอีกที่ที่ไม่เคยมากินเพราะเห็นสาขาเยอะแล้วคิดว่า น่าจะไม่ค่อยโอเคร พอได้ลองแล้ว ดีกว่าที่คิด เผ็ดชามาก ของก็เยอะ ถ้ารักษามาตรฐานนี้ได้ คงเป็นลูกค้าอีกนาน
ChZDSUhNMG9nS0VJQ0FnSURwbGFha2RREAE,Ruxo Zheng,4,หม่าล่าแบบเผ็ดปากชา ก็ไม่ได้ชาอะไรมาก ความเผ็ดยังสู้ร้านตรงเมเจอร์ยังไม่ได้ แต่ วัตถุดิบมีให้เลือกหลากหลายกว่ามาก และน้ำจิ้มก็ค่อนข้างหลากหลาย ข้อเสียคือไม่มีที่จอดและที่นั่งติดกันไปหน่อย
ChdDSUhNMG9nS0VJQ0FnSUQ1NlluVmdnRRAB,Supawut Saengrassamee,5,"ปกติคนจะมาทานหม่าล่า
นี่เลยมาลองทานซุปกระดูกหมู

อร่อยดีครับ กินเท่าไหร่ หยิบเท่านั้น
ราคาเสียบไม้ และเครื่องดื่ม เทียบกับร้านรูปแบบเดียวกันนี้ ที่นี่ถือว่าราคาถูกกว่านิดหน่อยครับ"
ChZDSUhNMG9nS0VJQ0FnSURKeXVUY2JREAE,Asin P,5,"ร้านบรรยากาศดี แอร์เย็นไม่อึดอัด ไลน์อาหารหลากหลายดี กุ้งแกะก็ตัวใหญ่ คุณภาพวัตถุดิบดูสดโอเค กิน 2 คนราคานี้ก็พอไหว
ข้อเสียน่าจะเรื่องที่นั่งน้อย รอคิวนานหน่อย"
ChdDSUhNMG9nS0VJQ0FnSUQxaXFfc3lBRRAB,BJP. Brad Jones,5,สาขานี้กินประจำ ไลน์บนสายพานเยอะกว่าสาขาอื่นที่เคยกิน สาขานี้ไม่เคยรอคิวเลย ไปถึงแล้วได้กินเลยทุกครั้ง ชอบเอาชีสบอลกับซาลาเปาทอดลงหม้อ อร่อยเลย น่าเสียดาย อยู่ตรงมุมสี่แยก เดินค่อนข้างไกลจาก bts
ChdDSUhNMG9nS0VJQ0FnSURKc0lIZTVnRRAB,YooRin Park,4,"รอไม่นาน รับคิวเรื่อยๆ ร้านเปิดใหม่ สะอาด กว้างขวาง
อี้จา คือ รักษารสชาติน้ำซุปได้เป็นอย่างดีทุกสาขาอยู่แล้ว พนง.น่ารักตั้งใจบริการ

แต่รู้สึกว่าสาขานี้ มัดผักของน้อยกว่าสาขาอื่นนิดนึง แต่ก็ไม่ติดอะไรค่ะ"
ChdDSUhNMG9nS0VJQ0FnSUMxc1ltc2p3RRAB,Melosolo WS.,4,หมาล่า อยู่หัวมุม แยกรัชโยธิน ราคาไม่แพง หมาล่ากลิ่นติดตัวมากๆจ้า แนะนำน้ำซุปกระดูกหมู กับหมาล่า แล้วที่ห้ามพลาดคือลูกชิ้นกุ้งโฮมเมท อร่อยยยไม่แพง50บาท น้ำซุป1 น้ำ49บาท 2ซุป 59บาท โดยรวมก็โอเคนะ
ChZDSUhNMG9nS0VJQ0FnSURGeWFhNUdREAE,thanawich srising,5,อร่อย ราคาถูก วัตถุดิบสะอาด หลากหลาย แต่กลิ่นติดตัวแรงมาก หม้อไม่เก็บควัน นั่งติดกันไปนิด กินเสร็จกลับบ้านอาบน้ำอย่างเดียว
ChZDSUhNMG9nS0VJQ0FnSUNwb2NieURBEAE,Koizumi isuki,2,"ร้านเปิด 12.00 แต่กว่าจะได้เข้าร้านก็ 12.05
นี้ไปรอตั้งแต่ 11.40 มีคนยังน้อยอยู่

อาหารอร่อย หลากหลายกว่าร้านอื่นๆ
ราคาไม่แพงมาก อาหารบางชนิดชิ้นใหญ่ไป
ไม่มีที่ตักในหม้อ มีแต่ตะเกียบกับช้อนเล็ก
น้ำจิ้มปรุงเองมีสูตรให้ แต่ถ้ามีปรุงเตรียมไว้ให้จะดีมาก

บริการค่อยข้างช้า ถึงขั้นบกพร่องเลย ต้องค่อยย้ำอยู่รอบถึงจะได้ เข้าใจว่างานเยอะ ไม่ใช่ความผิดพนักงาน แต่ร้านไม่ใส่ใจปัญหานี้มากกว่า ทำให้พนักงานต้องจัดการปัญหาเอง ควรมีคนที่มีอำนาจมากกว่านี้จัดการ หวังว่าจะปรับปรุง

บรรยากาศร้านเหมือนร้านสุกี้สายพานจีนปกติ ไม่มีอะไรเด่น
เพลงเปิดไปมั่วๆ แถมใช้มือถือที่ใช้รับ order delivery มาเปิด ถ้า order เข้าก็เสียงดังในออกลำโพงร้าน
อึ้งมาก จัดการได้แย่ 👍

ไม่มีที่จอดรถของตัวเอง น่าจะทำเล ต้องไปจอดที่เมเจอรัชโยธิน"
ChdDSUhNMG9nS0VJQ0FnSUMzeU0zcDZRRRAB,สุวิภา ดีไชโย,1,แย่มากค่ะพนักงานโคตรแย่สั่งออเดอร์ไป 3 ชุดแต่ได้มาแค่ชุดเดียว แถมพนักงานยังไม่มีความรับผิดชอบโทรไปรอบแรกบอกคนขับออกมาแล้ว สักพักโทรกลับมาถามเรื่องเบอร์ติดต่อ โทรไปตามหลายรอบมากรอตั้งแต่บ่าย2จน 4โมงแล้วก็ยังไม่ได้กินปรับปรุงด้วยค้าาาาาาาาาาาาาา
ChdDSUhNMG9nS0VJQ0FnSUNYd3BmM2tBRRAB,YO MANz,5,อร่อยมากกกกก หมูดีมาก น้ำจิ้มกะดี ผมเป็นคนกินเยอะมาก มากับแฟนสั่งชุดใหญ่แค่ชุดเดียว กำลังอิ่มพอดีเลย (ถ้าเตาไหม้เปลี่ยนเตาใหม่ได้น้าาาา เปลี่ยนฟรี
ChdDSUhNMG9nS0VJQ0FnSURuOTc3UTRRRRAB,"S,suthakon",1,ยอมรับว่าอร่อย แต่ติดอย่างเดียวความสะอาดไม่มีเลยแมลงวันบินในร้าน กินๆอยู่หนูวิ่งมาบนสายพาน แทบช็อคพอเลยครั้งแรกและครั้งสุดท้าย🫷
Ci9DQUlRQUNvZENodHljRjlvT2tGNVNHc3hMWFUxY25nMkxYSkphRmRNY2pFdFlXYxAB,Jirasuda K.,1,ลูกค้ายังมี ตั้งหลายคน พูดมาได้น้ำจิ้มหมด ร้านสุกี้ที่น้ำจิ้มหมด ปรับปรุงด้วยค่ะ !!!!
ChZDSUhNMG9nS0VJQ0FnSUNmaHBuLUlREAE,N Tararat,1,"เมื่อก่อนสั่งบ่อยมาก จนเมื่อ 2 เดือนที่แล้วสั่งเดลิเวอร์รี่แล้วโดนดองออเดอร์ 2 ชั่วโมงจนทนไม่ไหวต้องโทรไปตาม พนักงานไม่รู้เรื่องให้คำตอบไม่ได้
บอกออเดอร์ไม่เข้า โยนให้ไปเคลียร์กับแอพอย่างเดียว และไม่รับผิดชอบอะไรทั้งสิ้น แต่แอพคืนเงินให้ สงสารตัวเองกับไรเดอร์มากต้องมาเสียเวลากับร้านที่จัดการแบบนี้

จนตอนนี้ก็ยังมีพื้นที่ร้านออกโปรโมชันลดกระหน่ำกับแอพเดลิสีเขียวที่ไว้แชทอยู่ เลยอดไม่ได้ที่จะต้องกลับมารีวิวความจริงให้ผู้บริโภครับรู้ก่อนจะตัดสินใจสั่ง เพราะเห็นว่าร้านขยายแบรนด์หม่าล่าทั่งด้วย กลับไปอ่านรีวิวปัจจุบันก็ยังมีคนเจอปัญหาเดิมเหมือนกัน อยากให้ร้านจัดการปรับปรุงให้ดีขึ้นก่อนและคำนึงถึงผู้บริโภคบ้างในการเปิดร้านอาหาร

และล่าสุดเพื่อนนี่สั่งมากินแล้วจู๊ดๆ อาจจะแล้วแต่คนไม่เหมาะกับหม่าล่าด้วย แต่เห็นรีวิวในร้านก็ดูมีแมลงวัน ก่อนใครจะกินหรือสั่งแอพลองตัดสินใจกันดูดีๆ"
ChdDSUhNMG9nS0VJQ0FnSUR2ZzlhOG9RRRAB,namthip plongsawai,1,ถ้าไม่อยากเจอมหากาพย์ปัญหาการกิน + เสียสุขภาพจิตแนะนำให้เลี่ยงร้านนี้ค่ะ ❌️ สั่งเดลิเวอรี่รอไปเกือบ 2 ชั่วโมง พอแกะถุงใส่ถ้วย ได้อาหานมาไม่ครบ ขาดหมูและเส้น (110บาท) เป็นเมนูหลักเลย รีบโทรหาร้าน ร้านบอกจะรีบต้มส่งมาให้ รอไป 1 ชม. สรุปเขาบอกว่าคนส่งวางให้แล้ว แต่หายังไงก็หาไม่เจอ ไปตามหาอีก 1 ชม. ก็ไม่เจอ ร้านก็ไม่ค่อยนับสาย เสียเวลามากๆ บอกขอคืนเงิน ไม่เอาของแล้ว เขาบอกแจ้งในแอปเลย สรุปในแอปบอกไม่ผ่านพิจารณา เพราะรูปอาหารเป็นรูปน้ำซุป ไม่เห็นว่าได้อาหารไม่ครบยังไง สรุปเราไม่ได้อะไรคืนเลย โทรไปตามร้านบอกจะติดต่อกลับ ก็หายไป ตอนนี้ตามจนเหนื่อยแล้วค่ะ ร้านอื่นๆที่อร่อย บริการดี ให้อาหารครบ ยังมีอีกเยอะนะคะทุกคน เลือกร้านที่ทำให้ไม่ทำให้ชีวิตวุ่นวายค่ะ
ChdDSUhNMG9nS0VJQ0FnTUNneHZlaDlnRRAB,Cross Rachata,1,"ร้านเขียนบอกว่าปิดตอนตี 2

เราเข้าไปทานตอน 5 ทุ่ม เมื่อวันเสาร์ 15

หมดตั้งแต่ น้ำดำ, เห็ดเข็มทอง, ลูกชิ้นเนื้อวัว, ผักบางอย่าง ของทะเลจืดฉืด ออกของช้า แตงโมไม่มี

ของหมดหลายอย่าง แต่รับลูกค้า มันคือสายพานเพราะฉะนั้น ถ้าของหมดเกินขนาดนี้ ควรบอกลูกค้าให้หมด ว่าอันไหนหมดบ้าง ก่อนลูกค้าจะเข้า

ของหมด ที่สำคัญ ร้านมีแต่ เปบซี่ !"
ChZDSUhNMG9nS0VJQ0FnTURvb2EtTWVnEAE,Niwet Khamaei,1,ร้านบันไดลื่นมาก ถ้าเขียนป้ายติดแปลว่าต้องเคยมีคนตกหลายคนแล้ว ควรปรับปรุงด่วนนะคะ มันเป็นเรื่องของความปลอดภัยลูกค้า
ChZDSUhNMG9nS0VJQ0FnSUNYa3RHYWV3EAE,TuengJiBi,1,อร่อยถูกใจ อนามัยถูกลืม สาขานี้แมลงวันตอมอาหารบ่อยมาก
ChZDSUhNMG9nS0VJQ0FnSUNIZ3NDUGJREAE,Sugar Kanokporn,5,"ร้านแคบ
- พนักงานแจ้งให้จอดรถในเมเจอร์ หาที่จอดยาก
- พนักงานไม่ค่อยสนใจบริการ / ไปรอบดึก คนน้อย
- รสชาติน้ำจิ้มปรุงอร่อยกว่าทุกสาขาที่เคยทาน
- มีไอศครีมฟรีแต่ไม่มีใครบอก
- ไลน์อาหารเยอะ เพราะไม่มีบุฟเฟ่ต์

โดยรวมอร่อยค่ะ จะพยายามกินให้หลากหลายสาขา"
ChdDSUhNMG9nS0VJQ0FnSUR2dk1DM3ZnRRAB,yyeem jin,1,รออาหารสองชม.กว่าๆ คือถ้าไม่พร้อม ไม่ต้องเปิดเดลิเวอรี่เถอะะ estimated time คือไม่ตรงสุดๆ จะยกเลิกแต่ละทีก็ยาก คือชม.นึงว่านานแล้ว เจอร้านนี้ไปสองชั่วโมงกว่าไม่รวมที่ไรเดอร์ขับมาส่งอีกนะ คือแย่มากกกกกกกกก ใครจะสั่งคิดดีๆ ครั้งสุดท้ายร้านนี้ :(
ChZDSUhNMG9nS0VJQ0FnSUNYMUx1YVRBEAE,Saran Chansukon,1,รออาหารเป็นชม. โทรถามพนักงานผู้ชาย ทำออเดอร์อื่นที่สั่งที่หลังเราเป็นชม. ไปแล้ว พอถามว่ายังไม่ทำออเดอร์ของเราหรอ บอกยังไม่ได้ทำ ไม่มีขอโทษใดใดสักคำ อีโก้สูง แค่ขอโทษยังไม่กล้าจะไปทำงานที่ไหนต่อได้อ่ะ ขนาดน้องหมาตัวผู้ยังรู้สึกผิดเป็นเลย ห่วยแตกมาก ถ้าจะทำขายแล้วทำได้ไม่ดี ก็เลิกทำไปเหอะ
ChZDSUhNMG9nS0VJQ0FnSURwM1BHYkZREAE,Anocha U,4,"หม่าล่าสายพาน
น้ำซุปหม่าล่าเผ็ดน้อยอร่อย
น้ำจิ้มที่ร้านปรุงให้อร่อยถูกปาก"
Ci9DQUlRQUNvZENodHljRjlvT21wbmJFNWlVek5mZDNONmFtZE1MVGRCY25NNFVIYxAB,Kasana Thongyun,1,This restaurant has inattentive staff who forget customer orders and work slowly. The food is not tasty. I strongly do not recommend it to anyone.
ChdDSUhNMG9nS0VJQ0FnSUNOaXVqc21nRRAB,พิรชัช สุขโข,5,ลองมากินอี้จาครั้งแรก ถือว่าโอเคเลย มีเนื้อให้เลือกเยอะกว่าร้านอื่นที่กิน
Ci9DQUlRQUNvZENodHljRjlvT2xSbk1teHRabEkxTjFBM2IwdGxZM0F4ZERKYU1YYxAB,Nina Suthima,1,โทรมาไม่รับสายมาถึงร้านบอกเปิด 16:30ในเว็ปบอกเปิด 11 โมง งง
ChZDSUhNMG9nS0VJQ0FnSUNuak9IblVREAE,Jitraphon Suebvattana,1,สั่งแกร๊ปกลับบ้านแบบเซต เอ ราคา 199 ได้หมูชิ้นเดียว และ ผักแบบกินสามทีหมด เคยสั่งหลายทีไม่ใช่แบบนี้ แต่ครั้งหลังๆยิ่งน้อยลงๆ แย่มากๆค่ะ
ChdDSUhNMG9nS0VJQ0FnSUNUeEwyd2hnRRAB,mqyer,1,มาถึงหน้าร้านตี1 10 นาที กำลังเดินเข้าร้านพนักงานรีบเดินมาดักหน้าร้านว่าไม่รับลูกค้าเพิ่มแล้ว เราเลยถามว่า ทำไมในเพจแจ้งว่าปิดตี2 ก็หัวเราะและยิ้มทำเหมือนเป็นเรื่องตลก เลยแจ้งแอดมินในเพจ ไม่แน่ใจว่าลงโทษยังไง แจ้งแค่ว่าตักเตือนและทำโทษแล้ว แต่ใจเราตั้งใจไปกิน ขับรถมาไกล กินสาขานี้ประจำ ถ้าอยากปิดร้านไว ทำไมไม่ตั้งว่าปิดตี1 พนักงานหน้ามึนมาก แต่แอดมินแก้ปัญหาด้วยการให้เป็นส่วนลดในการทานครั้งต่อไปแทน โมโหพนักงานในสาขามาก
ChZDSUhNMG9nS0VJQ0FnSURubWJqeGR3EAE,AWP 666,1,ปิดรับเดริเวอรี่เหอะรู้ว่าทำไม่ทันเห็นใจพนักงาน ลูกค้าแล้วก็ไรเดอร์บ้างอย่าเห็นแก่เงิน สั่งอาหารรอเป็นชั่วโมงเจ้าของร้านมาอ่านบ้างนะ
ChZDSUhNMG9nS0VJQ0FnSURIeVl5a0VnEAE,อารียา สืบนุการณ์,1,เข้าใจนะว่าลูกค้าหน้าร้านเยอะ แต่โปรดเห็นใจไรเดอร์ด้วยได้ไหมคะ รอ 2 ชม กับค่ารอบ 30฿ แล้วมาเสียเวลาร้านคุณ มันใช่ไหม แทนที่ไรเดอร์จะได้ไปรับงานอื่น 2 ชม. บอกลูกค้าเยอะ ถ้ารู้ว่าลูกค้าเยอะไม่ปิดออเดอร์ไปก่อนคะ ควรปรับปรุงนะ ไรเดอร์เค้าทำยอด ใช้เงินคะ
ChZDSUhNMG9nS0VJQ0FnTUN3bTl5NVRBEAE,กิตติก ทดด,1,เข้าระบบ line man ไปปุ๊บปั๊บร้านทำเสร็จแล้วถึงจะเรียกอะไรเดอร์มารับออเดอร์แต่นี่เลือกไรเดอร์มานั่งรออาหารอีก เกียงชั่วโมง เพื่ออะไร ระบบร้านคืออะไรพนักงานไม่รู้หรอเสียเวลามากกับร้านแบบนี้ไม่รู้ระะบบตัวเอง
ChdDSUhNMG9nS0VJQ0FnSUQxekpmYjVBRRAB,ktch h,5,ประทับใจมากๆๆ จนต้องมารีวิวให้เลย ปกติกินสาขาอื่นก็เฉยๆ ลองแวะมาสาขานี้พนักงานน่ารักมาก บริการดี ร้านเปิดเพลงสากลเทสดีสุบๆๆ555555 คนไทยกินอาหารจีนฟังเพลงฝรั่งคือเริ่ดเกิน อาหารดี ร้านสะอาด ติดอย่างเดียวคือกุนเชียงสาขาอื่นอร่อยกว่า นอกนั้นดีแล้วค่ะ
Ci9DQUlRQUNvZENodHljRjlvT2t4YWVYUmtVRXhyZW04eGNFMTVObWhEV0cxQ2FGRRAB,Khemjira,4,ราคาถูกขีดละ26 น้ำซุปอร่อย
ChZDSUhNMG9nS0VJQ0FnSURwb05xX2NBEAE,Nattanon Sangaroon,4,รสชาติอาหารค่อยข้างโอเค วัตถุดิบอาหารเหมาะสมกับราคา(แนวสุกี้สายพาน) ส่วนด้านการบริการ พนักงานมีบางคนมีความไม่เข้าใจในการเสิร์ฟ หรือการตอบคำถามบริการลูกค้าประมาณหนึ่ง แต่โดยรวมค่อนข้างโอเคเลน หากอยากกินสุกี้สายพาน😊
ChZDSUhNMG9nS0VJQ0FnSUNGblk3UU9nEAE,jutatip putpipat,1,สำหรับคนไม่กินเนื้อวัวนะคะ เนื้อหมู เนื้อวัวแยกกันไม่ชัดเจน พนักงานบอกสลับถาด ควรมีป้ายติดบอกลูกค้า ซุปหมาล่ามีมันวัวหรือไม่มีควรมีป้ายบอก มา2รอบ ผิดหวัง2รอบ
ChZDSUhNMG9nS0VJQ0FnSURManZMRkFREAE,Drinking Water,3,พนักงานไร้มารยาท แถมร้องเพลงเสียงดัง แต่โดยรวมอาหารดี มีแมลงวันบ้างตัวสองตัว ไม่คิดมากก็ทานได้ ทานประจำ
ChdDSUhNMG9nS0VJQ0FnSUNONnVqa25nRRAB,BAA KOH,3,"deduct 1 star from slow conveyor, too sloow couldn't fed me instantly while i was starving to death and 1 star from fly"
ChdDSUhNMG9nS0VJQ0FnSURaLVpMajJBRRAB,Nalynn NLab,1,ผิดหวังค่ะ มากินแล้วเจองี้โคตรแย่ นั่งรอพนักงานเก็บเงินเรียกมา5รอบ พนักงานตอนรับทุกรอบพยักหน้า ตอบรอสักครู่ค่ะ แต่ลืมกูค่ะ โน้นไปเก็บเงินคนอื่น เก็บเสร็จไป3คน เรียกที ค่ะๆ ตอบแต่ไม่มา คนเยอะจะไม่ด่าเลย แต่คนมีอยู่นิดนึง และเดินไปเก็บเงินคนอื่นหลังเราเรียกได้แต่เก็บเงินเราไม่ได้ ต้องดึกหน้าเสียงแข็ง ว่าเก็บเงิน ถึงจะเดินมา น่าโมโห
ChdDSUhNMG9nS0VJQ0FnSUNYb3Vic2h3RRAB,LIL M OG,1,"ท่าสั่งเดลิเวอรี่ไม่แนะนำเลยคับ รออาหารเป็นชั่วโมง ไม่พัฒนาอะไรเลย
จากใจไรเดอร์ที่รออาหารร้านนี้ค้บ"
ChdDSUhNMG9nS0VJQ0FnSUQ3N283eHlRRRAB,น้ําทิพย์ โชตชื่น,1,สั่งGrab ไปตอน3ทุ่มทั้งที่เปิดรับออเดอร์แต่ไม่กดรับคำสั่งอาหารรอจน4ทุ่มครึ่งก็ยังไม่มีใครกดรับทั่งที่ยังขึ้นว่าเปิดร้านอยู่เลยรู้สึกผิดหวังมาก
ChZDSUhNMG9nS0VJQ0FnSURubG9EV2N3EAE,HamHamChul Kim,1,บริการห่วยมาก สั้งผ่านแอพ ผ่านไปชมนึง ติดต่อไม่ได้ สรุปต้องให้คอลเซ็นเตอร์ตามให้ ก็คือไม่ได้กิน ปล่อยให้รอทำไม เสียเวลา!!
ChdDSUhNMG9nS0VJQ0FnSURKNHJyci1nRRAB,Eakiie65 Rakiie56,5,อร่อยเช้มข้นมั๊ก ชอบซุปกระดูก
ChZDSUhNMG9nS0VJQ0FnSUNua3Vxc2JREAE,Y P,1,บอกเลยไม่คุ้ม ถ้าเทียบกับร้านอื่นหรือบุฟเฟ่ดีกว่าอาหารก็ธรรมดาๆ มันอาจจะเปนร้านสำหรับคนรวย
ChdDSUhNMG9nS0VJQ0FnSURuNHNIMTRnRRAB,Soraya Khambut,1,น้ำจิ้มไม่อร่อย อย่างอื่นก็ไม่อร่อยด้วย รอของ3 ชม.พอโทรไปสอบถามพนักงานก็พูดไม่ดี บริการแย่มาก
Ci9DQUlRQUNvZENodHljRjlvT25GeFlVTjRNV1I2TWtoU1NVSTJSVEl4WXpkNldrRRAB,SUNBIKE CHANEL,1,ปูอัดเสียแล้ว ลงจานมาได้ไง
ChdDSUhNMG9nS0VJQ0FnSUNqcF9TamdBRRAB,Aki Sun,4,"Nice place with various choices of food, but the toilet is a bit unclean"
ChdDSUhNMG9nS0VJQ0FnSUNaNEs3UzNBRRAB,Pharinya Auttho,4,Fresh ingredients (makes it a plus). No parking lot. Staff were friendly. Reasonable price for this style of cuisine.
ChdDSUhNMG9nS0VJQ0FnSUM1d09fNmtBRRAB,Tada H.,5,ที่นั่งกว้าง แอร์เย็น รอคิวไม่นาน
ChdDSUhNMG9nS0VJQ0FnSUREdVlQbHNRRRAB,Achi Aummy,5,ร้านบรรยากาศโอเค รสชาติดี สะอาด อร่อยทุกอย่าง พนักงานบริการดีค่ะ
Ci9DQUlRQUNvZENodHljRjlvT21GeFdsZDBjVWRaUkZKZmRHWjROSFIwUTBkT2VHYxAB,Chanikan Udtanak,5,Nothing to describe I just like it here
ChdDSUhNMG9nS0VJQ0FnSURWMGNyZzBBRRAB,Suticha Soonploy,4,โอเครแทบทุกอย่างแต่อยากให้มีน้ำซุปหม่าล่าน้ำมันพืชด้วยจะดีมาก
ChdDSUhNMG9nS0VJQ0FnSUM5NWJ6N193RRAB,D-nee Vic,5,ชอบมากกก ทุกอย่างดี เเต่ต้องไปจอดรถที่เมเจ้อไม่ก้ต้องนั่งรถไฟฟ้าไป
ChZDSUhNMG9nS0VJQ0FnSURuMjlmWUp3EAE,Ploy pilin,1,3 ชั่วโมง ยังไม่รับอาหารเลยค่ะ ช้าเกินไป
ChZDSUhNMG9nS0VJQ0FnSUM1Z2RMNlN3EAE,Patnarin Wongkad,5,ดี อร่อย ของเยอะ สะอาด
ChZDSUhNMG9nS0VJQ0FnSUQ5NmVhU2VREAE,P,5,อร่อย
ChdDSUhNMG9nS0VJQ0FnSURMLV9fUnNBRRAB,Paween Thongbaiyai,5,Good
ChZDSUhNMG9nS0VJQ0FnSURWbnU2aUxBEAE,Jirateep,5,อร่อย แต่เค็ม มีให้เลือกหลากหลาย
ChZDSUhNMG9nS0VJQ0FnSUNYeTZQdlV3EAE,deewickk,1,อย่าขายเลย ทำผิดๆถูกๆ
ChZDSUhNMG9nS0VJQ0FnSURKbnFHVWVnEAE,Aornkanya Subin,4,น้ำซุปกระดูกหมูอร่อยมากกกก 🥹
ChZDSUhNMG9nS0VJQ0FnSUMzdHZfZ1FBEAE,Piyapat S,1,ความสะอาด
ChZDSUhNMG9nS0VJQ0FnSUNaall2ZFBREAE,Risara Chaichana,1,สั่งผ่านGrab ทำorder มาผิด
Ci9DQUlRQUNvZENodHljRjlvT2tGUFNsbzFUalJhVFRGUFdVVkdjRGxTVDJ0S09XYxAB,Bigbright Chanoknan,5,อร่อย
ChdDSUhNMG9nS0VJQ0FnSUNuOVp1UGl3RRAB,สันติ แสนโคตร,1,"แล้วทำไมไม่ทำอาหารให้เสร็จก่อน ค่อยเรียกไลแมน

แล้วทำไมไม่ทำอาหารให้เสร็จก่อน ค่อยเรียกไลแมน

แล้วทำไมไม่ทำอาหารให้เสร็จก่อน ค่อยเรียกไลแมน

แล้วทำไมไม่ทำอาหารให้เสร็จก่อน ค่อยเรียกไลแมน

แล้วทำไมไม่ทำอาหารให้เสร็จก่อน ค่อยเรียกไลแมน

แล้วทำไมไม่ทำอาหารให้เสร็จก่อน ค่อยเรียกไลแมน

แล้วทำไมไม่ทำอาหารให้เสร็จก่อน ค่อยเรียกไลแมน

แล้วทำไมไม่ทำอาหารให้เสร็จก่อน ค่อยเรียกไลแมน

แล้วทำไมไม่ทำอาหารให้เสร็จก่อน ค่อยเรียกไลแมน

แล้วทำไมไม่ทำอาหารให้เสร็จก่อน ค่อยเรียกไลแมน

แล้วทำไมไม่ทำอาหารให้เสร็จก่อน ค่อยเรียกไลแมน

แล้วทำไมไม่ทำอาหารให้เสร็จก่อน ค่อยเรียกไลแมน

แล้วทำไมไม่ทำอาหารให้เสร็จก่อน ค่อยเรียกไลแมน

แล้วทำไมไม่ทำอาหารให้เสร็จก่อน ค่อยเรียกไลแมน

แล้วทำไมไม่ทำอาหารให้เสร็จก่อน ค่อยเรียกไลแมน

แล้วทำไมไม่ทำอาหารให้เสร็จก่อน ค่อยเรียกไลแมน

แล้วทำไมไม่ทำอาหารให้เสร็จก่อน ค่อยเรียกไลแมน

แล้วทำไมไม่ทำอาหารให้เสร็จก่อน ค่อยเรียกไลแมน

แล้วทำไมไม่ทำอาหารให้เสร็จก่อน ค่อยเรียกไลแมน

แล้วทำไมไม่ทำอาหารให้เสร็จก่อน ค่อยเรียกไลแมน

แล้วทำไมไม่ทำอาหารให้เสร็จก่อน ค่อยเรียกไลแมน

แล้วทำไมไม่ทำอาหารให้เสร็จก่อน ค่อยเรียกไลแมน

แล้วทำไมไม่ทำอาหารให้เสร็จก่อน ค่อยเรียกไลแมน

แล้วทำไมไม่ทำอาหารให้เสร็จก่อน ค่อยเรียกไลแมน

แล้วทำไมไม่ทำอาหารให้เสร็จก่อน ค่อยเรียกไลแมน

แล้วทำไมไม่ทำอาหารให้เสร็จก่อน ค่อยเรียกไลแมน

แล้วทำไมไม่ทำอาหารให้เสร็จก่อน ค่อยเรียกไลแมน

ค."
ChdDSUhNMG9nS0VJQ0FnSUN2a19YMnZRRRAB,Anyarin Teerachawansith,2,รสชาติธรรมดา
Ci9DQUlRQUNvZENodHljRjlvT21aV1pteEJMVkJKWjE5TmFXazVNWGw2T1ZONE4yYxAB,The Black,4,"Rating:  ⭐⭐⭐⭐
My rating will be based on taste within the similar price range.

Recommended Menu:
ข้าวหม่าล่าหมู
+ สันคอหมู (ผัดรวม)
+ ฟองเต้าหู้ (ผัดรวม)

รสชาติอร่อย มัน-เค็ม-เผ็ด พอดี แบบไม่ต้องปรุงเพิ่ม
หลังจากผม topping ลงเพิ่ม รู้สึกปริมาณอิ่มสบายๆ 1 มื้อ สำหรับคนกินเยอะ

ปล ถ้าสายกินน้อย ไม่ต้อง top หมู ก็ได้ แต่ผมกลัวไม่สะใจ

Experienced by Delivery"
Ci9DQUlRQUNvZENodHljRjlvT2xONFEydEJNRzFEVTBGRU9GTXRhREI1WW5BMVNXYxAB,Jingyao Li,3,"The food was ok, but there was a waitress with a very bad attitude. I don't know how the store trains its employees. Working in a spicy hot pot restaurant, playing Chinese songs, and making fun of customers for their non-standard Thai is also cool."
ChdDSUhNMG9nS0VJQ0FnSUNsc2J1WWlnRRAB,정바름,4,"You can eat a satisfying meal for around 300-400 baht per person! Afterward, you'll be left with a strong mala (spicy) aftertaste. We recommend the white pork broth and mala (spicy) broth!"
ChZDSUhNMG9nS0VJQ0FnSUNuMy12ZEh3EAE,Ting Li,1,"The service was not good. The waiter didn't talk to us when we entered, pretending not to see us. The food was very average, nothing to eat. I ate a little bit and it cost 200, which is not cheap. Not recommended."
Ci9DQUlRQUNvZENodHljRjlvT2xGa2RGWXdURXRTZWs4eVVXUlhNRzlwWVU1SWVsRRAB,MADAS __,5,"เป็นร้านที่ถ้านึกไม่ออกว่าคืนนี้อยากทานอะไรก็จะมาสุกี้ดาราตลอด😂(ถึงจะต้องกลับบ้านไปสระผม)

อาหารสด หมู และเนื้อแผ่นใหญ่มาก กินได้จุใจจริง ๆ ค่ะ
สำหรับกุ้งบางรอบที่มาทานได้ใหญ่ บางรอบได้เล็ก คละ ๆ กันไป ก็ไม่ได้ติดใจอะไร น้ำซุปไม่ได้เข้ม และไม่ได้จืดจนเกินไป เหมาะกับการที่เราจุ่มกันไปเรื่อย ๆ จนได้ชิมน้ำซุปตอนสุดท้ายที่กลมกล่อมพอดี

สำหรับการบริการอาจจะต้องเรียกพนักงานบ่อยหน่อย แต่ก็เข้าใจด้วยความที่ร้านคนจะเยอะตลอด อาจจะมีพลาด และลืมorderที่สั่งไปบ้าง(เคยรอประมาณ20นาที😂) แต่ไม่เป็นไรค่ะ ถือว่าได้เคลียร์ของที่จุ่มไว้ในหม้อ และของบนโต๊ะพอดี 🥰👍🏻"
Ci9DQUlRQUNvZENodHljRjlvT2xkeVkwWkJiVEJuYzJsWVVsTnVlVjlHY0VkdlVVRRAB,K K.,3,"ไม่ต้องรอคิวนาน มีเมนูให้ทานหลากหลาย ราคามิตรภาพแบบนี้ ไม่ทานได้อย่างไร กับสุกี้ดารา
เนื้อสัตว์ โดยเฉพาะเนื้อวัว คุณภาพดีเลย เมื่อเทียบกับราคา ผักก็มีหลายอย่างให้เลือกทาน ส่วนน้ำจิ้มก็มีให้เลือกเยอะเช่นกัน"
Ci9DQUlRQUNvZENodHljRjlvT25GVldteDVaRTVOVW5SNlRuZGFXVmxrVTBRNU9VRRAB,Vanida AEKKATIN,4,"ใครเป็นสายชาบูหรือสุกี้บอกเลยว่าห้ามพลาด! 🫶  ไม่ไกลจาก ม.เกษตร เดินทางสะดวก 🚆
🥩✨ ไฮไลต์คือคุณภาพวัตถุดิบ — เนื้อ หมู ซีฟู้ด ผัก สด! น้ำซุปหอม กลมกล่อม มีให้เลือก🍲 ส่วน น้ำจิ้มสุกี้ดารา นี่คือตัวเอก 🧄🌶️ เผ็ดนิด เปรี้ยวเค็มกำลังดี จิ้มกับเนื้อคือฟินสุด 🫶

💰 ราคาโอเคเลย บุฟเฟต์เริ่มต้นประมาณ 300–400 บาท ของเติมตลอดไม่อั้น

📌 เคล็ดลับ:
ถ้ามาช่วงเย็นหรือวันหยุด คนแน่น
~ เหมาะกับเพื่อน ครอบครัว"
Ci9DQUlRQUNvZENodHljRjlvT21SaU0yNDNhVWRPZWxCbVYzTnVOakZHTmpnelFsRRAB,Monthiya Yusri,3,รู้นะว่าเป็น self-serving แต่พนักงานไม่สนใจกันเลยสักนิดนึง น้ำซุปจะหมดแล้ว เราก็ไม่รู้ว่าต้องเอาตรงไหน กว่าจะเรียกได้ต้อง 10 นาที โดยรวมมันก็อร่อยแหละ เนื้ออร่อยดีแต่ว่าอย่าลองหอยเชียว มันก็สดแหละแต่รู้สึกทรายเลย เลเยอร์ของร้านมันแปลก น้ำอัดลมเนี่ยไปอยู่หน้าห้องน้ำนู่น คือร้านก็โอเคดีเหมาะกับคนที่ไม่ชอบความวุ่นวายของร้านคนเยอะเยอะ
ChdDSUhNMG9nS0VQdTU3ZS1aa1pUeW93RRAB,Gie Gie,4,จัดสุกี้ดาราที่พหลโยธินไปอีกมื้อ! 🍲🥢 ประทับใจเหมือนเดิมจริงๆ เนื้อที่นี่คุณภาพดีเลยนะ ไม่ใช่แค่มีให้เลือกเยอะ แต่สไลด์มาพอดีคำ นุ่มกำลังดี ราคาก็คือดีงามมากกกก คุ้มค่ากับสิ่งที่ได้จริงๆ ค่ะ พนักงานก็บริการดี๊ดี บรรยากาศก็สบายๆ นั่งกินได้ยาวๆ เลย ใครมองหาร้านสุกี้ที่ได้ทั้งคุณภาพและปริมาณ ต้องมาลองที่นี่เลยยย!
ChdDSUhNMG9nS0VJQ0FnTUNRdE15OHB3RRAB,Lastshot Z,4,"ร้านสุกี้บุฟเฟ่ต์แฟรนไชส์ อันนิสาขาแถวรัชโยธิน พึ่งได้ลองทานครั้งแรก ของสดดี กินแล้วท้องไม่เสีย ของคุณภาพเหมาะสมตามราคาบุฟเฟ่ต์ไม่ถึง300 บาท
ของให้มีเลือกหลากหลาย ร้านมาวันธรรมดาตอนดึก ไม่มีคิว เข้าไปทานได้เลย เนื้ออาจจะเหนียวไปหน่อยแต่เข้าใจได้เทียบกับราคา กินหมูและอื่นๆอร่อยกว่า
โดยรวมถือว่าโอเคครับ มาทานได้ ร้านอยู่ติดถนนใหญ่"
Ci9DQUlRQUNvZENodHljRjlvT2pjMk1ucFlTRXhDZWpOeGFqTlFTRUpWTmtGTWRXYxAB,Annariz Tarz,5,อร่อยมากๆๆๆๆ ร้านชาบูอีกร้านนึงที่วัตถุดิบดีมาก เนื้อดีมาก ของดีทุกอย่าง 219 บาท +น้ำ39 บาท  น้ำจิ้มอร่อยมากๆ รวมๆ ชอบ ร้านโปรดในดวงใจ คนน้อยไม่ต้องรอคิว แต่ที่จอดรถไม่มีเลย ไปจอดตรงเสนาเซ็นเตอร์ แล้วเดินข้ามสะพานลอยมา เสียค่าที่จอด ชม.แรก 10 บาท ชม. ต่อไป 20 บาท
Ci9DQUlRQUNvZENodHljRjlvT25oNGQxWjBXa3BCU3poUFl6ZFZPVXhsWmxobGRuYxAB,Pet Chada,5,น้ำซุปอร่อยค่ะ น้ำจิ้มอร่อย เป็นชาบูราคากลางๆที่ของโอเคเลยค่ะ ไม่มากไม่น้อย มีหมู เนื้อ กุ้ง และปลาหมึก(เสียดายตอนมา หมึกสดหมด) หอย ให้คร บ ของกินเล่นน้อยไปหน่อย กับ position มุมเครื่องดื่มน้ำอัดลมไปวางตรงแถวที่คิดเงิน มาตอนแรกไม่รู้เลย งงๆค่ะ จนมาอ่านคอมเม้นอื่นถึงรู้
Ci9DQUlRQUNvZENodHljRjlvT210MVgzaHRZMUJwTWpad2NtOTRWRzVmYm1sa2VsRRAB,Minthlada K,4,"น้ำซุปอร่อย ของออกไวแต่ไม่ค่อยตรงจำนวนที่เขียน พนักงานบริการดีต้องสื่อสารดีๆ รายการอาหารเยอะ กุ้งใหญ่ ซอสซาเตอร่อยมากสั่งแยกได้ รอคิวไม่นาน
จอดรถตรงทางเข้าถนนเสนาฯ เอาบัตรไปปั๊มลดค่าจอดได้ มอไซจอดหน้าร้านได้เลย"
ChdDSUhNMG9nS0VJQ0FnTURRbnF2eGlRRRAB,SIRI .Mutchanu,4,ร้านชาบูหัวละ 219 ราคาได้ ของสดใช้ได้ มีให้เลือกเยอะ แต่น้ำซุปรสชาดธรรมดา ไม่ว๊าว รวมกับน้ำจิ้มที่ไม่อร่อย พากันไม่อร่อยไปเลยทั้งๆ ที่ของสดดีมาก
ChdDSUhNMG9nS0VJQ0FnSURYMl96aTVBRRAB,AEAEAEIIZ,4,วันนั้นไปช่วงค่ำและฝนตกปรอยๆ คนแน่นร้าน แต่โชคดีที่ไปก่อนคนจะเยอะมาก ทำให้ไม่ต้องรอคิวใดๆ บรรยากาศในร้านดูอึมครึมไปหน่อย พื้นทางเดินและไฟในร้านทำให้ดูไม่ค่อยสะอาดสะอ้าน ทางเดินในร้านค่อนข้างแคบ และมีบางจุดที่ค่อนข้างจะลื่น ต้องเดินดีๆนะคะ // อาหารก็ปกติเลย ออกไว ไม่กั๊กของ ราคาพอๆกับตี๋น้อย แต่เหมือนจะไม่มีของกินเล่นใดๆ โดยรวมๆถ้าไม่ได้อะไรมาก และอยากกินชาบูสุกี้ ราคาไม่แพง ร้านนี้ก็ตอบโจทย์ได้ดีค่ะ
ChdDSUhNMG9nS0VJQ0FnTUN3MjlubmxRRRAB,SJ2,4,"Shabu buffet, cheap price, medium quality. They have super yummy sauce especially the green one. There are not many items but everything is complete for this price. Local in student area, no parking but it's quit convenient to get here it you come by bus or BTS."
ChdDSUhNMG9nS0VJQ0FnTUR3OGJhc2tRRRAB,NISAKORN AMPHALOP,5,ไปตอนร้านเปืด ประทับใจ ของสด เนื้อสัตว์คุณภาพดี ราคาย่อมเยาว์  พนักงานบริการดี อร่อย บรรยากาศในร้านสะอาด น่านั่ง 👍 มีโอกาสจะกลับไปทานอีกครั้งค่ะ 😀
ChdDSUhNMG9nS0VJQ0FnSUNlcWNIN213RRAB,Nonounz,5,"⭐️ถ้ามี 10 ดาวก็จะให้ 10 ดาวแหละ ⭐️
ราคา 219 บาท ไม่รวมน้ำ ไม่รวมน้ำซุป
ขอรีวิวแยกหัวข้อดังนี้

1. ที่จอดรถ : แถวร้านเหมือนจะมีที่จอดแต่เราหาไม่เจอ เลยวนกลับไปจอดเมเจอร์แล้วเดินมา สะดวกกว่ามากกก ค่าจอด 20 บาท
2. คุณภาพอาหารดีเกินราคาไปมากกกกก
- หมูสามชั้น มันไม่เยอะ พอดีๆ อร่อยมากกก
- เบคอน หอมเครื่องเทศมากกก ดีมากกก
- หมึก สดมากกก เด้งมาก ชิ้นใหญ่
- กุ้ง ขนาดกำลังกิน สด ไม่เละ หัวแข็งอยู่เลย
- เนื้อ ดีมากกกก ติดมันไม่เยอะ
- ปลา สดมากก ชิ้นใหญ่
- หอยแมลงภู่ ตัวโต ไม่ฟรีส ไม่เละ
- แมงกระพรุน เค็มนิดหน่อย แต่โอเค
- ตับ ดีมากกกกก ไม่คาวเลย สด อร่อยยย
แต่ปริมาณ 1 เสิร์ฟเยอะไปหน่อย อยากให้ลดลงกว่านี้
3. น้ำจิ้ม & น้ำซุป (คิดราคาน้ำซุป)
- น้ำจิ้มมี 2 แบบ น้ำจิ้มสุกี้และซีฟู้ด
รู้สึกว่าน้ำจิ้มสุกี้หวานไปมากสำหรับเรา (เราคนกินหวาน) ต้องเอาซีฟู้ดผสมเข้าไปเพิ่มถึงจะอร่อย
มีพริก กระเทียม มะนาว ปรุงได้ตามใจชอบ
- น้ำซุปหม่าล่าคือเดอะเบสสส เครื่องแน่น ซดได้
4. พนักงาน : ไม่ค่อยได้เรียกพนักงานเท่าไหร่ เดินเอาใบไปให้เองตลอด เลยไม่เจอปัญหาพนักงานแย่
5. บรรยากาศร้าน : ค่อนข้างคับแคบ ดูอึดอัด และไม่ค่อยสะอาดเท่าไหร่
6. คิว : เราไปถึง 17.30 ได้คิว 17.50 (วันศุกร์) ถือว่าเร็ว แต่ตอนออกมาประมาณสองทุ่ม คิวล้นออกมานอกร้าน คนนั่งรอริมฟุตบาทเยอะมากกกก

ข้อเสีย
1. บรรยากาศร้านคับแคบ
2. ร้านดูไม่ค่อยสะอาด
3. หาที่จอดรถยาก

สรุป
*เป็นร้านชาบูในหัวใจเราตลอดไป ชอบมากกว่าตี๋นะ แต่ถ้าตี๋มีหม่าล่าก็อาจจะไปลองตี๋5555 ส่วนใครยังไม่ได้ลองก็ควรไปลองนะคะ ดีจริงๆกับราคา 219 บาท คุณภาพเกินราคามากๆ
**เราเป็นพวกไม่โฟกัสกับคุณภาพอะไรขนาดนั้น แต่ถ้าเทียบกับราคาแล้วดีขนาดนี้ สำหรับเราคือดีมาก แต่ใครที่คาดหวังว่ามันจะดีมากกกก ก็อย่าคาดหวังเกินราคาไปไกลนะจ๊ะ"
Ci9DQUlRQUNvZENodHljRjlvT2xaTlZHRkpjSEZQVWpkMVRteFBVSGxDV1RSd1pVRRAB,Theeraphorn. P,4,รอคิวไม่นาน วัตถุดิบดี เนื้อดีมาก ราคาไม่แพง
ChZDSUhNMG9nS0VJQ0FnSUNQeGFpblR3EAE,pisit apiphatvoradate,5,ร้านสุกี้ ริมถนนพหลโยธิน วัตถุดิบเนื้อสัตว์โอเค น้ำจิ้มใช้ได้ มีน้ำหวาน ไม่มีไอศครีมในบุฟเฟ่ต์ ซื้อต่างหาก ราคาไม่แพง
ChZDSUhNMG9nS0VJQ0FnSUNaX2M2RE5REAE,Mindy Melody,5,ชอบมากๆๆๆๆ ไปหลายรอบละ ถ้าไปไวไม่ต้องรอมีโต๊ะเลยพร้อมกิน! แต่ถ้าไปประมาณ18.00+ ก็คือยืนรอ มีบัตรคิวไปเอาในร้านแจ้งพนงได้ หม่าล่าดีงามอร่อย ชอบซาเตหมูและเนื้อ เบคอน กุ้งตัวใหญ่ เข้มข้น+ลูกชิ้นต่างๆ โดยเฉพาะลูกชิ้นชีสและไข่ปลา หมูสไลด์และเนื้อสไลด์มาดี สดใหม่ ที่จอดรถหายากถ้ามารถสาธารณะสะดวกกว่า
Ci9DQUlRQUNvZENodHljRjlvT2w5dFdGcEtMVGxPUTAwdFJXZFZaRTFLZW1NM05sRRAB,Jack_Somphob,5,"รสชาติอาหารดี ราคาดีมาก คุ้มค่ากับการจ่ายราคานี้ น้ำอัดลมเดินไกลไป ส่วนน้ำหวานอื่นๆ รสชาติไม่ถูกปากเท่าไร จืดไป
น้ำจิ้ม น้ำซุป อร่อย
การบริการ ถือว่าพอใช้ได้ ด้วยความที่เป็นต่างชาติกันหมด อย่าได้คาดหวังกับการบริการ
ส่วนบรรยากาศร้านและความสะอาด ยังไม่ค่อยดีเท่าไร
บางจุดดูเก่าและไม่สะอาด อุปกรณ์ ก็มีเก่า ควรเปลี่ยนบางอย่าง

แต่โดยรวมถือว่า ดี อาหารสด"
ChdDSUhNMG9nS0VJQ0FnSUNwclpfdXNBRRAB,nawaporn 222,4,ไม่มีที่จอดรถนะ ต้องไปจอดที่เมเจอร์รัชโยธิน คิวรอไม่นาน เป็นบุฟเฟต์ที่ดี เนื้อดีค่ะ น้ำจิ้มรสชาติดีด้วย ซุปหม่าล่าก็ดีค่ะ พนักงานก็บริการดีค่ะ
ChZDSUhNMG9nS0VQamEtUEx5N3NydUpBEAE,Alisa Lin,4,อร่อยมากๆ พึ่งมีโอกาสมาทานครั้งแรก ราคาถูก วัตถุดิบโอเค มีแผงๆ เหมือนร้านหมาล่า หยิบง่ายดีสะดวก เสียดายของ appetizers น้อย ถือว่าดีมากๆ ในร้านชาบูราคาเท่าๆ กัน ชอบมากๆ ซ้ำอีกแน่นอน
ChZDSUhNMG9nS0VJQ0FnSURCamRHSEdnEAE,YounG TerK,1,"เนื้อสัตว์คุณภาพดีครับ

- พนง. บริการแย่เอามากๆ เป็นต่างชาติหมดเลยครับ เหมือนโดนบังคับให้มาทำงาน ไม่มี Service minded เลยครับ
- พนง.สื่อสารไม่รู้เรื่อง
- พนง.เทน้ำซุปผิด แต่ไม่มีการรับผิดชอบ บอกว่าเปลี่ยนไม่ได้ แต่ตัวเองเป็นคนเทผิดเอง สุดท้ายให้กะละมังมาวิดน้ำออกเอง 😅
- น้ำซุปจาง ซดได้ แต่จางมากนะครับ ถ้าคนชอบกินรสจะไม่ชอบครับ น้ำต้มยำเปรี้ยวแปลกๆ หวานตามครับ
- ซุปน้ำดำใส ครับ
- หมาล่า อ่อนครับ
- น้ำจิ้มสุกี้อร่อย
- น้ำจิ้มซีฟู๊ดไม่อร่อย"
Ci9DQUlRQUNvZENodHljRjlvT21wWVMzRmZObVJNYjA5dExYcFBNbEJyYW1oSVpuYxAB,JEDI,5,อาหารอร่อย แต่ไม่มาก พอกินได้
ChdDSUhNMG9nS0VJQ0FnSUNlMmV1bnpRRRAB,Supawut Saengrassamee,3,"จุดแข็ง :
- วัตถุดิบสดมาก มีให้เลือกหลากหลาย
- บุฟเฟ่ต์ + เครื่องดื่ม Net 259.- บาท/ท่าน ถือว่าถูกกว่าเจ้าใหญ่ในตลาดอีกเจ้า

จุดอ่อน :
- การบริหารจัดการคิว ทำได้ในระดับค่อนข้างไปทางแย่ เรียกคิวข้าม ทั้ง ๆ ที่เรายืนฟังอยู่หน้าร้าน (เป็นไปไม่ได้ที่เรียกแล้วเราจะไม่ได้ยิน ทั้งเพื่อนและเรา) แล้วพนักงานก็ยังจะยืนยันว่าเรียกแล้ว ซึ่งเป็นการยืนเถียงกับลูกค้า กลายเป็นฝั่งลูกค้าต้องตัดบทเอง
- ความสะอาดในการเก็บโต๊ะก่อนเรียกคิวเข้าร้าน โต๊ะยังมีซากทิชชู่จากลูกค้าโต๊ะก่อน (แบบเป็นชิ้น ๆ เลย)
- การเสิร์ฟออเดอร์ที่ขาดช่วง และของหมดก็ไม่มีการแจ้ง ต้องให้ลูกค้าถามเอง ตามออเดอร์เอง

ส่วนตัวไปลองเพราะเห็นกระแสว่าอร่อยกว่าเจ้าใหญ่อีกเจ้า แต่พอได้ไปลอง เรื่องรสชาติ ความอร่อย น้ำจิ้ม เรื่องพวกนี้ค่อนข้างเป็นรสนิยมส่วนตัว แต่ถ้าถามเรานั้น เราเห็นต่างครับ อยู่ในระดับมาตรฐาน แต่ไม่ได้ว้าวขนาดต้องรอคิวกันเป็นระดับ 1.30-2 ชม.
ร้านรับชำระทั้งแบบโอนและเงินสดครับ"
ChdDSUhNMG9nS0VJQ0FnSUN0ZzZLYTR3RRAB,WRW MK,5,"สำหรับเราที่มากินสุกี้ดาราครั้งแรก เราว่าอาหารรสชาติกลางคุณภาพเนื้อดี อาหารทะเลสด บริการส่วนตัวเราโอเครนะเสริฟเร็วแต่อาจจะดูรีบๆไปสักหน่อย แต่โดยรวมเราให้ 5 ดาว

(ที่จอดรถ อยู่ตรงร้านเต้นแดงหมูกระทะ เอาบัตรมาแสตมป์ที่ร้าน)"
ChZDSUhNMG9nS0VJQ0FnSURCa0pMVElBEAE,ponpan oupapong,4,ราคาย่อมเยา รสชาติอาหารอร่อย พนักงานอาจจะไม่ได้ยิ้มแย้มแจ่มใส แต่ก็เสิร์ฟอาหารไวดีค่ะ น้ำจิ้มที่เป็นสุกี้รสออกเปรี้ยวเล็กน้อย
ChdDSUhNMG9nS0VJQ0FnSUQybVAzS3NBRRAB,Teerut Promma,3,ตอนไปประมาณทุ่มครึ่งรอคิวไม่นาน อาหารออกไว อาหารบางรายการอาจจะขาดบ้างต้องถาม เนื้อหมูเนื้อวัวดีมากหากเทียบกับราคา น้ำซุปผมสั่งน้ำซุปดำ(โดยส่วนตัวผมว่าจืด)กับต้มยำ(รสชาติเปรี้ยวปะแล่มๆ) น้ำจิ้มอร่อย เดินทางสะดวกหากไปรถไฟฟ้าลงสถานีพหลโยธินออกทางออก 4 เดินต่ออีก 350 เมตร แต่กลับมาบ้านแล้วท้องเสียไม่รู้เกี่ยวกันไหม
ChdDSUhNMG9nS0VJQ0FnSURqdHRtNC1nRRAB,neon minatozaki,5,เป็นครั้งแรกที่ได้ลองทานร้านนี้ น้ำซุปหมาล่ารสชาติถึงเครื่องอร่อยมาก ไอตั้งแต่คำแรกที่ซดน้ำซุป ใครไม่ทานเผ็ดมีเหงื่อแตกร้องไห้แน่นอน เนื้อสัตว์สดสะอาดรสชาติดีไม่มีกลิ่นสาบเหม็น พนักงานบริการไวแต่พูดภาษาไทยไม่ค่อยชัด อาจจะต้องตั้งใจคุยด้วย มีน้ำแบบบุฟเฟ่ต์และไอติมที่ต้องจ่ายเงินเพิ่ม ประทับใจร้านนี้มากจะเป็นร้านที่จะพาครอบครัวมาทานอีกแน่นอนค่ะ
ChZDSUhNMG9nS0VJQ0FnSURoenRlMVRnEAE,Anya Thorling (Pupay),4,"อาหารรสชาติคือดีย์ น้ำซุปหม่าล่ากับน้ำดำคือเลิศสุด ราคาดีไม่แพงเทียบกับรสชาติดีมาก แต่หักตรงสั่งอาหารบางอย่างไปไม่เคยมาครบ ต้องคอยสั่งใหม่ ถ้าไม่มา=ไม่มี หรือไม่ก็ลืม

บรรยากาศร้านบ้านๆ เสียงดังสุดเพราะคนเยอะ โต๊ะจะนั่งติดกัน ใครชอบบรรยากาศสบายๆอาจไม่ชอบ ส่วนเรื่องความสะอาดให้ 1 เคยเจอปีเตอร์มาเดินเล่นข้างกำแพง ชั้นนี้ร้องกรี๊ดเลย แต่รวมๆคือดี ราคาดี รสชาติดี"
ChZDSUhNMG9nS0VJQ0FnSUR1d1B2bFlnEAE,ปรัชญกร เจริญยศ,4,"🤫อาหารดีนะแต่บางอย่างหมดก็ไม่บอก
😂รอคิวนานเป็นเรื่องปกติ
👍รสชาติเหมาะกับราคามาก แต่ชอบน้ำซุปคือรสชาติกลางๆๆ  ไม่จัดจ้าน คล่องคอ  เปาชีสกับเปาไข่กุ้งดีม๊าววว
😭ปล.ที่จอดรถไม่ค่อยมีใช้วิชามารกันเอาเองนะครับทางที่ดีรถสาธารณะหรือวิ่งสะดวกสุด
#กินตามหมี#แบร่ไวท์ไบเกอร์"
ChZDSUhNMG9nS0VJQ0FnSUN1bmNlVGJ3EAE,Jetnapa Techawiparat,5,10/10 for the score. This shabu restaurant was good. The raw materials were fresh and good in quality. The price was reasonable and not expensive when compared to the quality of meat. The service was also good. The queue was long but flew fast.
ChZDSUhNMG9nS0VJQ0FnSURPdDZTNU5REAE,Ratchanok Merl,3,ทานครั้งแรกจากที่ตามอ่านรีวิวมาตลอด🥺ไปถึงประมาณ 16.55น. รอคิว 3คิว พอ 17.00น.คนเริ่มเยอะแล้วค่ะ เราได้โต๊ะตอน 17.17น.พนักงานแจ้งว่ารออาหารนานนิดนึงเราก็โอเคแต่อาหารก็มาไวกว่าที่คิดค่ะ ไม่นานเลยน่าจะพอๆกับร้านบุฟเฟต์ปกติ แต่อาหารมาไม่ครบตามที่สั่ง เราเลือกซุปหมาล่ากับน้ำดำเพิ่ม 45บาทค่ะ ส่วนตัวชอบซุปน้ำดำเพราะไม่หวานมากทานไปนานๆต้มผักไปก็หวานพอดีๆค่ะ เนื้อที่ได้นุ่มไม่เหนียวไม่มีกลิ่น ได้กุ้งตัวเล็กแต่สดกรอบกรวบๆเลยค่ะ น้ำจิ้มรสชาติแปลกดีไม่เหมือนน้ำจิ้มสุกี้ร้านอื่นๆ น้ำดื่ม น้ำอัดลมไม่ซ่าแล้วนะคะเพราะใส่เหยือกไว้ ภายในร้านส่วนตัวคิดว่าเคาว์เตอร์ชำระเงินพื้นที่ค่อนข้างน้อยค่ะ โดยรวมคิดว่าโอเคและไม่แย่มาก (จากที่อ่านรีวิวก่อนๆความเห็นไปทางลบซะส่วนใหญ่) แนะนำใครสนใจไปลองด้วยตัวเองสักครั้งค่ะ^^🤘🏻
ChZDSUhNMG9nS0VJQ0FnTUR3eUlmRklnEAE,Jariya Saengkaew,4,"อาหารหลากหลาย บริการดี
ราคา 219 บาทต่อหัว
เครื่องดื่มรีฟิล 39 บาทต่อหัว
ค่าน้ำซุปคิดเพิ่ม (น้ำดำ 20 บาท / หม่าล่า 25บาท)
ผัก เส้น ลูกชิ้น เครื่องดื่ม บริการตัวเอง (หยิบเอง)
หมู เน้อ กุ้ง อื่นๆ สั่งผ่านโทรศัพท์
น้ำจิ้มไม่พอขอเพิ่มได้ รออาการไม่นาน
ที่จอดรถไม่มี ต้องไปจอดรถแยกเสนานิคม
แล้วเดินเท้า 2 นาที"
Ci9DQUlRQUNvZENodHljRjlvT25wTWRETlRjRVJOVm1aTlRWRjFXRWxUUkd0Uk5FRRAB,Ketsirin Thanawitchayapat,4,น้ำจิ้มอร่อย แต่ร้านดูโทรมๆไปหน่อย
ChZDSUhNMG9nS0VJQ0FnSUNjNFpPYlVREAE,MR. STARK,5,199ไม่รวมน้ำดื่มอาหารอร่อยราคาถูกคุณภาพดีมาก จอดรถที่แยกเสนาชั่งโมงละ20บาทแล้วเดินมาหน่อยเดียว  รถจักรยานยนต์จอดหน้าร้านได้  หรือมารถไฟฟ้าลงสถานีเสนานิคมได้เลย
Ci9DQUlRQUNvZENodHljRjlvT25aSGFVazBVMGx3YjI1RE1XVk9WVk5STTIxNlUxRRAB,ปิยนุช ปรัชญาวศิน,1,เราผู้ไปครั้งแรกและครั้งเดียวเกินพอเลย สั่งเบคอนได้หมูเหนียวๆติดหนัง ตับคาวมากไม่สด แมงกระพรุนยุ่ยมาก ลูกชิ้นคือแป้งล้วน ไม่มีคุณภาพ แถมกินแล้วยังกลับไม่ถึงบ้าน ปวดบิดท้อง ตกดึกท้องเสีย พอเลย ใครคิดจะไป คิดให้ดี
ChZDSUhNMG9nS0VJQ0FnSUR1bzV1QUdBEAE,Mukku,5,วัตถุดิบดี เนื้ออร่อย ในราคาย่อมเยาว์มากๆ คุ้มค่าค่ะ เราสั่งซุปดำกับหม่าล่า มี+เพิ่มเล็กน้อย เครื่องดื่มก็หลากหลายดี แต่เสียดายมีน้ำจิ้มให้เลือกน้อย ร้านมีแต่พนักงานชาวต่างชาติเลยคุยกันไม่ค่อยรู้เรื่อง ร้านค่อนข้างแคบและมีที่ให้นั่งรอคิวค่อนข้างน้อย เป็นพื้นที่ปิดก็กลัวจะติดโควิดอยู่เหมือนกัน
ChdDSUhNMG9nS0VJQ0FnSUNDNlBMbW1RRRAB,Miffy Comment,4,"บุฟเฟ่ต์สุกี้ ราคา 199.- ไม่รวมน้ำดื่ม
✅ มีซุปหม่าล่า (เพิ่ม 30.-) / ซุปมิโสะ / ซุปต้มยำ / ซุปน้ำใส ... ลองซุปหม่าล่าอร่อยมากกกกกกกกกก หอมสุดๆ
✅ น้ำดื่มแบบรีฟิว
25.- น้ำเก๊กฮวย น้ำกระเจี๊ยบ
30.- น้ำเก๊กฮวย น้ำกระเจี๊ยบ น้ำชาเขียวจืด
35.- น้ำเก๊กฮวย น้ำกระเจี๊ยบ น้ำชาเขียวจืด น้ำอัดลม
✅ ราคาคือ net แล้ว ไม่มี VAT
✅ ของโอเค มีให้เลือกหลาก หมู ไก่ เนื้อ ทะเล และ อื่นๆ
✅ พนักงานโอเค ลองเติมน้ำให้ตลอด
❌ ติดถนน ไม่มีที่จอดรถ ต้องนั่ง BTS มาลงสถานีแยกรัชโยธิน หรือ เสนา แล้วเดินต่อมานิดนึง หรือ ถ้าเอารถมาต้องไปจอดที่จอดรถเอกชนแถวนี้ สอบถามที่ร้านได้
❌ เป็นห้องน้ำรวม"
ChdDSUhNMG9nS0VJQ0FnSUN6Xzl6YTl3RRAB,Piangpen Kitjanaphanit,4,เสียดายไม่มีไก่ ถ้ามีเนื้อไก่จะดีมากค่ะ ที่ร้านไม่มีช้อนส้อม มีแต่ตะเกียบให้ใช้ ถ้ามีช้อนส้อมสำรองไว้น่าจะดีนะคะ
ChdDSUhNMG9nS0VJQ0FnSURDalpLZm13RRAB,Sabrina Wu,5,"Delicious shabu buffet at really cheap prices! I love the mala soup, and all the other food was really fresh also. Spent only 468 for two people. The mala soup costs 20 baht extra. Totally recommend for anyone in this area😝 …"
ChdDSUhNMG9nS0VJQ0FnSUN4cmQtVnF3RRAB,nchy,5,อร่อย ราคาไม่แพง แต่คุณภาพเน้นๆ ใช้วัตถุดิบเกรดดี เนื้อซาเตคือเดอะเบสสส สายเนื้อแนะนำให้มาลองร้านนี้ ให้ปริมาณอาหารต่อ1จานเยอะมากๆ มีน้ำซุปให้เลือกหลายหลายแต่คิดราคาแยกจากบุฟเฟต์ สำหรับน้ำซุปหม่าล่ายังไม่ค่อยจัดจ้านเท่าไหร่
ChdDSUhNMG9nS0VJQ0FnSUR5NjhpS2lRRRAB,Cat Maew,4,"โดยรวมดี 199฿ ต่อคนไม่รวมน้ำ ร้านเล็ก แต่คนไม่ยอะไม่รอนาน หมูมีสันนอกเบคอน กับเนื้อวัว ตัว้ลือกน้อย แต่ส่วนประกอบอื่นเยอะอยู่ คุ้มกว่าทำกินเอง สำหรับสุกี้พื้นฐาน
แต่สั่งน้ำซุปดำหรือหม่าล่าเพิ่ม20฿ ส่วนตัวคิดว่าน้ำดำเฉยๆอะ กุ้งเล็กตามภาพ"
ChdDSUhNMG9nS0VJQ0FnSUMtMC1pWjh3RRAB,Jenice Wisetkhetkan,2,เดือนหลังๆมานี้ร้านทำเบคอนชิ้นหนากว่าเดิมมาก ทานไม่อร่อยเท่าเดิมเลย รู้สึกว่าสไลด์แบบบางเหมือนแต่ก่อนคือจุดขายของร้านด้วยซ้ำ หลังๆเลยมาทานน้อยครั้งลง
ChZDSUhNMG9nS0VJQ0FnSURkcTRmWVB3EAE,D James,4,"สุกี้ดารา วัตถุดิบดี รสชาติอร่อย สำหรับผมเป็นร้านสุกี้ที่คุ้มค่า คุ้มราคาที่สุดเลยครับ น้ำซุปหมาล่า ซุปสุกี้อร่อย มีของให้เลือกเยอะ หลากหลาย

ติดเรื่องบรรยากาศ มันเหม็นปีเตอร์มากก แบบกำลังกินอยู่แล้วน้องพนักงานถูพื้น กลิ่นเหม็นอับลอยมาจริงๆ ไม่รู้คนอื่นเจอไหม แต่โต๊ะผมเจอ อยากให้ร้านปรับปรุงเรื่องนี้จริงๆ เพราะมันรบกวนบรรยากาศการกิน เช่นเปลี่ยนผ้าปูพื้น หรือ ตากผ้าซักผ้าถูให้สะอาดและแห้ง น่าจะช่วยได้ครับ ไว้จะไปอุดหนุนอีกนะครับ"
ChZDSUhNMG9nS0VJQ0FnSUNCNk9QYUtnEAE,Wilasinee Sirivechvarawut,3,รสชาติปานกลาง วัตถุดิบพอได้ ราคา 219 บาท + น้ำดื่มรีฟิล 35 บาท/คน น้ำซุป 20-25 บาท ราคาไม่แพง
ChdDSUhNMG9nS0VJQ0FnSUNoNGItMzdRRRAB,Pimrat Hchote,5,ให้5ดาว ในส่วนของเมนู และรสชาติที่เข้มข้นของหม่าล่า แต่ถ้าจะให้ดีกว่านี้ ขออนุญาติแนะนะว่า ควรจะเปลี่ยนแก้วน้ำได้แล้ว เพราะแก้วน้ำที่ใช้อยู่ตอนนี้ร้าวจนน้ำรั่วออกมาจากแก้วแล้วค่ะนอกนั้นทุกอย่างให้ผ่าน จากใจนะคะ อร่อยกว่าตี๋น้อยค่ะ จากใจจริง...
ChdDSUhNMG9nS0VJQ0FnSUNfd3R6bF93RRAB,Waranya,5,ของคุณภาพดี น้ำจิ้มอร่อย ซาเตเนื้อนุ่มมาก พนักงานบริการน่ารักมากค่ะ บริการดี ไปกินเมื่อวันที่ 8 ที่ผ่านมาค่ะ
ChZDSUhNMG9nS0VJQ0FnSUNkdF9mN2Z3EAE,Sukrita L.,5,น้ำซุปรสอร่ิอย ถ้าสั่งหม่าล่า หรือ น้ำดำ ต้องบวกค่าน้ำซุปเพิ่ม วัตถุดิบใช้ได้ แต่จานค่อนข้างใหญ่สั่งต้องระมัดระวังไม่หน้ามึดเดี๋ยวจะทานไม่หมด 🤣 พนง.เสียงฟังยากนิดนึงแต่ไม่เป็นปัญหา
ChZDSUhNMG9nS0VJQ0FnSUMyeWFhU0VnEAE,Guntita S.,5,Strongly recommend  delicious mala and tom yum soup. The cost is cheap 219/person 35/person refill beverage and pork quality is good .I love it💕💕💕💕 …
ChZDSUhNMG9nS0VJQ0FnSUNlLWZDVEJ3EAE,Natthapond Lee,4,"ร้านสุกี้คูหาเล็กๆ ไม่มีที่จอดรถต้องจอดรถแล้วเดินมา (ชั่วโมงละ 20)

คิวเยอะมาก รอ 20 คิวใช้เวลารอประมาณ 1 ชั่วโมง

รสชาติอาหารอร่อย ดูคุ้มค่า เนื้ออร่อย หมูอร่อย
กุ้งตัวเล็กกว่าที่คนอื่นๆรีวิว

แต่ขอติที่ความสะอาด กับพนักงานชาวต่างชาติที่สื่อสารกันได้น้อย"
ChdDSUhNMG9nS0VJQ0FnSUNGLWEtanBnRRAB,Praew Kanyapat,1,บริการแย่มากๆ พนักงานก็ทำหน้าบูดเหมือนโดนบังคับมาทำงาน อาหารก็ได้ไม่ครบได้อาหารก็ไม่ถูก สั่งไป3รอบก็ได้ไม่ครบสักรอบแต่น้ำจิ้มอร่อย มาครั้งแรกคือผิดหวังมาก
Ci9DQUlRQUNvZENodHljRjlvT21OR1ZHTlpWRTUyVFZCb2RIVTFZVTFyTFV4SU1sRRAB,JABSU,4,"It's cheap and delicious. The ingredients may not be the best but are still good if you just want to eat cheap shabu/hotpot.
You can choose 2 types of soup.
I don't remember the menu, but the one called Sa-Tay Beef is good if you like beef. It's beef slices with their original(?) sauce and raw egg, which you then mixed them together and boil in the hot soup."
ChdDSUhNMG9nS0VJQ0FnSURMZ3J6U2pnRRAB,Sa S,2,"ปกติเป็นคนไม่ค่อยกินน้ำเวลากินอาหาร
ถามน้องพนักงานว่าขอไม่เอาน้ำรีฟิวได้มั้ย พนักงานบอกว่าได้ ก็เลยไม่ได้ดื่มน้ำ แต่สุดท้ายต้องจ่ายค่ารีฟิวไป 39 บาท จริงๆเค้าจะให้พนักงานรับผิดชอบเอง แต่ก็คือสงสารน้องเค้า คืออยากบอกร้านว่า ถ้าพนักงานภาษาไม่แข็งแรง ควรจะติดป้ายไปเลยว่าบังคับรีฟิวทุกคน ดื่มไม่ดื่มก็ต้องจ่าย หรือสอนให้พนักงานแจ้งแก่ลูกค้าค่ะ และถ้าร้านบอกว่ารีฟิวน้ำ มีราคาแยกต่างหาก ถ้าลูกค้าไม่เอาน้ำก็ไม่ควรบังคับจ่ายไหมคะ ไม่งั้นรวมไปในราคาบุฟเฟ่เลยมั้ย จะแฟร์กับผู้บริโภคมากกว่าค่ะ"
ChdDSUhNMG9nS0VJQ0FnSUNEb3QybzBnRRAB,Mo Apollo,5,อร่อย เหมาะสมกับราคา พนักงานอาจจะสื่อสารยากหน่อย ที่จอดรถไม่มี
ChZDSUhNMG9nS0VJQ0FnSUQyaDhTQVV3EAE,SIREETORN PANUATHAI,4,ไปช่วง6โมงเย็น รอคิวไม่นานเท่าไหร่ ได้ขึ้นไปชั้น2 อาหารคุ้มราคา กุ้งสดดี น้ำซุปดำเพิ่มเงิน 20 น้ำซุปหม่าล่าเพิ่มเงิน 25 อาหารสั่งมาแล้วต้องทานให้หมดไม่รับคืนถึงแม้จะยังไม่ได้ทาน พนักงานคอยเติมน้ำซุป น้ำจิ้มตลอด ที่จอดรถมีสำหรับมอไซค์เท่านั้น
Ci9DQUlRQUNvZENodHljRjlvT2pnMVFtY3hNbU5qT0ZsSFYySnRkVFpWVW0xVFdWRRAB,Te' sis,3,ไม่แนะนำสำหรับคนเอาความคุ้ม มีของให้เลือกน้อยในวันที่ไปล่าสุด 15/06/2568 ราคา(219)+น้ำรีฟิล(39) ยังไม่รวมไอศครีมที่ต้องแยก น้ำจิ้มซีฟู้ดค่อนข้างเค็ม ถ้าเทียบกับชาบูบุฟเฟ่ต์คู่แข่งถือว่าไม่ผ่าน❌
ChdDSUhNMG9nS0VJQ0FnTURJc0l6eWtBRRAB,กลวัชร นันทอง,5,ชอบร้านนี้ตรงที่ทุกอย่างดูสะอาดและเป็นระเบียบ วุ่นวายนิดหน่อยเพราะคนเยอะ แต่เข้าใจได้ค่ะ จัดการเร็ว
ChdDSUhNMG9nS0VJQ0FnSUNYcTZ5di13RRAB,farrsp,1,มาครั้งแรก ผิดหวังสุดๆๆ แย่มากทำน้ำซุปหกใส่เพื่อนเราก็ดูงงๆทำตัวไม่ถูกเหมือนไม่มีการถูกเทรนมา บริการคือติดลบ ถามเมนูพนักงานก็ดูตอบอะไรไม่ได้ ตอบส่งๆ ตีมึน พนักงานมีแต่พม่า ครั้งเดียวพอสาขานี้
ChdDSUhNMG9nS0VJQ0FnSURZMXQ2ampBRRAB,KAMOLRAT PRASOPSUK,4,เป็นคนเหงา level 99 เลยมากินคนเดียว ราคา 249 + รีฟิล น้ำ 30 ชอบหมูเซเตที่สุด อย่างอื่นเฉยๆ น้ำจิ้มแดงรถติดหวานๆค่ะ มีน้ำซุปให้เลือกเยอะทั้ง น้ำใส หม่าล่า(ต้องเพิ่มเงิน) มิโซะ ต้มยำ
ChZDSUhNMG9nS0VJQ0FnSUMxa1k3OFJBEAE,Kusuma Hompunga,2,อาหารอร่อยมากค่ะ แต่พนักงานแย่มากกก็ ขั้นสุดๆๆๆๆๆๆ อยากให้ปรับปรุงหน่อยนะคะ พนักงานชอบพูดในเวลาทำงานสุดๆ แถมไปเจอไบรกอนยาฆ่าแมลงสาบวางไว้ใกล้ๆกับที่กดน้ำ อึ้งค่ะ อยากให้ปรับปรุงพนักงานที่สุดแล้วค่ะ แต่ขอไม่กลับไปกินอีกค่ะ กินแล้วเจอพนักงานไปก็หมดอารมณ์ค่ะ คุยแข่งเก่งมาก
ChdDSUhNMG9nS0VJQ0FnSUNCa3RIUjlBRRAB,Praneesa S.,3,น้ำซุป น้ำจิ้ม อาหาร อร่อย แต่พนักงานเป็นต่างด้าว สื่อสารไม่ค่อยรู้เรื่อง ออเดอร์มาไม่ครบ เอาบัตรไปประทับที่จอดรถขอใบเสร็จแล้วไม่ยอมให้ พนง.บอกถ่ายรูปไปให้ที่จอดรถแล้ว แต่พอมาที่จอดรถ พนง. บอกไม่เห็นที่ร้านไลน์มา จะเอาใบเสร็จให้ที่จอดรถดูก็ไม่มี เพราะที่ร้านไม่ได้ให้มา ควรเพิ่มพนง.คนไทยหน่อยนะคะ
ChZDSUhNMG9nS0VJQ0FnSUNSODR1WGJ3EAE,sangwan tatong,5,บุฟเฟ่ราคาดี มีเนื้อ ซุปหม่าล่าอร่อย น้ำจิ้มสุกี้อร่อย มีของคุณภาพ มาลองกินกันครับ
ChdDSUhNMG9nS0VJQ0FnSUR1NDdQeXVBRRAB,toto pannaratch,4,"อร่อย อาหารคุณภาพดีเมื่อเทียบกับราคา
ควรไปไวๆ เพราะคิวเยอะมาก"
ChZDSUhNMG9nS0VJQ0FnSUQybmV2RUlBEAE,KKK,2,"ข้อเสีย
- ไม่เหมาะกับสายเนื้อเท่าไหร่ เป็นเนื้อแช่แบบชาวเอสกิโม มีน้ำแข็งเกล็ดให้เคี้ยวกรุบๆถ้าไม่ต้มให้สุกดี เนื้อไม่มีรสชาติอะไรเลย
- กลิ่นเบคอน มีกลิ่นหืนๆ แต่คงเป็นสูตรแบบนี้ทุกสาขาเพราะเคยกินสาขาอื่นมาก่อนก็กลิ่นเดียวกัน
- อาหารมาไม่ครบ ต้องทวงแบบดุดันเหมือนดีเบตของคุณวิโรจน์
- น้ำอัดลม ถ้านั่งไกลจากตู้กดจะมีแบบใส่เหยือกไว้ให้ ทำให้หายซ่าไปพอควร

ข้อดี
- ที่อ่านรีวิวมาส่วนมากมีปัญหาเรื่องการสื่อสารกับพนง.กันเยอะ แต่ไปมาครั้งนี้พนง.พูดภาษาได้ดีฟังกันรู้เรื่องบ้างแล้ว
- สามชั้นสไลด์ น้ำจิ้ม
- โอนเงินจ่ายได้"
ChZDSUhNMG9nS0VJQ0FnSUNlLWV5TUNnEAE,Teerayut “Chot”,3,สุกี้ราคาประหยัด น้ำซุป น้ำจิ้ม ถือว่ารสชาติดี แนะนำน้ำซุปหมาล่ากับน้ำซุปต้มยำ ซุปต้มยำต้องเพิ่มเงิน เนื้อสไลด์ถือว่าคุณภาพดี ปริมาณต่อ1จานมีปริมาณค่อนข้างมาก ควรมีสติในการสั่ง ร้านเป็นตึกแถวจึงค่อนข้างอึดอัด อากาศไม่ค่อยถ่ายเท  เครื่องดื่มรีฟิว น้ำแข็งตักในถังทำให้ดูไม่ค่อยสะอาดเท่าไหร่ ไม่มีที่จอดรถของร้านโดยเฉพาะ ต้องไปจอดที่จอดรถเสียเงินในระแวกนั้นแล้วเดินมา คนต่อคิวค่อนข้างเยอะ ถ้าหิวๆมาต้องเผื่อเวลาสักหน่อย
ChdDSUhNMG9nS0VJQ0FnSUNvdF9xVnlBRRAB,สุภกิจ สระทองอุ่น,3,บรรยากาศร้านดูเก่าเกินไปหน่อยครับผม เมนูก็ไม่เยอะมากครับปกติแต่ส่วนที่ดีที่สุดคือราคาอาหารครับบวกน้ำแล้วแค่ 200 กว่าบาทต่อคนแต่ที่ผมไม่ชอบมากที่สุดคือเก้าอี้นั่งด้านในสุดของร้านครับผมว่าดูสกปรกมาก
ChZDSUhNMG9nS0VJQ0FnSUR5dF95eFVBEAE,A. Coveracing,4,ร้านชาบูอีกเจ้าที่ราคา 199บาท ของเยอะวัตถุดิบดีมีคุณภาพ กุ้งตัวค่อนข้างใหญ่กว่าร้านอื่น(ในราคาเดียวกัน) อาหารให้เยอะกว่าหลายๆร้าน สั่งจานนึงนี่ค่อเยอะมากเต็มจาน(ถ้าเจ้าอื่นต้องสั่งทีละ3จาน) รสชาติดีน้ำซุปหม่าล่าถึงเครื่องกินจนชา น้ำดำออกหวานนำ โดยรวมถือว่าดี แต่ การบริการใช้ลูกจ้างชาวเมียนม่าชอบร้องเพลง แอบเสียอรรถรสในการกิน
ChdDSUhNMG9nS0VJQ0FnSUR1dUpPX2lRRRAB,ภัทราวุธ จะเร,1,สั่งซุปน้ำใสกับหม่าล่า ไม่ยอมจด ไปจำของโต๊ะอื่นมาว่าเป็นน้ำดำกับหม่าล่าลงบิลมา พอเราบอกไม่ใช่ก็ยังจะมาเถียง ส่งมาผิดไม่ว่ามาเุถียงทำไมก็เเค่เปลี่ยน ของก็ไม่ได้ว้าวมากแค่ราคาถูก ถ้าร้านอื่นเต็มค่อยมากินร้านนี้ก็ได้ไม่จำเป็นต้องเสียเวลามารอคิว เสียความรู้สึก
ChdDSUhNMG9nS0VJQ0FnSURPai0zSjhBRRAB,haxker1,5,อาหารอร่อย ไม่มีที่จอดรถ ต้องไปจอดที่ลานจอดตรงสี่แยก พนังบริการกลางๆ ไม่ได้ดีมาก อาหารหลากหลายรสชาติดี กุ้งสด ดีมาก โต็ะมีจำกัดไม่เยอะ ไปกอนบางครั้งต้องรอ ราคาอาหารไม่แพงต่อ 1 คน คุ้มค่ากับเงินที่เสียไป
ChZDSUhNMG9nS0VJQ0FnSUNCa3BHSkl3EAE,Pratchaya Pornputtarat,5,อาหารสด รอคิวไม่นานมาก น้ำซุปหม่าล่าอร่อย เบค่อยคือเบค่อนจริง ๆ อ่ะ ไม่ใช่สามชั้นแล้วมโนว่าเบค่อน
ChdDSUhNMG9nS0VJQ0FnSUNSOWNfTDZRRRAB,NAMA KUBI,5,อร่อยคุ้มอาหารสด คิวเยอะไปหน่อยคนเยอะ ไม่มีที่ให้นั่งรอเท่าไหร่ เป็นริมถนน
ChdDSUhNMG9nS0VJQ0FnSURscjl5WHRBRRAB,Oaum sason,5,เนื้อคุณภาพดี รสชาติอร่อย หมูเบคอน เนื้อสเตต้องสั่งงค่ะ ประทับใจ คุณภาพคับหม้อ ราคาถูกกมากกก
ChZDSUhNMG9nS0VJQ0FnSUNtd2RIN1J3EAE,RCT,1,ไปกินวันที่ 30 ตอน 4 ทุ่มกว่า โต๊ะ 15 เจอแมลงวันในแก้ว เลยเรียกพนักงานบอกว่ามีแมลงวันในแก้ว น่าจะมาก็กาที่ใส่น้ำอยู่ พนักงานเปลี่ยนให้ ไม่มีคำขอโทษใดๆทั้งสิ้น พอคิดเงินเลยแจ้งพนักงานผู้ชายที่แคชเชียร์ อธิบายให้ฟังแต่กับทำมึน บอกพนักงานเปลี่ยนแก้วให้แล้ว สิ่งที่ผมจะบอกคือมันอยู่ในกาแล้วมันเทไปกี่แก้วแล้ว ยืนนิ่งเฉยๆ จนผมต้องพูดว่า เข้าใจที่ผมพูดไหมครับ ถึงจะพูดคำว่า “ขอโทษ” ออกมาจากปาก คือผู้จัดการร้านหรือเจ้าของร้านควรมาตรวจสอบความสะอาดหน่อยครับ แล้วช่วยรบกวนอบรมพนักงานด้วยแจ้งขนาดนี้ก็รักษาหน่อยครับ ความสะอาด !!!
ChdDSUhNMG9nS0VJQ0FnSUNPME9DMXR3RRAB,Jean 88s,5,ราคาย่อมเยา บุฟเฟ่ต์ วัตถุดิบค่อนข้างดีมาก น้ำซุปหมาล่ารสชาติเหมือนที่ไต้หวัน ราคานี้ถือว่าคุ้ม แต่ต้องมาต่อคิวคนเยอะมาก
ChZDSUhNMG9nS0VNemRyTUc3dE5EeFNBEAE,We Together,3,ทำไมน้ำซุปดำเปลี่ยนไปคะ ปกติเรากับแฟนไปทานเดือนละ 2 ครั้งเลยอะ แต่ไปรอบนี้ น้ำซุปดำไม่เข้มข้นเหมือนเดิมอะ รู้สึกนอยสุดๆ นอยมาก เสียใจงะ เป็นร้านที่น้ำซุปดำดีมาก ชอบที่สุด กลับมาแบบเดิมเถอะค่ะ หอม อร่อย เปลี่ยนเมื่อไหร่บอกน้า จะกลับไปเป็นลูกค้าประจำเหมือนเดิมค่ะ
ChdDSUhNMG9nS0VJQ0FnSUNlMmN1T29BRRAB,Mrplummet,5,สุกี้สไตล์ฮ่องกง อาหารสด และอร่อย พนักงานบริการดีมากๆๆ ในราคาที่จับต้องได้ เสียอย่างเดียรอคิวนานไปนิด เพราะความอร่อย เลยทำให้มีผู้ใช้บรืการค่อนข้างเยอะมากๆๆ
ChZDSUhNMG9nS0VJQ0FnSUNPMDgzU0xnEAE,Napat Sujiratum,3,อร่อยเมนูเยอะ รอคิวและอาหารค่อนข้างนาน พริกกระเทียมมะนาว ขอไปหลายรอบมากกว่าจะได้ เมนูไหนหมดไม่แจ้ง
ChZDSUhNMG9nS0VJQ0FnSUNSdjQtdGZBEAE,Thaksa-orn k,4,น้ำจิ้ม สุกี้ อร่อยมากค่ะ ซุปหมาล่า รสขาติโอเคร คุณภาพ คุ้มราคาคาะ ไม่แพง อร่อย แนะนำค่ะ
Ci9DQUlRQUNvZENodHljRjlvT21sNVJETk9iRXBvUlc1R2F6TkRlRTlaYkZGU1pXYxAB,วอ18-ศิรศักดิ์ รีอินทร์,3,เชื่อแล้วว่าบริการไม่ดี พนักงานไม่สนใจเลย อาหารโอเคอยู่
ChZDSUhNMG9nS0VJQ0FnSURmMGZQcEVREAE,Pratumporn Inpow,5,อร่อยโหดมาก คุ้ม คนละไม่เกิน 250 บ
ChdDSUhNMG9nS0VJQ0FnSUNnMklURzRRRRAB,sorachat patanasombat,5,น้ำซุปต้มยำอร่อย ของมีให้เลือกเยอะพอสมควร เหมาะกับการมาสังสรรกับเพื่อนเพราะไม่จำกัดเวลา เสียอย่างเดียวถ้ามาคนเดียวต้องจ่าย 259 ไม่มีราคาติดบอกไว้ด้วย
ChZDSUhNMG9nS0VJQ0FnSURCMnV6eVZBEAE,Srkl Bas,3,ราคาเป็นกันเอง พนักงานแอบตึง แต่อาจจะเพราะคนเยอะ มาตอนเที่ยงคือชิวมาก อร่อย อาหารมีให้เลือกเยอะ คุณภาพดี แต่จานอาหารขอติงเรื่องความสะอาด
ChZDSUhNMG9nS0VJQ0FnSUNsOXNmbktBEAE,Jtt P,1,ฟองเต้าหู้ทอดขึ้นรา แจ้งพนักงานเปลี่ยนให้ใหม่ก็ไม่ได้ของใหม่ พนักงานสื่อสารไม่ค่อยเข้าใจ และไม่เต็มใจให้บริการ
ChZDSUhNMG9nS0VJQ0FnSURGcXJlNWJREAE,chatchawan kraiwichai,1,สั่งอาหารได้ไม่ครบ พนักงานก็บริการไม่ดีหน้าบูดบางอย่างของหมดก็ไม่แจ้งเลยว่าของหมด สั่งของไป10 ได้มาแค่2ไม่แน่ใจว่าพนักงานได้มีการตรวจสอบออเดอร์ที่สั่งหรือไม่ และไม่มีที่จอดรถเลย
ChZDSUhNMG9nS0VJQ0FnSUNtaGFiX2J3EAE,NON BIGBEAR,1,ไม่โอเคมากมากครับ มาทานตอน22.24น.นั่งยังไม่ถึง1ชม.เลย (เจอแมลงสาบที่โต๊ะก่อน!! ยกมือเรียกพนักงานก็ไม่มีใครสนใจมีคนนึงยืนกินอะไรอยู่ก็ไม่รู้ยกมือเรียกสบตากันแล้ว(พนักงานเห็นแต่หันหน้าหนีแล้วเดินหายไป)ผมก็เลยยิ่งไม่โอเคเข้าไปใหญ่เลย เดินไปเช็คบิล(ในระหว่างเช็คบิลผมก็บอกพนักงานไปว่าผมเห็นแมลงสาบที่โต๊ะพนักงานก็ทำเป็นไม่ได้ยินแล้วก็ไม่พูดอะไรกับผมเลย)และในระหว่างที่ผมกำลังจะเดินกลับไอแมลงสาบตัวนั้นก็เดิมผ่านหน้าผมอีกตรงหน้าประตู เสียอารมณ์เสียความรู้สึกมาก....
ChdDSUhNMG9nS0VJQ0FnSURHeFktZXB3RRAB,Poodis Nuchnomboon,1,บริการแย่มาก ห่วยมากกกกก บอกร้านเปิดเที่ยง ยืนรอหน้าร้านกว่าจะได้เข้าร้าน 12.20 เริ่มนับเวลา 12.30 ตอนน้ำซุปมาลง แต่ 12.45 อาหารยังไม่มา น้ำอัดลมก็หมดตั้งแต่เปิดร้าน แนะนำว่าไปร้านอื่นดีกว่าครับ บริการมีมาตราฐานกว่าเยอะ
ChdDSUhNMG9nS0VJQ0FnSURUdGJ2VzRBRRAB,CB,5,พอหลังปรับปรุงร้าน ทุกอย่างดีมากครับ โดยเฉพาะอาหาร วัตถุดิบดีกว่ามาตรฐานมากครับ ถ้าเทียบกับราคาไม่ถึง300บาท
ChZDSUhNMG9nS0VJQ0FnSUQtMnM2Q0R3EAE,Jey Moon,4,"มาตอนร้านเปิดตอนเที่ยงพอดี
คนเต็มร้าน ได้โต้ะพอดี
แต่รอของร่วม ครึ่ง ชม.ได้
น่าจะเพราะมาพร้อมกันหลายๆ โต้ะตอนเปิดร้าน เลยจัดเสริฟให้ไม่ทัน
และของได้ไม่ครบตามที่สั่ง
น่าจะเพราะลูกค้าเยอะอีกเช่นกัน"
ChdDSUhNMG9nS0VJQ0FnSUNteEs2anB3RRAB,Pradrawee Songprayad,1,ห่วย ไม่โอเคมากๆ มาครั้งที่ 2 ครั้งแรกมาเกือบตี 1 ของหมดส่วนใหญ่ (แต่ไม่บอก) มาครั้งนี้ ครั้งที่ 2 ก่อนทานเรามีประสบการณ์จากครั้งแรก เลยถามก่อนว่าอะไรหมดบ้าง อ่ะเห็นแล้วตัดสินใจกิน ก็ออเดอร์ หายไปพักใหญ่ๆๆๆๆ กลับมาด้วยของชุดนึง ซึ่งขาดของที่เราสั่งหลายอย่างมาก ไม่คิดว่าของจะหมดเพราะลิสที่ให้ก็ไม่ได้บอกว่าของหมด เลยตามประมาณ 4 รอบ จนแบบไม่ไหวจริงเลยเรียกมาถาม ปรากฎมาบอกว่าของหมด แฟนเราเลยเฉ่งไปว่าทำไมของหมดไม่มาบอก ปล่อยให้นั่งรอครึ่งชม. เลยขอลิสของหมดใหม่ แฟนก็ถามว่าจะกินอยู่มั้ย ของเหลือน้อยมากๆแล้ว เราก็อืมสั่งเท่าที่มี เขียนออเดอร์และส่งให้พนักงานผู้หญิงเสื้อแดงผมยาวปะบ่า นางมารับออเดอร์เราไป แล้วไปเช็ดโต๊ะ และขยำออเดอร์เราในมือ เออ ใจก็คิดว่าคงไม่ทิ้งหรอกกกก สรุปหายไปอีก 20 นาที เลยถาม สรุปบอกบิลหาย หาไม่เจอ เอ้า!!! เราบอกเลยจะไม่มากินอีกแล้ว พอ ของอะไรดีหมด ไม่ดีคือพนักงาน(บางคน) บอกเลยถ้ายังไม่ปรับปรุง คนจะหายหมดนะ
ChZDSUhNMG9nS0VJQ0FnTURJeDZ5cVNBEAE,Marisa Kamsiang,5,มีเพิ่มของทอดมา อร่อยเหมือนเดิม
ChdDSUhNMG9nS0VJQ0FnSUN6dTlTYTJBRRAB,พว.ชอบกิน,5,อร่อยค่ะ  ราคาไม่แพง  แต่ละอน่างได่เยอะมาก
ChZDSUhNMG9nS0VJQ0FnSUQtZ2NDX0tBEAE,Super.Chim87,4,"in my opinion, this is actually the best Suki and shabu with affordable price. Variety food 🥘, Tasty 5 soups, but service need to be improve for being perfect. 💕"
ChdDSUhNMG9nS0VJQ0FnSURMN2FuXzNnRRAB,Nuttida Tanoo,1,"ต้องยอมรับเลยนะคะว่าน้ำซุปกับน้ำจิ้มที่ร้านรสชาติดี แต่ร้านควรปรับปรุงก็จะมี
1. พนักงานเยอะ แต่เดินมั่วเดินไปทั่ว ไม่มีระบบ ของหมดไม่บอก ไม่ตามออเดอร์ให้
2. ระบบที่ร้านไม่ซัพพอร์ตพนักงาน ทำให้พนักงานต้องเสิร์ฟผิดโต๊ะบ้าง เสิร์ฟเกินบ้าง  ขาดบ้าง(ส่วนใหญ่จะขาด)
3. บรรยากาศร้านไม่ค่อยโอค่ะ ช่วงแรกที่ร้านยังไม่ดังดูดีกว่านี้นะคะ
4. ทำเมนูที่มีรูปภาพแปะไว้ที่โต๊ะเลยค่ะ บางทีสั่งอาหารมาก็ไม่รู้ว่าอะไรเป็นอะไร เผื่ออยากจะสั่งเพิ่มจะได้สั่งถูก ร้านเปิดมานานแต่ไม่มีป้ายรูปเมนูให้ดูในร้าน
5. ปริมาณอาหารต่อ 1 เสิร์ฟ ควรระบุไปเลยค่ะว่าได้กี่ชิ้น คนสั่งจะได้ไม่วู่วาม เพราะกว่าพนักงานจะมาเสิร์ฟก็กินน้ำอิ่มไปแล้ว
.
หวังว่าทางร้านจะปรับปรุงนะคะ
.
แนะนำสำหรับคนที่คิดจะมานะคะ เลือกวันและเวลาดี ๆ บางวันต้องนั่งรอคิวนานหน่อย  รอคิวเสร็จกว่าพนักงานจะเสิร์ฟอีก"
ChZDSUhNMG9nS0VJQ0FnSUNJZy1mMGF3EAE,Oreo,4,คุณภาพและรสชาติเหมาะสมกับราคา ส่วนตัวพึงพอใจ แต่ถ้าน้ำซุปและน้ำจิ้มซีฟู้ดเข้มข้นรสเด็ดกว่านี้น่าจะดี
ChZDSUhNMG9nS0VJQ0FnSUN6NDh2OFJ3EAE,varunee nalinkan,1,"ไปนั่งทานที่ร้านวันที่ 29/05/2024
น้ำจิ้มเปลี่ยนสูตรแน่นอน หวาน แนวผสมน้ำจิ้มไก่มาเชียว
พนักงานยังคุยกันเสียงดังคุยเเข่งลูกค้าเหมือนเดิม
เสริฟผักเน่า ปลามีกลิ่น เราคิดว่ายิ่งไปทานคุณภาพยิ่งลดลง ครั้งก่อนไปทานยังคิดว่าเอาน่า ลองอีกสักครั้ง เจอครั้งนี้ พอกันที โบกมือลา
อ๋อ ลืม ตั้งแต่เข้าไปทานก็ไม่เคยสั่งซุปน้ำดำ
แต่พอสั่งไป บิลมา เอ้าบวกเพิ่ม 20 บาท พนักงานน่าจะบอกว่ามีคิดค่าบริการบวกเพิ่มนะถ้าซุปตัวนี้ ควรบอกม่ะ"
ChZDSUhNMG9nS0VJQ0FnSURHemN5MWVBEAE,Amornrat C.,5,อาหารดีมีคุณภาพ พนักงานมีเยอะ แต่บางครั้งยังให้บริการไม่ทั่วถึง
ChdDSUhNMG9nS0VJQ0FnSUNqZ3JISXZnRRAB,Little Bunny,5,เบคอนดีมาก อร่อยคุ้ม น้ำซุปหม่าล่าดี รู้สึกว่าถ้าเทียบกับอีกแบรนด์ดีกว่ามาก
ChdDSUhNMG9nS0VJQ0FnSUR1X29hQ2dRRRAB,Aom Amp,4,"อร่อย 10/10
วัตถุดิบ 9/10
ความสะอาด 8/10
บริการการสื่อสารกับลูกค้า 2/10 ปรับปรุงด่วน"
ChZDSUhNMG9nS0VJQ0FnSUQwa296RGZBEAE,Nattira Thongmeekwan,5,พนักงานบริการดี วัตถุดิบคุ้มราคา น้ำซุปอร่อย น้ำจิ้มอร่อย เครื่องดื่มก็ดี (มีชาเขียวไม่หวาน)
ChdDSUhNMG9nS0VJQ0FnSUNkbUxYN3dnRRAB,Jon Hobson,4,"Recommended buffet in Ratchayothin area near BTS Sena / Ratchayothin.  Great fish especially served , prawn , mussels , veg & pork .."
ChZDSUhNMG9nS0VJQ0FnSUNpdTd2dkFnEAE,Ohm Taweesap,4,กุ่งตัวเล็กลงมาก ไม่เหมือนครั้งก่อนที่มากิน คนเยอะมาก บริการช้าไปหน่อย แต่อาหารอื่นๆอร่อยเหมือนเดิม
Ci9DQUlRQUNvZENodHljRjlvT21NdFNrbFlkMHh4VkVwWVYwWkVaMEoxYUhnMk1FRRAB,NNchan,1,"A once-famous restaurant that has now fallen far from its old standards. The service and quality have dropped drastically and show no signs of improvement.

From the moment I arrived, the experience was disappointing — staff were unwelcoming, and service was extremely slow. Orders were repeatedly missed, and even after asking, the staff seemed annoyed and unhelpful. It took over 15 minutes just to get a single scoop of ice cream.

The food quality has declined severely, with poor ingredients and inconsistent cooking — some dishes were over-grilled and overly salty, as if made carelessly. Overall, it was a very unpleasant experience, with constant follow-ups needed and orders arriving just before closing time."
Ci9DQUlRQUNvZENodHljRjlvT2paNlRHRTFlV2hFTkdoRk5qUTFkRGg1Vmw5dGNFRRAB,Uncle Bob,3,"ทานชาบู 399 เนื้อโอเคตามราคา ยังมีความเหนียวอยู่ น้ำจิ้มสุกี้อร่อย
แต่สั่งคุโรบูตะจะกินง่ายกว่าเพราะนุ่ม
ซูชิดีตามราคา"
Ci9DQUlRQUNvZENodHljRjlvT25GVGN6Sm5lVlJPWTFoUlJtWnljelZpV0RCTlZVRRAB,Vimlet Kir,3,ทางร้านจะเป็นบุฟเฟ่ต์ปิ้งย่างรวมกับพวกซูชิและซาซิมิ ไลน์อาหารมีให้เลือกเยอะมากๆ แต่ถ้าใครไม่ได้ชอบกินพวกปลาดิบ ส่วนตัวคิดว่าอาจจะไม่ค่อยคุ้มค่าเท่าไหร่ พวกเนื้อสไลด์ค่อนข้างโอเคเลย แต่กุ้งหรือว่าหมูยังไม่ค่อยประทับใจเท่าไหร่ แล้วพวกน้ำจิ้มไม่มีตัวไหนที่ตัดเลี่ยนได้เลย ขนมหวานของทางร้านก็อร่อยนะ โดยเฉพาะพวกไดฟูกุ
Ci9DQUlRQUNvZENodHljRjlvT2s1M05XWnROeTF6WW0xcWJEQXlkRUZaTUZGYVVsRRAB,FishFeeder Pro,2,"มากินในโปรโมชั่น 399 net

พนักงานต้อนรับบริการดียิ้มแย้มแจ่มใส แต่เสิร์ฟช้ามาก ไลน์อาหารช้ามาก ทำให้กะปริมาณและเวลาในการสั่ง พลาด แทบจะกินไม่หมด

เนื้อบางมาก โดนไฟแทบจะสุก และมันไม่ใช่เนื้อสำหรับกินปิ้งย่าง พอย่างแล้วมันทำให้เนื้อแห้ง ทานยาก แถมเนื้อยังเหนียวอีก มันเหมาะสำหรับกินชาบูมากกว่าจะมาทำปิ้งย่าง

ปลาแซลมอนรสชาดแปลกๆ ซูชิก็ให้ข้าวมาเยอะเกินความจำเป็น แทนที่จะอร่อยกลับกลายเป็นต้องฝืนกิน"
Ci9DQUlRQUNvZENodHljRjlvT2tnNE5rNXVlRWxMVldvMWNsVkxVa1ZzYVhoYUxYYxAB,GG WRY,3,"มาลองโปรบุฟเฟ่ต์ซูชิ 599 ค่ะ
ส่วนตัวคิดว่าไม่คุ้มค่ะ
- ซาชิมิ สั่งได้แบบรวม มีแต่แซลมอนที่อร่อย อย่างอื่นไม่อร่อย
- ซูชิ เนื้อวัวเหนียวค่ะ เนื้อปลาทั่วไป แซลมอนใช้ได้
- หม้อไฟ 2 เมนู - มาม่าต้มยำซีฟู้ดหม้อไฟ น้ำซุปตอนแรกพอใช้ได้ พอแซลมอนที่ใส่มาต้
ลงไปเท่านั้นแหละ ทำให้น้ำซุปคาวมากค่ะ อีกเมนูเป็นหม้อไฟหมู ก็เฉยๆ ค่ะ ต้องให้พนักงานมาเติมแอลกอฮอล์ให้อีกก้อน หมูถึงจะสุกค่ะ
- ของหวาน ใช้ได้ค่ะ
- อาหารออกมาเสิร์ฟค่อนข้างเร็วดีค่ะ
- พนักงานบริการดี"
Ci9DQUlRQUNvZENodHljRjlvT2pSQk4wVXRTV1pKV0hONlJYTmZSamRRWVc5RlgxRRAB,P. Houmpawanwong,3,มาทานโปร 399 เน็ทแล้ว ตอนประมาณบ่าย ๆ ทั้งชาบูและปิ้งย่าง อาหารเกือบทุกจานออกช้ามาก บางอย่างรอ 50นาที+ ต้องตามถึง2ครั้ง ทั้ง ๆ ที่มีลูกค้าไม่กี่โต๊ะ รสชาติปกติทั่ว ๆ ไป รวม ๆ คุ้มอยู่
Ci9DQUlRQUNvZENodHljRjlvT21WdFUwZEtUM1JQY0UxUWMzSXhialZJYW1STE5sRRAB,J Phinun,3,"เราเดินไปที่ร้านวันที่ 26 Jun 2025 เพื่อจะจองโต๊ะกินเลี้ยง 40 คนในวันที่ 2 Jul 2025 ไปเพื่อเลือกโต๊ะเพื่อจองและคุยเรื่องราคาโปรโมชั่นที่จะกินกับพนักงานที่รับจองเรียบร้อย ว่าจะกินราคา 799 Net ที่ลดราคาจาก 904 Net อยู่

วันที่ 2 Jul 2025 เดินไปทาน พนักงานถามว่าจะกินราคาไหน ก็บอกว่า 799 Net ที่แจ้งไว้ พนักงานบอกว่าราคานี้หมดโปรไปเมื่อวันที่ 30 Jun 2025 แล้ว อ่าวววว แล้วตอนมาจองทำไมไม่บอก สุดท้ายต้องกินราคา 599++ (705 net) ซึ่งเมนูอาหารน้อยกว่า แล้วเราแจ้งคนที่จะไปกิน 40 คนไว้หมดแล้ว …

เราจองร้านไว้ 11.30 ยังไม่ค่อยมีลูกค้าคนอื่น เราก็เริ่มสั่งอาหารกัน อาหารทยอยออกไวอยู่ แต่พอสักพักเริ่มแผ่ว อาหารเริ่มขาดตอน บางโต๊ะคือไม่มีอะไรเหลือให้ปิ้งเลยบนโต๊ะ กดสั่งเพิ่มไปเท่าไรก็ไม่มา จนเราต้องกระจายของโต๊ะที่มีของไปให้โต๊ะที่ไม่มี ขาดตอนอยู่แบบ 40 นาทีได้ อาหารถึงทยอยออกมาเสิร์ฟอีกรอบ

อาหารรสชาติดี คุณภาพดี พนักงานที่คอยเติมไฟ เปลี่ยนตะแกรงกะตือรือร้น คอยช่วยเปลี่บนช่วยเติมไฟอยู่ตลอดค่ะ

แต่ร้านควรแจ้งราคาและโปรโมชั่นกับลูกค้าให้เคลียกว่านี้ และออกอาหารให้สม่ำเสมอกว่านี้ค่ะ"
Ci9DQUlRQUNvZENodHljRjlvT2pKM1REZ3lkekprT1ZGWFFtdGhNRlZJTm5WdllrRRAB,Ben Tordamrong,5,"ร้านขึ้น บันไดเลื่อน จากชั้น M อยู่ด้านในสุด buffet. Sushi และปิ้งย่าง ราคา 799 เนต

เนื้อย่างดี sushi sashimi สด ขนมหวานมีทัั่ง ไอศกรีม กับโมจิ

ติอย่างเดียว เสียงในร้านจะดังอื้ออึง นิดนึง"
Ci9DQUlRQUNvZENodHljRjlvT2tzM2VFUlNjaTFoY0hvNFJETkdhUzFRZWxnNVpWRRAB,P M,4,เคยทานแบบบุฟเฟ่ต์ปิ้งย่างด้วยอาหารดีเลยค่ะ ครั้งนี้มาทานแค่โปรบุฟเฟ่ต์ซูชิ โดยรวมโอเค แต่ข้าวแฉะไปหน่อย
Ci9DQUlRQUNvZENodHljRjlvT2t0a2NWODVXRUZXVWpGUlFtaENXRFIyVms5alJFRRAB,Oracha MM,3,"เราเลือกสาขานี้เพราะใกล้ออฟฟิศเหมาะกับทานข้าวตอนเย็น เราเลือก Kouen Premium Buffet
799++ = 940Net (ได้ทั้งซูชิและปิ้งย่าง) สำหรับคนชอบเนื้อน่าและซาซิมิของดิบอาจจะต้องลอง เมนูขนมหวานก็ดีหมดเลย"
Ci9DQUlRQUNvZENodHljRjlvT21kS1QzSjNkV2hGZW0xaFIwcENlbnBJWW5Kb2VHYxAB,Sineenath Nacharoen,5,ร้านน่านั่ง โล่ง โปร่ง สะอาด วิวสวย พนักงานบริการดี ยิ้มแย้ม เสริฟเร็ว อาหารสด อร่อย หลากหลาย เป็นการทานบุฟเฟต์ที่อร่อยคุ้มค่ามาก
Ci9DQUlRQUNvZENodHljRjlvT2xCYWNXaEtaa0ZKZEhOb1VYTmlVRWxOU2tadVZrRRAB,Narawara Boonset,2,มาสาขานี้เป็นรอบที่สอง ครั้งแรกที่มาจำได้ว่าไม่ประทับใจ รอบสองก็ยังไม่ประทับใจ เหมือนพนักงานไม่เพียงพอ หน้าร้านไม่มีคนคอยรับลูกค้าเลย อาหารออกช้ามาก ไม่ครบด้วย คือกินจนเซ็ง จนอิ่มไม่เอาแล้ว จะเช็คบิลยังต้องเดินออกมารออีก พอแล้วสาขานี้ ส่วนอาหารก็โอเค แค่ว่าออกช้าจนเซ็ง ต้องคอยตาม
Ci9DQUlRQUNvZENodHljRjlvT25wdVVqUTJZWE0wWkROVWRXdDBPWHB1TURWdFdrRRAB,Rapheephorn Phencharoenkit,4,"คุณภาพสินค้าถือว่าดีเลย เซ็ต 1,399 ++ ได้ลดท่านละ 200 ถือว่าโอเค แต่อาหารแพง (ซูชิ ซาซิมิ ออกช้ามาก )"
Ci9DQUlRQUNvZENodHljRjlvT2xwUE9IYzJia0ZsT0ZwRWEyMURWSHBtT1UxNVMxRRAB,nunutja b,5,อาหารอร่อย โดยเฉพาะปลาค่ะ บรรยากาศดี ชาบูน้ำซุปหวานเค็ม
ChdDSUhNMG9nS0VJQ0FnTUNveDVqUnpRRRAB,dove phawin,5,กิน package 1399 วัตถุดิบดี คุ้มค่ากับราคา และไม่เลี่ยนเกินไป ถ้าเป็น package ที่มีเนื้อA5 จะเลี่ยนกินไม่คุ้ม บริการดี แต่จัดโต๊ะค่อนข้างแน่น ไม่เป็นส่วนตัวเท่าไหร่
Ci9DQUlRQUNvZENodHljRjlvT21OS00wVnRWVTl1WnpkeExXWjBSMHRQYld4RFpVRRAB,Teetouch Mallikamal,1,"อาหารมาช้า
ปลาไม่สดกลิ่นคาวมากโดยเฉพาะปลาสีขาวในเซตพรีเมียมซาชิมิ เนื้อเหนียว
ของทอดมันมากทุกอย่าง แซลมอนทอดกัดแล้วน้ำมันเต็มปาก
บริเวณบาร์ที่กดน้ำติดกับห้องครัวมีกลิ่นเหม็น"
Ci9DQUlRQUNvZENodHljRjlvT25aeWFGTTNVREZhTm5JM1ZGTkNia0ZSUVdKTFdsRRAB,ฐิติกาญจน์ ช่วยรอดหมด71,2,ไปกินโปรบุฟเฟต์ซูชิ 399+ อาหารช้ามาก ปลาไหลไม่ตรงปกเลย เหมือนเป็นเศษปลาไหลที่เหลือแล้วเอามาใส่ซอสมาซะหวานกับเค็มเลี่ยนมาก ในรูปคือนึกว่าจะมาเป็นชิ้นปลาใหญ่ๆ อาหารเสริฟช้า ซูชิ3-4ชิ้นคือรอ20นาที สั่งไปหลายรอบนั่งรอจนลืมว่าสั่งไปแล้ว แต่ปลาทูน่าแซลมอนสดดี
ChdDSUhNMG9nS0VJQ0FnTUNvNk9MRzV3RRAB,คุณแพม แซ่กอ,4,"เลือกสาขาเอ็มไพร์ เป็นแบบบุฟเฟ่ต์ซูชิ+ยากินิกุ ของย่างคุณภาพดี ซูชิ มีให้เลือกหลากหลาย โดยรวมอาหารดี สมราคาและแบรนด์ของkouen 👍
ส่วนการบริการ ทั้งผู้ชายด้านหน้าที่รับคิวและพนักงานเสริฟผู้หญิงที่โต๊ะ หน้าไม่ยิ้มแย้ม ขอชมพนักงานผู้ชายน่าจะเป็นนักศึกษาพาร์ทไทม์ บริการดี คอยเก็บจานเปล่าให้ตลอด"
Ci9DQUlRQUNvZENodHljRjlvT2xwS2VVZHhkV2RwT1RNMVNVNHlXRkEzZGxKTVdVRRAB,Oraphan Maisomdet,1,รสชาติอาหารเฉยๆ บริการงั้นๆ สั่งซูชิไป ผ่านไปชั่วโมง ยังไม่ได้กิน จนโต๊ะรอบๆ ได้กินกันหมดแระ ตามอาหารไป3-4รอบ พนง.ก็ได้บอกบอกครัว เสร็จแล้วก็หาย อาหารก็ยังไม่มา รอนานมาก จนหมดอารมณ์กิน ด้วยราคาบุฟเฟ่ขนาดนี้ ไปกินร้านอื่นก็ได้ รู้สึกไม่ได้รับการบริการเท่าที่ควรจะเป็น
ChdDSUhNMG9nS0VJQ0FnSUR6dkx2ZXRBRRAB,Thaweechot Tatiyapermpoon,5,"รสชาติ / Taste - 9/10
บริการ / Service - 10/10
ราคา / Price - 8/10
บรรยากาศ / Ambiance - 10/10
ที่จอดรถ / Parking - 10/10

แนะนำ - บุฟเฟต์อาหารญี่ปุ่นมีปิ้งย่างด้วย

Recommendations - Japanese all-you-can-eat with yakiniku.

ต้องลอง - โมจิย่าง

Must try - Grilled mochi.

ข้อดี - อาหารรสชาติอร่อย / บริการดี ทันสมัย และรวดเร็วทันใจ / ราคาโอเค / ร้านกว้างขวาง วิวดี / ที่จอดรถสะดวกสบาย

What to expect - Delicious food. Good and quick service. Ok price. Lots of seatings with good view. Convenient parking.

ข้อติ - คิดไม่ออก

Don’t be surprised - Can’t think of one."
ChZDSUhNMG9nS0VJQ0FnSURfLTZIaVBBEAE,Keusen Kay,3,The restaurant looks not bad but if you order you have to wait long sometimes until 20 min and the order system is also very slow. For fish is good but for meat it’s too expensive. I would say I’m a grill restaurant specialist because grilling is my favourite and visiting a lot in Thailand but this one was too expensive for what you get. We have had the 1620 bath one
Ci9DQUlRQUNvZENodHljRjlvT2pGTk5GcExhbE5qWWtjelNIVXlUVjlaWWpST1VsRRAB,Naphitchaya,2,"รสชาติทั่วไป กับราคาบุฟเฟ่เริ่มต้น
ช่วงคนเยอะ แล้วอาหารมาช้า พอเข้าใจ แต่ออเดอร์ตกหล่นหลายรายการ สั่งซ้ำก็ตกหล่นอีก สั่งก่อน ได้ทีหลังอีก ปรับปรุงหน่อยค่ะ"
ChZDSUhNMG9nS0VJQ0FnSURmNU02T1JBEAE,SAYOMPORN P.,4,"อาหารดี สด อร่อย ตามมาตรฐานของ Kouen Yakiniku ครับ
ไปช่วงปีใหม่อาหารช้านิดหน่อยอาจจะคนเยอะ ไม่ว่ากัน
แต่หักคะแนนคนเก็บเงินผู้ชายเหมือนอารมณ์ไม่ค่อยดี ยิ้มบ้าง งานบริการน่ะ 3ดาวพอ"
Ci9DQUlRQUNvZENodHljRjlvT205S2FHRnpVVUZWYVhCU09FdEhVQzFmYTNSSVUxRRAB,Tento Ratana,5,"ได้อาหารครบทุกรายการที่กดไป อาจจะช้าหน่อยเพราะลูกค้าเยอะก็เข้าใจ แต่เมนูสุดท้ายขอแคนเซิลเอง เพราะน้องที่เสิร์ฟ ถามสองรอบว่า สั่งอะไรเพิ่มมั้ย คือสั่งไปแล้วแต่ยังไม่มาไง ก็เลยขอยกเลิกรายการนั้นแล้วไปเช็คบิล
ร้านก็ให้เวลากิน 2 ชม. อยู่ก็งงว่ามากดดันทำไม"
Ci9DQUlRQUNvZENodHljRjlvT21GYWRtWTNXRUZVYmxOYWRWVklOemN3YTNRMk9IYxAB,poupaey PBZ,1,"เคยไปทาน2-3ครั้งได้ค่ะ เนื้ออร่อยดีนะคะ
เวลากินเลี้ยงแผนกก็จะเลือกไปที่นี่ เพราะมีโต๊ยาวด้วย นั่งเรียงยาวได้  ล่าสุดจะไปกินก็โทรจองปกติ แต่มีขอเลื่อนวัน พอใกล้ๆก่อนวันนัด2วันก็เลยโทรคอนเฟิร์ม ปรากฏว่าไม่มีชื่อคนจองค่ะ แล้วคือวันนั้นโต๊ะเต็มแล้วค่ะ
ก็อ่าวอะไรเนี่ย... ก็มีถามรายละเอียดวันจองตอนแรกกับชื่อ บลาๆ แต้ยังไงก็เต็มค่ะ

พอวางไปสักแปปนึงก็มีสายจากร้านเข้ามาถามรายละเอียดอีกรอบ ว่าวันนั้นคุยกับพนง.ผชหรือผญ ก็ตอบไปว่าผญ ทางร้านก็มีเสนอโต๊ะใหม่ให้นะคะ แต่ไม่ได้โต๊ะยาวที่เราจะนั่งแต่แรก จะมีโต๊ะยาวแบบมีเสากั้นคือนั่งเบียดกัน กับแยกโต๊ะ  เราก็แบบเซงค่ะ คือตั้งใจจะนั่งโต๊ะยาวปกติ ก็ถามว่าปกติเลื่อนจองจะจดเลยหรือเปล่า ก็ตอบว่าปกติก็จดเลย เราก็ถามทำไมพลาดได้คะ พนง.ณตอนนั้นไม่ได้จดเลย แล้วน่าจะลืมจด ทางร้านก็ขอโทษค่ะ เราถามเรื่องร้านเปิดกี่โมงพนง.แจ้งเปิด11โมง เราก็โอเคร เรื่องโต๊ะเราแจ้งขอคุยกันก่อนแล้วจะแจ้งกลับในวันถัดไป

พอถึงวันถัดมาเราก็คุยกันในแผนกว่าจะเอายังไงดีแยกโต๊ะได้หรือเปล่า สรุปทุกคนโอเคร เราก็รอให้11โมงจะรีบโทรคอนเฟิร์ม เราโทรหาที่ร้านประมาณ11โมง31นาที 2รอบไม่มีคนรับสาย เราก็โทรรอบ3 ประมาณ11.46น.อีกรอบ
รวม3สายค่ะ ไม่มีใครรับสายค่ะ เราโทรจนสายตัดเลยค่ะ
ก็คิดว่าคงยังไม่เห็นโทรศัพท์ แล้วถ้าเห็นน่าจะโทรกลับมาเพราะโทรตั้ง3สาย  อีกอย่างปดติทางร้านจะใช้เบอร์นี้ไล่โทรคอนเฟิร์มกับลูกค้าอยูแล้วค่ะ แต่ปรากฏว่าทั้งวันจนถึงกลางคืนก็ไม่มีโทรกลับมา

เราก็เลยตัดสินใจว่าเราน่าจะไม่ไปกินร้านนี้อีกค่ะ (ให้กินส่วนตัวไม่ไป แต่ถ้าจำเป็นต้องไปเพราะคนอื่นจองในนามบริษัทก็ต้องไป) แล้วก็ขอให้ปรับปรุงเรื่องการจดบันทึกการจองด้วยนะคะ จะได้ไม่ทำให้ลูกค้าเสียความรู้สึกค่ะ กลุ่มเราไปกิน11คนนะคะ ยอดคงไม่เยอะเท่าไหร่มั้งคะ ก็เลยไม่โทรกลับ หรือทางร้านมีฐานลูกค้าเยอะอยู่แล้ว ก็ไม่ได้สนใจ

(จริงๆเรื่องโต๊ะก็มีเสนอมาให้ใหม่ เราก็ใจเย็นลงแล้วค่ะ เพราะยังไงก็ยังได้กิน แต่ที่เสียความรุสึกอีกรอบคือร้านไม่โทรกลับในวันถัดไปที่เราจะคอนเฟิร์ม ก็รุสึกว่าทางร้านคงไม่อยากรับกลุ่มเราค่ะ)"
ChdDSUhNMG9nS0VJQ0FnTUNBdU9POXJBRRAB,natapat timkaew,4,จอดรถในห้างเลย อาหารอร่อย วัตถุดิบเหมาะสมราคา ปิ้งย่างเนื้อโอเค ซาซิมิสด อาหารปรุงได้ไว(ไปวันธรรมดาคนไม่เยอะ) ที่ไม่ชอบคือเมนูลิ้นวัวย่างชิ้นหนา เหนียวมาก
ChZDSUhNMG9nS0VJQ0FnTURnZ2FIblVnEAE,Maggie Journey,3,ไปทานมาเมื่อช่วงเย็นวันอาทิตย์ ซาซิมิสดดีค่ะ ตอนนี้มีโปรจ่ายผ่าน grab ลด 10% ด้วย เลือกราคา 799 บ. Net ที่ 940 อยากกิน salmon ร้านบรรยากาศ ok เป็น city view แต่มีกระจกส่องอ่ะ
Ci9DQUlRQUNvZENodHljRjlvT2pkSVlqbFVhRGRxVVRKVlVuWXRiVkV6YmxGSFYyYxAB,Prim,2,"ลิ้นวัวเซิร์ฟแบบนี้?

พนักงานไม่ประทับใจ
รสชาติไม่ประทับใจ
คุณภาพไม่ประทับใจ

กลับมากินรอบนี้คุณภาพหล่นเยอะมากค่ะ"
Ci9DQUlRQUNvZENodHljRjlvT2pjNE9UVjZlRXRKYjA1R2MyMVFWV1pTVlZwMVUzYxAB,JINLUO LIN,1,"หวังว่าเจ้าของร้านจะได้อ่านนะครับ
เพราะผู้จัดการผู้ชายคนหนึ่งในร้านนี้ แย่มากจริงๆ!
ผมไปกินวันที่ 23 ตุลาคม ช่วงเกือบสองทุ่ม คนที่มารับคือผู้จัดการผู้ชายคนนั้น

ตั้งแต่เดินเข้าร้านก็รู้สึกไม่โอเคเลย น้ำเสียงเย็นชา หน้าตาไม่รับแขก พูดจาไม่สุภาพ
อยู่ไทยมากว่า 10 ปี ผมแทบไม่เคยเจอพนักงานแบบนี้เลย

เขาไม่อธิบายอะไรเกี่ยวกับเมนูเลย แค่ถามว่า “จะเลือกเซ็ตไหน”
พอผมถามถึงความแตกต่างของแต่ละเซ็ต เขาก็ทำหน้ารำคาญแล้วโยนเมนูให้ เหมือนครูใหญ่กำลังดุเด็กนักเรียน คือผมอายุสามสิบกว่าปีแล้ว ไม่ได้เป็นเด็กนะครับ

พอเรานั่งโต๊ะ เขาเอา QR code มาให้
เพื่อนผม (ชาวฝรั่งเศส) อยากถามเมนูซูชิที่มีในกระดาษแต่หาในระบบสั่งออนไลน์ไม่เจอ
เขาทำหน้าบึ้งแล้วพูดว่า “สแกนเอาเอง” แล้วก็เดินหนีไปเลย!
ทั้งโต๊ะคือช็อกมาก ทุกคนงงว่าเราทำอะไรผิด ทำไมถึงโดนปฏิบัติแบบนั้น

บอกตรงๆ บรรยากาศร้านดี อาหารอร่อย พนักงานคนอื่นๆ ก็บริการดี
แต่แค่ผู้จัดการคนนี้คนเดียว ทำลายภาพลักษณ์ของร้านหมดเลยครับ
รู้สึกเหมือนกินของอร่อยแล้วเจอแมลงวันตายในจาน — หมดอารมณ์ทันที

ผมพูดตามความจริงทั้งหมด หวังว่าเจ้าของร้านจะเห็นและจัดการนะครับ
อย่าปล่อยให้คนแบบนี้มาทำให้ร้านดีๆ ต้องเสียชื่อเสียงเลยครับ"
ChdDSUhNMG9nS0VJQ0FnSURMaGJfRXZRRRAB,Sakura Chan,5,ลิ้นวัวหั่นเตาอร่อยมากๆ หมึกทาโกวาซาบิโคตรอร่อย เนื้อดีทุกอย่างดี แต่กิมจิไม่อร่อยค่ะอยากให้ปรับปรุงรสชาติกิมจิ สั่งไปหลายเมนู อาหารมาไม่หมด แต่ดีแล้วค่ะ ก็เลยบอกพนักงานไปว่ายกเลิกที่เหลือไป เพราะกลัวกินไม่หมดเพราะมาคนเดียว
ChdDSUhNMG9nS0VJQ0FnSUNOdHVLNnBBRRAB,KANNAPAT WORRASROUNG,4,"มากินวันอาทิตย์จอดรถสบาย จอดปุ้บ ขึ้นลิฟท์มาโผล่หน้าร้านเลย เลือกราคา 799 เน็ทประมาณ 910บาท  เนื้อวัวยังธรรมดา ดีที่มีความหลากหลายของอาหารให้กิน ไม่ถึงกับผิดหวัง แต่ก็ไม่ได้ว้าว
น้ำจิ้มถ้ามีซอสพริกโคชูจัง น่าจะเข้มข้นดีขึ้น ซูชิ ซาซิมิ ok หัวปลาเเซลมอนใหญ่ดี"
ChdDSUhNMG9nS0VJQ0FnSUQ5M3ZmUW1RRRAB,Polly P,5,"ถ้ามองหาบุฟเฟต์ปิ้งย่างดีดี คุ้มค่า บรรยากาศดี สะอาด แนะนำที่นี่เลยค่ะ มีหลายราคาให้เลือกตามชอบ ปลาดิบดี สด หอยดีมาก
เนื้อวัวถือว่าในระดับดี เรากิน 799 ก็มีให้เลือกเยอะมากละค่ะ"
ChZDSUhNMG9nS0VJQ0FnSURIaF9uQU1BEAE,สุริยะ ดาหนองคาย,5,"อาหารอร่อย เนื้อดี กินราคา999+
ล่าสุดไปทานเสริฟ อาหารค่อนข้างช้า กดซูชิ แซลม่อนบอม ไปตั้งแต่ 15นาทีแรก แต่มาเสริฟตอนกำลังจะลุกออกจากโต๊ะ เงิบเลยครับ แต่ก็ซวบจนหมดก่อนจ่ายตังค์"
ChdDSUhNMG9nS0VJQ0FnSURkbThQZGd3RRAB,메이is몬BE베,4,"เลือกโปร 999 Net 1,176
พนักงานบริการดีอยู่นะ   👍🏻
บรรยากาศดีเพลงเพราะ ☺️
แนะนำจองโต๊ะล่วงหน้า เพราะโต๊ะค่อนข้างน้อย เนื้อดีมากละลายในปาก อยากกรี๊ดออกมาเลยค่ะ
ตินิดเดียว อาหารหลังๆมาช้ามาก ต้องตามกับพนักงานเรื่อยๆ
🩷🩷🩷🩷🩷"
ChdDSUhNMG9nS0VJQ0FnSUNKczVXZWtnRRAB,Kung S.,3,"ผ่านไปผ่านมาเนิ่นนานเพิ่งมีโอกาสได้ลองชิม ร้านมีหลายสาขาแต่เลือกสาขานี้เพราะคิดว่าวันหยุดคนน่าจะน้อยหน่อย ซึ่งก็ถือว่าร้านไม่แน่น แต่ขนาดไม่แน่นอาหารยังตกหล่นน่าดู 😮‍💨 ต้องตามแล้วตามอีก ไม่ทวงไม่ได้

สาขานี้เป็นปิ้งย่าง+ซูชิ คุณภาพอาหารถือว่าโอเค salmon คือดี เมนูหลากหลาย ราคาก็หลายเลเวลเช่นกัน กินได้ 2 ชั่วโมง

เพิ่มเติม...ตึกนี้จอดรถประทับตราได้ 3 ชั่วโมง ชั่วโมงที่ 4 50 บาท/ชั่วโมง แต่ชั่วโมงถัดไป 150 บาท/ชั่วโมง 🥲"
Ci9DQUlRQUNvZENodHljRjlvT21kU00xRjFiSFZEY25wNFVGRlhZbWRVWWxZNFIzYxAB,Ake Juntarapratan,1,อาหารออกมาช้ามากไม่แปลกใจเลยวันนี้วันหยุดปกติร้านเต็มตลอด ต้องจอง อันนี้โล่งเลย เสียดายเงินเลยทีเดียวที่กินพรีเมี่ยม1399เทียบกับเมื่อก่อน อาหารออกช้า สั่งไปเท่าไหร่ก็ออกไม่ครบสักรอบ สั่ง5ได้2 สั่ง7ได้3 เมนูในชุดแพงสุด ช้ามากๆ พอสั่งในเมนู 399 หรือ 599 โหมายั่งไว เสียเงินกินนะไม่ได้ไปขอกิน คงเจอกันเป็นครั้งสุดท้าย พอกันที เสียดายจัง ยิ่งทำยิ่งแย่ลง
ChdDSUhNMG9nS0VJQ0FnSURyajRXQnVnRRAB,Naipentor K.,4,อาหารประเภทข้าวปั้น ชูชิ ทำช้ามาก  สั่งตั้งแต่ไม่มีลูกค้าเลย  รอครึ่งชม ได้มาสองชื้น ควรปรับปรุงอย่างมาก
ChZDSUhNMG9nS0VJQ0FnSUNKanVQbVpnEAE,Nurbaskoro Nurbaskoro,1,"Not worth at all ! I tried the most expensive buffet today, 1764 baht nett. The meat quality are not good & fresh, they served it mostly are still in frozen condition, the meat are also chewy and not tender. Service are slow, need to wait almost 30 minutes to have my ordered first dish. The only good things are the sushi, sashimi & oysters.., definitely will not come again !"
ChdDSUhNMG9nS0VJQ0FnTUNvb01qRnRBRRAB,Koi Pinthita,5,อร่อยค่ะ ชุด 999++ อาหารดี ซาชิมิดีงาม เมนูเนื้อโดยเฉพาะลิ้นวัวดีมากค่ะ
ChZDSUhNMG9nS0VJQ0FnTUNvLXEzNkRnEAE,Kt,2,"อาหารวัตถุดิบดี เราทาน a la carte
เท่าบริการที่ไม่ประทับใจ ระบบค่อนข้างใช้งานยาก

พาครอบครัวไปกิน มีผู้ใหญ่80+ ไปกินกัน 10+ คน พนักงานชายเหมือนพูดจาแข็งๆรู้สึกอึดอัดมากๆ😅 ไม่ค่อย helpful เศร้ามากค่ะ

ขอ feedback ระบบที่ต้องแสกนสั่งเอง ปกติไม่ติดนะ ถ้าเมนูไม่เยอะ ไม่สับสน แต่เราทาน a la carte ค่อนข้าง งง เลขในเมนูไม่ตรง เลขเป็น หลักร้อย หาเจอยาก แบ่งหมวดด้วยราคาบุฟเฟ่ หาไม่เจอถามพนักงานก็ช่วยได้ไม่มาก (คือถ้าพนักงานช่วยได้อาจจะไม่รู้สึกไม่ดีเท่านี้)
ตัวอักษรเล็ก ผู้ใหญ่มองไม่เห็น
ซูชิรูปไม่ตรง รูปมี 2  เสิงร์ฟจริง แค่ 1 อยากให้รบกวนเขียนกำกับจะดีมากค่ะ
ที่ตรงคือแซลม่อนตามภาพ
ทั้งหมดคือทำให้เวลาสั่งเกิดคำถามเยอะ จึงต้องเรียกมาถาม แต่พนักงานก็ดูไม่ได้แฮปปี้จะตอบเท่าไหร่ แต่ตอนโทรจองง่ายและน่ารักมากๆค่ะ55

ใดๆคืออาหารคุณภาพดีค่ะ แต่ด้วยราคาที่ไม่ได้ถูก อยากขอให้ลองปรับเรื่องพนักงานกับระบบนิดนึงนะคะ เคยอุดหนุนตั้งแต่สาขา i’m park เพราะแซลม่อนคุณภาพดีจริงๆ

ขอบคุณค่ะ"
ChZDSUhNMG9nS0VJQ0FnSUMxdVAtMkpnEAE,Sakura Paru,5,บุฟเฟ่ต์ร้านดัง ตั้งอยู่ชั้น 3 ภายในตึก Empire Tower สาขานี้มีทั้งปิ้งย่างและปลาดิบ ซูชิ เมนูอื่นๆเพียบ ปลาแซลมอนสดชิ้นใหญ่หนาสะใจ เนื้อในโอ่งคือดีมากกก นุ่ม ไม่เหนียว สลัดปลาเงินก็อร่อย อาหารพร้อมทานเมนูอื่นๆก็อร่อย เสียแต่สั่งผ่านระบบ QR code แล้ว แต่ออเดอร์ยังมาขาดๆเกินๆ ได้บ้างไม่ได้บ้าง บาร์น้ำบริการตัวเอง สั่งอาหารและขนมผ่าน QR Code สะดวกดี แต่จะดีกว่านี้ถ้าอาหารที่สั่งไปได้มาในจำนวนที่ถูกต้อง
ChZDSUhNMG9nS0VJQ0FnSURoaXRuNFZ3EAE,Lettuce,4,มากินเลี้ยงบริษัทที่นี่รอบที่ 2 แล้ว เลือกราคาหัวละ 1000 ต้นๆ ได้ทั้งปิ้งย่าง ซูชิ ซาซิมิ และเมนูหอยนางรม วัตถุดิบสดใหม่ดี รสชาติอร่อย ของหวานมีไดฟุกุกับไอติม อร่อยทุกรส แต่ให้ 4 ดาว เพราะออร์เดอร์อาหารมีความสับสน บางอย่างสั่งไปนานมากแต่ไม่ได้ มาได้ตอนกินจะเสร็จแล้ว อาจเพราะเป็นวันศุกร์ ร้านมีคนใช้บริการค่อนข้างเยอะ
ChZDSUhNMG9nS0VJQ0FnSURoc2N1T0d3EAE,Kyujin OmYimYak,5,"บุฟเฟ่ต์ 1,099 บาท รวมเซอร์วิสชาร์จ 10% และ vat 7% จ่ายคนละ 1,294 บาท .. รายการอาหารบุฟเฟ่ต์ราคานี้ .. คุณภาพดีค่ะ

ของหวานมีไอติมกับโมจิมัทฉะ"
ChdDSUhNMG9nS0VPdVo0YjZmeHBLYjZBRRAB,K. Vijit.,2,อาหารไม่หลากหลาย สั่งไปได้ไม่ครบ ต้องตามหลายรอบ อาหารได้ช้ามากกกกกกก พนง.น้อย ราคาสูง โดยรวมยังไม่ประทับใจ
ChZDSUhNMG9nS0VJQ0FnSUNqbjdQMFJBEAE,Nora Tap,5,"มีทั้งซูชิและปิ้งย่าง. รสชาดดี. อาหารสด

แต่พนักงานเสิร์ฟน้อยไปหน่อย. ต้องตามอาหารบางอย่างบ่อยๆ"
Ci9DQUlRQUNvZENodHljRjlvT21kdVYybHJWRUZQYlZOQmQwVm1kbDl2VHpsNWEzYxAB,JazzyCat,2,"Food quality is decrase from last time.

Service is bad. Rude. And no service mind. Even there are nearly no customer."
ChZDSUhNMG9nS0VJQ0FnSUNlLWF6bGZnEAE,SRW P.,5,"สาขาเอ็มไพร์ทาวเวอร์ ร้านจะตั้งอยู่ชั้น3 มีที่จอดรถอยู่ชั้นใต้ดิน สามารถสอบถามเจ้าหน้าที่รปภ.ที่คอยให้บริการอยู่ที่ทางเข้าได้

kouen สาขานี้จะเป็น Yakiniku และ sushi bar คือมีเตาถ่านสำหรับปิ้งย่างอาหาร และมีซูชิที่ทำสดใหม่ตามคำสั่งเลย

บุฟเฟต์มีหลายราคา เมนูก็จะหลากหลายกันไปตามระดับราคา วัตถุดิบและอาหารมีคุณภาพ รสชาติอร่อย คนมารับประทานไม่หนาแน่นมาก มีที่นั่งอยู่พอสมควร สามารถโทรจองโต๊ะก่อนได้

การสั่งอาหารให้สั่งผ่านการแสกนคิวอาร์โค้ดที่ได้ลงทะเบียนโต๊ะตอนเข้าร้าน การสั่งเมนูอาหารจะเป็นการสั่งแบบออนไลน์ กดสั่งได้เรื่อยๆ เมื่อสั่งเสร็จรายการอาหารก็ไปอยู่ที่เจ้าหน้าที่เลย นั่งรอสักพักอาหารที่สั่งก็จะมาเสิร์ฟให้ได้รับประทานกัน ความเร็วในการเสิร์ฟขึ้นกับจำนวนผู้เข้าใช้บริการและเมนูที่สั่ง

พนักงานสาขานี้ให้บริการด้วยความรวดเร็ว ยิ้มแย้ม มีservice mindดีเยี่ยม.

ก่อนทางเข้าร้านจะมีห้องน้ำอยู่ที่ด้านนอก ก่อนถึงทางเข้าร้าน ถือว่าสะดวกสบายดีมาก"
ChZDSUhNMG9nS0VJQ0FnSUNjdktuTEtnEAE,Prasertsak Sinsab,5,"Kouen Yakiniku & Sushi Bar (for English please find below)
ร้านอาหารบุฟเฟ่ต์ซูชิและปิ้งย่างราคาน่าคบหา รอบนี้เราทานเซ็ทบุฟเฟ่ต์ซูชิอย่างเดียว ราคา 499++
มีอาหารให้เลือกหลากหลายมาก โดยรวมรสชาดดี บรรยากาศภายในร้านค่อนข้างกว้าง สว่าง ไม่อึดอัด
พนักงานบริการดี ยิ้มแย้มแจ่มใส น่ารักมาก

Japanese Sushi and Grilled Yakiniku buffet. This time I only ordered for sushi buffet. There are various menu to choose with reasonable price. Also the food taste so good. staff are so nice and friendly.
Enjoy!"
ChdDSUhNMG9nS0VJQ0FnSURFLXY2VG1nRRAB,Preeyanun Tantipongvanich,4,"ร้านนี้  ถือว่าเป็นร้านบุฟเฟ่ต์อาหารญี่ปุ่นที่  อยู่อันดับต้นในความคิด  รสชาติอร่อย  แทบทุกอย่าง  แต่อาจไม่ค่อยอร่อยว้าว เหมือนตอนแรกเปิดตัว  แต่ก็ยังถือว่ารสชาติดีเสียดายที่นำเมนู  recommend และเป็นเมนูชูโรง อย่างเอ็นกาวาชีสโรลออกไป ทำให้ ไม่ค่อยอยากไปรับประทานสักเท่าไหร่ เมนูอื่นก็เฉยๆหาทานได้ที่ร้านอื่นเช่นกัน

โดยรวมมาเทียบกับราคาแล้ว ก็ถือว่าร้านนี้ คุณภาพและราคา สมกันมากๆ เรามากินที่สาขาเอ็มไพร์ จะมีเตาปิ้งย่างนะคะไม่มีชาบู แต่ตัวเนื้อ คิดว่าเป็นเกรดเดียวกันกับสาขาที่เป็นชาบูนะ อันนี้ไม่แน่ใจ

ใครจะมาทานสาขานี้ร้านอยู่ในตึกเอ็มไพร์ชั้น 3  นะคะ ถ้ามา BTS หรือรถสาธารณะตึกจะเชื่อมต่อกับ เขาเรียกว่าอะไรอ่ะ ไอ้ตรงงวงช้าง น่ะ แต่ถ้ามารถส่วนตัว ต้องไปยูเทิร์นก่อนแล้วเข้าตึก ลงไปจอดรถชั้นใต้ดิน ถึงที่จอดรถแบบ ไม่ค่อยโอเคเท่าไหร่ พอขึ้นมา จากลานจอดรถกดลิฟท์ไปที่ชั้น  M  แล้วก็ขึ้นบันไดเลื่อนต่อไปที่ชั้น 3 ค่ะ ใครนำรถมาสามารถนำบัตรจอดรถ มาแสตมป์ที่หน้าเคาน์เตอร์โคเอ็นได้นะ

และที่ดีมากคือสถานที่ที่ทุกโต๊ะจะมีกระจกติดอยู่ ซึ่งคือมันดีมากเอาไว้ส่องเช็คฟันตัวเอง ฮ่าๆๆ ถ้านั่งติดกระจก คือสิ่งที่วาวมาก พอจะได้แสงธรรมชาติเวลาถ่ายรูปออกมา สวยเลย"
ChdDSUhNMG9nS0VJQ0FnSURmaXQzZW1BRRAB,Relax Snorlax3,5,"Uni is da best!!
อาหารรสชาติดี ส่วนมากสด แต่หอยนางรมแอบคาว มี add on บุฟเฟ่ต์เก็กฮวย 🍻"
Ci9DQUlRQUNvZENodHljRjlvT2xVdFRsTmlUR2xtYVY5ZlVqVkllWEJPTjJOUGNVRRAB,Peeraya,1,ซูชิสั่งไป 50 นาทียังไม่ได้หลายอย่างมากๆ บริการงั้นๆ ต้องคอยเรียกเก็บจาน ห่วยสุดในบุฟเฟ่ต์ที่้เคยกินมา
ChdDSUhNMG9nS0VJQ0FnTUNZbVpEdmt3RRAB,distic li,3,zabuton เนื้อย่างใบโอบะ ทรัฟเฟิล มันปู ปลาดิบ คือดี ice creamดีเสิร์ฟเป็นHäagen-Dazs แต่เมนูQRนี่หายากมาก เรียงเลข เรียงหมวดหมู่ไม่ดีเลย แถมสั่งไป 1 ชั่วโมงเนื้อย่างใบโอบะใบแรกถึงโผล่มา ขอเปลี่ยนตะแกรงย่าง หรือตามออเดอร์อะไรใดๆ คือรอนานมาก ทั้งที่ตอนมากิน ทั้งร้านมีอยู่สองสามโต๊ะ ไม่ใช่จะคนแน่นจนทำไม่ทัน
ChZDSUhNMG9nS0VJQ0FnSUNSOXJxcUhREAE,Sis Sakuntanaga,3,"คอร์ส 1499++ คุณภาพเนื้อไม่สมราคาเลย

โทรไปสอบถามก่อนถึงร้าน ประมาณ 20 นาที พนักงานก็ไม่แจ้งว่า เนื้อของคอร์ส 1499++ หมดไป 4 รายการ เพิ่งจะแจ้งตอนถึงร้านแล้ว"
ChZDSUhNMG9nS0VJQ0FnSURFLXFmN0FREAE,Moo Lipis,3,"ส่วนตัวเคยชอบร้านนี้มาก แต่ตอนนี้ขอเปลี่ยนใจ ด้วยเหตุผลที่ว่า
1. พนง. บริการดีนะ แต่พนง. น้อย ดูแลไม่ทั่วถึง
2. เวลาล่วงเลยไป20นาทีล่ะ แต่เตายังไม่ได้ แล้วจะให้ย่างกับอะไร
3. สั่งอาหารไป ได้ไม่ครบสักอย่าง ซุปมิโซะสั่งตั้งแต่แรก แต่ได้ตอนจะเช็คบิลเลย หึหึ สั่งหอยนางรม 6 ตัว ได้มา 2 ตัว

ถ้าเป็นไม่ได้คงไม่มาสาขานี้อีก เป็นแบบนี้มาหลายรอบแล้ว 😔"
ChdDSUhNMG9nS0VJQ0FnSUMxdWRyQ3R3RRAB,NJ Napatsawan,1,"The food is good, but the service is very bad.
This is our second time here. First of all, we waited in front of the restaurant, but no staff stood there, so we decided to go inside and when we saw a staff we asked for a table for 2. A man in a suit (manager?) came and said we have to go outside and select the price. We know, but no one was there. He had a very bad attitude towards us. When we told him there was no one outside at the front, he went to check if there was any table available. The other staff came and said there was table but he said no he had to check the bookings first.
We came to the restaurant around 4 PM and there was no other guest there besides us and the staff all acted busy.
This is my second time and also will be my last."
ChdDSUhNMG9nS0VJQ0FnSUM2NzZ2azJ3RRAB,Pongpan Pornprommin,4,"ไปทานกันตั้งแต่ 4โมงครึ่ง โต๊ะยังว่างๆ ทำให้นั่งทานด้วยความสบายใจ วันนี้มาทานในราคา1299++ หรือ 1,529 Net เพราะเน้นเนื้อพรีเมี่ยมย่าง ตามมาด้วยชุดปลาดิบรวมแพทตินั่ม ห้ามพลาดกับทูน่าบลูฟินสดๆ แซลมอนนุ่มลิ้น และเพื่อนๆในชามโต๊โต นอกจากนั้นก็เป็นเมนูที่หลายหลาย สั่งกันจุใจในเวลา 2 ชม. ตบท้ายไอติมหวานหอม แต่วันนี้ระบบเน็ทในร้านขัดข้อง กดสั่งไปไม่มาส่งซะที รอนาน สุดท้ายให้ใช้ระบบติ๊กเมนูในกระดาษมาช่วยแก้ขัดไปก่อน ดีนะคนยังไม่เยอะ ไม่งั้นคงยุ่งน่าดู ตอนชำระมีโปรของ KTC ใช้แต้ม 999 แลกส่วนลดเหลือคนละ 1,303 บาทคุ้มมากเลย"
ChZDSUhNMG9nS0VJQ0FnSUN3NGZQWmJBEAE,prakaipan ถนัดโซ้ย,4,อาหารอร่อย พนักงานบริการดี รายการปิ้งย่างเปลี่ยนใหม่ เนื้อต้องสั่งตามเซ็ท สั่งเฉพาะรายการไม่ได้ทั้งๆ ที่เป็นบุฟเฟ่ห์ 😓😢 เสียใจ ร้านอยู่ชั้น 3 นะคะ …
ChZDSUhNMG9nS0VJQ0FnSURSeFBldURREAE,cher trp,5,"อาหารหลากหลาย สด คุณภาพโอเค
จากที่โปร 699 ไม่บุฟเฟ่ต์แซลม่อนเลยไม่ค่อยได้มา ร้านปรับรายการอาหารไปหลายอย่าง โดยรวมก็ยังได้อยู่ เนื้อหมักสูตรพิเศษดีย์ ทานไป4เส้น"
ChdDSUhNMG9nS0VJQ0FnSUN5dnFfSHRnRRAB,Minerva J,5,"เน้ือคุณภาพ บริการรวดเร็ว อิ่มคุ้มทั้งปิ้งย่าง ซูชิ ซาชิมิ
วันนี้มีเวลาน้อยเน้นสั่งสายเนื้อแน่นๆ ฟินมีแรงกลับไปทำงานภาคบ่ายต่อ ชิลๆ ไม่ต้องมานั่งต่อคิวตอนเย็นเสี่ยงรถติดขากลับบ้าน ประทับใจระบบออเดอร์ด่วนได้ใจเจงๆ❤️"
ChZDSUhNMG9nS0VJQ0FnSUNIeWFtZ1NnEAE,N T,2,"วันนี้มีโอกาสได้กินเลี้ยงทีม พนักงานเสริฟบริการดีมาก อาหารอร่อยทุกอย่าง รวมๆแล้วประทับใจมาก แต่มาอารมณ์เสียตอนคิดเงิน พนักงานผู้หญิงใช่ชุดสูทใส่สร้อย Van Cleef & Arpels สีเขียว ไม่ชัวร์ว่าเป็นผู้จัดการร้านรึเปล่า พูดจาแย่ เหมือนลูกค้ามาขอกินฟรี เช็คบิลรวม 7,336 ค่าบริการ 10% ไม่รวม Vat คิดว่าถ้าจ่ายราคานี้แต่พนักงานแคชเชียร์พูดจาแย่เหมือนไม่อยากบริการ รู้สึกว่าเอาเปรียบพนักงานคนอื่นที่เขาตั้งใจบริการค่ะ"
ChdDSUhNMG9nS0VJQ0FnSURtaUt2TjlnRRAB,Kittipong Ngamjing (Safe),5,กินช่วงปีใหม่ ระหว่างมาตรการโควิด อาหารดีสดและอร่อย บริการดี ราคาก็เข้าถึงได้ครับ มีเมนูหลากหลายให้เลือกมากๆแต่ที่เด็ดๆเลยก็คงต้องเป็นเนื้อและแซลมอนครับ สดและนุ่มมากครับ
ChdDSUhNMG9nS0VJQ0FnSURmbEotZzBnRRAB,Pairwa,3,เมนูตกหล่นเยอะ สั่งใน QR code ไปแล้ว แต่ไม่ขึ้นของพนักงาน
ChdDSUhNMG9nS0VJQ0FnSUQxMmJpRV9RRRAB,Tate Haha,2,"อาหารอร่อยทุกอย่างค่ะ แต่พนักงานผู้ชายใส่เสื้อสูทไม่รู้ว่าเป็นผู้จัดการร้านรึเปล่า? พูดจาแย่มากบริการไม่ดี เหมือนมาขอกินฟรี พาพนักงานไปกินเช็ดบิลไป 7,524 ไม่ได้มาขอกินฟรีนะค่ะ รบกวนปรับปรุงเรื่องการบริการ service mind ด้วยค่ะ ขอบคุณค่ะ"
ChZDSUhNMG9nS0VJQ0FnSUNLNWZlc0RnEAE,Jirapat,3,"พนักงานบริการดีแจ้งราคารวมทุกอย่างให้ทราบก่อน👍
อาหารหลากหลายรออาหารไม่นานยกเว้นเมนูปิ้งย่างจะออกช้าม๊าาากค่ะ …"
ChdDSUhNMG9nS0VJQ0FnSUNpMWRxcXZBRRAB,Andrew Chin,5,"One of the most amazing buffets offered for both yakiniku selections and sushi/sashimi selections. Price varies from 699 to 1599, so depending on your needs, there's a price range for you. Bonus is they also have beer on tap as a buffet as well. Great experience and service, highly recommend to come with friends and family. Don't forget to stamp your parking card before you leave."
ChdDSUhNMG9nS0VJQ0FnSUMwM1llMHBRRRAB,Paphatchaya Kongsetthakul,5,"ชอบกินบุฟเฟต์ซูชิ ปลาดิบที่โคเอนมากๆ เมนูโปรดคือ Sasimi ชอบกินแซลมอนที่สุด
ซูชิอร่อยหลายอย่าง และยังมีอาหารทางเลือกอื่นๆที่ไม่ใช่ซูชิด้วย โดยเฉพาะสาขานี้ มีปิ้งย่างด้วยนะจ๊ะ ทั้งเนื้อชนิดต่างๆ และหมูคุโรบุตะ รวมถึงอาหารทะเล เนื้อปลา กุ้ง ปลาหมึก หอยเชลล์ เรียกได้ว่ามากินที่นี่ได้ครบทุกอย่างให้เลือกสรรค์จริงๆค่ะ ส่วนตัวไม่ค่อยได้กินปิ้งย่าง เพราะถ้ากินปิ้งย่างจะอิ่มมาก จนไม่ได้สั่งซูชิและปลาดิบ มันกินพร้อมกันไม่ไหวจริงๆค่ะ
สำหรับราคาจะมีหลายราคานะคะ เป็นบุฟเฟต์ จะมีราคาเริ่มตั้งแต่ 499+ จนถึงพรีเมียม 1699+ และมีบุฟเฟต์ที่รวมเบียร์ด้วยนะ นักดื่มอาจจะชอบ เบียร์เติมฟรีไม่อั้น เป็นเบียร์อาซาฮีค่ะ เริ่ดอยู่
เครื่องดื่ม และไอศครีมรวมในราคาบุฟเฟต์แล้วนะคะ แต่ถ้าบุฟเฟต์ราคาต่ำสุด จะไม่ได้ไอศครีมค่ะ"
ChdDSUhNMG9nS0VJQ0FnSUNpNDRHUDZnRRAB,โอฬาร,5,"Non-stop 2 hours; Meat, pork, salmon Sushi, Rolls and more. Drinks are refilled. The menu can meet variety of choices of all your friends.  This is a yakiniku that serve you almost anything.

Definitely worth what you pay. Great for a group lunch/dinner party.

Just make sure you prepare for 2 hours of delicious meal!"
ChZDSUhNMG9nS0VJQ0FnSURTMmVPZlZ3EAE,Toy Pongpichitthavorn,4,"Having A5 package. The beef was melty soft and good sized. However having too many continuously could give you a sick feeling but overall experience was great. The food was served with a proper timing, high quality.

Desserts should be more to choose as it is quite limited."
ChdDSUhNMG9nS0VJQ0FnSUNpaU5qam1nRRAB,LMilliniL Godsman,5,"มีเมนูย่าง เปนหลัก ถ้าเปนขุดพรีเมี่ยมจะมีเนื้อคัดพิเศษ ชาบูจะเปนแบบสำเร็จรูปมาให้ทาน  หากต้งการทานหอยเชลล์จะเปนชุดเริ่มต้น1,299฿ ตอนท้ายนอกจากไอศครีม แล้ว มีชุดขนมโมจิย่างไฟแบบญี่ปุ่นต้องคอยะลิกไม่ให้ติดตะแกรงตลอด รอสึกถึงจะพองออกมา จิ้มพร้อมซอสหวานสีดำ หวานไม่มากกำลังดี แนะนำให้จองที่นั่งก่อนมาครับ"
ChdDSUhNMG9nS0VJQ0FnSURPM2VMWHN3RRAB,Baramee Chindavong,4,"Stopped by for the oyster lover buffet. It was pretty delicious, but some of the items were a bit fishy. The shots and the oysters in the half-shell were the best. The buffet also includes the yakiniku and also the sushi options amongst other things."
ChdDSUhNMG9nS0VJQ0FnSUNuc18zeGlRRRAB,VISA U,2,อาหารใช้ได้ แต่บริการแย่ สั่งอาหารมาไม่ครบมั่ง มาช้ามั่ง สั่งข้าวกระเทียม รอไป30นาที ไอครีม2รอบ รอบละ30นาที คนก็น้อยยังช้ามากๆ พนักงานน่าตาไม่รับแขกพูดจาก็ไม่ดี เหมือนเราไปขอกินฟรีงั้น ไปมา3รอบละ แรกๆยังพอรับได้ รอบสุดท้ายพอแล้วไม่ไปอีก กำลังจะปิดปรับปรุงร้านก็ช่วยปรับปรุงการบริการก่อนนะ
Ci9DQUlRQUNvZENodHljRjlvT2xZMVFYVkZYemh2VURack0wNWxaWE5OVVY5UE5GRRAB,King Nitheerat,5,อร่อยมาก อาหารหลากหลาย พนักงานบริการดี
Ci9DQUlRQUNvZENodHljRjlvT21jMmRFdFZSVGxIYm1seFJtUlFYMUl3VkV0U1FYYxAB,PangBoorin,2,อาหารออกช้า เกิน 30 นาที ถามพนักงานก็ตอบเป็นอยู่คำเดียว ว่ารอซักครู่นะคะ ซักครู่ที่นี่ = รอไปเรื่อยๆ จนกว่าจะได้ บางอย่างรอเกือบ 1 ชม วัตถุดิบคุณภาพแย่ไม่สมราคา เนื้อเหนียว เคี้ยวไม่ได้ ต้องคายทิ้ง บุฟเฟต์ราคานี้ ไปร้านอื่นดีกว่า ตัวเลือกเยอะแยะ จะได้ไม่เสียดายเงิน
ChZDSUhNMG9nS0VJQ0FnSUM4azZQeVhBEAE,pridsadi kantathuch,5,อร่อยทุกๆๆๆๆอย่างเลย บริการดีมาก โดยเฉพาะพี่ผู้หญิงชุดดำตัวเล็กๆ ไปกี่ครั้งก็จำพี่คนนี้ได้
ChZDSUhNMG9nS0VJQ0FnSURfbVlEcUlREAE,ThoO Annie Ang,5,เหมาะกับการไปสังสรรค์ เนื้อคุณภาพดี เสริ์ฟไม่กั๊ก ไม่หน่วง น้ำจิ้มอร่อย อาหารอร่อยใช้ได้
ChZDSUhNMG9nS0VJQ0FnSURZcXAzREZ3EAE,Pakorn Komaralchun,4,บรรยากาศที่ร้านดีมาก อาหารประเภทอาหารญี่ปุ่นอร่อย พนักงานทุกคนยิ้มแย้ม พร้อมให้บริการ เครื่องดื่มมีน้ำอัดลม ชาเขียว น้ำเปล่า ไอศกรีม สำหรับราคามากกว่า 499++ มี 2 รส รส นมเปรี้ยว ปีโป้ กับ นม โอรีโอ หัก 1 ดาว สำหรับระบบสั่งอาหารบางทีอาหารมาไม่ครบ
ChZDSUhNMG9nS0VJQ0FnSUMyZ09UdkNBEAE,Noi Somrat,3,เสริฟอาหารช้ามาก ระบบการสั่งเป็นแบบสแกนเลือกแล้วส่งข้อมูล ย้อนกลับไปดูไม่รู้ว่ายังค้างที่ไม่ได้รับอะไรบ้าง สรุปเวลาอยากกินยังไม่ได้กิน เวลาอาหารมากินไม่ทันจร้าาา
ChZDSUhNMG9nS0VJQ0FnSURybEpQWkRREAE,Chalisa Techawatcharapaikul,5,"ร้านอยู่ชั้นสามตึก Empire ที่จอดปั๊มได้ 3 ชั่วโมงฟรี

สาขานี้บริการดีอาหารเสิร์ฟไวรวดเร็ว  สะอาด"
ChdDSUhNMG9nS0VJQ0FnSUNjeVppZWpnRRAB,Myw Arassyraw,5,บุฟเฟ่มีหลายราคา ราคาต่ำสุดจะไม่มีปิ้งย่าง เมนูที่สั่งได้ก็จะแล้วแต่เรทราคาที่เลือก แนะนำให้โทรจองก่อนก็ดี เผื่อไม่มีที่นั่ง โดยรวมอร่อยดี
ChZDSUhNMG9nS0VJQ0FnSUNvLXBUT1F3EAE,Pich Pari,3,ราคาพอสมควร คุณภาพโอเค เพื่อนที่กินเนื้อบอกว่าอร่อย แต่ไม่ได้ฟินละลายในปากอะไรอย่างนั้น
ChZDSUhNMG9nS0VOX0VySnZfeElxQkt3EAE,1st Liverpool,5,บริการช้า ของเสริฟไม่ครบ ยังดีที่อาหารยังอร่อย
ChZDSUhNMG9nS0VJQ0FnSURGaFlESWJnEAE,Kengman ...,5,อร่อย หลากหลาย วัตถุดิบดี บริการรวดเร็ว มีทั้งซาชิมิ ซูชิ ปิ้งย่าง ไอติม ไดฟุกุ กินเพลินๆ แป๊ปเดียวครบสองชั่วโมงละ
ChdDSUhNMG9nS0VJQ0FnSURIdDRiNmh3RRAB,Nalinee Yeung,5,"Koeun, this branch is the best for bbq and sashimi buffet. Few choices for package and highly recommended to go for the highest package."
ChdDSUhNMG9nS0VJQ0FnSURaa0pPSjVBRRAB,Rachit Chairat,4,"Koen sushi

เมนูปรับดีกว่าเดิม ที่ต้องลองคือ Oh my god (มาม่าต้มยำ)  ชาบู เมนูซูชิ ซาชิมิ ได้มาตรฐานดีทีเดียว"
ChZDSUhNMG9nS0VJQ0FnSUNKbzluMVRBEAE,อรนุช รัตนชัย,4,สาขานี่ดีนะ แต่เล็กไปหน่อย เวลาไปทีคนจะแน่นนั่งชิด แต่อาหารมาไวดี หลากหลายดี
ChdDSUhNMG9nS0VJQ0FnSURvcnNMSnlRRRAB,Sa-nga Chotikapakorn,4,Great quality and reasonable price. Minus 1 star due to no salt and black pepper for beef. Reservation is require. Best way to go to the restaurant is via BTS. Car park is available but only 3 hours with restaurant stamp.
ChdDSUhNMG9nS0VJQ0FnSUNCMkw2c2tRRRAB,A Dapawi,4,"พวกเนื้อคือไม่จึ้ง เหนียว แข็ง
ซาชิมิยิ่งเฉยๆ เลย คุณภาพดรอปลงมาก
สมัยก่อนคืออร่อยกว่านี้"
ChdDSUhNMG9nS0VJQ0FnSUNSX3FYN2xBRRAB,Chananchia Jaikla,5,"อาหารคุณภาพดี ซาซิมิ ซูชิ สด
เนื้อดี มีให้เลือกเยอะ
เครื่องดื่มมีน้ำเปล่า ชาผลไม้ น้ำอัดลม
ของหวานมีไอศกรีม กับโมจิ"
ChZDSUhNMG9nS0VJQ0FnSUNXak1McUt3EAE,DLY PN,5,ดีมากๆๆๆๆๆ เนื้อดีสุดๆๆ อร่อยคุ้มราคา ซูชิปลาไหลอร่อยมาก แซลม่อนก็เริศ อาหารออกช้าหน่อย น้ำไปตักเอง มองเห็นวิวรถไฟฟ้า
ChdDSUhNMG9nS0VJQ0FnSURDcnQ3WjNRRRAB,Nanatchalan Kim,5,"One of my favorite yakiniku and sushi buffet in town. This branch is at Empire tower, a building is connect with BTS Chingnonsri sky walk. The prices range starts at 599 to 1,699 Baht per person, the prices exclude vat 7%, and the service charges 10%. The quality is good when compared with the price."
ChZDSUhNMG9nS0VJQ0FnSURNeXVYS1F3EAE,Bobby faith,5,Great food good sevice คุ้มค่าคุ้มราคาสุดแล้วสำหรับบุฟเฟ่ต์อาการญี่ปุ่นพรีเมี่ยม โดยเฉพาะสาขาอาคารเอ็มไพร์สาทร พนักงานบริการดีสุดใจ
ChdDSUhNMG9nS0VJQ0FnSUNzd3BLVF9BRRAB,Black Tulip 1990,5,อาหารราคาเริ่มต้น 499++ รวมvat.587บาท ซาซิมิของที่นี่ไม่เคยทำให้ผิดหวังค่ะ แซลมอนสดมาก อาหารอร่อย ปีกไก่ทอดกรอบหอม หมูกรอบก็กรอบจริง ฟินปากมากค่ะ
ChdDSUhNMG9nS0VJQ0FnSURHOVltZzZRRRAB,Bas Tha,1,1299++ เน็ตประมาณ 1500ต่อหัว ไม่ชอบตั้งแต่ให้เลือกราคาก่อนเข้าร้านแล้ว ร้านอื่นเค้ามีแต่ให้เข้าไปนั่งในร้านก่อนแล้วค่อยเลือกราคา ที่นี่ให้ลูกค้ายืนออหน้าร้าน พอได้โต๊ะคิวอาร์สำหรับสั่งอาหาร สแกนแล้ว error 😡พนักงานบอกให้จดใส่กระดาษ พอจดเสร็จยื่นให้พนักงานอีกคนที่เดินผ่าน พนักงานบ่นต่อหน้าว่าทำไมต้องมาคีย์ออเดอร์ ลูกค้าไม่สแกนสั่งอาหารหรอ เลยตอบว่าถ้าสแกนสั่งได้จะมาจดใส่กระดาษทำไมหรอ👎 ฝ่ายบริหารควรคัดเลือกพนักงานที่มีมันสมองมาบริการลูกค้า เพราะคิดราคา++ เท่ากับว่าจ่ายค่าบริการ10% แต่บริการได้ห่วยมาก ระบบคิวอารโค้ดสแกนไม่ได้ สรุปคือนอกจากอาหารจะธรรมดาแล้ว ระบบแย่ และยังบริการแย่ จับเวลาตั้งแต่ยังไม่เริ่มสั่งอาหาร เสียเวลาสแกนคิวอาร์ และจดใส่กระดาษ เปิดเมนูทีละหน้า เวลาถูกจับไป20นาที อาหารยังไม่ได้ เตายังไ่ม่มา ❌❌ที่อาหารออกช้า เพราะในครัวรวมออเดอร์กับโต๊ะอื่นแล้วยกออกมาทีเดียว บริการยอดแย่ยังมีหน้ามาคิดเซอร์วิจชาร์จเท่ากับโรงแรมอีก ไม่ทุเรศไปหน่อยหรอ
ChdDSUhNMG9nS0VJQ0FnSURWaUtHY2hRRRAB,Ploiieas As,3,"ไปทาน alacart มา ดีตรงราคาถูกกว่ากินบุฟเฟ่ มีที่จอดรถ เเต่อาหารไม่ค่อยตรงปก สั่งลิ้นวัวพรีเมี่ยมมา ตอนเเรกนึกว่าจะชิ้นหนาหน่อยๆ เเต่สภาพที่ได้มาเเบบเเห้งๆ กรอบๆ ไม่อร่อยเลย เศร้าใจ

สั่ง set ปิ้งย่างมา เเละสั่งข้าวกระเทียมมา เเต่ข้าวที่สั่งกว่าจะตามมาคือนานมากๆ ปิ้งอาหารทิ้งไว้จนเย็น 5555 เพลียมาก
รออาหารค่อนข้างนาน
ต้องตามกับพนักงานบ่อยครั้ง เเปลกดีในร้านลูกค้าก้ไม่เยอะมาก เเต่รออาหารนานเลยทีเดียว

สั่งคานิมิโซะ มาได้มากระจึงนึงตัดสามช้อนหมด ตอนได้มาคือตกใจในขนาด
คงไม่ไปกินเเล้ว ไม่ตรงปกค่ะ"
ChZDSUhNMG9nS0VJQ0FnSUNPODlTN1RBEAE,Emily M,3,"มาทานบุฟหอยนางรม 859++ ถือว่าใช้ได้เลยค่ะสามารถทานของปิ้งย่างอื่นๆในเซ็ตที่ถูกกว่าทั้งหมดได้ หอยตัวใหญ่อ้วน แต่ออเดอร์จะนานนิดนึง กว่าหอยจะมาก็คือ ทานนู้นนี่จนจะอิ่มอยู่แล้วค่ะ แนะนำหอยนางรมเครื่องแบบไทยจ้า
Editreview: I had diarrhea back then the night after I had this meal. Need to re-consider about food hygiene
Hygiene-1/5
Variety selection-5/5
Taste-3/5"
ChdDSUhNMG9nS0VJQ0FnTUNBbnE3bDFBRRAB,PAMORNPOL BOVORNKIATCHAI,5,อร่อย จัดเต็ม เน้นคุณภาพ พนักงานดูแลดี บริการดีครับ
ChZDSUhNMG9nS0VJQ0FnSURoLVBMdVdnEAE,Davide Nicolucci,5,"MORE THAN WORTH the price. Go and get the highest value buffet and you won’t regret. The food is such of a high quality and honestly 1500thb plus taxes per person gives you a lot more than what you normally get in bkk, for a better quality. Everything was excellent, can’t recommend enough. Good job I wish there were more places like this around. Even oysters were super fresh! And both beef and sushi were just perfect."
ChdDSUhNMG9nS0VJQ0FnSUNLaTg2YTZnRRAB,Samart Maneephitsamai,5,"เป็นบุ๊ปเฟปิ้งย่าง
อาหารจัดว่าดี มีหลายแพคเกจ
ถ้าทานเบียร์สด อาซาฮี ก็แค่+100บาท คุ้มครับ"
Ci9DQUlRQUNvZENodHljRjlvT25WelNUSktTRnBDWmpaT1NHbEtVWE50Y1VWSFRIYxAB,Sat fri,1,หนีไป อย่าได้มา กินช่วงเที่ยง บุฟเฟ่ อาหารมาช้ายังพอรับได้ แต่นี่ไม่ได้ทำหลายเมนู รอไปชั่วโมงหนึ่ง พอตามอาหารบอกว่าเสริฟครบแล้ว เฮ้ย มั่วแล้ว โดยเฉพาะซูชิบาร์
ChdDSUhNMG9nS0VJQ0FnSUNfclpPRi1RRRAB,narongsak nomooboo,2,แซลมอนสดดี แต่กุ้งแม่น้ำไม่ได้ เกิดอะไรขึ้น ตัวก็เล็กแถมไม่สด แกะมาเนื้อเละเลย
Ci9DQUlRQUNvZENodHljRjlvT2tORllsVndXR2RETWpOeUxUaDViV0Z2VG1sZmEwRRAB,Andrew Howard,5,"Best value for the quality.

We loved Tenjo.  We had the 399baht all you can eat.  Our kids were half price.  So this was the best value meal we have had in Bangkok.

The sushi was fresh and of good quality (not excellent).  We really enjoyed the beef sushi and beef BBQ.

Included in the menu was sushi, Korean BBQ, slushies and other drinks, icecream, jelly, and more.

We would definitely come back."
Ci9DQUlRQUNvZENodHljRjlvT2kxdU9FNHljRkJaYkVkaFFVUTBTSEJ4U2t0RGRsRRAB,Colm Corbec,5,"A bit older interior but worth the price. Be careful, payment via QR code and credit card only. Also have different pricing. Took the basic set for 505 baht"
ChZDSUhNMG9nS0VJQ0FnTURJNTYteVVBEAE,Narue (AOM),5,"ประทับใจสาขานี้ มาทานโปร  399+ 2 รอบแล้ว
แนะนำเนื้อแทรกมันดี หมูคุโรบุตะดี คอหมูย่างดีมาก ผักสด บรรยากาศร้านดี แต่ร้านจะเล็กหน่อย จัดโซนดีอยู่"
Ci9DQUlRQUNvZENodHljRjlvT2xoVFMwOUlRVEl0UVZwWFRGUk5aVTloUTFkRVJFRRAB,Christopher Gould,5,Best sashimi I’ve had in a long time at a buffet. Very fair pricing.
ChdDSUhNMG9nS0VJQ0FnSUNIZ01Ua213RRAB,watchara watchara,5,ไปรับประทานมาสาขานี้ตลอด น้องพนักงานบริการดีมากค่ะ ดูแลให้คำแนะนำอย่างดี แล้วตอนนี้มีน้ำจิ้มหมูกระทะมาใหม่ รสชาติใช้ได้ค่ะ  แซลมอนสดอร่อย ปลาหมึกนี่ชอบมากสดอร่อยเหมือนกัน เพราะส่วนตัวชอบทานปลาหมึกมากค่ะ เนื้อแซลมอนย่างก็อร่อยค่ะ สันคอเนื้อดี ตอนไปทานราคาสมาชิกดีเข้าไปอีก แต่ว่า!!สั่งซูชิกับซุปมิโซะไปไม่ได้สักอย่าง พนักงานไม่มีการแจ้งอะไร และไม่ได้ทวงด้วยค่ะ ทานอย่างอื่นแทนไป โดยรวมคือดีกับราคาและบริการ มาทานอีกแน่นอนค่ะ
ChZDSUhNMG9nS0VJQ0FnSURDLXJUSkhBEAE,Sanchai Lookkaew,5,บุฟเฟต์ปิ้งย่าง สั่งแล้วมาเสริฟ ไม่ต้องเดินตัก อาหารอร่อยมาก มีให้เลือกเยอะ แซลม่อนเนื้อดี อาหารปิ้งย่างก็ดี มีของหวาน มีเตาแพนเค้กให้ทำเอง มีอะไรใหม่ๆมาให้ลองเรื่อยๆ มีสองราคาให้เลือก ราคาหน้าร้านยังไม่รวมvatกับservice  พนักงานบริการดี สั่งอาหารได้หมด ไม่งอแง เพิ่มถ่านเปลี่ยนตะแกรง บอกไปเดี๋ยวก็มา
ChdDSUhNMG9nS0VPZl8zc2pWN29QTmhnRRAB,Shaun Lee Sheng,5,Very very good food with huge variety. Only problem is the smaller seating arrangement.
Ci9DQUlRQUNvZENodHljRjlvT2tkbVRIbHFlakJwUkV3eU56SnlPVE5qY214Q2NsRRAB,Pch Aw,5,ไปทานกับแฟนคนเต็มร้านเลยได้โต๊ะที่ค่อนข้่างร้อน พอย้ายมาอีกที่ก็ยังร้อนอยู่แฟนเหงื่อท่วมหน้าแดงเหมือนจะเป็นลมแต่พนักงานหลายคนน่ารักมากพยายามหาพัดลมมาตั้งให้พอให้อากาศดีขึ้น ปรับทับใจมากค่ะ
ChZDSUhNMG9nS0VJQ0FnSURyMlp6cFF3EAE,Ming Yang,5,บุฟเฟ่ต์ สุดคุ้ม รวมเครื่องดื่ม 410 บาท ทานได้ชั่วโมงครึ่ง สั่งได้ทีละ 10 อย่าง มีเนื้อออส อย่างดี สามีชอบปิ้งย่าง ส่วนภรรยาชอบซูชิ เป็นอะไรที่แตกต่าง แต่ทานด้วยกันได้ ร้านสะอาด พนักงานบริการดี ซอสหลากหลาย
ChdDSUhNMG9nS0VJQ0FnSUN6ai1IcTRRRRAB,Anucha Seesuwat,5,อร่อย คุ้มค่า ได้เยอะ พนักงานบริการไว มีของให้เลือกหลากหลาย โดยเฉพาะอาหารทะเล บุปเฟ่ต์ กุ้ง ปลาหมึก ไม่อั้น  มีของหวาน แพนเค้ก ไอศครีม เยลลี่ น้ำแข็งใสครับ น้ำเปล่าน้ำอัดลมน้ำผลไม้ มีทุกอย่าง เดินทางสะดวก ติด BTS แนะนำครับ
ChZDSUhNMG9nS0VJQ0FnSURMaF9tRldREAE,kruboo chan,3,"สั่งอาหารจากการสแกนบุฟเฟ่ต์กิน 5คนประมาณ 2,400 บาท ใบเสร็จ 1 ใบเสร็จ สามารถแสตมป์บัตรจอดรถได้เพียง 1 ท่านเท่านั้น อาหารรสชาติปานกลางเนื้อสไลด์เทียบกับที่อื่นถือว่าเหนียว ข้าวผัดกระเทียมแฉะ กุ้งชุบแป้งทอดควรตัดก้ามและเปลือกส่วนคมๆออกเพราะมันจิ้มเหงือกหมดอร่อย น้ำจิ้มพอใช้ได้ ถ้าเพิ่มความใส่ใจกรรมวิธีการเตรียมวัตถุดิบก่อนปรุงอาหารก็จะดีกว่านี้นะครับ"
ChZDSUhNMG9nS0VJQ0FnSURfdy12UlJBEAE,BLS,5,"Food and service are five stars! We went for the Platinum buffet. We ate Wagyu, oysters, sushi, scallops, soups, mochi, shrimp, pork, corn and many sweets. There are so many items to order from sushi, yakiniku, salads, fried foods, seafood, chicken, Thai iced tea, iced matcha tea, jello, candy and more. We especially loved grilling at the table. This was a highlight of our dining experiences in Bangkok."
ChZDSUhNMG9nS0VJQ0FnSUQxLTZUYU1BEAE,G G,5,"We had an amazing dining experience at Tenjo Sushi & Yakiniku in Ekkamai! The variety and quality of sushi and grilled meats were exceptional. The freshness of the ingredients really stood out, and the selection was impressive. The service was attentive and friendly. What sets this buffet apart is not just the delicious food, but also the value for money considering the high quality offered. We choose the seafood lover for 500+ (including the tax and vat)but its all worth it, highly recommend it to anyone looking for a top-notch sushi and yakiniku experience, it also comes with free variety of drinks. We really loved it♡"
ChdDSUhNMG9nS0VJQ0FnSURwd0llYXNRRRAB,maytavee,5,อาหารดีมากกก ทุกอันเลย ไปกินกับเพื่อน5คน แรกๆเสิร์ฟช้าหน่อย ของมาครบบ้างไม่ครบบ้าง ต้องมีการทวงถาม แต่ให้อภัยได้เพราะซาชิมิแซลม่อนสด ฉ่ำมากก รสชาติดีจริงๆ ปกติกินสาขาอื่นไม่ได้ว้าวขนาดนั้น รอบนี้สั่งมาเยอะมากๆ แล้วตัวแซลม่อนทรัฟเฟิ้ลช็อตก็อร่อยมากกกินไปหลายคำเลย รวมๆเป็นมื้อที่แฮปปี้ ของสด ดี ไปร้านค่อนข้างดึกไม่ค่อยมีคนแต่พอเราเข้าไปคนเริ่มเข้ามาเยอะ😂 รอบนี่กินเยอะที่สุดตั้งแต่เคยกินมาแล้ว บรรยากาศร้านไม่ค่อยสวยเท่าไหร่แต่เรื่องอาหารให้10เต็ม555
ChZDSUhNMG9nS0VJQ0FnSUN1bXRqa0pREAE,Emminika,3,"เป็นร้านบุฟเฟ่ต์ทางเลือกที่ดีสำหรัยคนที่ชอบทั้งปิ้งย่าวและซูชิ
มีอาหารหลากหลาย และรสชาติใช้ได้เลย
พนักงานบริการดี
ขนมไม่ค่อยหลากหลาย
เวลาในการกินน้อย"
ChdDSUhNMG9nS0VJQ0FnSUN5Njh6Mml3RRAB,Justin Kaewnopparat,4,"Good but pricy. The premium option is just mediocre. If you prefer Wagyu beef, then you are forced to go to platinum option, which is 1,0xx per person. Also different price options give you more variety and better quality of food.

Services: the servers don't pay attention to customers much. Some of them don't speak Thai well and I found it a little bit difficult to understand. Some of the dish we ordered took too long to deliver.

I tried variety of beef, but I think Mono Wagyu is the one to go to. Also please save your room for Yuzu ice cream. It's really good & refreshing!

Btw, if you pay by credit card, they will charge you more."
ChZDSUhNMG9nS0VJQ0FnSURwdzRPSmZREAE,Pina Pina,5,"All you can eat Yakiniku and Japanese food (1:30 hr)

2nd time of mine for Tenjo, I chose the package price 699++ but this time they have promotion 699.- net including of soft drink and dessert.

The impressive things are the Beef is very nice and variety of choices.  I think,  this price is very valued comparing with the food quantity.

I wait about 15 min for a queue on Sunday during 19:00."
ChdDSUhNMG9nS0VJQ0FnSURobTZ6cjJRRRAB,carl philip Rasmussen,5,"Sushi and Korean Buffet
(Wich meens you have a bbq one youre table)

Great menue. Good quality one Food,both seafood and Beef Wague.
Cool view over Sukhumwhit road…

I loved it and will be back.

Note:They do not except cash only cards ore Scanpayment (Popular in Asia)"
ChZDSUhNMG9nS0VJQ0FnSUMxbG9TTVBnEAE,Taweerat Kaw-ied,5,อาหารดีครับ  บริการดี แต่บรรยากาศร้านมันดูแคบๆ ถ้ากว้างโล่งกว่านี้จะดีมาก
ChdDSUhNMG9nS0VJQ0FnSUN0N19IdS1RRRAB,Poy,2,"Friendly staffs but Low quality of food. Tasteless sauces, sticky tasteless beef, pork, fried rice. We had big prawn buffet set, eggs of prawn are not real, don’t taste anything. My sister and I don’t have Covid though! 😂
Not worth filled your stomach with food that taste like nothing."
ChdDSUhNMG9nS0VJQ0FnSUQwd082ajdRRRAB,O_mai O,4,อาหารถือว่าสดดี บรรยากาศภายในร้านดูอึดอัดนิดหน่อย เพราะโทนสีร้านเข้มๆ การบริการพนักงานเอาใจใส่ดี เดินมาดูตลอด อาหารได้ช้าโดยเฉพาะซูชิ ภาพรวมถือว่าโอเค👍🏻 …
ChdDSUhNMG9nS0VJQ0FnSUQ2dnVmamxBRRAB,Draft Reviews,4,"ของเยอะ หลากหลาย ทั้งซูชิ ซาซิมิ  ปิ้งย่าง และของทอดของหวานต่างๆ

ราคาเริ่มต้น 499++ (588บาท สุทธิ)

ของแต่ละอย่าง ให้ปริมาณไม่เยอะ 1-3ชิ้น  ทำให้เรากินได้หลากหลาย สั่งเพิ่มได้เรื่อยๆ

อาหารคุณภาพดี

รสชาติอร่อย

น้ำจิ้มหลายแบบ  อร่อยดี

รอคิวไม่นาน

น้ำมีให้เลือกเยอะ ทั้งน้ำอัดลม  น้ำหวานต่างๆ

มีไอติม

มีของหวานเช่น โมจิ  น้ำแข็งใส่ แพนเค้ก ช็อกโกแลตฟองดู

ข้อเสีย
ขออาหารนาน  อาหารไม่ครบหลายครั้ง"
ChZDSUhNMG9nS0VJQ0FnSUNzN0l1TGZREAE,Yaowalove Review,5,"ปกติ ทานประจำที่ สาขาพรอมมานาด
เปิดใกล้บ้าน
ลองแล้ว พนง.แนะนำดี
อาหารเสริฟ์ไว และช้าบ้าง

ชาชิมิ แซลมอนริ้วสวย ชอบ
รวมแล้ว อร่อยเหมือนเดิมคะ"
ChZDSUhNMG9nS0VJQ0FnSURPeDVDblh3EAE,Duangjai Chetprapatkorn,4,อาหารหลากหลาย อร่อย แต่เรื่องการสั่งออเดอร์จากแอปบางเครื่องก็สั่งไม่ได้ 😒😒 อาหารตกหล่นบ้าง แต่ก็ขอพนักงานให้ตามให้ เร็วกว่า
ChdDSUhNMG9nS0VJQ0FnSUN2OG9HSG5BRRAB,Randy Wan,5,"Tenjo Sushi & Yakiniku Premium Buffet is a food lover’s paradise! The variety and quality of sushi and yakiniku options are outstanding. The fresh ingredients and flavorful dishes make every bite memorable. The buffet offers an impressive selection, including premium cuts and delicious sides. The service was excellent, with the staff being attentive and friendly. If you’re looking for a premium dining experience with amazing Japanese cuisine, this is the place to go. Highly recommended!"
ChdDSUhNMG9nS0VJQ0FnSURIaC1QUmlBRRAB,TAN TARN,5,อาหารอร่อย ชอบปลาหมึกกับเทมปุระมากค่ะ มาซ้ำครั้งที่ 2 แล้วววเลิฟฟมากก
ChdDSUhNMG9nS0VJQ0FnSUM4cUltQS13RRAB,DonutNatt S.,5,เนื้อคุณภาพดี ซูชิและซาชิมิ ทำใหม่ตามสั่งทุกครั้ง ใช้วัตถุดิบที่สด ทำให้ไม่มีกลิ่นคาว มีอาหารให้เลือกหลากหลาย
ChZDSUhNMG9nS0VJQ0FnSURjcE5LM1l3EAE,ชาตรี มงคลศรีสวัสดิ์,5,คุณภาพเกินราคา อร่อย ปลาดิบเกรดเสริฟในร้านอาหารญี่ปุ่นเลย มีเนื้อให้เลือกเยอะ ไปทานช่วง Covid ทางร้านก็มีการป้องกันดี ห่อถุง Zip มาให้ ทานได้สองท่านต่อโต๊ะ แต่แยกมุมเอา ดีครับ ไม่เคบผิดหวังเลย
ChdDSUhNMG9nS0VJQ0FnSUNsNFo2NW1nRRAB,Nantakan Gessala,1,อาหารช้ามากๆค่ะรอนาน 20 นาทีในการสั่งแต่ละครั้ง ทำให้ได้แต่ละเมนูได้ช้า พนักงานบริการอย่างเต็มที่ แต่น่าจะเนื่องด้วยการที่มีพนักงานน้อย ทำให้ค่อนข้างเสียเวลา คิดว่ามีเหตุการณ์คล้ายๆกันกับสาขาเดอะไนท์ค่ะ พนักงานและผู้จัดการเต็มที่มาก แต่ด้วยพนักงานน้อย
ChdDSUhNMG9nS0VJQ0FnSURBeU5mTnBBRRAB,Minky BBam,4,ไปทีไรก็ทานพรีเมียม 599 ตลอด เพราะทานยังไงก็คงไม่คุ้มไปกว่านี้ เนื้อเกรดดีปานกลาง ซูชิอร่อยบางอย่าง แต่กินแล้วจุก เบคอนพันหน่อไม้ฝรั่งและ หมูชาชู อร่อยมาก
ChdDSUhNMG9nS0VJQ0FnSURRejRTTWpBRRAB,Roongtiwa Sukdam,3,หมูและเนื้อคุณภาพดีและอร่อย ซาซิมิและซูชิสดและอร่อย ข้าวไม่เยอะไป แต่ของบางอย่างสั่งแล้วต้องใช้เวลานานหรือไม่ได้ เช่น ซุปมิโสะ ต้องตามสองรอบถึงจะได้ สั่งซาชิมิรวม ตามสองรอบไม่ได้จนถึงตอนที่พนักงานมาบอกว่าหมดเวลา สรุปแล้วไม่ได้กินซาซิมิรวม
ChdDSUhNMG9nS0VJQ0FnSUQ3cTk3eTJBRRAB,Arthit Thamma,4,พนักงานไม่ค่อยบอกอะร ปล่อยเดินหาเอง ไม่ถามด้วย ไม่ค่อยใส่ใจในการให้บริการ
ChdDSUhNMG9nS0VJQ0FnSURPMTd1bWhnRRAB,Thananont Krittayawiwat,5,"ลูกสาวหิวมาก ต้องหาอะไรกินเร็วๆ
นี่ล่ะรวดเร็ว
นั่งปุ๊บ สั่งปั๊บ เสิร์ฟแป๊บ

Tenjo Yakiniku Buffet 470 บาท/คน
เด็ก120ซม. ราคา 235 บาท
ที่สาขา central westgate เพิ่งเปิดเมื่อไม่นานมานี้
ในราคานี้ ได้ทานเนื้อ3ชนิด
1. เนื้อ Marble ลายหินอ่อน (มี2แบบ แบบธรรมดา กับแบบหมักซอสเผ็ดนิดๆ ลูกสาวบอกแบบหมักซอสอร่อย นางชอบ) เนื้อส่วนนี้ส่วนใหญ่นุ่มอร่อย บางถาดที่แอบมีเอ็นเหนียวๆปน แต่ก็ยังทานได้
2. เนื้อริบอาย
3. เนื้อสันนอก
ทั้ง2อย่างก็นุ่มพอประมาณ

เมนูหมูที่อร่อยคือ คอหมูคุโรบุตะ และหมูชาชู
(หมูอื่นๆไม่ได้ลอง)
เครื่องเคียงต่างๆให้มาครบ ทั้งกิมจิ ผักยำ ยำสาหร่าย ซุปมิโสะ ซุปเนื้อ ผักสดต่างๆ
อ้อ มีซูชิด้วย

คุณภาพอาหารคือดีล่ะ สด สะอาด เสิร์ฟไว ไม่ลีลา ส่วนใหญ่มาถูกต้อง มีผิดและช้าต้องตามบ้างนิดหน่อย
ซูชิข้าวคำเล็กไม่ใหญ่มาก เมนูข้าวญี่ปุ่น ข้าวผัดกระเทียม ก็มาแบบถ้วยเล็กๆ ไม่ยัดเยียด

อร่อยสุดคือน้ำจิ้ม มีให้ผสมตามชอบ
น้ำจิ้มซีฟู้ดก็เด็ด
พริกสด กระเทียมสด ใหม่ๆ

ในราคานี้จะได้บุฟเฟ่ต์เครื่องดื่มและของหวาน รวมผลไม้ ด้วย
( ชาเขียวจืด น้ำลิ้นจี่ ชามะนาว นมไข่มุก น้ำอัดลม4ชนิด น้ำเปล่า เสลอปี้2รส + ไอติม6รส เจลลี่ พานาคอตต้า แตงโม แคนตาลูป สับปะรด โมจิ น้ำแข็งใส เครป )

ถ้าเทียบคุณภาพวัตถุดิบ บริการ มีเครื่องดื่มของหวานเยอะแยะขนาดนี้ ในระยะเวลาทาน90นาที
กับราคา 470 บาท(เงินสด) ก็คือว่าคุ้มนะ

มากันได้"
ChZDSUhNMG9nS0VJQ0FnSUMwXzdfYkd3EAE,Supavat Suralertrungsun,4,"There are multiple prices for buffet, please consider this review as for 1299++.

I came to try the otoro buffet.
The quality of the fish and the portion of rice within each sushi are acceptable (as a buffet) for the price.
As well as the quality of the wagyu and foie gras sushi."
ChZDSUhNMG9nS0VJQ0FnSUQtczUtVGJREAE,JormK K.,5,"เท็นโจ สาขา เทอมินอลพระรามสาม บริการดี รวดเร็วมากกกก
สด สะอาด อร่อย แต่บางเมนู เค็มไปหน่อย ทานน้อย ๆ ดื่มน้ำตามมาก ๆ >_<"
ChdDSUhNMG9nS0VJQ0FnSURBeGJQYTBBRRAB,Aphichaya Jongjarukawin,3,รสชาติอาหารโดยรวมอร่อย มีคุณภาพดี แต่ราคาแพงเกินไป ราคานี้ กินอาหารทะเลไปเลย หรือ อาหารญี่ปุ่นไปเลย คุ้มกว่า
ChdDSUhNMG9nS0VJQ0FnSUNvaGZMVHZnRRAB,Gary A,3,Buffet restuarant with sushimi and wagyu beef. Some of the meats are too dry.  Unlimited serving of food and drinks. Limited choice of deserts though. Limited to 90min for 499baht. Realised they don't served tuna sushimi.  May require some waiting time
ChdDSUhNMG9nS0VJQ0FnSUM4d3VhbTd3RRAB,Khun John,4,เนื้ออร่อย พนักงานเทรนมาดี ติเรื่องซูชิโอโทโร่สั่งไปนาน มาช้ามากกว่าจะได้กิน
ChZDSUhNMG9nS0VJQ0FnSUNBLUxxTU13EAE,Willim Mitchell,4,"We ate at Tenjo while at Gateway nall and got the 599 sushi and bbq buffet. Great sashimi and good waygu beef. Be sure to try the tempura, fried chicken, bacon, and dpicy sashmi set. Tenjo is great gor the kids too"
ChdDSUhNMG9nS0VJQ0FnSUMwcHBINnZRRRAB,Tanat Leekulpitak,4,กินเซ็ตแพงสุด ของค่อนข้างโอเคครับ แรกๆอาหารมาช้าไปหน่อย เมนูเยอะ มีโอโทโร่ด้วย
ChZDSUhNMG9nS0VJQ0FnSURCcUw2RkZREAE,Pauline.Y Lam,2,"We came for the first time a couple weeks ago and got the top tier menu. Everything was amazing although it was a bit of a rip off that they didn’t have Uni (sea urchin) which was part of the reason why we got it and still charged full price (2000 tbh +++)

Our second visit today which will be our last ever was absolutely horrendous. The boba was a bit sour and some pieces were hard so I tried to ask them for a new cup to get a different drink and they refused to give me a cup… saying only 1 per customer. I’ve never been rejected at any restaurant for a cup before.  The toro was discoloured, not fresh at all (I hope we don’t get sick from it). The bail in the coffin was waiting 45 minutes for honey bread which the bread was still frozen in the middle when it finally came. Service in general was slow all night long, we were waiting a good 10-15 minutes per round. It almost felt like they purposely gave us the cheap menu items first and made us wait a long time for the premium food items.

You can see from the picture how bad the toro sushi was and the grey in the fish…"
ChdDSUhNMG9nS0VJQ0FnSUNReDRDTTRnRRAB,LumMaiPai Singhabumrung,4,อาหารดี มีให้เลือกทั้งซูชิและและปิ้งย่าง รสชาดอาการดี แต่เสียดาย จำกัดเวลา แปปๆ หมดเวลาแล้ว
ChZDSUhNMG9nS0VJQ0FnSURPbXFiVkhBEAE,Rahuth comzine,4,"เมนูมีให้เลือกหลากหลายดีแต่เน้นไปที่เนื้อวัว เนื้อหมู
เมนูผักผลไม้มีน้อยมาก
การบริการก็โอเคอยู่แต่บางทีสั่งไปแล้วของไม่ค่อยมาต้องตามเรื่อยๆ
รอบนี้ไม่มีเมนูเป็นกระดาษให้จะต้องกดสั่งผ่านในมือถือของตัวเอง ดูยุ่งยากกว่าเดิมแล้วก็เปื้อนมือด้วย
การดูดควันก็รับได้อยู่หัวเหม็นนิดหน่อยหลังกินเสร็จ
ร้านไม่ใหญ่มากนักไม่รับโทรจองต้องเดินเข้ามากินเองตามคิว"
ChdDSUhNMG9nS0VJQ0FnSURlZ3IyWDJRRRAB,Bella Mirin (Lady Bella),4,อาหารดีเลยนะคะ แต่ถ้าคนเยอะจะเสริฟช้าหน่อย ควรแสกนแล้วออเดอร์มาเลยอย่างละ 5 จาน จะได้ไม่ต้องสั่งบ่อย แต่กินให้หมดนะจ๊ะ สงสารเค้า เวลาไปจะสั่งเซท 649++ เวลากิน 1.30 ชั่วโมง แต่ส่วนใหญ่พนักงานจะไม่มาไล่หรอก เพราะบางทีเค้าก็เสริฟช้า ทำให้เราปิ้งช้าไปด้วย 555 พนักงานน่ารักแหละ แต่เวลาจ่ายเงินเค้ารับเงินสดนาจ้า บัตรเครดิตเค้าบวกเพิ่ม งงไปหมดดดดดดดดด โอนก็ไม่ได้ นี่ยิ่งงงไปอี้กกกกกก สาขาเกทเวย์เอกมัยจะเล็กกว่าสาขาเทอมินอลหน่อย ส่วนใหญ่ชอบกินที่สาขาเอกมัย เพราะพอกินเสร็จไม่ค่อยมีร้านอะไรให้ช้อปปิ้งต่อ จะได้เสียเงินไม่เยอะ 555 ถ้าไปเทอมินอลคือล้มละลาย
ChdDSUhNMG9nS0VJQ0FnSUNncjdyZnJ3RRAB,Nira YK,5,เด็ดที่เนื้อวากิวบุฟเฟต์ และ Sashimi ที่อร่อยมากๆ และอาหารญี่ปุ่นอีกหลายเมนู ราคาไม่แพง อร่อยค่ะ
ChdDSUhNMG9nS0VJQ0FnSUNDanYyUHFnRRAB,netchanok sompong,5,ดีงาม สมราคา ใครชอบกินซูชิ และ ปิ้งย่าง เราว่าคุ้มมมม
ChdDSUhNMG9nS0VJQ0FnSUN2aWVIZGlnRRAB,Alison Morgan,5,Highly recommend. The quality of the food is excellent. Service is excellent too.
ChdDSUhNMG9nS0VJQ0FnTUNJN0thbTZnRRAB,Emma Atitaya KH,5,"Really good one of yakiniku restaurant i choose premium course 1,000.- it was so good and they have the best Gimchi"
ChdDSUhNMG9nS0VJQ0FnSURobWNueHJ3RRAB,Wisam Safi,3,Great meat and food. However -1 point for the cockroach which we had to kill ourselves. -1 for the Ac water dripping on my head and the stale rice.
ChZDSUhNMG9nS0VJQ0FnSUNubnJMaVh3EAE,Wanwisa jansorn,5,อาหารอร่อย พี่พนักงานบริการดี ร้านสะอาดน่าเข้ามาก. ไม่ผิดหวังเลยค่ะ ( Tenjo สาขา เอกมัย )
ChZDSUhNMG9nS0VJQ0FnSURYNHNxUE1BEAE,Tamonwan Ali,5,อร่อยมากค่ะ พนักงานน่ารักทุกคน ใจเย็น
ChZDSUhNMG9nS0VJQ0FnSURocDZiSVdBEAE,Jirawat Shinawatrawangso,5,"Tenjo สาขา Gateway เอกมัย
โอเคเลย
ราคาอาจสูงนิดนึง
แต่ก็คุ้มอยู่นะ
วัตถุดิบคุณภาพดี
ใครชอบปิ้งย่าง ก็มาลองกันนะ"
ChZDSUhNMG9nS0VJQ0FnSUMwNGF5WUd3EAE,Nanatchalan Kim,4,"Love their sushi, there are many kinds of sushi. The price is reasonable with food quality."
ChZDSUhNMG9nS0VJQ0FnSUNQZ19POUF3EAE,infinity nonlimit,5,โปรseafoodมีเนื้อด้วย อร่อยวัตถุดิบดี
ChZDSUhNMG9nS0VJQ0FnSURNaHYtYkJnEAE,อาทิตย์ อิทธิฤกษ์มงคล,4,ดีทุกอย่าง แต่ถ้ามาช่วงเทศการอาหารมาเสริมช้า อาหารออกไม่ทัน ทำให้เสียลูกค้าเสียเวลา
ChZDSUhNMG9nS0VJQ0FnSUMwLWMyakdREAE,Phattarawadee Nunsawat,3,รสชาติพอใช้ได้ เสริฟอาหารสำหรับปิ้งย่างเร็ว แต่ซาซิมิช้า รสชาติกลางๆไม่ได้พิเศษอะไร รู้สึกไม่ค่อยคุ้มกับเงินที่จ่าย  เนื่องจากมีค่า Service charge แต่ก็ไม่ได้บริการอะไรมากมาย
ChdDSUhNMG9nS0VJQ0FnSUR5bTlHampRRRAB,C P,5,ลองแอฟ eatmatch นัดกิน tenjo 3 คน อาหารดีอร่อย สด สะอาด
ChZDSUhNMG9nS0VJQ0FnSUNac3FMOFN3EAE,Sudthipa L,5,Platinum 1099++ เนื้อวากิวนุ่มละลายในปาก ฟินน
ChdDSUhNMG9nS0VJQ0FnSUNuMk12bzN3RRAB,เปรมวดี หนานเขียวว,5,"อาหารอร่อย บริการดี พนักงานน่ารัก
ถูกใจมากค่ะ  ✨🥰"
ChdDSUhNMG9nS0VJQ0FnSUR0cnB5b2x3RRAB,Lilaphorn Timthong,3,อาหารไม่ครบ พนักงานกระตือรือร้นดี ขอบกั้นที่นั่งมีฝุ่น  ร้านแคบกะทัดรัด รสชาติเฉยๆ
ChdDSUhNMG9nS0VJQ0FnSURYZ3ZDRG1BRRAB,Kuntida Thiyavuttikan,5,อาหารอร่อยมากก หม่ำฟินสุดๆ
ChdDSUhNMG9nS0VJQ0FnSUQzM3FtRXRnRRAB,Simmy S,5,"good service,nice quality food"
ChdDSUhNMG9nS0VJQ0FnSURRd3F1bXhBRRAB,Joshua Lawrence,5,The best quality sushi & bbq buffet in bangkok I've ever tried so far. I love this Eel sushi.
ChZDSUhNMG9nS0VJQ0FnSUQzbVpDM1R3EAE,chatcha khetsuphan,5,อาหารอร่อย พนักงานบริการดี รออาหารไม่นาน
ChdDSUhNMG9nS0VJQ0FnSUR2cUthenNBRRAB,S C,5,อร่อยมากค่ะ พนง.บริการดีมาก
ChZDSUhNMG9nS0VJQ0FnTUR3dVA3TlRnEAE,Kasidit Pruithithada,5,👍 …
ChZDSUhNMG9nS0VJQ0FnSUQyOXJpdGJnEAE,Phatwarin Rahan,5,ไปทานที่สาขาเกตเวย์เอกมัย ของสด น้องๆพนักงานบริการดี รวดเร็ว
ChZDSUhNMG9nS0VJQ0FnSUREMzktd1pnEAE,Kanokwan Palasonthi,1,ไม่มี พนง.ออกมาต้อนรับเดินเข้าร้าน พนง. ยืนมองหน้าไม่พาไปที่โต๊ะว่าง เราก็งงว่าตรงไหนว่าง แต่สุดท้ายก็ต้องเลือกที่นั่งเอง แอร์ไม่ถึง อากาศร้อนมาก เหมือนไม่มีเครื่องดูดอากาศ ควันตลบเข้าตาแสบไปหมด ขอพริกไปตอนแรกที่สั่ง กินจะหมดแล้วพึ่งได้พนักงานแจ้งว่าลืมม พนักงานไม่ค่อยสื่อสารกับลูกค้า อะไรตกที่พื้นไม่รู้พนักงานก้มเก็บแล้วก็กระทืบเท้าตอนก้มเก็บ แล้วของนั่นมันอยู่ตรงโต๊ะเราพอดี นางคงคิดว่าเราทำร่วงแล้วไม่เก็บมั้ง เลยกระทืบเท้าดังมาก สรุปคือพนักงานแย่ บริการดีคนเดียวน่าจะเป็นเมเนเจอร์พูดจาดี แต่ลูกน้องห่วย เราเคยกินที่ไอคอนคือดีทุกอย่าง และวันนี้ผ่านมาเอกมัยเลยแวะกิน สรุปกลับบ้านท้องเสียคู่ไม่ได้นอนกันเลยทีเดียว
ChdDSUhNMG9nS0VJQ0FnSUQwdmVQOTJBRRAB,Santipap Boonme,5,ไปเพราะชอบซาชิมิเลยครับ คุณภาพฉันดูไม่เป็น ฉันเน้นไม่อั่น
ChZDSUhNMG9nS0VJQ0FnSUMzaU1IaERREAE,Chaichana Chaichana,1,"699+vatแล้วค่าอะไรไม่รู้บวกไปอีก119กว่าบาทรวมแล้ว2คน1,600กว่าบาทถ้าเอาเงินไปแค่คนละ800นี้จ่ายไม่พอนะคับน่าจะประกาสไห้ชัดแจนกว่านี้คับ"
ChdDSUhNMG9nS0VJQ0FnSURXMGNXUV93RRAB,Richey Flenner,5,Great quality & taste of food together with a fair price = will definitely come back! 👍
ChdDSUhNMG9nS0VJQ0FnSURIcjdfMW1RRRAB,Ree Patcharee,5,เป็นร้านปิ้งย่างที่ 1 ในใจตอนนี้ อย่างน้อยต้องเดือนละครั้ง พนักงานบริการไว อาหารออกครบตามที่สั่ง คุณภาพดีเลย แนะนำอย่างมาก
ChdDSUhNMG9nS0VJQ0FnSURCNl91UTdBRRAB,Neoone Cbr,4,อีกหนึ่งทางเลือกครับ  ใช้ได้อร่อยดีของสดใหม่
ChZDSUhNMG9nS0VJQ0FnSUNqX0xqNmFBEAE,Rada Vaj,1,บริการไม่ใช่แค่แย่ คือโคตรห่วย เข้าไปในร้าน ลูกค้าไม่มีสักโต๊ะ มีแต่เรา พนักงานก็ว่างเยอะแยะ แต่ไม่มาต้อนรับ ไม่แนะนำไม่เอาเมนูมาให้ เลยชวนพี่สาวออกมา คือถ้าไม่อยากต้อนรับลค. พวกคุณก็ไม่ต้องมาทำงานตรงจุดนี้หรอ
ChZDSUhNMG9nS0VJQ0FnSUNPMTdtaEdBEAE,Mew Chatsinee,4,กุ้งดองซีอิ๊วอร่อยมากค่ะ 🥰 …
ChZDSUhNMG9nS0VJQ0FnSURpNHB6OEFnEAE,Han S,3,ไม่ค่อยอร่อย เนื้อเหนียวมาเคียวแล้วต้องคายทิ้ง กลืนไปติดคอแน่
ChZDSUhNMG9nS0VJQ0FnSUNkNUktV1pBEAE,Prince Neil Akoo,3,"Visited with my wife back in Jan 2024. Our experience was above avg… The highlight was the premium cuts of Wagyu and the lowlight was honestly the service and atmosphere. My wife had a bit of trouble using the QR ordering system the restaurant has in place although I found it fairly easy to use even for my first time. Because the buffet has a time limit, this posed an issue in terms of ordering what foods we wanted to enjoy more. My wife had to order the same item repeatedly due to the system not processing her order as she thought and we found ourselves waiting repeatedly for certain selections of food. The ambiance of the restaurant on the floor we were on was not at our level of taste we expected for the price of the food. Even still I would recommend the brand to friends who want to be introduced to Wagyu beef although I may not suggest this specific location due to the shortfalls in service and decor."
ChdDSUhNMG9nS0VJQ0FnSUNGMllPUm5nRRAB,Adithus Photipuntong,4,"อาหารอร่อย เสริฟช้าไปหน่อย สั่งอล้วยังไม่มา ก็สั่งไปอีก พออาหารมาทีเดียว ล้นโต๊ะเลย 555

ปรับปรุงตรงนี้จะดีมาก น้องๆ พนักงานบริการ ตั้งใจดีมาก แต่บางคน อาจจะยังพูดไทย ไม่ค่อยได้ ถามอะไรต้องกวักมือ เรียก หัวหน้ามาตอบแทน

โดยรวมดีนะ"
ChZDSUhNMG9nS0VJQ0FnSURlOHRfeUNBEAE,YNefrit KI,1,กินเซตราคาระดับ 2 เนื้อดี น้ำจิ้มไม่แย่ แต่บริการแย่มาก สื่อสารกับพนักงานแทบไม่ได้ เข้าไปนั่งแทบไม่แนะนำอะไร ลำบากสำหรับคนไปกินร้านนี้ครั้งแรก น้ำจิ้มมีหลายแบบ มีเขียนชื่อไว้ที่ถาดวาง แต่ไม่มีพนักงานมาอธิบาย ใบแจ้งราคาก็ไม่มาวางไว้จนหมดเวลา เข้าใจว่าร้านอยากลดต้นทุน แต่บริการแย่ ไม่มีการเทรนขนาดนี้ ลดราคาลงมาก็ได้ค่ะ นี้แค่กินราคาระดับสองยังรู้สึกเสียความรู้สึกขนาดนี้ ถ้าคนอื่นที่ซื้อราคาสูงกว่านี้ไม่เสียดายเงินกว่านี้หรอ ไม่ไปซ้ำแน่นอน พอ
ChZDSUhNMG9nS0VJQ0FnSUNRei12Z0l3EAE,Santtu,2,"This place is definitely one of my favourite buffet restaurants in Bangkok and the food is very tasty & excellent.

However, the customer service is very bad. I've been trying to book a table on multiple occasions and been told ""walk in only"", which is really stupid considering sometimes the restaurant is empty and sometimes there is a queue. This would simply save my group a trip to the restaurant, knowing if we can eat there or not.

Also, on a table with 2 grills the staff ask for extra payment to have both of the grills set for a group of 4, which is crazy. If you have 4 people eating from one grill you need 3 hours to eat there, considering the usable surface size on the BBQ."
ChZDSUhNMG9nS0VJQ0FnSURDNFplTGFBEAE,Aui iRin,5,อร่อย คุ้ม 588฿net 1.5 ชม.เวลาน้อยไปหน่อย
ChdDSUhNMG9nS0VJQ0FnSUQzbVpDS3Z3RRAB,Ryo T,5,เต็มปากเต็มคำ ดีงามมครับ
ChZDSUhNMG9nS0VJQ0FnSURwbzhyLUxBEAE,thanatcha Pingpittayakul,3,อาหารอร่อยค่ะ แต่ของมาช้ามากค่ะ เข้ามาสั่งตั้งแต่12.00 จน13.00 ของยังเซริฟที่สั่งก่อนหน้าไม่หมด อาหารลงช้ามากๆๆๆๆๆๆ ทั้งๆที่มาคนก็น้อย ที3-4โต๊ะเอง พนักงานเซริฟ์มี1-2คน เท่าที่เห็น แต่ทำอาหารช้ามาก ทั้งๆที่เป็นร้านบุฟเฟต์
ChdDSUhNMG9nS0VJQ0FnSUNReWZ5dnJ3RRAB,Tiwagorn Wongchaum,1,"- พึ่งเคยกินแบรนด์นี้เป็นครั้งแรกและจะเป็นครั้งสุดท้าย
- พื้นที่สาขานี้น้อยมากนั่งขาติดโต๊ะเลย ได้นั่งข้างในซึ่งแอร์ไม่ถึง ระบบดูดอากาศไม่ดีเลยร้านกลิ่นตลบอบอวนเลยครับ
- หน้าร้านไม่มี พนง.ออกมาต้อนรับ หันมาเห็นแล้ว แต่ก็เฉยๆ ยืนคุยกันต่อ สบตาลูกค้าไม่มีรอยยิ้มเลย ไม่แนะนำเลยสักนิดว่าน้ำหรือของหวานอยู่ตรงไหน เสิร์ฟก็วางของเสียงดัง
- อาหาร ผมทานแบบ 499 บาท ลองเนื้อวากิว บางจนแบบโดนลม น่าจะปลิว ก็เข้าใจได้ว่าเป็นบุฟเฟต์เช็ทราคาต่ำ ไม่รู้ว่าเซ็ท 1,000+ บ. จะเป็นแบบนี้มั้ย รสชาติไม่ถูกปากเลยรู้สึกว่าเค็มไปหมด เกี๊ยวซ่าก็อมน้ำมัน รูปร่างหน้าตาแปลกๆ ซูชิรสชาติใช้ได้ แต่ปั้นไม่แน่นเลย

สรุป ไม่เป็นที่พอใจเลยสักนิด เป็นบุฟเฟต์ร้านแรกที่รีบกินรีบออก รับไม่ได้เลยครับ"
ChZDSUhNMG9nS0VJQ0FnSUNYb2VIVVNnEAE,gief zaza,5,เป็นร้านที่มาเป็นครั้งที่3แล้ว อาหารอร่อยถูกใจ ราคาคือดี พนักงานน่ารักทุกคนคับ
ChZDSUhNMG9nS0VJQ0FnSURRbktDakFnEAE,Saengsaeng,4,มีทั้ง ปิ้งย่าง แล้วก็ซาซิมิ :)
ChZDSUhNMG9nS0VJQ0FnSURZMk5iWld3EAE,Satitpong Turongwattana,1,"ทานโปร 588 net

ไปสาขาเจริญนคร  สั่งซาซิมิแซลม่อนไป  เรามากัน 6 คน  แซลม่อน 1 ที่มีกี่ชิ้น  พนักงานแจ้งว่า 3  เราจึงสั่ง 20 ที่   เพราะคิดว่าสั่งทีเดียวแล้วเพื่อนก็เน้นปลาดิบกัน  แต่สิ่งที่เห็นพอมาเสริฟ  เนื้อแซลม่อนบางมาก  แล้วจำนวนชิ้นก็ขาดไปเยอะ

เมนูเนื้อวากิวต่างๆ  ถาดก็ใหญ่มาก  แต่ให้เนื้อมาแค่ 2 - 3 ชิ้น  แซลม่อนปิ้งก็เหมือนกัน 2 ชิ้น   คือต้องสั่งบ่อยมาก   รู้สึกวุ่นวายกับการสั่งตลอดหนึ่งชั่วโมงแรกที่ทานเลย  เหมือนกั๊กๆยังไงก็ไม่รู้

อ่อ เนื้อที่นี่  บางมากกก   บางเหมือนที่ กิวย่า  เลย  คีบแล้วหลุดตลอด  เข้าใจเลยว่านโยบายทางร้านเหมือนงกของเลย   ของออกมาก็กลางๆ  ไม่ได้เร็ว

มันโอเคนะถ้าคุณมากันแค่ 2 คน   แต่ถ้าคนยิ่งเยอะ  ยิ่งต้องจดสั่งบ่อยๆ  ปวดหัวเกินไปครับ

กับเวลาชั่วโมงครึ่ง  1.30 นาที  ทางร้านควรจะปรับเปลี่ยนปริมานในการสั่งให้มีจำนวนมากกว่านี้  คือ พวกเราสั่งแบบมั่นใจนะครับว่าทานหมดแน่นอน

ข้อเสียของที่นี่หลักๆๆๆๆที่สุดเลยคือ  น้ำจิ้มยากินิคุหวานที่มากกกกก  หวานกว่าทุกที่ที่เคยกินแบบเยอะมาก   หวานแบบโดดมาเลย"
ChZDSUhNMG9nS0VJQ0FnSUNJOHJxd0RBEAE,Ivan Wijaya,2,Sushi and sashimi They only give permit maximum 1 portion for 1 person and yakiniku maximum 2 portion for 1 person... its not buffet if they have maximum order
ChZDSUhNMG9nS0VJQ0FnSUNjNGV2VEVBEAE,กัญญาณัฐ นัสฐาน,5,วันนี้มาบ้านเพื่อนเลยลองแวะมากินสาขานี้ดูบ้าง คุณภาพดี เหมือนกันไม่ผิดหวัง อาหารอร่อย พนักงานที่นี่น่ารักดูแลเอาใจใส่ลูกค้าดีมาก ยิ่งวันนี้พี่ลืมกระเป๋าตังใว้ที่โต๊ะ น้องพนักงาน รีบวิ่งตามเอามาให้ น่ารักมากเลย ต้องขอบคุณมากเลยคะ จะมาทานอีกแน่นอน
ChZDSUhNMG9nS0VJQ0FnSUQtcWN1VkZnEAE,Henry Chen,5,"เป็นร้านบุฟเฟต์ที่ชอบที่สุดแล้ว
ไปทานมาจนได้สมาชิก Gold
แซลมอนเกรดดี เนื้อย่างอร่อย
กินมาราคา 499 ที่ปรับมาเป็น 599 และกลายเป็น 649
ไม่ต้องรอคิวเหมือนร้านอื่นๆ มีผลไม้ ขนมหวาน รวมในบุฟเฟต์

บริการเร็ว อาหารออกเร็ว แนะนำครับ"
ChZDSUhNMG9nS0VJQ0FnSUNBcGVmb1hnEAE,Kriangsak Suttiwerawat,5,Good wague bbq buffet with Sushi
ChZDSUhNMG9nS0VJQ0FnSURoLVBfMkZnEAE,C Nak,1,"-สั่งอาหารได้ไม่ครบกว่าอาหารจะมาเสริฟก็หมดเวลาทานแล้ว ต้องให้เอากลับไปและเจอแมลงตัวเล็กๆในไข่มุกบราวชูการ์
- รสชาติอาหารถือว่าอร่อยใช้ได้ ปลาแซลมอนสด น้ำจิ้มซีฟู้ดอร่อย"
ChdDSUhNMG9nS0VJQ0FnSUNRaUxiQWdRRRAB,Kamonpun Sorpimai,3,"Food quality is somewhat okay for premium buffet at 599 Baht per head. Fresh meet and veggies are well-made and fresh. In my opinion, sushi and sashimi are moderately yummy. Moreover, self cooking pancake corner and ice cream are available.

Service is pretty attentive and friendly when customers are not too crowded.

Facilities are acceptable but not that very comfy (for example, tables and seats are quite compact).

Ninety minutes buffet is generally reasonable.

There is no service charge and no other 7%VAT top up. Cash payment is preferable. Credit and debit cards are as well acceptable but extra 30 Baht per head fee have to be paid.

In conclusion, it is fairly recommended for small group gathering and starving people."
ChdDSUhNMG9nS0VJQ0FnSUNPdzdpTTl3RRAB,Parisara Chancharoen,3,"สาขานี้ ร้านไม่ใหญ่มาก อร่อย และของคุณภาพตามมาตรฐาน Tenjoผักสด พนักงานพูดจาดี สุภาพ แต่ออกอาหารช้ามากๆ แม้จะเป็นพวกของสดมาปิ้งย่าง
ตอนแรกพาไปนั่งโต๊ะที่มีปัญหาน้ำแอร์หยดด้วย นั่งสักพัก น้ำไหลเปนน้ำตกเลย วิ่งหนีแทบไม่ทัน เข้าใจข้อนี้อาจจะไม่ใช่ความผิดร้าน แต่คือร้านน่าจะรู้อยู่แล้วว่ามีปัญหา เพราะเห็นมีถังน้ำตั้งอยู่ข้างๆเก้าอี้  แต่ก็ตอนนั้นไม่ได้นึกอะไร และไม่ทบเวลาให้ด้วย ช่วงที่ชุลมุลย้ายโต๊ะ
สาขานี้ไอศครีมแข็งโป๊กเลย ตักแทบไม่ได้ ปกติทานสาขาราชพฤกษ์ ไอศครีมตักลื่นปรื๊ดๆเลย
Tenjo จะไม่รับโอน และชำระแบบสแกน QR นะคะ แค่เงินสดและบัตรเครดิตนะคะ"
ChZDSUhNMG9nS0VJQ0FnSURQa1lQUVNBEAE,Icetea Yencha,5,อร่อยคุ้มมากครับ
ChdDSUhNMG9nS0VJQ0FnTURJM3ZpeWtnRRAB,Smile Phone,1,พนักงานแย่มาก พูดจาไม่มีใจบริการ ร้านนี้ช้าที่สุด  ห่วยแตก
ChZDSUhNMG9nS0VJQ0FnSUNSZ2FPWUlREAE,Champ Champ,1,บริการแย่มาก พนักงานรันคิวคือเรียกคนตามใจชอบ จะให้แจกบัตรคิวเพื่อรอทำไม ? ฝากปรับปรุงคุณภาพพนักงานและ service mind ครับ
ChdDSUhNMG9nS0VJQ0FnSUNxNnBIZGtBRRAB,Prasertsak Sinsab,5,"For English please find below

ร้านอาหารบุฟเฟ่ต์ซุชิและปิ้งย่างรสชาดดี ทางร้านมีเมนูให้เลือกทานหลากหลายมาก แต่ละราคาบุฟเฟ่ต์จะมีรายการอาหารแตกต่างกัน ส่วนตัวคิดว่าราคาแพลทตินั่มนั้นกำลังดี อาหารสะอาด สดใหม่ พนักงานบริการดี แนะนำให้คนรักซูชิมาทาน

This is one of the great sushi and yakiniku (grilled) buffet restaurant. There are various menu offers by the restaurant. Different price tier provide different menu too. Food quality is good, overall restaurant is clean and tidy. Staff are nice and providing great services."
ChZDSUhNMG9nS0VJQ0FnSURJcElxeFBnEAE,江明政,4,"This branch is great, not too many people, we choose the ""come 4 free 2"" day to enjoy the food, it's very worth! But it will be just OK if you consider the original price. Both BBQ and sushi are beyond normal!  But sometimes the waiter might send you wrong meat, and if you ask them about that, they will insist they didn't send it wrong,  they just got the beef which look much more similar to pork."
ChdDSUhNMG9nS0VJQ0FnSUNveXBLSTJRRRAB,natthanan lueburanarat,2,"ร้านนี้เหมาะกับคอปิ้งย่าง ไม่เหมาะกับคอซูชิ/ซาชิมิ
ถ้าพูดถึงปิ้งย่าง ทุกอย่างดีและอร่อยค่ะ กุ้งแม่น้ำไซส์กลางๆ ไม่เล็กน่าเกลียดค่ะ
สำหรับซาชิมิ เราว่าเกรดกลางๆ ไม่ค่อยว้าว ถ้าเทียบกับราคา เราว่าควรจะได้คุณภาพดีกว่านี้ค่ะ
สำหรับซูชิ ข้าวค่อนข้างเยอะค่ะ บางอย่างก็ใส่ซอสเยอะเกินจนเหมือนกินข้าวกับซอส โดยเฉพาะซูชิเอนกาวะ มีแต่ซอส จนไม่รู้รสเอนกาวะเลยค่ะ

ที่ไม่ประทับใจที่สุด คือ พนักงาน
พนักงานรับออเดอร์ของเราไปแล้ว แต่ไม่เอาไปส่งในครัวค่ะ เอามาเสียบไว้ตรงเคาท์เตอร์คิดเงิน
ที่รู้ เพราะเราสั่งหลายรอบมากๆ แต่ไม่มีของมาซักที
พอตามไป ก้บอกว่าไม่มีออเดอร์ค้าง
จนในที่สุด พนักงานไปหยิบใบออเดอร์ตรงเคาท์เตอร์มาดู ถึงรู้ว่าไม่เอาไปส่งในครัว ไม่โอเคมากๆค่ะ"
Ci9DQUlRQUNvZENodHljRjlvT25BMU1tRlVablJ6ZEVwamRGTTVXSFl0TUVWMlVIYxAB,9 Nithit,1,"แพคเกจ 1599 จ่ายเต็ม 2 ท่าน ไม่ได้ใช้โปรใดๆ
แต่ประสบการณ์ที่ได้รับ อ่านแล้วพิจารณาเอาเองครับ รูปประกอบไม่เยอะ เพราะแบตจะหมด
อาหาร : อันนี้เฉพาะเมนูสำหรับ แพค 1599 เท่านั้น
- กุ้งมังกร -> ไม่มี(โดยไม่แจ้งให้ทราบล่วงหน้า แต่ตอนที่ทราบ ของบางอย่างลงเตาไปแล้ว) ร้านเปลี่ยนเมนูเป็นกุ้งแม่นำ้ไซส์จัมโบ้ (ประมาณตัวละ 2-3 ขีด?) และเนื้อกุ้งไม่ค่อยแน่น
- เบียร์ sapporo -> ครั้งแรก เสริฟมาเป็นแก้ว เบียร์แทบไม่ซ่า มีนำ้แข็งลอยมานิดหน่อย จึงขอพนักงานเปลี่ยนมาแบบเป็นขวด เพื่อรินเอง แบบขวดก็มาแบบเย็นน้อยมาก นี่อาจเป็นสาเหตุที่เบียร์ไม่ซ่า
- Yuzu Soda -> อันนี้ความซ่าไม่มีเลย ไม่มีจริงๆ แต่ยังดีที่มันเปรี้ยว
- King Crab -> เสริฟมาหน้าตาไม่กล้าทานสด จึงย่างก่อน เนื้อปูเค็ม(?) ยุ่ย ไม่หวาน ทนกินไป
- เนื้อ Wagyu set 6 ชนิด -> ไม่ตรงปก หน้าตาตามในรูป เหนียวบางชิ้นมีเอ็นติดมาด้วย ทนกินเหมือนกัน
- เนื้อยุคเกะ Yukhoe -> เสริฟมาในจานใหญ่พร้อมกับเนื้อย่าง ที่สั่งไปพร้อมกัน(มีรูป) สมควรหรือไม่?
- เนื้อสไลด์ Sukiyaki -> มาแบบดิบในจานใหญ่เดียวกับเนื้อย่าง ไม่มีซุปและไข่แดงมาให้ตามในรูป เลยย่างกินไปจบ ไม่อยากรบกวนพนักงานเพิ่ม
- หอย Hotate -> ชิ้นบางจิ๋วมากกๆ กินได้
- ซูชิ Otoro -> แดงแป๊ด ไร้มันแทรก ติดเปรี้ยว แล่ส่วนไหนมาให้ไม่แน่ใจ สั่งอีกรอบเป็นเหมือนเดิม
- อูนิ Uni -> ขนาดเท่าเล็บนิ้วก้อย สีส้มคลำ้ ไม่ตรงปก รสชาติตามสภาพ
- ใบงา -> หมด อันนี้เจ็บใจมาก 🥲
- นอกนั้น -> แซลมอนสีซีด ปลาไหลก็บาง สาหร่ายเปียกอะไรไม่รู้ นำ้จิ้มเฉยๆ
พนักงาน : บริการโอเค กระตือรือร้น บางท่านอาจมีข้อจำกัดทางภาษาบ้าง เข้าใจได้ เรื่องรออาหารก็เข้าใจได้
บรรยากาศ : เพลงไม่เข้าหู อาจเพราะได้นั่งใกล้ลำโพงไปหน่อย

โดยรวม : เข็ด"
Ci9DQUlRQUNvZENodHljRjlvT2sxMWVtSTFiSGxJUmpZMmVtZHZkekpQYUZCR1FuYxAB,Gobgapnsr Slwsw,4,ร้านเนตะใช้คนละครึ่งได้ด้วยนะทุกคน มันดีมากกก เรามาวันนี้กับแฟนคือเลือกโปร 999 แล้วได้ลดคนละ 200 รวม2คนได้ลดไป400 อาหารทะเลมีหลายแบบ ร้านตกแต่งน่ารัก บริการดีเยี่ยม ประทับใจมากค่ะ💖
Ci9DQUlRQUNvZENodHljRjlvT25OVlYxSjNkRE5UU0dGUFZGbEZWV1EyUmpkNFEyYxAB,Kannys Kann,5,เป็นร้านที่มาทานซ้ำบ่อยมาก ๆ เนื้อ และ อาหารทะเลสดใหม่ อร่อย มีให้เลือกหลากหลาย และมีโปรโมชั่นบ่อย ๆ คุ้มค่าคุ้มราคามาก ๆ ค่ะ 🧡
Ci9DQUlRQUNvZENodHljRjlvT2xGM1dWbGFhV0ZxUkd0TlJqbFpla2cyYW5aUFJWRRAB,Jawnay Noonim,5,เกินความคาดหมายมากๆครับ  มากลางวันคนเต็มร้านแต่อาหารก็ออกเร็ว มีเมนูตกหล่นบ้างแต่พอรับได้ครับ
Ci9DQUlRQUNvZENodHljRjlvT2pCbGVHSXdjVTVhWkVGeFprUlNTVlJYZERkcFkxRRAB,patbiscuitz,1,"สาขา market village คลองสี่ ผมเข้าไปใช้บริการเมื่อวานช่วงค่ำ คือทางร้านแย่มากทุกด้าน อาหาร การบริการ ความสะอาด ความรับผิดชอบ พนักงาน การแก้ปัญหา

ใครจะไปแนะนำคิดใหม่เลยคับ อาหารคุณภาพไม่ตรงปก 40นาทีอาหารมาแค่อย่างเดียว ร้านสกปรกมาก อาหารหมดไม่แจ้ง ผู้จัดการยันพนักงานอ้างสารพัด จนทนไม่ไหวไม่ทานแล้ว ทุกโต๊ะคือเจอแบบเดียวกันทางร้านก็ไม่ได้แก้ไขปัญหาอะไร

หาไม่เชื่อหรือสงสัยตรงไหนถามส่วนตัวมาได้เลยคับผมถ่ายรูปไว้บางส่วน ลูกค้าโต๊ะอื่นที่ไปทานก็เป็นพยานให้ได้"
Ci9DQUlRQUNvZENodHljRjlvT2tORldFSlNSR3R5T0ZOSWJ6aGZNVTVmTkUxc09FRRAB,Boossii,4,อาหารโดยรวมสดดี เนื้อวากิวไม่ตรงปกเท่าไหร่ แซลม่อนสดดี ทูน่าสดอร่อย  ยำดี น้ำจิ้มดี กุ้งดองเหมือนดองมานานแล้วไม่เด้ง
Ci9DQUlRQUNvZENodHljRjlvT2s0MmRUSnBUelYzZWs5aldXWmxNMFpmV2xCS1RtYxAB,Punlada Chang,5,อาหารติดหวานไปนิด พวกซูชิต่างๆ ทำให้กินแล้วเลี่ยนกับซอส  และสันคอหมูบางไปนิด อย่างอื่นดี
Ci9DQUlRQUNvZENodHljRjlvT2psTk9Ha3lWemRtVG1wYVRsWnlia1pSY2tOYWFGRRAB,Emmi Lapsin,5,ไปนั้งทานคนเดียว พนักงานให้บริการดีมาก อาหารออกเร็ว อร่อยมากครับ มาทานสาขานี้ครั้งแรก🥰
Ci9DQUlRQUNvZENodHljRjlvT25sSExVOWZPSFZCY1RGUFZIVnlUbWxZTUhaSlJIYxAB,suweeriya sirisingh,4,อาหารมาเร็วดีค่ะ โดยรวมๆ ค่อนข้างพอใจ กุ้งดองตัวใหญ่
Ci9DQUlRQUNvZENodHljRjlvT20xd2JreGpkMlJRT0Vock1YSkJWM1F6V1Vwc1MzYxAB,Rodjaraek Nimsuwan,5,พนักงานบริการดีมากๆค่ะ มาครั้งแรกอาหารอร่อย ชอบมากค่าาา ❤️
Ci9DQUlRQUNvZENodHljRjlvT25wUGRtNHlZMWx1WkUxRFUyZGFkMUUxVW1kMk1XYxAB,WhatsAroundHere,5,พนักงานบริการดี  อาหารออกค่อนข้างเร็ว ขนาดคนเต็มร้าน  อร่อยค่ะ
Ci9DQUlRQUNvZENodHljRjlvT25ZeVJsTmlOa1prWkZndFJHNHRkbU5aUjBGQ1IxRRAB,NAT Mei3Lin2,1,พนักงานใส่แว่นผู้หญิงแคชเชียร์แย่มาก ยังให้ทำงานต่อได้ยังไง ยืนเลือกเมนูหน้าร้านว่าจะกินเซ็ตไหนดี แต่ลังเลระหว่าง599/799 เพราะแฟนกินของดิบไม่ค่อยได้ แล้วพนง.ผญ ก็พูดว่า กินไม่ได้ก็ไม่ต้องกิน ? ตอนแรกจะไม่กินแล้วแต่แฟนบอกอยากมาลองกินดู โดนยิงแอดในเฟสบุ้คมาเยอะ พออาหารมาเสิร์ฟแย่กว่าเดิมอีก เนื้อเหนียวมาก หอยคาว ปลาไหลก้างเยอะเป็นเมือกไม่สะอาดคาววววววมาก กิมจิบูดค่า รสชาติไม่ได้เลย เก็บservice10% ? ทำไมนะ เตาไฟลุกพนักงานในร้านยืนดูไม่แอคชั่นใดๆ ให้ลูกค้าจัดการเอง หมูติดขนทุกชิ้น ย้ำทุกชิ้น เนื้อแฮมเบิร์ดแย่มากรู้ว่าแช่แข็งมาแต่กลิ่นแย่สุดๆกินไม่ลง จำเป็นต้องคายออก ซาบะหมดก็ไม่แจ้ง พนักงานนำเสนอเครื่องดื่มก็พูดไม่รู้เรื่อง ทานครั้งและครั้งเดียว สำหรับใครที่ยังลังเลอยู่ กินร้านอื่นค่ะ คุณภาพได้ดีกว่านี้เยอะ ใครจะกินเมนูข้าวคิดดีๆนะคะ หม้อข้าวสกปรกสุด พี่ผญแคชเชียร์ก็ตะโกนด่าคนในครัวผ่านช่องเล็กๆ เดี๋ยวเดินไปตักข้าว เดินคิดเงิน เอามือจับนู่นจับนี่ จับกล่องอาหารลูกค้า สยองงงงง หนีไปนะคะหนีไป เสียดายเงิน เสียความรู้สึก ฝากไว้พิจารณาเพื่อปรับปรุง ไม่ได้มีเจตนาโจมตีร้านแต่อย่างใด แต่รีวิวในฐานะลูกค้าที่ตั้งใจมากินในวันพิเศษ ขอบคุณค่ะ 🤢
Ci9DQUlRQUNvZENodHljRjlvT2xCcVMydGlXRmgzYkVKNmEzQlpTRXhyWmt0V01uYxAB,Naruemon Namwong,5,อาหารออกเร็วๆมาก พนักงานบริการดีค่ะ 😄😄
Ci9DQUlRQUNvZENodHljRjlvT2pWZlVXZDFSalpmYXpOMlkyaHhkVE5NVjIxa1VtYxAB,nattaporn kaewkum,5,ร้านอาหารนี้คือที่สุดครบจบที่เดียวอร่อยทุกอย่างค่ะ❤️
ChZDSUhNMG9nS0VJQ0FnTUNveXRhb0xnEAE,PanpanSandee Sornsuwankanok,5,เป็นร้านอาหารบุฟเฟต์ร้านโปรด อาหารดีสุดๆ พนักงานน่ารักทุกคน ❤️  มีเวลาว่างก็จะมาทานที่นี้ตลอด อาหารสด ใหม่ เต็ม10ไม่หักเลยค่าาาา เลิฟฟฟฟฟฟฟฟฟ NETA GRILL ตลอดไปค่าา ❤️❤️
Ci9DQUlRQUNvZENodHljRjlvT2tkVmR6SndjM2htWkhGMmJYZEdYMDlJVTJSSmVFRRAB,ธิติพงษ์ พูลทิพยานนท์,1,กินเซ็ท 599 กินได้ 1ชั่วโมง45นาที แต่กินไปได้แค่ชั่วโมงเดียวก็ไม่อยากกินต่อแล้ว ตอนแรกเห็นโปรโมทในเฟสบุ๊ค ทำรูปภาพทำสื่อออกมาดูน่ากินมาก พอมาถึงหน้าร้านก็ยืนดูป้ายเมนู ก็ดูหน้ากินดี แต่พอเดินเข้าไปในร้านก็ดูไม่ค่อยสะอาดเท่าไหร่ พอเข้าไปนั่งเสร็จ พนักงานก็เดินเอาบิลกับโค้ดสแกนเมนูมาให้สั่ง รูปภาพในเมนูตอนสั่งดูดีมาก แต่ก็ยังไม่ได้สั่งมาเยอะเพราะกลัวบางอย่างกินไม่ได้ เลยลองสั่งมาอย่างละนิดอย่างละหน่อยเพื่อลองดู แต่ก็คือเป็นการสั่งครั้งแรกและครั้งเดียวเลย เพราะพอลองกินแต่ละอย่างคือไม่โอเคเลย เมนูที่ลองสั่งมามีซูชิแซวม่อน เนื้อแซวม่อนเหลวๆ ซูชิปลาไหลคือก้างเยอะมากแถมมีเมือกอีก สั่งกิมจิมาก็กลิ่นไม่ค่อยดีเหมือนกิมจิเกรดไม่ดี สั่งเนื้อมาลองกินดูแต่เนื้อเหนียวแถมติดเอ็นมาให้ด้วย ในเมนูเขียนว่าเนื้อออส ไม่รู้ออสแบบไหน เนื้อแฮมเบิร์กสั่งมาลองชิ้นเดียว แต่กัดเข้าไปได้คำเดียวก็คายออก ส่วนตัวรู้สึกว่ากลิ่นเนื้อไม่ค่อยดีเหมือนเนื้อแช่ทิ้งไว้นาน กลิ่นแปลกกว่าเนื้อทุกทีที่เคยกิน แล้วก็ลองสั่งกะเพราเนื้อว่ากิวมากิน ในภาพเมนูคือข้าวเป็นถ้วยๆแล้วราดกะเพราเนื้อเต็มๆ แต่ที่ได้มาคือข้าวในจานเล็กๆ เล็กเท่าจานรองถ้วยน้ำชา คือตักกินลำบากมาก กะเพราเนื้อที่ราดข้าวมาก็มีอยู่หน่อยเดียว แล้วสัมผัสถึงความเป็นเนื้อไม่เจอเลย รสชาตินี่แล้วแต่คนชอบ แต่ส่วนตัวรู้สึกเฉยๆมาก กะเพรามีมาใบเดียว  อีกอย่างคือกุ้งแม่น้ำ แย่มาก หัวกุ้งคือเละมาก เปลือกคือแกะไม่ออกเลย ขนาดใช้มือแกะแล้วนะ เอาไปย่างจนเปลือกดำแล้วก็ยังแกะเปลือกยากมาก ส่วนตัวมองว่าราคาเท่านี้กับเวลาเท่านี้คือโครตไม่คุ้มเลย กับเมนูคุณภาพเท่านี้ แต่ที่ลองไปกินเพราะเห็นขึ้นฟีดในเฟสบุ๊ค แล้วคนรีวิวว่าอร่อยมาก อยากกลับไปซ้ำ แต่ซ้ำอะไรไม่รู้ ส่วนตัวรู้สึกเสียดายตังมาก เพราะตัวเองกินไม่เยอะอยู่แล้ว เลยอยากกินของมีคุณภาพสมกับราคาที่จ่าย ไม่รู้สาขาอื่นเป็นยังไง แต่สาขาที่เซ็นทรัลพระราม2คือ กินรอบเดียว ไม่เต็มเวลา บางเมนูกินคำเดียวคือพอ ปล.ถ้าทางร้านเข้าอ่านโปรดปรับปรุงด้วยนะครับ หรือจะไม่ปรับปรุงก็ได้ เพราะนี่ถือเป็นแค่ว่าคิดเห็นจากลูกค้าเฉยๆ
Ci9DQUlRQUNvZENodHljRjlvT25OV2NISjZiMVJTTlZCR1dGcFVNR1pFVUc1R1VWRRAB,Arnon Techathanawat,1,"สรุปภาพรวม ของการเข้าใช้บริการ Neta Grill สาขา เซ็นทรัล พระราม 2
.
.
.
ครั้งที่ 1 (ครั้งแรก) วันจันทร์ที่ 14 เมษายน 2025 เวลา ที่เข้าใช้บริการ 17:30 น.

พนักงาน โดยรวมบริการดี... แต่ การเสิร์ฟอาหาร บางรายการง่าย ๆ แต่ได้ช้ามาก จนลืมไปแล้วว่าได้สั่งไป หรือ ต้องให้ทวงถามว่าได้แล้วหรือยัง ?

มาตรฐาน การจัดจานเสิร์ฟ มีความหลากหลาย วาไรตี้ ทั้ง ภาชนะ การประดับจาน การตกแต่งจาน
- ปริมาณอาหาร ไม่สัมพันธ์ กับ ขนาดของจาน อาหาร มีปริมาณน้อยมาก แต่ใช้จานใหญ่
- อาหารสั่งชนิดเดียวกัน แต่ละรอบ ก็ได้ จาน ชาม ภาชนะ ที่แตกต่างกันไป
- ของตกแต่งจาน บางที ก็ไม่เข้ากับ อาหารที่สั่ง เช่น เนื้อวัว แต่ฝาหอยเชลล์มา หรือ ยุกเกะเนื้อ แต่ใส่ วาฟเฟิลโคนไอศกรีม
- อาหารประเภท ซาชิมิ ก็ไม่มีการใส่น้ำแข็งใด ๆ มา

รายการ อร่อย รสชาติดี : แซลม่อนส่วนท้อง และ แซลม่อน ซาชิมิ, หอยเชลล์ ซาชิมิ, หอยนางรม(เกาหลี) น้ำยำไทย และ ซุปปลาแซลม่อนใส ๆ (อันนี้ต้องร้อน ๆ ถึงจะอร่อย กินแล้วโล่ง แล้ว สดชื่น)

รายการ ไม่อร่อย : ลิ้นวัวยัดไส้ต้นหอม เหนียวมาก เหนียวสุด ๆ กรรไกร ตัดยังไม่ขาด เคี้ยวก็ยากลำบาก, ยุกเกะเนื้อ รสชาติ หวานนำมาก ๆ, มิโสะมันปู รสชาติยังไม่ใช่ แบบที่ทาน ๆ มา ไม่อร่อยเท่าที่ควร

ส่วนรายการอื่น ๆ ก็ธรรมดา ทั่วไป ไม่ได้มีอะไรโดดเด่นมากมาย ผิดหวังจากที่คาดไว้นิดหน่อย ว่า ในเรทราคาประมาณนี้ วัตถุดิบ และ รสชาติ น่าจะดีกว่านี้ อร่อยกว่านี้
.
.
.
ครั้งที่ 2 วันอังคารที่ 17 มิถุนายน 2025 เวลา ที่เข้าใช้บริการ 19:05 น.

อาหาร หลาย ๆ รายการ รสชาติ ดีขึ้น เมื่อเทียบกับ รอบที่แล้ว อย่างเห็นได้ชัด

แต่ มาตรฐาน การจัดจานเสิร์ฟ มีความหลากหลาย วาไรตี้ เหมือนเดิม เช่น รอบที่แล้ว
- ซาชิมิ ก็จะมี รอบเดียว ที่เสิร์ฟ มาพร้อมกับน้ำแข็ง ส่วนอีก 2 รอบ ก็มาบนจานโล่ง ๆ เลย ไม่มีน้ำแข็งแต่อย่างใด

การสั่งอาหารด้วยตนเอง ผ่าน Smart Phone พบว่า UI หน้าการสั่งสินค้า มีการเปลี่ยนแปลง ใช้งานยากลำบาก ได้แจ้งกับทางร้านไป หลาย ๆ อย่าง ในมุมมอง ของ ผู้ใช้งาน แล้วพบว่ามันลำบาก สร้างความใช้งาน ให้กับลูกค้า
.
.
.
ครั้งที่ 3 วันศุกร์ที่ 11 กรกฎาคม 2025 เวลา ที่เข้าใช้บริการ 19:00 น.

การสั่งอาหารด้วยตนเอง ผ่าน Smart Phone พบว่า UI หน้าการสั่งสินค้า มีการเปลี่ยนแปลง ใช้งานง่ายขึ้น ไม่ยากลำบากเหมือนรอบที่แล้ว

อาหาร รสชาติ ก็อร่อย เหมือนรอบที่แล้ว แต่ จะมี ลิ้นวัว ที่ มาตรฐาน ของสินค้า แต่ละรอบ ที่มา หน้าตา เนื้อสัมผัส ที่แตกต่างกันไป

แต่ ครั้งนี้ ซุปใส สาหร่าย แซลม่อน อร่อยมาก ถึงมากที่สุด กินไป มากกว่า 5 ถ้วย
.
.
.
ครั้งที่ 4 (ครั้งสุดท้าย) วันเสาร์ที่ 1 พฤศจิกายน 2025 เวลา ที่เข้าใช้บริการ 17:40 น.

อาหาร รสชาติ ดร็อปลง อย่างเห็นได้ชัด โดยไม่ได้คิดไปเอง ผู้ติดตามที่ไปด้วย ( ใน 3 รอบที่ผ่านมา ) ก็ลงความเห็นเช่นกัน ว่า รสชาติ ไม่อร่อย ต่างจาก ครั้งที่ 2 และ ครั้งที่ 3 อย่างเห็นได้ชัด จากที่เคยอร่อย เช่น ซุป มารอบนี้ ก็ไม่อร่อยดังเดิม เค็มไป ไม่พอดี

การเสิร์ฟอาหาร ก็ยังวาไรตี้ ในเรื่อง ของ ภาชนะ มาตรฐานการเสิร์ฟ เหมือนเดิม หลัก ๆ ก็ ยังคงเป็นเรื่อง ซาชิมิ ที่ ไม่มีน้ำแข็งมาเสิร์ฟ เหมือนเดิม

อาหารที่กดสั่งไป บางรายการ คือ ไม่ได้เลย พอทักท้วง ทวงถาม กับ พนักงาน ทาง พนักงาน ก็ เอา รายการ มาให้จิ้มเลย ว่า อันไหน ยังไม่ได้ (เหมือนสั่งใหม่)

รอบนี้ มีสั่ง Snow Crab ด้วยเช่นกัน อยากลอง ว่า เป็นอย่างไร ก็บอกได้คำเดียว ว่า เป็นไปตามคาดหวัง ว่า คุณภาพ ตามราคา ขาปู มีเนื้อบาง ๆ ไม่ได้เป็นหลอด ๆ ตามแบบร้านอื่น ๆ อันนี้ เข้าใจได้ว่า เพราะ เรื่อง ราคา อาหาร / คน ก็ได้แค่นี้ ก็ดีแล้ว (คุณภาพ ตามราคา)

ตอน ชำระเงิน ได้คุยกับ ผู้ช่วยผู้จัดการร้าน ก็ได้ อธิบายว่า วันนี้ ลูกค้าเยอะ เชฟ มี 3 คน เลยอาจจะ ทำไม่ทัน เลยทำให้ได้รับอาหารช้าบ้าง...
ซึ่งผมก็ตอบไปว่า มันไม่ใช่ช้าธรรมดา คือ 25 นาที ก็ไม่มา จนต้องทวงถาม แล้ว แจ้งรายการกับพนักงาน อีกรอบ นึง

พอได้สอบถามกับทาง ผู้ช่วยผู้จัดการร้าน เกี่ยวกับ ซาชิมิ ว่า ทำไม ไม่มีการ เสิร์ฟ มาพร้อมน้ำแข็ง เหมือนกับ ร้านอาหารญี่ปุ่นอื่น ๆ ที่เขาทำ ๆ กัน ก็ได้รับคำตอบว่า ถ้าลูกค้า ไม่เยอะ ทางเชฟ มีเวลา ก็จะจัดจาน ใส่น้ำแข็งให้ แต่วันนี้ ลูกค้าเยอะ ก็เลยไม่ได้ ทำ...
.
.
.
.
สรุป จากการ ทานมา รสชาติอาหาร ถ้าลดน้อยถอยลง ก็ต้องขออนุญาต เลิกทานร้านนี้ ตลอดไป... ราคาค่าอาหารประมาณ 1 พันบาท ต่อคน แต่ วัตถุดิบ คุณภาพ และ รสชาติ มันไปได้สุดกว่านี้ ร้านอื่นที่ ราคาเทียบเท่ากัน หรือ จ่ายน้อยกว่า ยังให้ วัตถุดิบ คุณภาพ และ รสชาติ ที่ดีกว่า กับ ลูกค้าได้เลย

และ ก็ เรื่องการ เสิร์ฟ ซาชิมิ ก็เป็น ประเด็นหลักเหมือนกัน ว่า ทำไม ไม่เสิร์ฟ ทุกครั้งให้เหมือนกัน คือ เสิร์ฟมาบนน้ำแข็ง เพราะ บางที มาเสิร์ฟ เราก็ไม่ได้กินทันที พอมากินอีกที ก็กลายเป็น ซาชิมิ อุ่น ๆ เสียแล้ว"
Ci9DQUlRQUNvZENodHljRjlvT201dVdrdDNiakE1YVZGWFVsbHJja0Y1VEU0dGVrRRAB,ชิณัญญา จันทร์ทอง,5,อร่อยทุกอย่าง โดยเฉพาะมันกุ้ง อร่อยมากกก
ChdDSUhNMG9nS0VJQ0FnSURiX09maGxnRRAB,อิ่มเอม TV,3,"ร้าน NETA GRIL สาขาเซ็นทรัลพระราม 2
-ร้านโดดเด่น มองเห็นง่าย
-ราคา และโปรโมชั่นค่อนข้างดึงดูดใจ
-เตาปิ้งไฟแรงดี ปิ้งได้ทันใจ
-วัตถุดิบมีความหลากหลายพอประมาณ / กุ้งหวาน แซลม่อน หอยนางรม กั้ง ปลาหิมะ หอยแครง ดี
-ความสดใหม่ของวัตถุดิบพอประมาณ
-วิธีสั่งอาหารโดยการใช้ QR CODE สะดวกดี
-พนักงานให้บริการพอใช้ได้
-จุดสังเกต (เป็นความคิดเห็นส่วนบุคคลจ้า) :
-ระยะเวลาในการรอคอยวัตถุดิบค่อนข้างใช้เวลานิดนึง
-ไม่ได้แบ่งแยกสีของจานวัตถุดิบให้ชัดเจนว่าจานไหนทานได้เลย หรือจานไหนต้องปรุงสุกก่อน อาจทำให้สับสนในการทานได้
-อาหารบางอย่างที่สั่งไปได้ไม่ครบ"
ChZDSUhNMG9nS0VJQ0FnSURSNHVlbFBBEAE,Nana Relax,4,"บุฟเฟต์มีหลายราคาให้เลือก เราเลือกแบบ999-net
ทานได้ 2 ชั่วโมงค่ะ รวมน้ำแล้ว
_สั่งอาหารผ่าน QR code
_วัตุดิบปิ้งย่างเนื้อ หมู คุณภาพกลางๆ ใช้ได้ค่ะ
ซีฟู้ดสดดี แต่ขนาดเล็ก ไม่ว่าจะเป็นหอยเชลล์, หอยแครงจิ๋ว กุ้งก็ไซส์เล็กค่ะ
_รสชาติน้ำจิ้ม กลางๆ
_เตาย่างขนาดกำลังพอดีค่ะ ถ่านไฟแรงดี
ระหว่างย่างพนักงาน มาเปลี่ยนตะแกรงให้ด้วย
_ซูชิใช้ได้เลยค่ะ ข้าวคำไม่ใหญ่ แต่ค่อนข้างแฉะค่ะ

ร้านไม่ใหญ่มาก แต่ก็ไม่อึดอัดนะคะ
พนักงานน่ารัก เอาใจใส่ดูแลดีมากค่ะ
ทั้งเติมน้ำ เก็บจาน อาหารออกไวดี

โดยรวมถือว่า OK ค่ะ"
Ci9DQUlRQUNvZENodHljRjlvT21wd2FXNXdOa2gwUTJzMlNrbG9XWFI2U21aRVExRRAB,Kaew Sintawee,5,อาหารดี บริการดี มีคนละครึ่งด้วย คือเริ่ดดดดด
ChdDSUhNMG9nS0VJQ0FnSUM3aTY2Vnp3RRAB,April JuJu,2,ล่าสุดเมื่อวันที่ 14/8/67 ห้างใกล้บ้านแวะกิน 3 รอบแล้วที่นี่ รอบนี้ปูสดไม่มี คนไม่ค่อยมีไปทานช่วงกลางวัน เลือกเซ็ท 799 บาท ของทะเลสด ซาซึมิรวมสด เนื้อออสสไล ดีค่ะ ไม่หนา ปิ้งแล้วอร่อย บริการ พนง ดีนะคะ ขนมหวานเยอะขึ้น เลือกลอดช่องท็อปปิ้งไอติม มาทาน แต่ทานไม่ค่อยคุ้ม นานๆ ไปทีค่ะ
Ci9DQUlRQUNvZENodHljRjlvT2pNMFRXWmpVSE5zYldONWEwRnVSSHAxWkVaYVoxRRAB,พัช ใจดี,5,อาหารอร่อย สด สะอาด พนักงานบริการดีมากค่ะ
Ci9DQUlRQUNvZENodHljRjlvT21sZlNrUjVkbEpYYW5wdmQxZ3llV1pSV25wSVZYYxAB,Almon Husky,1,เข้าใจนะว่าช่วงนี้เป็นช่วงเทศกาลคนละครึ่ง เรามากินทุกเดือน แต่รอบนี้ไม่ไหวจริงๆ อาหารแทบทุกอย่างแย่หมด ทะเลไม่สด ซาซิมิไม่โอเค ปูอัดมีแต่แป้ง เนื้อของทุกอย่าง แทบไม่ได้เรื่องเลย
ChdDSUhNMG9nS0VJQ0FnTUNnNnZfNWhnRRAB,khanawit wattanapirompakdee,4,"ปลาไหลที่ย่างเอง ออกแนวฉ่ำๆนุ่มๆ เนื้อหนา น่าอร่อย แต่เราชอบแบบเนื้อแน่นๆ  เลยลองสั่งซูชิปลาไหลมา พอได้มา ค รู้สึกแรก เซงจัด ข้าวเยอะปลานิดเดียว แล้วเนื้อปลาก็ไม่สวย ดูเล็กๆแหว่งๆ แต่พอกินเนื้อแน่น โคตรดี // **อยากให่ปรับปรุงเรื่องปริมาณข้าว กับเนื้อ มันดูเป็นร้านบุฟเฟ่ราคาถูก ที่อยากให้ลูกค้าอื่มไวๆ ร้านราคาระดับนี่ไม่น่าทำแบบนี้ครับ // กุ้งมังกรเนื้อแน่น อร่อย น้ำจิ้มซีฟู๊ดเด็ด รสแซ่บ อร่อย!! 🔥

นอกนั้นถือว่าอยุ่ในระดับที่ดีแต่ไม่ว้าว  คงไม่มาซ้ำครับ"
Ci9DQUlRQUNvZENodHljRjlvT21kemNYaGlWM0EyUVd0eExTMW9aSGg1T1hsTFpFRRAB,Louise ingsongphol,1,ครั่งแรกที่มากินที่นี่กุ้งแม่น้ำไม่สด สั่งหอยเชลรอบ2รอนานกว่าครี่งชม. สติกไส้กุ้งสับรอเกือบ2ชม. พอมาเสริฟกลายเป็นไส้หมูแทน เป็นอะไรที่แย่มาก อาหารที่สั่งไปไม่ได้หลายอย่าง  *ครั่งแรกและครั้งเดียว*
Ci9DQUlRQUNvZENodHljRjlvT2pkWmIwcDNURUpVV25sRk5GQldNVFV3YjFGeFYxRRAB,aim pornnapa,5,ครบจบที่เดียว อาหารอร่อย พนักงานพูดจาดีมากค่ะ คุ้มราคาสุด ๆ ๆๆๆ
ChdDSUhNMG9nS0VJQ0FnSUNSaG96RHBRRRAB,Phonpot Kitsampankul,2,"คัณภาพอาหารกับราคามันก็โอเค แต่สิ่งที่ทำให้ลูกค้าอย่างผมเบื่อ และไม่รู้จักปรับปรุงซะที

- กระดาษติ๊กเมนูคือตัวอักษรเล็กมาก มองไม่ถนัดเลย
- อาหารสั่งไปได้ไม่เคยครบเลย สั่งไป10ได้มา8 พอสั่งซ้ำไปทีนี้มาเบิ้ลซะงั้น
- อาหารคอยนานเกือบทุกครั้ง การจัดสรรเวลาในการเสริฟทำได้ค่อนข้างแย่ และเป็นทุกครั้งที่ไปทาน
- อาหารดิบที่ต้องปิ้งกับอาหารสุกแล้วทานได้เลย ควรแยกจานที่ใส่ให้ชัดเจน นี่มาจานเหมือนกันเลย
- พนักงานชอบทำหน้าเหวี่ยง อันนี้ไม่ทุกครั้ง
- การระบายอากาศในร้านยังไม่ดีพอ
- ควรไปดูร้านAKA หรือSukishi เป็นตัวอย่าง ทั้งบรรยากาศในร้าน การบริการ รูปแบบกระดาษจดเมนู

คุณภาพอาหารอยากให้5ดาวนะ แต่เจออะไรแบบนี้และไม่ปรับปรุงซะที อันนี้ไม่ไหว ปรับปรุงเมื่อไหร่จะมาให้5ดาวทีหลัง"
Ci9DQUlRQUNvZENodHljRjlvT2s1eGJ6bEVUSEJNVjBGblUwcHVOVzlRWW5SR1FtYxAB,pongthep prasertsang,5,อาหารอร่อย หลากหลาย แถมยังมีโปรลด 100 บาท แนะนำครับมโดยเฉพาะเนื้อวัว อร่อยมากๆๆๆ
Ci9DQUlRQUNvZENodHljRjlvT25RdE5FTktOMVp6VDNWNU9HRkVkVFZvUmw5T1JVRRAB,ศุภนุช วุฒิวงส์,5,อาหารอร่อยสดใหม่มากๆค่ะ ต้องมาซ้ำ❤️
ChZDSUhNMG9nS0VJQ0FnSURpMGFfOEJREAE,Lamaii Lullaby,3,"คุณภาพอาหารอยู่ประมาณ 6/10 ปู กับกุ้งแม่น้ำไม่ค่อยสด ปูม้าตัวใหญ่ดีแต่ไม่สด รสชาติอาหารพอใช้ได้ เสิร์ฟเร็ว มารยาทการเสริฟของพนักงานหญิงบางคนควรปรับปรุง ไม่ควรเสิร์ฟอาหารแบบโยนลงบนโต๊ะ เช่นวางถ้วยไอศกรีมแล้วโยนช้อนลงบนโต๊ะ (xมารยาท, xสุขอนามัย) แต่ไม่หักแต้มเพราะเป็นเรื่องเฉพาะบุคคล"
ChdDSUhNMG9nS0VJQ0FnTUNBaS1IYjBnRRAB,tanakorn kongsuphol,5,ราคา898++ ร้านบริการดีมากๆครับ อาหารอร่อย มีซูชิเนื้อปิ้งย่าง ราคาคุ้มจิงๆ🤤
ChdDSUhNMG9nS0VJQ0FnTURBdV9MUHBBRRAB,aeh emooba,5,อาหารถูกปากมาก ราคาก็ดี ของถือว่าสดกว่าร้านอื่นในราคาเดียวกัน แนะนำค่ะ ถ้าใครชอบปิ้งย่างและซูชิ ซาซิมิ เริ่ดๆ
Ci9DQUlRQUNvZENodHljRjlvT2s1dGVGTkVZVnB0Wkc5cU5ESlNjbGs0Y0RWamRGRRAB,mickey Th,4,อาหารรสชาติใช้ได้ ใช้คนละครึ่งได้ ค่อยดีหน่อย
Ci9DQUlRQUNvZENodHljRjlvT2xCeFdYUmljV2g2TVVrM01FTXdTWGxRU1VrM1NtYxAB,วิทัศน์ นุชเจริญ,5,อาการสุดยอดพนักงานบริการดีมาก
ChdDSUhNMG9nS0VJQ0FnSUMtMHZhaThnRRAB,SirChanII,5,วันนี้มาลองกินชุด 899+ เนื้อสันคอวากิว แบล๊คแองกัส คารูบิ ถ่ายรูปสวย แต่พอย่างแล้ว ไม่ค่อยโอเค บางชิ้นเหนียว เอ็นเยอะ แซลมอนรอบแรกดี รอบสองเหมือนมะละกอไปหน่อย กุ้งก็กินยากแกะยาก หอยนางรมคาวมาก ซูชิรสชาติดี แต่ก็ทำให้อิ่มไวไปหน่อย คิดว่าราคานี้ กินให้รู้รอบเดียวพอละครับ
ChZDSUhNMG9nS0VJQ0FnSURBbUphMVdREAE,Bad Bad'z,4,"รีวิวแบบละเอียด !

เป็นครั้งแรกที่ได้มาทานจากที่เล็งไว้หลายครั้ง มาวันธรรมดาคนน้อยกินแบบสบายๆ แถมมีโปรด้วยเหลือ 499 บ/คน(ยังไม่รวมน้ำและ service charge)เฉลี่ยตกคนละ 600+ แต่ถ้า check in facebook ลดให้อีก 10%(จาก 499 นะ) อันนี้ปิ้งเองแต่เค้ามีบริการปิ้งให้ด้วยนะบวกอีกคนละร้อย

อาหารให้เลือกเยอะใช้ได้ ความสดของอาหารมีทั้งสด สดมาก และไม่สด สำหรับวันที่ผมมากินนะ อาหารทะเล กั้งสดมากกกก ! ปูกุ้งใช้ได้ หอยหวานไม่สด แต่เมนูหมูแย่มาก เหนียวจนแทบหั่นไม่ขาด

เมนูซูชิก็พอใช้ ไม่ดีมากไม่แย่ ให้คำชิ้นใหญ่มากต้องแบ่งครึ่ง แซลม่อนธรรมดาไม่ดีไม่แย่กินได้ ซุปมิโซะไม่มีนะมีแต่ซุปใสก็โอๆ

ที่ชอบอันนึงคือ ข้าวผัดปู อร่อยมาก ! คือหลายที่ทำแบบสำเร็จแต่ที่นี่ทำสดผัดใหม่ แล้วรสชาติดีมากหอมเนื้อปูเลย อันนี้ดีงามสุด

เวลาทานน้อยไป 1.30 ชม. รีบกันเลยทีเดียว ไอศรีมไม่รวมนะจ๊ะจะทานบวกเพิ่ม ค่าน้ำแอบแพงผมสั่งรีฟิล น้ำอัดลมแก้วละ 69 พั้นซ์ 89 จ้าาาา

อ้อ การบริการ ... ดีครับ พนง.ดีแทบทุกคน สอดส่องและใส่ใจดี รับเมนูไว อาหารมาไว (ถ้าเต็มร้านแล้วช้าอันนี้คุณก็ต้องเข้าใจเค้า) รวมแล้วผ่านนน

โดยรวมทั้งหมดถือว่าโอเคร ราคานี้คุ้มครับโดยเฉพาะใครที่ชอบกินอาหารทะเลนะ

9 Fab. 2018"
Ci9DQUlRQUNvZENodHljRjlvT2t0QlRXeHpWV2c1WHpSdlZVWTNObXcxVkc1bWFtYxAB,Inbrown Pink,1,"ไปกินที่สาขาเซนทรัลพระราม2 มา ไม่คิดว่าคุณภาพอาหารจะแย่ขนาดนี้ อยากให้ร้านปรับปรุงคุณภาพของอาหาร ถ้าผู้บริหารอยากเช็คดูลองเข้ามาเป็นลูกค้าดู เศร้ามาก เพราะคาดหวังไว้เยอะ
- เนื้อเหนียวมาก สั่งมาแค่ 2 จานจบบบ ไม่กินต่อ
- ยำแซลม่อนเละๆ อโวคาโดเละมาก คือไม่น่ากินเลย
- มีหมู่เท่านั้นที่ปลอบใจตัวเองว่าพอกินได้
- กุ้งที่พันเบคอนดูไม่สะอาด มีขี้ดำๆ ต้องแกะมาลอกก่อนและแล้วปิ้งใหม่
- อย่างอื่นสั่งมานิดๆหน่อยๆชิมและพอเลย"
Ci9DQUlRQUNvZENodHljRjlvT2tjeWNVeGxSMU4xUTFGV1UwMVFhSE5oTUdsUFZVRRAB,Daungrat Pornmongkhonlap,4,รสชาติดีค่ะ อาหารมารวดเร็วดีนะคะ
Ci9DQUlRQUNvZENodHljRjlvT201dlFXMU1lRTU0UW1SSGRFZHFNRXhxUkhOdlZVRRAB,Hathaichanok Jurasomrit,5,อาหารอร่อย พนักงานบริการดี คุ้มราคามากค่ะ แนะนำเลย 💞😊 …
ChZDSUhNMG9nS0VJQ0FnSUNxd19EQmF3EAE,Jutha Chanikorn,5,พนักงานดูแลดี ถึงแม้จะอยู่ในสถานการณ์โควิด พนักงานมีค่อนข้างน้อย แต่ก็ทำงานรวดเร็ว ใส่ใจลูกค้า เราเลือกไลน์อาหาร 1599 คุณภาพอาหารใช้ได้ ไม่แย่แต่ยังไม่ว้าว บางตัวคุณภาพดีกว่าเจ้าอื่นแต่บางตัวก็ยังไม่ค่อยโอเค เคยมากินตอนโควิดไม่หนักหนาเท่าช่วงนี้ รู้สึกคุณภาพโอเคกว่านี้ รอช่วงสถานการณ์ทุกอย่างดีขึ้นจะกลับมาใช้บริการอีกครั้ง อาจจัดการระบบการสต็อคอาหารให้สดได้กว่านี้ เพราะการหมุนเวียนอาจดีกว่านี้ แต่โดยรวมโอเคค่ะ
Ci9DQUlRQUNvZENodHljRjlvT25kZmVIZEVjVE5DV0dsamRtaHRaRFJ2Y21WMVJGRRAB,K@nokw@n Kusonm@h@chok,5,อร่อย คุ้มเกินราคา เป็นร้านประจำได้เลย
Ci9DQUlRQUNvZENodHljRjlvT2xkRGFGUkRXa2xQWWtOVGREaE5ZVWxyWlZKWVZYYxAB,Kaem mu,5,อร่อย อาหารเร็ว รอไม่นาน รายการอาหารเยอะดี
Ci9DQUlRQUNvZENodHljRjlvT2xOclNuQmpZWGhpTW5aRWVtdEdWamRqVGxOVVZsRRAB,Nari NP,5,อาหารดีเลิศอลังการค่ะ  ราคาดี บริการดี รสชาติดีอร่อย
Ci9DQUlRQUNvZENodHljRjlvT2pCaVIzSjNjemN5V2pCclIyWjJiakpGTFhOSE5sRRAB,Srisukhon Kuntisophon,3,"Net 799 ไม่ถูกปาก เดินไปชั้น 3 ฝั่งพลาซ่ากิน ซูชิฮิโระ เพิ่มอีกนิดอร่อยถูกปากกว่าเยอะเลย ปล.แล้วแต่ความชอบค่ะแต่นี่ไม่ชอบ
การบริการดีนะ"
ChdDSUhNMG9nS0VJQ0FnSUNrNVpYcjZnRRAB,miint jane,3,"ร้านเนตะ ร้านที่เอาอาหารทะเลสดวางหน้าร้าน ลองจิ้มแล้วคิดว่าของจริงนะ เสียดายของอะ 55 และเป็นร้านบุฟเฟ่ที่ตอนแรกคิดว่าจะไม่เข้า เพราะเทียบกับอีกเจ้านึงเจานั้นคนรอคิว ร้านนี้กลับโล่ง ในที่สุดเดินเข้าร้าน อ้าว มีที่นั่งด้านในอีก เออคนก็นั่งเยอะดีเหมือนกัน พนักงานเยอะดีด้วย
มาดูที่เมนูมีแบบ 499+ กับ 599+ ซึ่งแบบที่มีซาซิมิคืออันหลัง เลยจัดแบบหลัง ราคาจะอยู่ที่ 702net. ถ้าสั่งน้ำดื่มต้องจ่ายเพิ่มอีกจ้า โหดด เมนูที่ไม่สั่งเลยคือปู เมนูที่คิดว่าทุกคนสั่งปกติคือปลาดิบ เมนูที่คิดว่าตื่นตาสุดคือมันกุ้งไข่กุ้ง เอาไปย่างร้อนๆกินกับเนื้อย่างหรือปลาดิบ โอ่ย เจ้มจ้น ส่วนของหวานจะได้โมจิไส้ไอติมคนละ 1 ลูก เท่านั้น อร่อยยย เสียดายคนละลูกเดียวครับ 555
ถ้าช่วงเวลาเร่งรีบ มองไปทางไหนก็คิวล้นๆ แนะนำร้านนี้อีกตัวเลือกนึงครับ เมนูเยอะตามราคาที่แพง พนักงานบริการดีแต่มีorderหล่นบ้าง น้ำจิ้มซีฟู้ยังไม่ถึงขั้น น้ำจิ้มงาบางจืดไปนิด นอกนั้นถือว่าโอเคครับ"
ChdDSUhNMG9nS0VJQ0FnSURHdkt6R19nRRAB,Athittaya Jumpatong,3,ฟัวกราส์อร่อยมาก เนื้อวากิวทั้งหลาย เนื้อแกะ คือเหนียวแบบเคี้ยวไม่ได้ต้องคายออก ปลาไหลเหนียวมากจนเคี้ยวไม่ได้ ไม่เคยเจอปลาไหลเหนียวขนาดนี้มาก่อน เวลาในการกินน้อยมาก ไม่ค่อยประทับใจเท่าไหร่ จ่ายแพงแล้วเจอแบบนี้ไม่ไหวจริงๆ
ChdDSUhNMG9nS0VJQ0FnSUN1OFpLdW1BRRAB,MyMine Miine,1,"กินบุฟเฟ่ต์มาหลายที่ ไม่เคยมีที่ไหนจัดเสิร์ฟได้แย่ขนาดนี้
- งงกับภาชนะที่ใส่จัดเสิร์ฟมาก เพราะของที่ปรุงสุกพร้อมทาน กับของดิบที่ต้องปิ้ง ใส่ถาดมาเหมือนกัน ก็เลยงงว่าอันไหนต้องทำสุกก่อน อันไหนกินได้เลย
- พนักงานไม่สนใจ ไม่มอง ไม่รับออเดอร์ ยื่นใบออเดอร์ให้ หันมามองแล้วก็เดินจากไปเลย งงมาก บอกขอซีฟู้ดเพิ่มหน่อย ก็บอกว่าได้ค่ะ แต่ไม่เอามาให้หรอกนะ 😥
พอจะสั่งไอติม ก็บอกว่าได้แค่คนละ2ที่นะ แล้วบอกถามว่ามีรสอะไรบ้าง ก็เหวี่ยงใส่เสียงแข็งเลย ที่สำคัญ... ไอติมโมจิโคตรไม่อร่อย
-สั่งน้ำจิ้มโคชูจัง ได้มาเหมือนแค่ซอสที่เปื้อนถ้วยน้ำจิ้ม ยังไม่ทันปาดเต็มชิ้นเนื้อก็หมดแล้ว
ที่นี่งกมาก มาแต่ละอย่างเล็กๆน้อยๆทั้งนั้น โดยเฉพาะน้ำจิ้ม ต้องขอพนักงาน ขอบ่อยๆก็โดนเหวี่ยงใส่ งงมากนะ ทั้งๆที่บวกเซอร์วิสชาร์จด้วย
พอเลยครั้งเดียวไม่กับไปเหยียบอีกแน่"
Ci9DQUlRQUNvZENodHljRjlvT25SNlMybHpSM2hIYWsxVVkyOWtWbkpRYldNeVFtYxAB,Pongpichai Ratchadanuwat,5,อาหารดี มาเร็ว มาครบ สายปิ้งย่างต้องลอง
ChdDSUhNMG9nS0VJQ0FnSURNdHY3ZTF3RRAB,Pich Pari,3,"ลองราคา 1,299 เผื่อปูดอง ปรากฏว่าเค็มปี๋กินไม่ลง กุ้งแม่น้ำสดดี เนื้อเด้งแน่น กุ้งโบตั๋นก็ดี เนื้อวากิวบางเมนูก็ดี พนง.บริการดี ของรอไท่นาน มาไม่ครบบ้าง ราคานี้รวมเครื่องดื่ม(แล้ว 1,429
ถามว่ามาอีกไม๊ น่าจะไม่ละ"
Ci9DQUlRQUNvZENodHljRjlvT21WbFZIUnlVRU55ZDNoemRYVjNXWEpIU0ZKU1dHYxAB,Supassorn Sukhasam,1,"ดีที่ไม่ไปกิน 1599 จองแล้ว ไปซื้อโปร 999 แทน ในรูปมีเบียร์ช้าง คิดว่ารวมได้ด้วย แต่ไม่ใช่ ต้องจ่ายเพิ่ม 99 เราก็จ่ายเพิ่มไปอีก รวมคือ 1098  ไปกินในวันแม่ สิ่งที่ได้

1.อาหารออกช้ามากก ดีที่สั่งเบียร์ไป กินเบียร์พอให้ได้คลายโมโหหิวหน่อย ตามหลายรอบ

2.อาหารไม่สด ท้องแซลมอนที่เราชอบทาน คือ คาวมากกกก แซลมอน เกรดล่างสุด แย่ๆๆ

3.ปลาไหลที่แฟนชอบกิน ทำมาแบบ ย่างเนื่อขาวๆ คาวๆ ไม่เข้าใจทำไมถึงคาวจัง

4.ฟัวกราส์ อีกแฟนเราชอบ คาวแบบกินไม่ได้เลย

5.หอยนางรม ไม่สด เลอะเป็นอะไรเลย

ที่พอจะดีหน่อย คือ เนื้อ แต่มาได้ตอนท้ายๆ  ตามหลายรอบ พนักงานน่ารัก บริการดี ต่อเวลาให้ แต่รวมๆ ราคานี้ไม่มีความประทับใจ ก่อนนี้ทานบ่อยนะ แต่รุ้สึกมาตราฐานลดจากเดิมไปเยอะมากๆ ไม่แปลกใจทำไมรีวิวถึงแย่จัง โชคดีที่ยกเลิก1599 มาสั่ง 999 ไม่งั้นคงเสียดายตังมากกว่านี้ แย่มากๆ  มันแย่จนไม่อยากจะถ่ายรูปแม้กระทั่งอาหาร คงไปกลับไปกินอีกตลอดไป 👎👎👎"
ChdDSUhNMG9nS0VJQ0FnSUNTejl1azBnRRAB,V. Sirada,4,ทานหลายรอบ โอเคมากๆ รวมๆอาหารมาเร็ว มีตกหล่นบ้างนิดหน่อย บางทีต้องทวง แต่ของสดคุณภาพดี ซูชิมาคำไม่ใหญ่เกิน ทานได้หลากหลาย
ChZDSUhNMG9nS0VJQ0FnSUNPM2IzcEFREAE,Ratchata Tunsawasd,4,"อาหารอร่อย คุณภาพของดี
ใครชอบทานหอยนางรม คือ สดมาก
น้ำจิ้มซีฟู๊ดจัดจ้าน ไม่ติดหวาน
หัก1คะแนน จากบริการของพนักงาน
ตามอาหารที่สั่งไปจนเหนื่อย ได้ไม่ครบสักที"
ChdDSUhNMG9nS0VJQ0FnSUR4N01uYWd3RRAB,Aleena Phromsorn,5,ของสด อร่อย พนักงานบริการดีมาก ดูแลเติมน้ำเติมถ่านให้ มาช่วยย่างล็อบสเตอร์ให้ด้วย กุ้งล็อบสเตอร์เนื้อดี อร่อย อื่นๆก็ดีหมดยกเว้นปลาไหล เนื้อเหนียวๆเด้งๆไม่ใช่เนื้อนุ่มๆอันนี้แอบเสียใจ แถมมีก้างบางๆด้วยแล้วอาหารมาช้าไปหนาอย แต่โดยรวมประทับใจรสชาติ และบริการค่ะ
ChZDSUhNMG9nS0VJQ0FnSUNmOWRLY2VREAE,KT Apsr,3,น้ำจิ้มอร่อยค่ะ แต่เนื้อและหมูบางไปหน่อยย่างเลยติดตะแกรง อาหารค่อนข้างช้าค่ะ ต้องตามกับพนักงานหลายที ร้านอาจจะแออัดไปหน่อยอาหารทะเลไม่สดค่ะ หอยมีกลิ่นเหม็น แต่ซูชิอร่อยอ่ะ
ChdDSUhNMG9nS0VJQ0FnSUNEMmViSW1RRRAB,Natcha Nanpak K.,4,ดีค่ะ แต่แซลม่อนดองซีอิ๊ว แซลม่อนซาซิมิก็แบบ.. เอิ่มมมม... น่าผิดหวังไปเยอะ รวมๆเมนูอื่นๆก็ดีค่ะ
ChdDSUhNMG9nS0VJQ0FnSUNtd2NpSzRnRRAB,Sorasit D Guzheng,5,"ดีนะ คุ้มค่าทีมาทาน
ทานตัว 599+
เครื่องดื่ม มีรีฟิลแบบน้ำปล่าว กับรีฟิลน้ำหวาน เพิ่มราคาขึ้นไป

เมนูเยอะมาก แต่เสียดายหลายอย่างก็หมดและไม่แจ้ง

แนะนำกุ้ง แม่น้ำ กุ้งทะเล คือสดสัใจมาก กุ้งแม่น้ำมันเยิ้ม
ปูย่างก็สด
ปลาหมึกแลพหอยแครง ดีมาก ดีกว่าร้านอาหารหลายๆร้านหรือบุฟเฟต์ในโรงแรมหลายๆเจ้าซะอีก

แซบม่อนซาชิมิ หรือแบบยำ ก็แนะนำ

สรุปเอาง่ายๆ ร้านนี้กินไม่ต้องยัด ไปกินของดี 90 นาทีไม่ต้องรีบยังไงก็คุ้ม"
ChZDSUhNMG9nS0VJQ0FnSUMyeE8ySUtnEAE,PI NIT,5,อร่อยคุ้มสมราคา วันที่ไปมีโปรโมชั่นสั่งกุ้งมังกรได้ไม่อั้น ไปกินกับแฟน 2 คนผมคนเดียวกินกุ้งไป 7 ตัว อาหารที่เหลืออีกเพียบ อิ่มแบบจุกๆไปเลย มีเบียร์เติมได้ไม่อั้น ของอร่อย สด สมราคาครับ ชอบกุ้งมังกร กับเนื้อมากครับ เนื้อนุ่มอร่อย เคี้ยวง่ายละลายในปาก รสชาติดีมากครับ
ChdDSUhNMG9nS0VJQ0FnSUMybDlfSHBRRRAB,Preawrung Wang,1,แย่มาก ไม่สะอาดไม่สดไม่อร่อย ครั้งแรกที่มากินคือดีมาก แต่รอบนี้คือไม่ไหวค่ะ พนังงานก้ดึงหน้า เมื่อก่อนคนต่อคิวยาวรอกิน ตอนนี้คนหายไปเยอะมาก เข้าใจแล้วค่ะว่าทำไม เนื้อเหนียวอีก สั่งเซต 899+ คิดตังค์มารวม vat 2000++ 2 คนคือไม่คุ้มไม่พอ ผิดหวังมากด้วย สั่งไปรอบเดียวไม่กินอีกเลยค่ะ
Ci9DQUlRQUNvZENodHljRjlvT2sxV1pHcDJPR28yZGxoRFNGa3hVRkZaUkc0MVVrRRAB,peenipp p,1,มากิน 999 รูปอาหารกับของจริงต่างมาก เนื้อหนาเหนียวลายไม่เหมือนรูปเลย ตี๋น้อยเนื้อลายสวยกว่า อาหาร สั่งท้องปลาแซลม่อนไป มาชิ้นเล็กมาก อาหารแต่ละ เมนู ใช้เวลา 15-20 ยาทรกว่าจะมา กินตอน 12 โมงวันจันทร์ มี 3 โต๊ะรวมเราด้วย อาหารช้าเวอร์มาก รู้สึกแย่มาที่มากิน ใครมาก็ขอให้เจอดีกว่าเรานะ
ChZDSUhNMG9nS0VJQ0FnSURXcWRmU0tnEAE,Tan T.,2,"Just so so. 😑
Too pricey for the quality.

ไม่ตรงปก เนื้อบางตัวเหนียว ไม่คุ้มกับราคา
ซื้อ voucher ของลาซาด้ามา ยังรู้สึกเสียดายเงิน ถ้ากินราคาเต็ม คงเศร้าหนักกว่านี้
พนักงานก็ เสริฟผิดเสริฟถูก ลืมออร์เดอร์ ทวงแล้วทวงอีก โดยรวม คือ ไม่ผ่าน
ครั้งเดียวพอ"
ChdDSUhNMG9nS0VJQ0FnSUR5Z1pEcm9nRRAB,Lupin,4,"ภาพรวมร้าน
เป็นร้านอาหารบุฟเฟ่ต์ห้องแอร์ ในเมกาบางนา มีอาหารหลากหลายทั้งปิ้งย่างและซูชิ
ความอร่อย
อาหารมีความสดดี แต่ยังไม่สุด ถือว่าโอเค
ความสะอาด
ภายในร้านสะอาดดี อาหารสดดีพอควร
การบริการ
บริการรวดเร็วดี แต่พนักงานส่วนใหญ่เป็นต่างชาติอาจจะสื่อสารยากนิดนึง
ราคา
มีให้เลือกหลายราคา ถือว่าคุ้มค่าพอสมควร
**รีวิวนี้เป็นความเห็นส่วนตัวของผม ณ.วันที่เข้าไปใช้บริการนะครับ"
Ci9DQUlRQUNvZENodHljRjlvT25CemJEaHpaRTFWTVhWWk5tdzBjWFpJWmpOUlkyYxAB,Ppor Sup,1,เช็คกันดีๆนะคะ ตอนดูเมนูเราอยากทานทาโกะวาซาบิเลยถามว่าสั่งนอกโปรจ่ายตังค์เพิ่มได้ไหม หน้าร้านแนะนำอย่างดีอัพอีกนิดราคานี้มีทาโกะวาซาบิ พอเข้าไปสั่งไม่มีในเมนูถามพนักงานในร้านอีกคนบอกมี แต่เลื่อนหายังไงก็ไม่มี จนถามอีกคนบอกเอาไม่มีเปลี่ยนเป็นอีกตัวนึงแล้ว ถ้าบอกแต่แรกเราอาจจะไม่ต้องอัพโปรขึ้นหรือป่าว เสียความรู้สึกสุดๆค่ะ ครั้งแรกครั้งเดียวพอค่ะ
ChdDSUhNMG9nS0VJQ0FnSUN5ck9PTzN3RRAB,BeAvEriNg,4,เสริฟไวไม่กั๊ก ใช้วัตถุดิบดี จัดจานสวย แต่ก็มีบางอย่างอาจจะไม่สด ถ้าสดสุดก้อกุ้งแม่น้ำยังเป็นๆ อยู่เลยจ้า โดยรวมถือว่าดีนะ
ChZDSUhNMG9nS0VJQ0FnSURDeXYtc2VnEAE,ชยพล แท้เที่ยงสกุล,5,ร้านนี้ดี แต่สาขานี้บรรยากาศดีกว่าสาขาSBราชพฤกษ์ อาหารสด สะอาด และที่สำคัญ พนง. คือดีมากกก บริการดีมากๆๆๆ ทั้งๆที่ไม่มี SC 10% สุดยอดครับประทับใจ แนะนำบอกต่อและมาซ้ำอีกแน่นอนครับ 👍👍👍👍👍👍👍👍 …
Ci9DQUlRQUNvZENodHljRjlvT214WFYwUTBSUzAxTW1KeGNWaExTbWRUZVRSa2QwRRAB,Chon Lert,1,ไปทานเมื่อวันที่ 27 ก.ค. ที่สาขาเซ็นทรัลพระราม2 อยากไปกินแซลมอนดองมากๆๆๆๆๆ วันนั้นไปยืนเลือกเซตที่มีแซลมอนดอง ก็มีพนักงานมาแนะนำเลยถามว่าเซตไหนมีแซลมอนดอง พนักงานผู้ชายตอบว่า เซต 799 มีแซลมอนดอง ก็เลยเลือกกินเซต 799 แต่พอเข้าไปสแกนสั่งอาหาร มันไม่มีแซลมอนดอง พอถามพนักงานก็มีพนักงานผู้หญิงมาบอกว่าเซต 799 ไม่มีแซลมอนดองต้องเป็นเซต 999 เราก็เหวอเลย ตั้งใจมากินแซลมอนดอง เราเลยบอกว่าก็พนักงานผู้ชายบอกว่า 799 มีเเซลมอนดอง เธอตอบว่า พนักงานผู้ชายจำผิด ขอโทษด้วยนะคะ เราโกรธและเสียความรู้สึกมาก จะยกเลิกโต๊ะ แต่พนักงานไม่ให้ยกเลิก บอกให้เราเปลี่ยนไปกินอีกเซต 999 ซึ่งตอนนั้นเราเงินไม่พอ จะไม่ไปเหยียบที่ร้านอีกแล้ว แย่มาก ไม่อบรมพนักงานเลย
ChZDSUhNMG9nS0VJQ0FnSURDNjhEZ1h3EAE,BOOMz Channel,4,"มาค่ะกินเหยื่อ เอ้ยมากินเนื้อวากริวกัน😁😁 (คุ้มเจงๆ แต่!!)
สั่งแล้วเสริฟไม่ครบหลายเมนูเลย จะตามออเดอร์ก็อิ่มแปร้ไปแล้ว😁😁
#กั้งตัวเท่ารีโมทแอร์เลยไม่ได้กิน
#เห็ดหอมเลยไม่ได้กิน
#โรลแซลมอนเผาไฟไส้ครีมไส้ครีมชีสก็ไม่ได้กิน
#ปลาหมึกไข่ก็ไม่ได้กิน
และจำไม่ได้อีกหลายเมนู ถ้าถามว่าจะมาอีกมั้ย? ตอบมาค่ะ!! คุ้มอยู่!!

👉เมนูอื่นๆ
👉#อิคุระ มารอบนี้คืออิคุระ เกรดดีเกินเบอร์ไปมาก คือลูกกลมโต
🥩#เนื้อวากิว ลายสวย
👉#หอยนางรมเกาหลี สด!!
🍤#ซีฟู้ด ดี!!
👉#ปลาไหล คุณภาพเกินราคา

📍พิกัด Neta Grill
1. Neta Grill Mega Bangna
2. Neta Grill Seacon Square Srinakarin
3. Neta Grill at Central Rama 2
4. Neta Grill at the Crystal ราชพฤกษ์
5. Central Westgate เตรียมเปิดเดือนธันวาคมนี้ กรี้ดมาก"
ChdDSUhNMG9nS0VJQ0FnTUNRME1yWXVBRRAB,Wine&Food With Nuchy,2,"อาหารทะเลส่วนใหญ่ไม่สด ลดคุณภาพอาหาร เสียใจที่ไปทานมาวันนี้
เมื่อก่อน อาหารสด Sashimi คุณภาพดีกว่านี้เยอะ
ถ้าลดราคาจาก 1200 มาเป็น999 ไม่ต้องลดราคาหรอกคะถ้าคุณภาพอาหารแย่ขนาดนี้"
ChZDSUhNMG9nS0VJQ0FnSUQyOTlUMUZREAE,Nui Anurak,3,"อาหารหลากหลย และมีบุฟเฟต์หลายระดับราคาให้เลือกทาน ตอนที่ไปทานชุด 1,299.- ไม่รวม vat รู้สึกว่าไม่คุ้มเท่าไร ปริมาณอาหารต่อหน่วยค่อนข้างน้อย และรออาหารนาน รสชาติโดยรวมโอเค แต่เทียบกับระดับราคาน่าจะทำได้ดีกว่านี้"
ChdDSUhNMG9nS0VJQ0FnSURDeDY2LTd3RRAB,Ler鍾樂,3,อาหารพอใช้ได้ค่ะ ซื้อโปรโมชั่นจากช็อปปี้ หน้าร้านทีกินอาหารทะเลเหม็นคาวหน่อยนึง กุ้งแม่บ้านตัวเล็กไปนิดนึงแต่อาหารสดอยู่ค่ะ มีปิ้งย่างและอาหารให้เลือกเยอะค่ะ
ChZDSUhNMG9nS0VJQ0FnSUNXbXVmLUhREAE,วลัย สุข,1,ทานตัว 899+ บอกเลย..อาหารช้า และรอนานมากกก ทั้งที่ทั้งร้านมีแค่ 2 โต๊ะ (ทานรอบบ่ายโมงกว่าๆ 24/2/65) เมนูที่สั่งต้องตามหลายรอบโดยเฉพาะโรลฟัวกรา และได้ไม่ครบตามที่สั่ง สั่งซูชิไข่ปลาแซลมอน ได้ไข่กุ้ง สั่งซูชิเอนกาวะได้หอยเชลล์ งงงงงง สรุป..ส่วนตัวคงทานร้านอื่นค่ะ
ChdDSUhNMG9nS0VJQ0FnSUR5MXFMajVBRRAB,Pongsaporn Hirunpaisarn,4,"Nice Yakiniku buffet not far from the city.
I choose 899 package and i think the quality of food is reasonable.
Sushi is in very good quality, fish is really fresh.
Meat quality is also great but not good as high end restuarant.

The bad point is the small area and table sometime it not enough to place all food on the table and there is a lot of smell from food in the air."
ChZDSUhNMG9nS0VJQ0FnSUNDMV9pY0hnEAE,pradist yaowaman,5,อาหารสดสะอาด คุณภาพเน้นๆ มีให้เลือกหลายเมนู  เนื้อวากิว  / หมู / อาหารทะเล /ชูชิ/เนื้อแกะ  ราคาไม่แพงมีหลากหลายราคาให้เลือก  พนง.บริการดีเอาใจใส่  ร้านอาหารอยู่หน้าลานน้ำพุ  ภายในร้าน โต๊ะไม่เยอะหากไปช่วงวันหยุดต้องต่อคิว เป็นร้านอาหารบุฟเฟ่ต์ แต่จำกัดเวลา  โดยรวม ดีครับ
Ci9DQUlRQUNvZENodHljRjlvT21zd1NWSktUMXB5UW5KelVqWkpaalpYTUdFME1YYxAB,ธนัญชนก เทพวงษ์,1,ของไม่ตรงกับที่ดูหน้าร้านอยากกินเบคอนก็บอกเอาออกแล้วไม่บอกก่อนหน้าร้านพอถามถึงบอกเอาออกไปแล้ว ของก็ไม่เยอะ น้ำจิ้มก็ไม่อร่อย ไม่สมกับราคา รวมๆคืออย่าเข้ามาเลยค่ะร้านนี้แย่มากๆ(จริงไม่อยากให้สักดาวค่ะแต่มันต้องให้ถึงโพสต์ได้)👎🏻😒
Ci9DQUlRQUNvZENodHljRjlvT214MldFcHJTazgzWDJSNlVscEdUV3N5YW5aaVRtYxAB,Sikornnarin Permpathanakorn,5,มาทานกับครอบครัววันนี้ อิ่ม อร่อยมากค่ะ
ChdDSUhNMG9nS0VJQ0FnSUQ2X3I2RmlBRRAB,Wasunun T,2,ล่าสุดไปทานวันเสาร์ที่ 25 กย. รอคิวประมาณ 1 ชม. ได้ที่นั่งติดประตูเข้าออกทำให้ค่อนข้างร้อน พนักงานน้อยส่วนมากไปยืนกันอยู่ด้านในของร้าน ออเดอร์ตกหล่นเยอะ สั่งตั้งแต่รอบแรก รอเท่าไหร่ก็ไม่มา ต้องเขียนซ้ำ เท่าที่ทานอาหารภายในห้างมา เจ้านี้ไม่เหมาะกับการมี service charge ที่สุดค่ะ ราคาสูงแล้วก็ต้องบริการให้เหมาะกับค่าใช้จ่ายที่คุณกำหนดเพิ่มด้วยนะคะ เรื่องอาหารสดดีค่ะ น้ำจิ้มไม่ได้ซี้ดซ้าดโทนกลางๆ และเวลาที่ให้น้อยไปหน่อย อยากให้เพิ่มสัก 15 นาที เพราะแค่รออาหารมาก็นานแล้ว
ChZDSUhNMG9nS0VJQ0FnSURna3U3TVdnEAE,Yaowalove Review,4,"ทาน วันที่4 ก.พ 61
อร่อยดีค่ะ พนักงาน
เดินมาดูแลที่โต๊ะ ถึง2-3ครั้ง
ทั้งที่ไม่ได้เรียกเลย คือมีความใส่ใจดีค่ะ
คือ พนง.มาช่วยปรับสวิทซ์ลมให้แรงขึ้น
เพื่อ ให้ไฟในเตาปิ้งย่างแรง
ปู กุ้ง หอย ได้สุกไว

เรื่อง
อาหารสดดีค่ะ ตัด 1 คะแนน ให้4เค็ม5
เพราะ
ตรงกุ้ง กับ ปูทะเล เป็นไซส์ กลาง และเล็กในความรู้สึกส่วนตัว

ที่ชนะเลย คือ โหมดหอย
หอยแครง ใหญ่สุด
หอยนางรมสดมาก
อาหารทะเลสดทุกรายการ
แซลมอน สดเช่นกัน

ถามว่า กลับไปทานอีกไป
มีโอกาสไป เมกาบางนา คิดว่าไปทานอีกแน่นอน"
Ci9DQUlRQUNvZENodHljRjlvT2xoaWIxSlphbWMyVDBaeE1rdG5kMGhKVERKV1ZWRRAB,itsaret chokwichian,1,เจอกั๊งมีกลิ่นเหม็นมาก พนักงานต่างชาติบอกให้ย่างแล้วกลิ่นจะหาย เลิกแดกเลย ไม่ไหวจริงๆ
ChdDSUhNMG9nS0VJQ0FnSURDN3JuUC1RRRAB,Chompassorn Anukul,4,"ซื้อคูปองจากลาซาด้า แบบ 899+ ได้กินซูชิโฟกรา ไม่อั้น
แต่กินเยอะก็เลื่ยนมากค่ะ
น้ำซอสรสชาติหวานมากค่ะ"
ChZDSUhNMG9nS0VJQ0FnSUNpNEpMalFBEAE,Sila Inkrai,4,"น้องชวนไปกินมันบอกว่าดี
ความรู้สึกว่าโต๊ะแคบไปนิดนึง
อาหารและวัตถุดิบอร่อยคุ้มราคา
วันที่ไปกิน 20 นาทีสุดท้ายของมาช้าไปนิดนึงเพราะคนเริ่มเยอะ"
Ci9DQUlRQUNvZENodHljRjlvT21aRlNsY3lXRk0zVGpOdFlrVmFTM0ZaTTNrNE9XYxAB,Supawan Thonglor,5,อาหารสด บริการดี คุ้มค่ากับราคา
ChdDSUhNMG9nS0VJQ0FnSUN3Mk8tdHRnRRAB,ภรภัทร ปิติโชตินันท์,4,อาหารอร่อย สด แยกเป็นย่างเอง หรือให้เชฟย่าง เพิ่ม100 บาท ราคาสูงแต่คุ้มค่า
ChZDSUhNMG9nS0VJQ0FnSUNoNVAtX1h3EAE,Nit Cha,4,อยู่ชั้น 4 ในเซ็นทรัลพระราม 2 อร่อยดี มีบุฟเฟ่เบียร์ 299 แต่ทานได้ ชั่วโมงครึ่ง น้อยไปหน่อย ส่วนอาหาร ถือว่าสดอร่อย และหลากหลายเมนู
ChdDSUhNMG9nS0VJQ0FnSUQ2cF9ueGtnRRAB,mj moowan,3,กลับมาครั้งนี้ อาหารค่อยข้างมีขนาดที่เล็กลง ไม่ค่อยสดเท่าไหร่ หอยแครงตัวเล็กกิ่วมาก ปูแทบไม่มีเนื้อเลย จืดและน้ำเยอะ เวลาค่อยข้างน้อย ต้องรีบกินรีบทำเวลา   สาขาเมกะบางนา
Ci9DQUlRQUNvZENodHljRjlvT2pKTFIycE5aa2MyVGt0RlpVczBlbUpoVW0xd2JHYxAB,Chatchai Peampathanakorn,5,เนตะกิลล พระราม2 ของสด อร่อยมากค่ะ
ChdDSUhNMG9nS0VJQ0FnTURnd3V1bndnRRAB,Oiru Azxault,5,เหมาะสำหรับเพื่อนมากินด้วยกัน อาหารเสิร์ฟค่อนข้างเร็ว เพลงในร้านทำให้มีบรรยากาศสนุกสนาน
ChdDSUhNMG9nS0VJQ0FnSUR5NWFlcDNRRRAB,Pan Pitak,3,"“สาย buffet ท่ีต้องการความหลากหลาย อยากทั้งปิ้งอยากทั้งซูชิ”
จัดรุ่น 1299 ที่มีแน่นทั้งเนื้อ ซูชิ และเบียร์
เนื้อ - รสชาติทั่วไป มีลิ้นที่โอเค
ซูชิ - มีทั้งฟรัวกรา และโอโทโร่ ถือว่าข้าวไม่เยอะ รสชาติโอเค ตามราคา
อาหารมาช้า มีเวลากิน 90 นาที แต่กว่าอาหารจะเริ่มมาผ่านไป 30 นาที ... กลัวกินไม่พอสั่งรัวๆจนตอนท้าย ล้นคะ"
ChdDSUhNMG9nS0VJQ0FnTUNRdFA2XzRRRRAB,Kanka Pram,5,บุฟเฟต์ 999.- อร่อย สด พนักงานน่ารัก คือ ดีงาม มากกกกกกก แนะนำค่ะ
ChZDSUhNMG9nS0VJQ0FnSUNHaDlMOUtBEAE,Nan PockyLuv,3,"บุฟเฟต์ 899
รสชาติอร่อย กุ้งแม่น้ำสด, เนื้อดีแค่ซอสแอบกลบ, ซูชิขนาดโอเค ไม่เล็กไปไม่ใหญ่ไป กำลังดี, หอยนางรมไม่สด อาหารเป็นพิษ เลยจ้าาา"
Ci9DQUlRQUNvZENodHljRjlvT2taU1NtcExkSE5wVG5oamFFdDVhSFJhY204emRVRRAB,Boonsita,5,อร่อยมากค่ะ เมนูเยอะมากกก
Ci9DQUlRQUNvZENodHljRjlvT2sxamFHMURaRnBDTWtSNFEyVnVUbXBLUVVWMWVYYxAB,Nostox,1,"I have never done review before but this time I NEED to.

TL;DR not worth your money at all.

- Service is ok
- Food quality is just the worst (especially beef)
- Food preparation is bad too (most of the sashimi are not properly cut and very thick compared to other restaurant)
- Overall atmosphere is kinda bad (Noise from vent is disturbing and very loud)
- COCKROACH Jr. was found on the table!!"
ChZDSUhNMG9nS0VJQ0FnSURSMWR5TFpBEAE,Teesit Makapunyo,3,"There is a lot of variety of food but the quality does not match up with the price.
The seafood is a bit smelly and meat is too hard to chew.
The service is great and serving is fast.
The dessert is mostly out of stock."
ChZDSUhNMG9nS0VJQ0FnTURnNk4zMlhBEAE,Chayanee Toxkangwan,5,The service was excellent! And the food was great. My family has visited here many times
Ci9DQUlRQUNvZENodHljRjlvT201eGFFWnplRk5pVnpFelJHNDJhSFp1T0ZWVmNHYxAB,สายฝน มนุชรังษี,1,แคชเชียร์พูดไม่เข้าใจ อธิบายก็ไม่รู้เรื่อง แล้วยังมาใส่อารมณ์อีก ผิดหวังมาก ราคาก็ใช่ว่าจะถูก
Ci9DQUlRQUNvZENodHljRjlvT2twc2VuQnlSRVEzVVVsNGFuaDVWVlp2YzFaR1RsRRAB,Surawee Denninnart1,4,มากับที่บ้าน กินวันพ่อ ซื้อเป็นคูปองมากินจากแอพ อแมซ ถือว่าได้มาในราคาคุ้มอยู่ค่ะ กินกันสี่คน
ChdDSUhNMG9nS0VJQ0FnSUMwcnJUXzVnRRAB,Kukki C.,2,"วัตถุดิบธรรมดา ถ้าเทียบกับราคา ถือว่าไม่ค่อยคุ้มเท่าไหร่ ที่นี่จริงๆ เด่นเนื้อย่าง แต่กลายเป็นว่า กุ้งอร่อยสุด .. เนื้อฉ่ำ สด ... ติเรื่องการตกแต่งร้าน และอุปกรณ์
... ถ้าเทียบกับราคาที่จ่ายแล้ว ไปทาน รร.คุ้มกว่า ในราคาที่เท่ากัน .."
ChZDSUhNMG9nS0VJQ0FnSURYcE9ucENBEAE,Boonyarit T.,4,อร่อยหลายอย่างตัด1คะแนนเนื้อไม่ผ่่านคับ
ChZDSUhNMG9nS0VJQ0FnSURzOU1PMUZ3EAE,sun shy,3,อาหารต่างๆไม่ค่อยสด ทั้งกุ้งโบตั๋น ปลาแซลม่อน ส่วนเนื้อดี ไม่มีกลิ่นคาว
ChdDSUhNMG9nS0VJQ0FnSURnOWV2cTNRRRAB,Nayos T.,1,"This review is for the location at seen space Thonglor.

Probably one of the worse AYCE place I've ever been to. None of the seafood we ordered are fresh. Oysters, shrimp, crab... you name it.

You see in the photos below. What you see in the menu is NOT what you'll be getting on your plate.

The amount of rice in the rolls is just ridiculous!!! I'm usually pretty good about finishing my food at AYCE places. This is the first time I'm choosing to not eat any more of this stuff. I should've read the reviews before walking into the restaurant.

This was a simple bait and switch. I walked by the restaurant, took a look at the menu. It looked pretty good... but I was tricked. Because out of everything I ordered today, only about 10% of the food actually looks like how it looks in the menu.

Don't say I didn't warn you. Save yourself ฿700 and literally eat anywhere else but here!"
Ci9DQUlRQUNvZENodHljRjlvT201T1gyTlNRell5VmxablRFVXpMV3hZWDAxM1FuYxAB,naja TW,5,อาหารสด อร่อย บริการดี เสริฟไวมาก
